record_type,dimension,example,p,p_int,mode,mode_short,target,target_x_dofs,run_status,job_id,run_id,source_group,source_case_relpath,history_source,history_status,outer_iteration,inner_iteration,inner_count,x_true_dofs,x_true_dofs_before,x_true_dofs_after,y_true_dofs_before,y_true_dofs_after,g_true_dofs,iteration_seconds,elapsed_seconds,inner_iterations,y_converged,stopped_on_empty_y_marking,refined_x,uniform_x_refinement,uniform_y_refinement,x_refinement_mode,configured_rho,effective_rho,effective_rho_available,effective_rho_reason,posteriori_factor_configured_rho,posteriori_factor_effective_rho,posteriori_improvement_factor,eta_squared,eta,posteriori_estimator_configured_rho_squared,posteriori_estimator_configured_rho,posteriori_estimator_effective_rho_squared,posteriori_estimator_effective_rho,posteriori_estimator_configured_rho_final10_loglog_slope,posteriori_estimator_configured_rho_final10_convergence_rate,posteriori_estimator_configured_rho_final10_point_count,posteriori_estimator_effective_rho_final10_loglog_slope,posteriori_estimator_effective_rho_final10_convergence_rate,posteriori_estimator_effective_rho_final10_point_count,posteriori_estimator_effective_rho_squared_final10_loglog_slope,posteriori_estimator_effective_rho_squared_final10_convergence_rate,posteriori_estimator_effective_rho_squared_final10_point_count,lambda_y_squared,lambda_y,y_estimator_squared,y_estimator,y_estimator_threshold_squared,y_estimator_threshold,y_flux_squared,y_flux,y_reconstruction_squared,y_reconstruction,divergence_residual_squared,divergence_residual,divergence_residual_l2,flux_over_reconstruction,flux_squared_over_reconstruction_squared,reconstruction_over_flux,reconstruction_squared_over_flux_squared,flux_fraction_of_y_estimator,reconstruction_fraction_of_y_estimator,divergence_over_y_estimator,divergence_squared_over_y_estimator_squared,g_estimator_enabled,g_estimator_computed,g_estimator_skipped_reason,g_solver_status,g_lambda_difference_available,g_lambda_difference_squared,g_lambda_difference,g_over_y_estimator,g_squared_over_y_estimator_squared,flux_over_reconstruction_min,flux_over_reconstruction_max,flux_over_reconstruction_avg,flux_over_reconstruction_final,reconstruction_over_flux_min,reconstruction_over_flux_max,reconstruction_over_flux_avg,reconstruction_over_flux_final,g_over_y_estimator_min,g_over_y_estimator_max,g_over_y_estimator_avg,g_over_y_estimator_final,divergence_over_y_estimator_min,divergence_over_y_estimator_max,divergence_over_y_estimator_avg,divergence_over_y_estimator_final,flux_fraction_min,flux_fraction_max,flux_fraction_avg,flux_fraction_final,g_ratio_value_count,flux_ratio_value_count,reconstruction_ratio_value_count,divergence_ratio_value_count
outer,2d,boundary_singularity,p1,1,adaptive_force_effective_rho_no_inner_refinement,force_eff_rho_no_inner,production_2M,2000000,completed,24339162,20260701_091323_471269_job24339162,snellius_next_mem216,algorithm_data_ordered/2d/boundary_singularity/p1/production_2M/adaptive_force_effective_rho_no_inner_refinement,outer_history.csv,completed,0,,,2,2,2,2,2,15,0.0879529,0.087959,1,1,0,1,0,0,adaptive,1,0.014894,1,computed_required,2.44444,1.00106,2.44186,0.00143429,0.037872099999999999,0.0035060500000000001,0.059211907586227956,0.00143581,0.037892083605945981,-0.39435745003690781,0.39435745003690781,10,-0.35315959790043128,0.35315959790043128,10,-0.70631919580086255,0.70631919580086255,10,0.000217951,0.014763099999999999,1.3359199999999999e-06,0.0011558199999999999,0.00197489,0.044439800000000002,1.3359199999999999e-06,0.0011558199999999999,2.8674500000000001e-35,5.3548499999999997e-18,9.9552900000000008e-35,9.9776199999999995e-18,9.97762e-18,215845448518632.62,4.6589129714554739e+28,4.6329445761450749e-15,2.1464234385292534e-29,1,4.6329445761450749e-15,8.63250333096849e-15,7.4520105994370936e-29,1,1,not_skipped,success,1,7.0725099999999998e-08,0.00026594200000000002,0.230089460296586,0.052941119228696334,,,,,,,,,,,,,,,,,,,,,,,,
outer,2d,boundary_singularity,p1,1,adaptive_force_effective_rho_no_inner_refinement,force_eff_rho_no_inner,production_2M,2000000,completed,24339162,20260701_091323_471269_job24339162,snellius_next_mem216,algorithm_data_ordered/2d/boundary_singularity/p1/production_2M/adaptive_force_effective_rho_no_inner_refinement,outer_history.csv,completed,1,,,2,2,3,2,2,30,0.0633774,0.156867,1,1,0,1,0,0,adaptive,1,0.0130922,1,computed_required,2.44444,1.00082,2.44244,0.0014339699999999999,0.0378678,0.0035052600000000001,0.059205236254912454,0.0014351500000000001,0.037883373661805782,-0.39435745003690781,0.39435745003690781,10,-0.35315959790043128,0.35315959790043128,10,-0.70631919580086255,0.70631919580086255,10,0.00021794199999999999,0.014762900000000001,1.03753e-06,0.00101859,0.0019744300000000001,0.044434599999999998,1.03753e-06,0.00101859,7.8315499999999998e-34,2.79849e-17,1.1232700000000001e-34,1.0598400000000001e-17,1.05984e-17,36397843122541.086,1.3248079882015692e+27,2.7474155450181132e-14,7.5482636646651182e-28,1,2.7474155450181132e-14,1.040497157835832e-14,1.0826385743062852e-28,1,1,not_skipped,success,1,2.2984800000000001e-07,0.000479424,0.4706741672311725,0.22153383516621206,,,,,,,,,,,,,,,,,,,,,,,,
outer,2d,boundary_singularity,p1,1,adaptive_force_effective_rho_no_inner_refinement,force_eff_rho_no_inner,production_2M,2000000,completed,24339162,20260701_091323_471269_job24339162,snellius_next_mem216,algorithm_data_ordered/2d/boundary_singularity/p1/production_2M/adaptive_force_effective_rho_no_inner_refinement,outer_history.csv,completed,2,,,3,3,5,4,4,54,0.0671135,0.228874,1,1,0,1,0,0,adaptive,1,0.0299761,1,computed_required,2.44444,1.0041,2.43447,0.00123774,0.035181499999999997,0.0030255799999999999,0.055005272474554653,0.00124281,0.035253510463498526,-0.39435745003690781,0.39435745003690781,10,-0.35315959790043128,0.35315959790043128,10,-0.70631919580086255,0.70631919580086255,10,0.00032835900000000002,0.0181207,4.0214500000000003e-06,0.0020053599999999999,0.0016419,0.040520399999999998,4.0214500000000003e-06,0.0020053599999999999,3.7601499999999999e-35,6.1320000000000002e-18,8.6964700000000001e-34,2.9489799999999998e-17,2.94898e-17,327031963470319.62,1.0694919085674775e+29,3.0578050823792238e-15,9.3502343682005237e-30,1,3.0578050823792238e-15,1.4705489288706269e-14,2.1625209812381107e-28,1,1,not_skipped,success,1,2.3085099999999999e-06,0.0015193800000000001,0.75765947261339617,0.57404916137214179,,,,,,,,,,,,,,,,,,,,,,,,
outer,2d,boundary_singularity,p1,1,adaptive_force_effective_rho_no_inner_refinement,force_eff_rho_no_inner,production_2M,2000000,completed,24339162,20260701_091323_471269_job24339162,snellius_next_mem216,algorithm_data_ordered/2d/boundary_singularity/p1/production_2M/adaptive_force_effective_rho_no_inner_refinement,outer_history.csv,completed,3,,,5,5,9,8,8,78,0.0697548,0.303628,1,1,0,1,0,0,adaptive,1,0.0292686,1,computed_required,2.44444,1.00391,2.43491,0.00123722,0.0351741,0.0030243100000000001,0.054993726914985497,0.0012420599999999999,0.035242871619662323,-0.39435745003690781,0.39435745003690781,10,-0.35315959790043128,0.35315959790043128,10,-0.70631919580086255,0.70631919580086255,10,0.00032818000000000002,0.018115699999999998,3.8397900000000002e-06,0.0019595400000000001,0.00164123,0.040512100000000002,3.8397900000000002e-06,0.0019595400000000001,9.6013300000000004e-35,9.7986400000000001e-18,1.31279e-33,3.6232399999999998e-17,3.62324e-17,199980813663937.03,3.999227190399663e+28,5.0004797044204251e-15,2.5004830993361615e-29,1,5.0004797044204251e-15,1.8490257917674554e-14,3.418910930024819e-28,1,1,not_skipped,success,1,2.6501599999999998e-06,0.0016279300000000001,0.8307715075987222,0.69018357774774131,,,,,,,,,,,,,,,,,,,,,,,,
outer,2d,boundary_singularity,p1,1,adaptive_force_effective_rho_no_inner_refinement,force_eff_rho_no_inner,production_2M,2000000,completed,24339162,20260701_091323_471269_job24339162,snellius_next_mem216,algorithm_data_ordered/2d/boundary_singularity/p1/production_2M/adaptive_force_effective_rho_no_inner_refinement,outer_history.csv,completed,4,,,9,9,16,16,16,129,0.0710749,0.37983,1,1,0,1,0,0,adaptive,1,0.0293782,1,computed_required,2.44444,1.00394,2.43484,0.00121082,0.034796899999999999,0.0029597899999999999,0.054403952062327239,0.0012156000000000001,0.034865455683240398,-0.39435745003690781,0.39435745003690781,10,-0.35315959790043128,0.35315959790043128,10,-0.70631919580086255,0.70631919580086255,10,0.00034143500000000001,0.018478000000000001,3.7225599999999999e-06,0.00192939,0.0015972200000000001,0.039965199999999999,3.7111100000000002e-06,0.00192643,1.14432e-08,0.00010697299999999999,4.0065199999999999e-33,6.3297100000000005e-17,6.32971e-17,18.008562908397447,324.30701202460853,0.055529139392555139,0.0030834979291909964,0.99846583635242225,0.055443948605517802,3.2806793857125827e-14,1.0762808389925213e-27,1,1,not_skipped,success,1,3.0745399999999998e-06,0.00175344,0.90880537371915471,0.82592087165821371,,,,,,,,,,,,,,,,,,,,,,,,
outer,2d,boundary_singularity,p1,1,adaptive_force_effective_rho_no_inner_refinement,force_eff_rho_no_inner,production_2M,2000000,completed,24339162,20260701_091323_471269_job24339162,snellius_next_mem216,algorithm_data_ordered/2d/boundary_singularity/p1/production_2M/adaptive_force_effective_rho_no_inner_refinement,outer_history.csv,completed,5,,,16,16,22,30,30,225,0.0771268,0.465008,1,1,0,1,0,0,adaptive,1,0.0463092,1,computed_required,2.44444,1.00933,2.42185,0.0010688099999999999,0.032692600000000002,0.0026126399999999998,0.051113990257071494,0.0010787800000000001,0.032844786496489822,-0.39435745003690781,0.39435745003690781,10,-0.35315959790043128,0.35315959790043128,10,-0.70631919580086255,0.70631919580086255,10,0.00038119199999999998,0.019524099999999999,7.2329599999999998e-06,0.0026894200000000001,0.00137441,0.037073099999999998,6.0203900000000001e-06,0.0024536499999999999,1.2125700000000001e-06,0.0011011700000000001,9.8582300000000006e-33,9.92886e-17,9.92886e-17,2.2282208923236193,4.9649834648721312,0.44878853952275183,0.20141053984874735,0.91233425794409195,0.40944515917930263,3.6918220285414698e-14,1.3629592863779146e-27,1,1,not_skipped,success,1,4.9455399999999997e-06,0.0022238599999999998,0.82689204363766156,0.68375049772154139,,,,,,,,,,,,,,,,,,,,,,,,
outer,2d,boundary_singularity,p1,1,adaptive_force_effective_rho_no_inner_refinement,force_eff_rho_no_inner,production_2M,2000000,completed,24339162,20260701_091323_471269_job24339162,snellius_next_mem216,algorithm_data_ordered/2d/boundary_singularity/p1/production_2M/adaptive_force_effective_rho_no_inner_refinement,outer_history.csv,completed,6,,,22,22,40,42,42,315,0.0892253,0.559257,1,1,0,1,0,0,adaptive,1,0.046919,1,computed_required,2.44444,1.00956,2.42129,0.0010422599999999999,0.032284,0.0025477299999999998,0.050475043338267675,0.00105222,0.032437940748450723,-0.39435745003690781,0.39435745003690781,10,-0.35315959790043128,0.35315959790043128,10,-0.70631919580086255,0.70631919580086255,10,0.00038915599999999999,0.019727000000000001,7.1009400000000003e-06,0.00266476,0.00133252,0.0365037,5.7874200000000004e-06,0.0024057100000000001,1.3135199999999999e-06,0.00114609,2.0839800000000001e-32,1.4435999999999999e-16,1.4436e-16,2.0990585381601794,4.4060387356111823,0.47640405535164254,0.22696123661320586,0.90278674252090252,0.43009126525465707,5.4173734219967276e-14,2.9347945483274046e-27,1,1,not_skipped,success,1,4.8659299999999998e-06,0.0022058799999999999,0.82779687476545727,0.68525153007911621,,,,,,,,,,,,,,,,,,,,,,,,
outer,2d,boundary_singularity,p1,1,adaptive_force_effective_rho_no_inner_refinement,force_eff_rho_no_inner,production_2M,2000000,completed,24339162,20260701_091323_471269_job24339162,snellius_next_mem216,algorithm_data_ordered/2d/boundary_singularity/p1/production_2M/adaptive_force_effective_rho_no_inner_refinement,outer_history.csv,completed,7,,,40,40,63,78,78,579,0.105945,0.670368,1,1,0,1,0,0,adaptive,1,0.0783164,1,computed_required,2.44444,1.02447,2.38605,0.00078645400000000002,0.028043800000000001,0.0019224400000000001,0.043845638323555057,0.00080570100000000003,0.02838487273179149,-0.39435745003690781,0.39435745003690781,10,-0.35315959790043128,0.35315959790043128,10,-0.70631919580086255,0.70631919580086255,10,0.00041509400000000002,0.0203739,1.1634000000000001e-05,0.0034108699999999999,0.00095150300000000003,0.0308464,1.1629400000000001e-05,0.00341019,4.64209e-09,6.8132899999999999e-05,1.6374e-31,4.0464699999999998e-16,4.04647e-16,50.052030663600114,2505.2077835630075,0.019979209369565917,0.00039916848676629918,0.99980063737404246,0.019975226261921445,1.1863454192038982e-13,1.4074265085095409e-26,1,1,not_skipped,success,1,1.0374799999999999e-05,0.0032209999999999999,0.944333850307986,0.89176551487020794,,,,,,,,,,,,,,,,,,,,,,,,
outer,2d,boundary_singularity,p1,1,adaptive_force_effective_rho_no_inner_refinement,force_eff_rho_no_inner,production_2M,2000000,completed,24339162,20260701_091323_471269_job24339162,snellius_next_mem216,algorithm_data_ordered/2d/boundary_singularity/p1/production_2M/adaptive_force_effective_rho_no_inner_refinement,outer_history.csv,completed,8,,,63,63,97,124,124,894,0.108105,0.783855,1,1,0,1,0,0,adaptive,1,0.0882002,1,computed_required,2.44444,1.03026,2.37264,0.00068227499999999998,0.026120399999999998,0.00166778,0.040838462262920726,0.00070292399999999995,0.026512713931244384,-0.39435745003690781,0.39435745003690781,10,-0.35315959790043128,0.35315959790043128,10,-0.70631919580086255,0.70631919580086255,10,0.00039847400000000001,0.019961799999999998,1.1688800000000001e-05,0.0034188899999999999,0.00080840899999999995,0.028432499999999999,1.0083e-05,0.0031753800000000002,1.6058200000000001e-06,0.00126721,3.2205900000000001e-31,5.6750199999999999e-16,5.67502e-16,2.5058040892985378,6.2790350101505767,0.39907349671535369,0.15926014083110188,0.92877512876986401,0.3706495383004425,1.6599013129992483e-13,2.7552785572513856e-26,1,1,not_skipped,success,1,9.0970499999999996e-06,0.0030161300000000001,0.88219568339431809,0.77827065224830594,,,,,,,,,,,,,,,,,,,,,,,,
outer,2d,boundary_singularity,p1,1,adaptive_force_effective_rho_no_inner_refinement,force_eff_rho_no_inner,production_2M,2000000,completed,24339162,20260701_091323_471269_job24339162,snellius_next_mem216,algorithm_data_ordered/2d/boundary_singularity/p1/production_2M/adaptive_force_effective_rho_no_inner_refinement,outer_history.csv,completed,9,,,97,97,133,192,192,1308,0.127501,0.916793,1,1,0,1,0,0,adaptive,1,0.174169,1,computed_required,2.44444,1.09708,2.22814,0.00042099100000000001,0.020518100000000001,0.0010290900000000001,0.032079432663312486,0.00046186000000000003,0.021490928318711595,-0.39435745003690781,0.39435745003690781,10,-0.35315959790043128,0.35315959790043128,10,-0.70631919580086255,0.70631919580086255,10,0.00030004599999999999,0.017321799999999998,2.08429e-05,0.0045653999999999998,0.000474745,0.021788600000000002,1.24883e-05,0.0035338800000000001,8.3545400000000005e-06,0.0028904199999999999,8.9958799999999997e-31,9.4846599999999994e-16,9.48466e-16,1.2226181662180584,1.4947920531830596,0.81791685060047303,0.66898937405411463,0.77405703771849133,0.63311429447584,2.077509090112586e-13,4.3160404742142404e-26,1,1,not_skipped,success,1,1.0779500000000001e-05,0.0032832199999999999,0.71915275769921583,0.51717851162746076,,,,,,,,,,,,,,,,,,,,,,,,
outer,2d,boundary_singularity,p1,1,adaptive_force_effective_rho_no_inner_refinement,force_eff_rho_no_inner,production_2M,2000000,completed,24339162,20260701_091323_471269_job24339162,snellius_next_mem216,algorithm_data_ordered/2d/boundary_singularity/p1/production_2M/adaptive_force_effective_rho_no_inner_refinement,outer_history.csv,completed,10,,,133,133,173,264,264,1782,0.147825,1.07018,1,1,0,1,0,0,adaptive,1,0.163489,1,computed_required,2.44444,1.08745,2.24788,0.00036245899999999998,0.0190384,0.00088601200000000004,0.029765953705534115,0.00039415499999999998,0.019853337250951033,-0.39435745003690781,0.39435745003690781,10,-0.35315959790043128,0.35315959790043128,10,-0.70631919580086255,0.70631919580086255,10,0.00027555499999999997,0.016599800000000001,1.4964600000000001e-05,0.0038684100000000001,0.00040108400000000001,0.020027099999999999,1.06148e-05,0.0032580399999999998,4.3498100000000001e-06,0.0020856199999999998,1.59264e-30,1.262e-15,1.262e-15,1.5621445900979085,2.4402904954469276,0.64014560901646389,0.40978727813995552,0.84221682810250198,0.53914140434959057,3.2623222460907712e-13,1.0642716811675554e-25,1,1,not_skipped,success,1,9.9939200000000007e-06,0.00316132,0.81721430768713754,0.66783742966734827,,,,,,,,,,,,,,,,,,,,,,,,
outer,2d,boundary_singularity,p1,1,adaptive_force_effective_rho_no_inner_refinement,force_eff_rho_no_inner,production_2M,2000000,completed,24339162,20260701_091323_471269_job24339162,snellius_next_mem216,algorithm_data_ordered/2d/boundary_singularity/p1/production_2M/adaptive_force_effective_rho_no_inner_refinement,outer_history.csv,completed,11,,,173,173,248,344,344,2349,0.198863,1.27515,1,1,0,1,0,0,adaptive,1,0.147577,1,computed_required,2.44444,1.07371,2.27663,0.00034390100000000003,0.018544600000000001,0.00084064700000000003,0.028993913154315685,0.00036925100000000002,0.019215904870705413,-0.39435745003690781,0.39435745003690781,10,-0.35315959790043128,0.35315959790043128,10,-0.70631919580086255,0.70631919580086255,10,0.000266061,0.0163114,1.15325e-05,0.00339595,0.00037849699999999999,0.019455,1.0343199999999999e-05,0.00321609,1.1892500000000001e-06,0.0010905299999999999,2.3241000000000001e-30,1.5245e-15,1.5245e-15,2.9491073147918905,8.6972461635484546,0.33908565991623368,0.11497892335060718,0.94703691161530645,0.32112663614010806,4.4891709241891075e-13,2.0152612182961197e-25,1,1,not_skipped,success,1,9.1570299999999993e-06,0.0030260600000000001,0.89107907949174758,0.79401951008020799,,,,,,,,,,,,,,,,,,,,,,,,
outer,2d,boundary_singularity,p1,1,adaptive_force_effective_rho_no_inner_refinement,force_eff_rho_no_inner,production_2M,2000000,completed,24339162,20260701_091323_471269_job24339162,snellius_next_mem216,algorithm_data_ordered/2d/boundary_singularity/p1/production_2M/adaptive_force_effective_rho_no_inner_refinement,outer_history.csv,completed,12,,,248,248,372,494,494,3399,0.246899,1.53143,1,1,0,1,0,0,adaptive,1,0.12628,1,computed_required,2.44444,1.0566,2.31349,0.000321434,0.017928599999999999,0.00078572899999999998,0.028030857996144177,0.00033962899999999998,0.01842902601875639,-0.39435745003690781,0.39435745003690781,10,-0.35315959790043128,0.35315959790043128,10,-0.70631919580086255,0.70631919580086255,10,0.00025570600000000002,0.015990799999999999,7.7981599999999999e-06,0.0027925200000000002,0.00035064699999999999,0.018725599999999998,7.5798599999999998e-06,0.0027531600000000002,2.1829799999999999e-07,0.00046722300000000001,3.3345199999999998e-30,1.8260700000000001e-15,1.82607e-15,5.8926037459628491,34.722535249979387,0.16970426709671796,0.028799740364597762,0.9859052039018521,0.16731232005500407,6.5391474367238194e-13,4.2760343465638049e-25,1,1,not_skipped,success,1,6.9233799999999999e-06,0.00263123,0.94224213255410882,0.88782225550642713,,,,,,,,,,,,,,,,,,,,,,,,
outer,2d,boundary_singularity,p1,1,adaptive_force_effective_rho_no_inner_refinement,force_eff_rho_no_inner,production_2M,2000000,completed,24339162,20260701_091323_471269_job24339162,snellius_next_mem216,algorithm_data_ordered/2d/boundary_singularity/p1/production_2M/adaptive_force_effective_rho_no_inner_refinement,outer_history.csv,completed,13,,,372,372,569,742,742,4938,0.320435,1.85836,1,1,0,1,0,0,adaptive,1,0.18036,1,computed_required,2.44444,1.10281,2.21657,0.00025534800000000002,0.0159796,0.00062418499999999997,0.024983694682732576,0.000281599,0.016780911774990057,-0.39435745003690781,0.39435745003690781,10,-0.35315959790043128,0.35315959790043128,10,-0.70631919580086255,0.70631919580086255,10,0.00021255100000000001,0.014579099999999999,1.1314e-05,0.0033636299999999998,0.000274369,0.016564099999999998,7.6149700000000004e-06,0.0027595200000000001,3.6990399999999999e-06,0.00192329,5.1028699999999997e-30,2.2589500000000002e-15,2.25895e-15,1.4347914251100979,2.0586341320991393,0.69696541427494629,0.48575897212989672,0.82039938994479189,0.57179000068378516,6.71581000288379e-13,4.5102262683401091e-25,1,1,not_skipped,success,1,6.9197799999999997e-06,0.0026305500000000002,0.78205688497248516,0.61161216192328083,,,,,,,,,,,,,,,,,,,,,,,,
outer,2d,boundary_singularity,p1,1,adaptive_force_effective_rho_no_inner_refinement,force_eff_rho_no_inner,production_2M,2000000,completed,24339162,20260701_091323_471269_job24339162,snellius_next_mem216,algorithm_data_ordered/2d/boundary_singularity/p1/production_2M/adaptive_force_effective_rho_no_inner_refinement,outer_history.csv,completed,14,,,569,569,700,1136,1136,7329,0.444909,2.31025,1,1,0,1,0,0,adaptive,1,0.384338,1,computed_required,2.44444,1.3366,1.82886,0.000128252,0.011324799999999999,0.000313505,0.017706072404686479,0.000171421,0.013092784272262336,-0.39435745003690781,0.39435745003690781,10,-0.35315959790043128,0.35315959790043128,10,-0.70631919580086255,0.70631919580086255,10,0.000112658,0.010614,2.1890199999999999e-05,0.0046787,0.00013518300000000001,0.0116268,6.7901399999999998e-06,0.0026057900000000002,1.51001e-05,0.00388588,9.4005900000000004e-30,3.06604e-15,3.06604e-15,0.67057912236095818,0.44967516771412108,1.4912483354376216,2.2238274910384765,0.55694744266569773,0.8305469468014619,6.553187851326223e-13,4.294428557071201e-25,1,1,not_skipped,success,1,6.7791500000000001e-06,0.0026036800000000001,0.55649646269262831,0.30968881051794866,,,,,,,,,,,,,,,,,,,,,,,,
outer,2d,boundary_singularity,p1,1,adaptive_force_effective_rho_no_inner_refinement,force_eff_rho_no_inner,production_2M,2000000,completed,24339162,20260701_091323_471269_job24339162,snellius_next_mem216,algorithm_data_ordered/2d/boundary_singularity/p1/production_2M/adaptive_force_effective_rho_no_inner_refinement,outer_history.csv,completed,15,,,700,700,920,1398,1398,8976,0.546178,2.86474,1,1,0,1,0,0,adaptive,1,0.234039,1,computed_required,2.44444,1.15643,2.11378,0.000112243,0.0105945,0.00027437199999999999,0.01656417821686304,0.000129801,0.011393024181489303,-0.39435745003690781,0.39435745003690781,10,-0.35315959790043128,0.35315959790043128,10,-0.70631919580086255,0.70631919580086255,10,9.9651199999999999e-05,0.0099825399999999998,7.4280800000000004e-06,0.0027254499999999999,0.00011783899999999999,0.010855399999999999,6.3095100000000002e-06,0.0025118699999999998,1.11857e-06,0.00105762,1.2369199999999999e-29,3.5169799999999998e-15,3.51698e-15,2.3750212741816528,5.6406930277050167,0.4210488600126599,0.17728318046884781,0.92163495936450857,0.38805334898824051,1.290421765213084e-12,1.6651947744235385e-24,1,1,not_skipped,success,1,5.5733599999999996e-06,0.0023608000000000001,0.86620558072978782,0.75030963586821886,,,,,,,,,,,,,,,,,,,,,,,,
outer,2d,boundary_singularity,p1,1,adaptive_force_effective_rho_no_inner_refinement,force_eff_rho_no_inner,production_2M,2000000,completed,24339162,20260701_091323_471269_job24339162,snellius_next_mem216,algorithm_data_ordered/2d/boundary_singularity/p1/production_2M/adaptive_force_effective_rho_no_inner_refinement,outer_history.csv,completed,16,,,920,920,1340,1838,1838,11832,0.723451,3.5973,1,1,0,1,0,0,adaptive,1,0.185732,1,computed_required,2.44444,1.10786,2.20646,0.000106943,0.010341299999999999,0.00026141599999999999,0.01616836417204907,0.000118478,0.010884759988166941,-0.39435745003690781,0.39435745003690781,10,-0.35315959790043128,0.35315959790043128,10,-0.70631919580086255,0.70631919580086255,10,9.6615599999999997e-05,0.0098293200000000008,4.4467699999999999e-06,0.00210874,0.000111533,0.0105609,3.5774799999999999e-06,0.00189142,8.6929100000000005e-07,0.00093235799999999999,1.7166300000000001e-29,4.1432300000000001e-15,4.14323e-15,2.0286413587913654,4.1153997913241938,0.49294075350794642,0.24298975815378424,0.89694319830799429,0.44213985602777012,1.9647894003053959e-12,3.8603975469835408e-24,1,1,not_skipped,success,1,3.3429300000000002e-06,0.00182837,0.86704382711951211,0.75176588849884307,,,,,,,,,,,,,,,,,,,,,,,,
outer,2d,boundary_singularity,p1,1,adaptive_force_effective_rho_no_inner_refinement,force_eff_rho_no_inner,production_2M,2000000,completed,24339162,20260701_091323_471269_job24339162,snellius_next_mem216,algorithm_data_ordered/2d/boundary_singularity/p1/production_2M/adaptive_force_effective_rho_no_inner_refinement,outer_history.csv,completed,17,,,1340,1340,2030,2678,2678,17154,1.12589,4.73322,1,1,0,1,0,0,adaptive,1,0.191863,1,computed_required,2.44444,1.11371,2.19486,9.4001999999999999e-05,0.0096954599999999995,0.00022978300000000001,0.015158594921693766,0.000104691,0.01023186200063312,-0.39435745003690781,0.39435745003690781,10,-0.35315959790043128,0.35315959790043128,10,-0.70631919580086255,0.70631919580086255,10,8.6912100000000004e-05,0.0093226699999999999,4.0055900000000004e-06,0.0020014,9.7152999999999996e-05,0.00985662,3.0987999999999999e-06,0.00176034,9.0679699999999996e-07,0.000952259,2.3899399999999999e-29,4.8886999999999999e-15,4.8887e-15,1.8485937124248759,3.4173028803580072,0.54095174795778089,0.29262843681425066,0.87955431198161294,0.47579644249025682,2.4426401518936744e-12,5.9665117997598347e-24,1,1,not_skipped,success,1,2.84057e-06,0.0016854000000000001,0.8421105226341562,0.70915146083348513,,,,,,,,,,,,,,,,,,,,,,,,
outer,2d,boundary_singularity,p1,1,adaptive_force_effective_rho_no_inner_refinement,force_eff_rho_no_inner,production_2M,2000000,completed,24339162,20260701_091323_471269_job24339162,snellius_next_mem216,algorithm_data_ordered/2d/boundary_singularity/p1/production_2M/adaptive_force_effective_rho_no_inner_refinement,outer_history.csv,completed,18,,,2030,2030,2758,4058,4058,25698,1.54224,6.28922,1,1,0,1,0,0,adaptive,1,0.331587,1,computed_required,2.44444,1.26894,1.92636,6.1356099999999993e-05,0.0078330099999999996,0.000149982,0.012246713844946326,7.7857399999999998e-05,0.0088236840378608291,-0.39435745003690781,0.39435745003690781,10,-0.35315959790043128,0.35315959790043128,10,-0.70631919580086255,0.70631919580086255,10,5.6836699999999997e-05,0.0075390099999999996,7.4646700000000003e-06,0.00273215,6.3364700000000007e-05,0.0079602000000000006,2.6445599999999998e-06,0.0016262099999999999,4.8201099999999997e-06,0.0021954700000000001,3.5899000000000002e-29,5.9915800000000002e-15,5.99158e-15,0.74071155606772121,0.54865137932536812,1.3500531911622733,1.8226510270139455,0.59521256153578683,0.8035686181212599,2.1929908679977308e-12,4.8091878140627781e-24,1,1,not_skipped,success,1,2.4773500000000001e-06,0.0015739599999999999,0.57608842852698416,0.33187669381231855,,,,,,,,,,,,,,,,,,,,,,,,
outer,2d,boundary_singularity,p1,1,adaptive_force_effective_rho_no_inner_refinement,force_eff_rho_no_inner,production_2M,2000000,completed,24339162,20260701_091323_471269_job24339162,snellius_next_mem216,algorithm_data_ordered/2d/boundary_singularity/p1/production_2M/adaptive_force_effective_rho_no_inner_refinement,outer_history.csv,completed,19,,,2758,2758,3466,5514,5514,34440,1.92806,8.23452,1,1,0,1,0,0,adaptive,1,0.500869,1,computed_required,2.44444,1.5013,1.62821,3.9314899999999999e-05,0.0062701600000000003,9.6102999999999998e-05,0.0098032137587629898,5.9023600000000002e-05,0.0076826818234259839,-0.39435745003690781,0.39435745003690781,10,-0.35315959790043128,0.35315959790043128,10,-0.70631919580086255,0.70631919580086255,10,3.6136100000000001e-05,0.0060113299999999996,1.0659000000000001e-05,0.0032648099999999999,4.07277e-05,0.0063818199999999999,2.3411299999999999e-06,0.0015300800000000001,8.3178500000000003e-06,0.0028840699999999999,4.8127699999999999e-29,6.9374199999999998e-15,6.93742e-15,0.53052803850114605,0.28145854998587372,1.8849145142737633,3.5529210253168344,0.46865820675628905,0.88338065614844352,2.1249077281679486e-12,4.5152171873534098e-24,1,1,not_skipped,success,1,2.2528400000000001e-06,0.00150095,0.45973578860638142,0.21135566188197766,,,,,,,,,,,,,,,,,,,,,,,,
outer,2d,boundary_singularity,p1,1,adaptive_force_effective_rho_no_inner_refinement,force_eff_rho_no_inner,production_2M,2000000,completed,24339162,20260701_091323_471269_job24339162,snellius_next_mem216,algorithm_data_ordered/2d/boundary_singularity/p1/production_2M/adaptive_force_effective_rho_no_inner_refinement,outer_history.csv,completed,20,,,3466,3466,4982,6930,6930,43299,2.61556,10.87,1,1,0,1,0,0,adaptive,1,0.226568,1,computed_required,2.44444,1.14857,2.12824,3.90005e-05,0.0062450300000000004,9.5334400000000007e-05,0.0097639336335311085,4.47949e-05,0.0066928992223101638,-0.39435745003690781,0.39435745003690781,10,-0.35315959790043128,0.35315959790043128,10,-0.70631919580086255,0.70631919580086255,10,3.6450499999999999e-05,0.0060374199999999999,2.2499700000000001e-06,0.0014999900000000001,4.0133799999999999e-05,0.0063351199999999996,1.81362e-06,0.0013467100000000001,4.3634800000000001e-07,0.00066056600000000002,5.4457899999999997e-29,7.3795599999999996e-15,7.37956e-15,2.0387213389729415,4.1563614362847998,0.49050352340147468,0.24059505298794676,0.89781265208434724,0.44038026920179468,4.9197394649297658e-12,2.4203833828895493e-23,1,1,not_skipped,success,1,1.6599899999999999e-06,0.00128841,0.85894572630484201,0.73778317044227248,,,,,,,,,,,,,,,,,,,,,,,,
outer,2d,boundary_singularity,p1,1,adaptive_force_effective_rho_no_inner_refinement,force_eff_rho_no_inner,production_2M,2000000,completed,24339162,20260701_091323_471269_job24339162,snellius_next_mem216,algorithm_data_ordered/2d/boundary_singularity/p1/production_2M/adaptive_force_effective_rho_no_inner_refinement,outer_history.csv,completed,21,,,4982,4982,7723,9962,9962,62694,4.25187,15.1466,1,1,0,1,0,0,adaptive,1,0.214762,1,computed_required,2.44444,1.1364,2.15104,3.6187799999999999e-05,0.0060156300000000001,8.8459099999999995e-05,0.009405269799426276,4.1123900000000001e-05,0.0064127919036875043,-0.39435745003690781,0.39435745003690781,10,-0.35315959790043128,0.35315959790043128,10,-0.70631919580086255,0.70631919580086255,10,3.4437000000000002e-05,0.0058683099999999998,1.8271400000000001e-06,0.00135172,3.6965999999999998e-05,0.0060799599999999997,1.5373099999999999e-06,0.0012398800000000001,2.8982799999999999e-07,0.00053835600000000003,7.4852500000000001e-29,8.6517300000000007e-15,8.65173e-15,2.3030856905096257,5.3042149136729373,0.4342000838790851,0.18852931419167246,0.91726097120705474,0.39827479063711418,6.4005341342881663e-12,4.0967030441017105e-23,1,1,not_skipped,success,1,1.40538e-06,0.00118549,0.87702334803065718,0.76916930284488327,,,,,,,,,,,,,,,,,,,,,,,,
outer,2d,boundary_singularity,p1,1,adaptive_force_effective_rho_no_inner_refinement,force_eff_rho_no_inner,production_2M,2000000,completed,24339162,20260701_091323_471269_job24339162,snellius_next_mem216,algorithm_data_ordered/2d/boundary_singularity/p1/production_2M/adaptive_force_effective_rho_no_inner_refinement,outer_history.csv,completed,22,,,7723,7723,10614,15456,15456,96450,5.88282,21.078,1,1,0,1,0,0,adaptive,1,0.28703,1,computed_required,2.44444,1.21539,2.01124,2.7642200000000001e-05,0.0052575900000000004,6.7569899999999998e-05,0.0082200912403695373,3.3596200000000002e-05,0.0057962229080669421,-0.39435745003690781,0.39435745003690781,10,-0.35315959790043128,0.35315959790043128,10,-0.70631919580086255,0.70631919580086255,10,2.6602400000000001e-05,0.00515775,2.4156499999999999e-06,0.0015542399999999999,2.8104400000000001e-05,0.0053013599999999998,1.2696600000000001e-06,0.0011267899999999999,1.14598e-06,0.00107051,1.01871e-28,1.00931e-14,1.00931e-14,1.0525730726476166,1.1079250946787902,0.95005280487047283,0.90258809445048271,0.7249781243565987,0.68876750051472102,6.4939134239242335e-12,4.2171258253472148e-23,1,1,not_skipped,success,1,1.17592e-06,0.0010843999999999999,0.69770434424541894,0.48679237472315939,,,,,,,,,,,,,,,,,,,,,,,,
outer,2d,boundary_singularity,p1,1,adaptive_force_effective_rho_no_inner_refinement,force_eff_rho_no_inner,production_2M,2000000,completed,24339162,20260701_091323_471269_job24339162,snellius_next_mem216,algorithm_data_ordered/2d/boundary_singularity/p1/production_2M/adaptive_force_effective_rho_no_inner_refinement,outer_history.csv,completed,23,,,10614,10614,14843,21318,21318,132468,8.27298,29.4009,1,1,0,1,0,0,adaptive,1,0.388038,1,computed_required,2.44444,1.34151,1.82216,2.0535800000000001e-05,0.00453164,5.0198599999999997e-05,0.0070850970353270393,2.75489e-05,0.005248704602089929,-0.39435745003690781,0.39435745003690781,10,-0.35315959790043128,0.35315959790043128,10,-0.70631919580086255,0.70631919580086255,10,1.9612199999999998e-05,0.0044285699999999997,3.2684700000000002e-06,0.0018078899999999999,2.0946199999999999e-05,0.0045767100000000003,9.8015499999999998e-07,0.000990028,2.2883199999999999e-06,0.00151272,1.31499e-28,1.1467300000000001e-14,1.14673e-14,0.65446877148447835,0.42832951685079013,1.5279567850606246,2.3346511521136963,0.54761517570206153,0.83673232331613101,6.3429190935289209e-12,4.023258588881036e-23,1,1,not_skipped,success,1,9.2559100000000005e-07,0.00096207599999999997,0.53215405804556692,0.28318785242024558,,,,,,,,,,,,,,,,,,,,,,,,
outer,2d,boundary_singularity,p1,1,adaptive_force_effective_rho_no_inner_refinement,force_eff_rho_no_inner,production_2M,2000000,completed,24339162,20260701_091323_471269_job24339162,snellius_next_mem216,algorithm_data_ordered/2d/boundary_singularity/p1/production_2M/adaptive_force_effective_rho_no_inner_refinement,outer_history.csv,completed,24,,,14843,14843,20190,29868,29868,186126,11.3074,40.7783,1,1,0,1,0,0,adaptive,1,0.477073,1,computed_required,2.44444,1.466,1.66742,1.5719700000000001e-05,0.00396481,3.8425900000000001e-05,0.0061988627989333659,2.3045100000000001e-05,0.0048005312206046528,-0.39435745003690781,0.39435745003690781,10,-0.35315959790043128,0.35315959790043128,10,-0.70631919580086255,0.70631919580086255,10,1.4830900000000001e-05,0.0038510900000000002,3.7896699999999999e-06,0.0019467099999999999,1.61147e-05,0.0040143100000000001,7.9735399999999998e-07,0.00089294699999999995,2.99231e-06,0.0017298299999999999,1.57743e-28,1.25596e-14,1.25596e-14,0.51620506061289262,0.26646771223569748,1.9372146387187594,3.7527998856216938,0.45869543999876716,0.88859152107915407,6.4517056983320583e-12,4.162446862127837e-23,1,1,not_skipped,success,1,7.6253900000000002e-07,0.00087323499999999998,0.44856963800463345,0.20121514538205174,,,,,,,,,,,,,,,,,,,,,,,,
outer,2d,boundary_singularity,p1,1,adaptive_force_effective_rho_no_inner_refinement,force_eff_rho_no_inner,production_2M,2000000,completed,24339162,20260701_091323_471269_job24339162,snellius_next_mem216,algorithm_data_ordered/2d/boundary_singularity/p1/production_2M/adaptive_force_effective_rho_no_inner_refinement,outer_history.csv,completed,25,,,20190,20190,25666,41256,41256,255282,16.1606,57.0357,1,1,0,1,0,0,adaptive,1,0.625055,1,computed_required,2.44444,1.69936,1.43845,1.0484300000000001e-05,0.0032379499999999999,2.56283e-05,0.0050624401231026918,1.7816600000000002e-05,0.0042209714521659588,-0.39435745003690781,0.39435745003690781,10,-0.35315959790043128,0.35315959790043128,10,-0.70631919580086255,0.70631919580086255,10,9.7548899999999997e-06,0.00312328,4.3212899999999998e-06,0.0020787700000000002,1.08085e-05,0.0032876200000000002,6.9684699999999997e-07,0.00083477300000000003,3.6244399999999998e-06,0.0019038,1.9105599999999999e-28,1.3822300000000001e-14,1.38223e-14,0.43847725601428722,0.19226335654611471,2.2806200008864685,5.2011991154442798,0.4015706403305801,0.91583003410670727,6.6492685578491124e-12,4.4212723515431735e-23,1,1,not_skipped,success,1,6.6642400000000001e-07,0.00081634800000000005,0.39270722590762808,0.15421876337852819,,,,,,,,,,,,,,,,,,,,,,,,
outer,2d,boundary_singularity,p1,1,adaptive_force_effective_rho_no_inner_refinement,force_eff_rho_no_inner,production_2M,2000000,completed,24339162,20260701_091323_471269_job24339162,snellius_next_mem216,algorithm_data_ordered/2d/boundary_singularity/p1/production_2M/adaptive_force_effective_rho_no_inner_refinement,outer_history.csv,completed,26,,,25666,25666,33599,52398,52398,323655,21.173,78.3523,1,1,0,1,0,0,adaptive,1,0.63916,1,computed_required,2.44444,1.72334,1.41844,8.7631200000000006e-06,0.0029602600000000001,2.1421e-05,0.0046282826188555077,1.51018e-05,0.0038861034468989628,-0.39435745003690781,0.39435745003690781,10,-0.35315959790043128,0.35315959790043128,10,-0.70631919580086255,0.70631919580086255,10,8.2410400000000006e-06,0.0028707200000000002,3.74432e-06,0.00193502,8.9951600000000005e-06,0.0029991900000000001,6.1278700000000005e-07,0.00078280699999999995,3.13153e-06,0.00176961,2.3109499999999998e-28,1.5201799999999999e-14,1.52018e-14,0.44236131124937128,0.19568294092663971,2.2605955235453949,5.1103074967321431,0.40454723982181062,0.91451767940383044,7.856146189703465e-12,6.1718816767797623e-23,1,1,not_skipped,success,1,5.8510000000000002e-07,0.00076491799999999996,0.39530237413566782,0.15626335355952484,,,,,,,,,,,,,,,,,,,,,,,,
outer,2d,boundary_singularity,p1,1,adaptive_force_effective_rho_no_inner_refinement,force_eff_rho_no_inner,production_2M,2000000,completed,24339162,20260701_091323_471269_job24339162,snellius_next_mem216,algorithm_data_ordered/2d/boundary_singularity/p1/production_2M/adaptive_force_effective_rho_no_inner_refinement,outer_history.csv,completed,27,,,33599,33599,43944,68596,68596,423678,29.252,107.784,1,1,0,1,0,0,adaptive,1,0.688962,1,computed_required,2.44444,1.81045,1.35019,7.1720500000000002e-06,0.0026780699999999998,1.75317e-05,0.0041870872930952849,1.2984599999999999e-05,0.0036034150468687337,-0.39435745003690781,0.39435745003690781,10,-0.35315959790043128,0.35315959790043128,10,-0.70631919580086255,0.70631919580086255,10,6.8139899999999996e-06,0.0026103599999999999,3.5245700000000001e-06,0.00187739,7.3311900000000004e-06,0.00270762,5.3887099999999998e-07,0.00073407799999999999,2.9857000000000001e-06,0.00172792,2.8183499999999999e-28,1.67879e-14,1.67879e-14,0.42483332561692672,0.18048397360752921,2.3538643032484288,5.5406581538067554,0.39100985943250999,0.92038415033637122,8.942148408162395e-12,7.9962945834527328e-23,1,1,not_skipped,success,1,5.2991399999999996e-07,0.00072795200000000003,0.38774681872173605,0.15034855315683898,,,,,,,,,,,,,,,,,,,,,,,,
outer,2d,boundary_singularity,p1,1,adaptive_force_effective_rho_no_inner_refinement,force_eff_rho_no_inner,production_2M,2000000,completed,24339162,20260701_091323_471269_job24339162,snellius_next_mem216,algorithm_data_ordered/2d/boundary_singularity/p1/production_2M/adaptive_force_effective_rho_no_inner_refinement,outer_history.csv,completed,28,,,43944,43944,57341,89990,89990,554034,40.198,148.241,1,1,0,1,0,0,adaptive,1,0.664537,1,computed_required,2.44444,1.76725,1.38319,6.01569e-06,0.00245269,1.4705000000000001e-05,0.003834709897762802,1.0631200000000001e-05,0.003260552100488505,-0.39435745003690781,0.39435745003690781,10,-0.35315959790043128,0.35315959790043128,10,-0.70631919580086255,0.70631919580086255,10,5.7501500000000003e-06,0.0023979499999999998,2.7430599999999998e-06,0.0016562199999999999,6.1337100000000001e-06,0.0024766300000000001,4.74085e-07,0.00068853800000000004,2.2689699999999998e-06,0.0015063100000000001,3.4227400000000002e-28,1.85007e-14,1.85007e-14,0.45710245566981567,0.2089428242770949,2.1876933444486726,4.7859982914456261,0.41572858678194929,0.90948666239992282,1.117043629469515e-11,1.247781674480325e-22,1,1,not_skipped,success,1,5.1844800000000004e-07,0.00072003300000000002,0.43474478028281272,0.18900352161454728,,,,,,,,,,,,,,,,,,,,,,,,
outer,2d,boundary_singularity,p1,1,adaptive_force_effective_rho_no_inner_refinement,force_eff_rho_no_inner,production_2M,2000000,completed,24339162,20260701_091323_471269_job24339162,snellius_next_mem216,algorithm_data_ordered/2d/boundary_singularity/p1/production_2M/adaptive_force_effective_rho_no_inner_refinement,outer_history.csv,completed,29,,,57341,57341,73851,118092,118092,728202,57.0947,205.696,1,1,0,1,0,0,adaptive,1,0.522847,1,computed_required,2.44444,1.53466,1.59282,5.7935100000000004e-06,0.00240697,1.4161900000000001e-05,0.0037632299956287551,8.8910800000000006e-06,0.0029817914078620589,-0.39435745003690781,0.39435745003690781,10,-0.35315959790043128,0.35315959790043128,10,-0.70631919580086255,0.70631919580086255,10,5.5733599999999996e-06,0.0023608000000000001,1.64129e-06,0.0012811299999999999,5.8913599999999998e-06,0.00242721,4.0373500000000001e-07,0.00063540199999999997,1.2375499999999999e-06,0.0011124500000000001,4.2367699999999996e-28,2.0583399999999999e-14,2.05834e-14,0.57117353588925335,0.32623732374449521,1.7507813950853162,3.0652531982612352,0.49596996401614202,0.86833498552059518,1.6066597456932553e-11,2.5813658768407776e-22,1,1,not_skipped,success,1,3.79261e-07,0.00061584200000000002,0.48070219259559926,0.23107494714523333,,,,,,,,,,,,,,,,,,,,,,,,
outer,2d,boundary_singularity,p1,1,adaptive_force_effective_rho_no_inner_refinement,force_eff_rho_no_inner,production_2M,2000000,completed,24339162,20260701_091323_471269_job24339162,snellius_next_mem216,algorithm_data_ordered/2d/boundary_singularity/p1/production_2M/adaptive_force_effective_rho_no_inner_refinement,outer_history.csv,completed,30,,,73851,73851,99969,153270,153270,945258,83.9083,290.127,1,1,0,1,0,0,adaptive,1,0.503973,1,computed_required,2.44444,1.50597,1.62317,5.0199099999999999e-06,0.0022405200000000002,1.22709e-05,0.003502984441872387,7.5598400000000003e-06,0.0027495163211008586,-0.39435745003690781,0.39435745003690781,10,-0.35315959790043128,0.35315959790043128,10,-0.70631919580086255,0.70631919580086255,10,4.8129899999999996e-06,0.0021938499999999998,1.32714e-06,0.0011520199999999999,5.1118699999999997e-06,0.0022609499999999999,3.1295899999999999e-07,0.00055942700000000004,1.01418e-06,0.0010070700000000001,5.27659e-28,2.29708e-14,2.29708e-14,0.55549961770284084,0.30858328896251158,1.8001812568932141,3.2406161829504825,0.48560528463047525,0.87417753164007583,1.9939584382215588e-11,3.9759106047591061e-22,1,1,not_skipped,success,1,2.9423299999999999e-07,0.00054243200000000003,0.47085293658096222,0.22170456771704566,,,,,,,,,,,,,,,,,,,,,,,,
outer,2d,boundary_singularity,p1,1,adaptive_force_effective_rho_no_inner_refinement,force_eff_rho_no_inner,production_2M,2000000,completed,24339162,20260701_091323_471269_job24339162,snellius_next_mem216,algorithm_data_ordered/2d/boundary_singularity/p1/production_2M/adaptive_force_effective_rho_no_inner_refinement,outer_history.csv,completed,31,,,99969,99969,135647,208784,208784,1286910,121.563,412.517,1,1,0,1,0,0,adaptive,1,0.565823,1,computed_required,2.44444,1.60199,1.52588,3.9823400000000002e-06,0.0019955799999999998,9.7346199999999996e-06,0.0031200352562110577,6.3796699999999997e-06,0.0025258008630927339,-0.39435745003690781,0.39435745003690781,10,-0.35315959790043128,0.35315959790043128,10,-0.70631919580086255,0.70631919580086255,10,3.7952300000000001e-06,0.0019481399999999999,1.3277100000000001e-06,0.00115226,4.0655100000000001e-06,0.0020163099999999999,2.5334999999999998e-07,0.000503339,1.07436e-06,0.00103651,6.3817899999999998e-28,2.5262199999999999e-14,2.52622e-14,0.48560940077760945,0.23581481067798502,2.059268206914227,4.2406157489638847,0.43682762570947531,0.8995452415253502,2.1924044920417266e-11,4.8066143962160407e-22,1,1,not_skipped,success,1,2.4411999999999999e-07,0.00049408500000000001,0.42879645218960999,0.18386545254611322,,,,,,,,,,,,,,,,,,,,,,,,
outer,2d,boundary_singularity,p1,1,adaptive_force_effective_rho_no_inner_refinement,force_eff_rho_no_inner,production_2M,2000000,completed,24339162,20260701_091323_471269_job24339162,snellius_next_mem216,algorithm_data_ordered/2d/boundary_singularity/p1/production_2M/adaptive_force_effective_rho_no_inner_refinement,outer_history.csv,completed,32,,,135647,135647,176147,285926,285926,1759422,162.853,576.54,1,1,0,1,0,0,adaptive,1,0.644969,1,computed_required,2.44444,1.7333,1.41028,3.0210700000000002e-06,0.0017381199999999999,7.3848400000000003e-06,0.0027175062097445149,5.2364200000000001e-06,0.0022883225297147254,-0.39435745003690781,0.39435745003690781,10,-0.35315959790043128,0.35315959790043128,10,-0.70631919580086255,0.70631919580086255,10,2.8587499999999999e-06,0.00169078,1.3082199999999999e-06,0.0011437800000000001,3.0932100000000002e-06,0.0017587499999999999,2.1428499999999999e-07,0.00046290900000000001,1.0939400000000001e-06,0.0010459200000000001,7.7934099999999998e-28,2.79167e-14,2.79167e-14,0.44258547498852679,0.19588368649103238,2.2594505615574554,5.1050703502345014,0.40471856475895712,0.91444158841735301,2.4407403521656261e-11,5.957262539939766e-22,1,1,not_skipped,success,1,2.18305e-07,0.00046723100000000003,0.40849726345975623,0.16687177997584504,,,,,,,,,,,,,,,,,,,,,,,,
outer,2d,boundary_singularity,p1,1,adaptive_force_effective_rho_no_inner_refinement,force_eff_rho_no_inner,production_2M,2000000,completed,24339162,20260701_091323_471269_job24339162,snellius_next_mem216,algorithm_data_ordered/2d/boundary_singularity/p1/production_2M/adaptive_force_effective_rho_no_inner_refinement,outer_history.csv,completed,33,,,176147,176147,230662,373474,373474,2296044,231.811,809.896,1,1,0,1,0,0,adaptive,1,0.758494,1,computed_required,2.44444,1.93856,1.26096,2.29687e-06,0.0015155399999999999,5.6145600000000002e-06,0.0023695062776874004,4.4526100000000002e-06,0.0021101208496197557,-0.39435745003690781,0.39435745003690781,10,-0.35315959790043128,0.35315959790043128,10,-0.70631919580086255,0.70631919580086255,10,2.17083e-06,0.00147338,1.3672e-06,0.00116927,2.3528799999999998e-06,0.0015339100000000001,1.85469e-07,0.00043066099999999999,1.18173e-06,0.0010870700000000001,9.5084700000000003e-28,3.0835800000000003e-14,3.08358e-14,0.39616676019023611,0.15694701835444644,2.5241895597697495,6.3715769212105524,0.36831612886672882,0.92969972718020655,2.6371838839617883e-11,6.9547030427150381e-22,1,1,not_skipped,success,1,1.9733300000000001e-07,0.00044422199999999998,0.37991396341306966,0.14433367466354594,,,,,,,,,,,,,,,,,,,,,,,,
outer,2d,boundary_singularity,p1,1,adaptive_force_effective_rho_no_inner_refinement,force_eff_rho_no_inner,production_2M,2000000,completed,24339162,20260701_091323_471269_job24339162,snellius_next_mem216,algorithm_data_ordered/2d/boundary_singularity/p1/production_2M/adaptive_force_effective_rho_no_inner_refinement,outer_history.csv,completed,34,,,230662,230662,296617,490252,490252,3011691,334.42,1146.47,1,1,0,1,0,0,adaptive,1,0.882854,1,computed_required,2.44444,2.18702,1.1177,1.7404000000000001e-06,0.00131924,4.2543199999999998e-06,0.0020626003005914644,3.8062999999999999e-06,0.0019509741156663253,-0.39435745003690781,0.39435745003690781,10,-0.35315959790043128,0.35315959790043128,10,-0.70631919580086255,0.70631919580086255,10,1.65177e-06,0.00128521,1.3926499999999999e-06,0.0011801100000000001,1.7798000000000001e-06,0.00133409,1.6565999999999999e-07,0.00040701399999999998,1.22699e-06,0.0011077000000000001,1.1665099999999999e-27,3.41542e-14,3.41542e-14,0.36744064277331401,0.13501332529197466,2.7215280064076426,7.4066763250030183,0.34489496741829145,0.93864131309793153,2.8941539348026878e-11,8.3761892794313005e-22,1,1,not_skipped,success,1,1.9012399999999999e-07,0.00043603199999999999,0.36948420062536541,0.13651958496391772,,,,,,,,,,,,,,,,,,,,,,,,
outer,2d,boundary_singularity,p1,1,adaptive_force_effective_rho_no_inner_refinement,force_eff_rho_no_inner,production_2M,2000000,completed,24339162,20260701_091323_471269_job24339162,snellius_next_mem216,algorithm_data_ordered/2d/boundary_singularity/p1/production_2M/adaptive_force_effective_rho_no_inner_refinement,outer_history.csv,completed,35,,,296617,296617,368049,634774,634774,3894300,444.523,1593.87,1,1,0,1,0,0,adaptive,1,0.976524,1,computed_required,2.44444,2.391,1.02235,1.33834e-06,0.0011568699999999999,3.2715100000000002e-06,0.0018087315997681911,3.1999800000000002e-06,0.0017888487918211534,-0.39435745003690781,0.39435745003690781,10,-0.35315959790043128,0.35315959790043128,10,-0.70631919580086255,0.70631919580086255,10,1.26814e-06,0.00112612,1.30695e-06,0.0011432199999999999,1.3695500000000001e-06,0.0011702800000000001,1.4892099999999999e-07,0.00038590299999999999,1.1580299999999999e-06,0.0010761200000000001,1.55463e-22,1.24685e-11,1.24685e-11,0.3586059175556629,0.12859856825816257,2.7885764039149739,7.7761363407444222,0.33755795035076364,0.94130613530204177,1.0906474694284565e-08,1.18950992769425e-16,1,1,not_skipped,success,1,1.75587e-07,0.00041903200000000001,0.36653662462168263,0.13434867439458281,,,,,,,,,,,,,,,,,,,,,,,,
outer,2d,boundary_singularity,p1,1,adaptive_force_effective_rho_no_inner_refinement,force_eff_rho_no_inner,production_2M,2000000,completed,24339162,20260701_091323_471269_job24339162,snellius_next_mem216,algorithm_data_ordered/2d/boundary_singularity/p1/production_2M/adaptive_force_effective_rho_no_inner_refinement,outer_history.csv,completed,36,,,368049,368049,468070,793534,793534,4865520,624.264,2221.7,1,1,0,1,0,0,adaptive,1,0.99217,1,computed_required,2.44444,2.42652,1.00739,1.1149300000000001e-06,0.0010559,2.7253800000000001e-06,0.001650872496590818,2.7053900000000001e-06,0.001644806979557176,-0.39435745003690781,0.39435745003690781,10,-0.35315959790043128,0.35315959790043128,10,-0.70631919580086255,0.70631919580086255,10,1.0617999999999999e-06,0.0010304400000000001,1.1210200000000001e-06,0.0010587800000000001,1.13854e-06,0.0010670199999999999,1.31217e-07,0.00036223899999999999,9.8980700000000002e-07,0.00099489099999999992,1.6880100000000001e-27,4.10854e-14,4.10854e-14,0.36409918272453967,0.13256826835938723,2.7465043797051116,7.5432832636015146,0.34212867640114092,0.93965790815844641,3.8804473072781879e-11,1.5057804499473695e-21,1,1,not_skipped,success,1,1.48655e-07,0.00038555799999999998,0.36415308184892042,0.13260691156268398,,,,,,,,,,,,,,,,,,,,,,,,
outer,2d,boundary_singularity,p1,1,adaptive_force_effective_rho_no_inner_refinement,force_eff_rho_no_inner,production_2M,2000000,completed,24339162,20260701_091323_471269_job24339162,snellius_next_mem216,algorithm_data_ordered/2d/boundary_singularity/p1/production_2M/adaptive_force_effective_rho_no_inner_refinement,outer_history.csv,completed,37,,,468070,468070,606844,1016180,1016180,6230550,1030.01,3256.23,1,1,0,1,0,0,adaptive,1,1.00528,1,computed_required,2.44444,2.45658,0.995058,9.2045699999999999e-07,0.00095940399999999996,2.2500000000000001e-06,0.0015,2.2611799999999999e-06,0.0015037220487842825,-0.39435745003690781,0.39435745003690781,10,-0.35315959790043128,0.35315959790043128,10,-0.70631919580086255,0.70631919580086255,10,8.7887399999999999e-07,0.00093748300000000002,9.4874099999999999e-07,0.00097403300000000002,9.3893800000000001e-07,0.00096898800000000005,1.1513e-07,0.00033930800000000002,8.3361100000000004e-07,0.000913023,3.04615e-21,5.5191899999999997e-11,5.51919e-11,0.37163138278006141,0.13810998175407954,2.6908384122979712,7.2406062711717194,0.34835370054197345,0.93736351848448662,5.6663275268907723e-08,3.2107287447259054e-15,1,1,not_skipped,success,1,1.39591e-07,0.000373619,0.38357940644721483,0.14713288452802187,,,,,,,,,,,,,,,,,,,,,,,,
outer,2d,boundary_singularity,p1,1,adaptive_force_effective_rho_no_inner_refinement,force_eff_rho_no_inner,production_2M,2000000,completed,24339162,20260701_091323_471269_job24339162,snellius_next_mem216,algorithm_data_ordered/2d/boundary_singularity/p1/production_2M/adaptive_force_effective_rho_no_inner_refinement,outer_history.csv,completed,38,,,606844,606844,771251,1324442,1324442,8117628,1476.59,4740.65,1,1,0,1,0,0,adaptive,1,0.944137,1,computed_required,2.44444,2.31881,1.05418,7.8148899999999996e-07,0.00088401899999999999,1.91031e-06,0.001382139645621961,1.81213e-06,0.0013461537802197786,-0.39435745003690781,0.39435745003690781,10,-0.35315959790043128,0.35315959790043128,10,-0.70631919580086255,0.70631919580086255,10,7.4776800000000003e-07,0.00086473599999999996,7.1102799999999998e-07,0.00084322499999999996,7.9647599999999999e-07,0.00089245500000000001,9.8311100000000005e-08,0.000313546,6.1271700000000002e-07,0.00078276300000000001,2.5090999999999999e-27,5.00909e-14,5.00909e-14,0.40056313341330646,0.16045107284439636,2.4964853641889868,6.2324295018568607,0.37184144208248099,0.92829671795784052,5.9403955053514784e-11,3.5288343075096902e-21,1,1,not_skipped,success,1,1.2074000000000001e-07,0.00034747700000000001,0.41208099854724423,0.16981047159886814,,,,,,,,,,,,,,,,,,,,,,,,
outer,2d,boundary_singularity,p1,1,adaptive_force_effective_rho_no_inner_refinement,force_eff_rho_no_inner,production_2M,2000000,completed,24339162,20260701_091323_471269_job24339162,snellius_next_mem216,algorithm_data_ordered/2d/boundary_singularity/p1/production_2M/adaptive_force_effective_rho_no_inner_refinement,outer_history.csv,completed,39,,,771251,771251,981799,1686210,1686210,10330842,2225.69,6977.26,1,1,0,1,0,0,adaptive,1,0.921838,1,computed_required,2.44444,2.27013,1.07678,6.7441999999999997e-07,0.00082123099999999996,1.6485800000000001e-06,0.001283970404643347,1.53102e-06,0.0012373439295523293,-0.39435745003690781,0.39435745003690781,10,-0.35315959790043128,0.35315959790043128,10,-0.70631919580086255,0.70631919580086255,10,6.4566600000000003e-07,0.00080353399999999995,5.8520000000000003e-07,0.000764983,6.8719999999999996e-07,0.00082897500000000002,8.0560800000000005e-08,0.00028383199999999998,5.0463900000000002e-07,0.00071037900000000002,1.1837800000000001e-20,1.0880200000000001e-10,1.08802e-10,0.39955009931318347,0.15964045585061798,2.5028150455198852,6.2640763249620166,0.3710304673437187,0.92862063601413369,1.4222799722346771e-07,2.0228639781271361e-14,1,1,not_skipped,success,1,1.00297e-07,0.00031669700000000001,0.4139922063627558,0.17138926862611073,,,,,,,,,,,,,,,,,,,,,,,,
outer,2d,boundary_singularity,p1,1,adaptive_force_effective_rho_no_inner_refinement,force_eff_rho_no_inner,production_2M,2000000,completed,24339162,20260701_091323_471269_job24339162,snellius_next_mem216,algorithm_data_ordered/2d/boundary_singularity/p1/production_2M/adaptive_force_effective_rho_no_inner_refinement,outer_history.csv,completed,40,,,981799,981799,1262676,2153726,2153726,13197018,3312.39,10303.5,1,1,0,1,0,0,adaptive,1,0.938497,1,computed_required,2.44444,2.30642,1.05984,5.6861000000000001e-07,0.000754062,1.3899400000000001e-06,0.0011789571663126698,1.31145e-06,0.0011451855744812715,-0.39435745003690781,0.39435745003690781,10,-0.35315959790043128,0.35315959790043128,10,-0.70631919580086255,0.70631919580086255,10,5.4429499999999999e-07,0.000737763,5.1116800000000004e-07,0.00071496000000000005,5.7941699999999995e-07,0.00076119399999999998,6.8098299999999995e-08,0.00026095699999999998,4.4307000000000001e-07,0.00066563500000000003,1.8264799999999999e-21,4.2737299999999998e-11,4.27373e-11,0.39204218528172341,0.15369648136863248,2.5507459083297253,6.5063298202745159,0.36499524448920212,0.93101012644063996,5.9775791652679863e-08,3.5731501189432822e-15,1,1,not_skipped,success,1,8.4376100000000006e-08,0.00029047600000000002,0.40628286897169069,0.1650653014273194,,,,,,,,,,,,,,,,,,,,,,,,
outer,2d,boundary_singularity,p1,1,adaptive_force_effective_rho_no_inner_refinement,force_eff_rho_no_inner,production_2M,2000000,completed,24339162,20260701_091323_471269_job24339162,snellius_next_mem216,algorithm_data_ordered/2d/boundary_singularity/p1/production_2M/adaptive_force_effective_rho_no_inner_refinement,outer_history.csv,completed,41,,,1262676,1262676,1664740,2780820,2780820,17034906,5020.7,15342.3,1,1,0,1,0,0,adaptive,1,1.01177,1,computed_required,2.44444,2.4716,0.989013,4.50392e-07,0.00067111199999999997,1.1009600000000001e-06,0.0010492664104030016,1.1131899999999999e-06,0.0010550781961541997,-0.39435745003690781,0.39435745003690781,10,-0.35315959790043128,0.35315959790043128,10,-0.70631919580086255,0.70631919580086255,10,4.2980699999999998e-07,0.00065559699999999995,4.7028e-07,0.00068577000000000004,4.5954100000000003e-07,0.00067789399999999996,5.80265e-08,0.00024088700000000001,4.1225400000000001e-07,0.00064207000000000001,2.4641600000000002e-21,4.9640300000000001e-11,4.96403e-11,0.37517248898095223,0.14075424374293519,2.6654406422928592,7.1045815274055819,0.35126500138530409,0.93627601090744705,7.2386222786065298e-08,5.2397720506932044e-15,1,1,not_skipped,success,1,6.2897199999999995e-08,0.00025079300000000002,0.36571007772285169,0.13374415241983498,,,,,,,,,,,,,,,,,,,,,,,,
outer,2d,boundary_singularity,p1,1,adaptive_force_effective_rho_no_inner_refinement,force_eff_rho_no_inner,production_2M,2000000,completed,24339162,20260701_091323_471269_job24339162,snellius_next_mem216,algorithm_data_ordered/2d/boundary_singularity/p1/production_2M/adaptive_force_effective_rho_no_inner_refinement,outer_history.csv,completed,42,,,1664740,1664740,2158667,3681084,3681084,22555194,9848.54,25217.5,1,1,0,1,0,0,adaptive,1,1.09709,1,computed_required,2.44444,2.67549,0.913645,3.6362999999999998e-07,0.00060301699999999996,8.8887299999999997e-07,0.00094280061518859856,9.728870000000001e-07,0.00098635034343786798,-0.39435745003690781,0.39435745003690781,10,-0.35315959790043128,0.35315959790043128,10,-0.70631919580086255,0.70631919580086255,10,3.4713000000000001e-07,0.00058917799999999999,4.4545499999999999e-07,0.00066742400000000001,3.7096300000000001e-07,0.00060906700000000003,4.9734799999999997e-08,0.00022301299999999999,3.9572e-07,0.00062906300000000002,3.9392400000000001e-19,6.2763399999999996e-10,6.27634e-10,0.35451616133837149,0.12568179520873343,2.8207458758009625,7.9566018160322356,0.33413991705422635,0.94252379297118472,9.4038272522414529e-07,8.8431828130787622e-13,1,1,not_skipped,success,1,5.4934199999999998e-08,0.000234381,0.35117256796279428,0.12332154763107385,,,,,,,,,,,,,,,,,,,,,,,,
inner,2d,boundary_singularity,p1,1,adaptive_force_effective_rho_no_inner_refinement,force_eff_rho_no_inner,production_2M,2000000,completed,24339162,20260701_091323_471269_job24339162,snellius_next_mem216,algorithm_data_ordered/2d/boundary_singularity/p1/production_2M/adaptive_force_effective_rho_no_inner_refinement,inner_history.csv,completed,0,0,,2,2,2,2,2,15,0.065927,0.069858,,,,,,0,,1,0.014894,1,computed_required,2.44444,1.00106,2.44186,0.00143429,0.037872099999999999,0.0035060500000000001,0.059211907586227956,0.00143581,0.037892083605945981,-0.39435745003690781,0.39435745003690781,10,-0.35315959790043128,0.35315959790043128,10,-0.70631919580086255,0.70631919580086255,10,0.000217951,0.014763099999999999,1.3359199999999999e-06,0.0011558199999999999,0.00197489,0.044439800000000002,1.3359199999999999e-06,0.0011558199999999999,2.8674500000000001e-35,5.3548499999999997e-18,9.9552900000000008e-35,9.9776199999999995e-18,9.97762e-18,215845448518632.62,4.6589129714554739e+28,4.6329445761450749e-15,2.1464234385292534e-29,1,4.6329445761450749e-15,8.63250333096849e-15,7.4520105994370936e-29,1,1,not_skipped,success,1,7.0725099999999998e-08,0.00026594200000000002,0.230089460296586,0.052941119228696334,,,,,,,,,,,,,,,,,,,,,,,,
inner,2d,boundary_singularity,p1,1,adaptive_force_effective_rho_no_inner_refinement,force_eff_rho_no_inner,production_2M,2000000,completed,24339162,20260701_091323_471269_job24339162,snellius_next_mem216,algorithm_data_ordered/2d/boundary_singularity/p1/production_2M/adaptive_force_effective_rho_no_inner_refinement,inner_history.csv,completed,1,0,,2,2,3,2,2,30,0.0398026,0.138877,,,,,,0,,1,0.0130922,1,computed_required,2.44444,1.00082,2.44244,0.0014339699999999999,0.0378678,0.0035052600000000001,0.059205236254912454,0.0014351500000000001,0.037883373661805782,-0.39435745003690781,0.39435745003690781,10,-0.35315959790043128,0.35315959790043128,10,-0.70631919580086255,0.70631919580086255,10,0.00021794199999999999,0.014762900000000001,1.03753e-06,0.00101859,0.0019744300000000001,0.044434599999999998,1.03753e-06,0.00101859,7.8315499999999998e-34,2.79849e-17,1.1232700000000001e-34,1.0598400000000001e-17,1.05984e-17,36397843122541.086,1.3248079882015692e+27,2.7474155450181132e-14,7.5482636646651182e-28,1,2.7474155450181132e-14,1.040497157835832e-14,1.0826385743062852e-28,1,1,not_skipped,success,1,2.2984800000000001e-07,0.000479424,0.4706741672311725,0.22153383516621206,,,,,,,,,,,,,,,,,,,,,,,,
inner,2d,boundary_singularity,p1,1,adaptive_force_effective_rho_no_inner_refinement,force_eff_rho_no_inner,production_2M,2000000,completed,24339162,20260701_091323_471269_job24339162,snellius_next_mem216,algorithm_data_ordered/2d/boundary_singularity/p1/production_2M/adaptive_force_effective_rho_no_inner_refinement,inner_history.csv,completed,2,0,,3,3,5,4,4,54,0.040823,0.210361,,,,,,0,,1,0.0299761,1,computed_required,2.44444,1.0041,2.43447,0.00123774,0.035181499999999997,0.0030255799999999999,0.055005272474554653,0.00124281,0.035253510463498526,-0.39435745003690781,0.39435745003690781,10,-0.35315959790043128,0.35315959790043128,10,-0.70631919580086255,0.70631919580086255,10,0.00032835900000000002,0.0181207,4.0214500000000003e-06,0.0020053599999999999,0.0016419,0.040520399999999998,4.0214500000000003e-06,0.0020053599999999999,3.7601499999999999e-35,6.1320000000000002e-18,8.6964700000000001e-34,2.9489799999999998e-17,2.94898e-17,327031963470319.62,1.0694919085674775e+29,3.0578050823792238e-15,9.3502343682005237e-30,1,3.0578050823792238e-15,1.4705489288706269e-14,2.1625209812381107e-28,1,1,not_skipped,success,1,2.3085099999999999e-06,0.0015193800000000001,0.75765947261339617,0.57404916137214179,,,,,,,,,,,,,,,,,,,,,,,,
inner,2d,boundary_singularity,p1,1,adaptive_force_effective_rho_no_inner_refinement,force_eff_rho_no_inner,production_2M,2000000,completed,24339162,20260701_091323_471269_job24339162,snellius_next_mem216,algorithm_data_ordered/2d/boundary_singularity/p1/production_2M/adaptive_force_effective_rho_no_inner_refinement,inner_history.csv,completed,3,0,,5,5,9,8,8,78,0.0453069,0.284266,,,,,,0,,1,0.0292686,1,computed_required,2.44444,1.00391,2.43491,0.00123722,0.0351741,0.0030243100000000001,0.054993726914985497,0.0012420599999999999,0.035242871619662323,-0.39435745003690781,0.39435745003690781,10,-0.35315959790043128,0.35315959790043128,10,-0.70631919580086255,0.70631919580086255,10,0.00032818000000000002,0.018115699999999998,3.8397900000000002e-06,0.0019595400000000001,0.00164123,0.040512100000000002,3.8397900000000002e-06,0.0019595400000000001,9.6013300000000004e-35,9.7986400000000001e-18,1.31279e-33,3.6232399999999998e-17,3.62324e-17,199980813663937.03,3.999227190399663e+28,5.0004797044204251e-15,2.5004830993361615e-29,1,5.0004797044204251e-15,1.8490257917674554e-14,3.418910930024819e-28,1,1,not_skipped,success,1,2.6501599999999998e-06,0.0016279300000000001,0.8307715075987222,0.69018357774774131,,,,,,,,,,,,,,,,,,,,,,,,
inner,2d,boundary_singularity,p1,1,adaptive_force_effective_rho_no_inner_refinement,force_eff_rho_no_inner,production_2M,2000000,completed,24339162,20260701_091323_471269_job24339162,snellius_next_mem216,algorithm_data_ordered/2d/boundary_singularity/p1/production_2M/adaptive_force_effective_rho_no_inner_refinement,inner_history.csv,completed,4,0,,9,9,16,16,16,129,0.045966,0.359883,,,,,,0,,1,0.0293782,1,computed_required,2.44444,1.00394,2.43484,0.00121082,0.034796899999999999,0.0029597899999999999,0.054403952062327239,0.0012156000000000001,0.034865455683240398,-0.39435745003690781,0.39435745003690781,10,-0.35315959790043128,0.35315959790043128,10,-0.70631919580086255,0.70631919580086255,10,0.00034143500000000001,0.018478000000000001,3.7225599999999999e-06,0.00192939,0.0015972200000000001,0.039965199999999999,3.7111100000000002e-06,0.00192643,1.14432e-08,0.00010697299999999999,4.0065199999999999e-33,6.3297100000000005e-17,6.32971e-17,18.008562908397447,324.30701202460853,0.055529139392555139,0.0030834979291909964,0.99846583635242225,0.055443948605517802,3.2806793857125827e-14,1.0762808389925213e-27,1,1,not_skipped,success,1,3.0745399999999998e-06,0.00175344,0.90880537371915471,0.82592087165821371,,,,,,,,,,,,,,,,,,,,,,,,
inner,2d,boundary_singularity,p1,1,adaptive_force_effective_rho_no_inner_refinement,force_eff_rho_no_inner,production_2M,2000000,completed,24339162,20260701_091323_471269_job24339162,snellius_next_mem216,algorithm_data_ordered/2d/boundary_singularity/p1/production_2M/adaptive_force_effective_rho_no_inner_refinement,inner_history.csv,completed,5,0,,16,16,22,30,30,225,0.0505844,0.443729,,,,,,0,,1,0.0463092,1,computed_required,2.44444,1.00933,2.42185,0.0010688099999999999,0.032692600000000002,0.0026126399999999998,0.051113990257071494,0.0010787800000000001,0.032844786496489822,-0.39435745003690781,0.39435745003690781,10,-0.35315959790043128,0.35315959790043128,10,-0.70631919580086255,0.70631919580086255,10,0.00038119199999999998,0.019524099999999999,7.2329599999999998e-06,0.0026894200000000001,0.00137441,0.037073099999999998,6.0203900000000001e-06,0.0024536499999999999,1.2125700000000001e-06,0.0011011700000000001,9.8582300000000006e-33,9.92886e-17,9.92886e-17,2.2282208923236193,4.9649834648721312,0.44878853952275183,0.20141053984874735,0.91233425794409195,0.40944515917930263,3.6918220285414698e-14,1.3629592863779146e-27,1,1,not_skipped,success,1,4.9455399999999997e-06,0.0022238599999999998,0.82689204363766156,0.68375049772154139,,,,,,,,,,,,,,,,,,,,,,,,
inner,2d,boundary_singularity,p1,1,adaptive_force_effective_rho_no_inner_refinement,force_eff_rho_no_inner,production_2M,2000000,completed,24339162,20260701_091323_471269_job24339162,snellius_next_mem216,algorithm_data_ordered/2d/boundary_singularity/p1/production_2M/adaptive_force_effective_rho_no_inner_refinement,inner_history.csv,completed,6,0,,22,22,40,42,42,315,0.0589675,0.534087,,,,,,0,,1,0.046919,1,computed_required,2.44444,1.00956,2.42129,0.0010422599999999999,0.032284,0.0025477299999999998,0.050475043338267675,0.00105222,0.032437940748450723,-0.39435745003690781,0.39435745003690781,10,-0.35315959790043128,0.35315959790043128,10,-0.70631919580086255,0.70631919580086255,10,0.00038915599999999999,0.019727000000000001,7.1009400000000003e-06,0.00266476,0.00133252,0.0365037,5.7874200000000004e-06,0.0024057100000000001,1.3135199999999999e-06,0.00114609,2.0839800000000001e-32,1.4435999999999999e-16,1.4436e-16,2.0990585381601794,4.4060387356111823,0.47640405535164254,0.22696123661320586,0.90278674252090252,0.43009126525465707,5.4173734219967276e-14,2.9347945483274046e-27,1,1,not_skipped,success,1,4.8659299999999998e-06,0.0022058799999999999,0.82779687476545727,0.68525153007911621,,,,,,,,,,,,,,,,,,,,,,,,
inner,2d,boundary_singularity,p1,1,adaptive_force_effective_rho_no_inner_refinement,force_eff_rho_no_inner,production_2M,2000000,completed,24339162,20260701_091323_471269_job24339162,snellius_next_mem216,algorithm_data_ordered/2d/boundary_singularity/p1/production_2M/adaptive_force_effective_rho_no_inner_refinement,inner_history.csv,completed,7,0,,40,40,63,78,78,579,0.0706981,0.640323,,,,,,0,,1,0.0783164,1,computed_required,2.44444,1.02447,2.38605,0.00078645400000000002,0.028043800000000001,0.0019224400000000001,0.043845638323555057,0.00080570100000000003,0.02838487273179149,-0.39435745003690781,0.39435745003690781,10,-0.35315959790043128,0.35315959790043128,10,-0.70631919580086255,0.70631919580086255,10,0.00041509400000000002,0.0203739,1.1634000000000001e-05,0.0034108699999999999,0.00095150300000000003,0.0308464,1.1629400000000001e-05,0.00341019,4.64209e-09,6.8132899999999999e-05,1.6374e-31,4.0464699999999998e-16,4.04647e-16,50.052030663600114,2505.2077835630075,0.019979209369565917,0.00039916848676629918,0.99980063737404246,0.019975226261921445,1.1863454192038982e-13,1.4074265085095409e-26,1,1,not_skipped,success,1,1.0374799999999999e-05,0.0032209999999999999,0.944333850307986,0.89176551487020794,,,,,,,,,,,,,,,,,,,,,,,,
inner,2d,boundary_singularity,p1,1,adaptive_force_effective_rho_no_inner_refinement,force_eff_rho_no_inner,production_2M,2000000,completed,24339162,20260701_091323_471269_job24339162,snellius_next_mem216,algorithm_data_ordered/2d/boundary_singularity/p1/production_2M/adaptive_force_effective_rho_no_inner_refinement,inner_history.csv,completed,8,0,,63,63,97,124,124,894,0.0727992,0.753831,,,,,,0,,1,0.0882002,1,computed_required,2.44444,1.03026,2.37264,0.00068227499999999998,0.026120399999999998,0.00166778,0.040838462262920726,0.00070292399999999995,0.026512713931244384,-0.39435745003690781,0.39435745003690781,10,-0.35315959790043128,0.35315959790043128,10,-0.70631919580086255,0.70631919580086255,10,0.00039847400000000001,0.019961799999999998,1.1688800000000001e-05,0.0034188899999999999,0.00080840899999999995,0.028432499999999999,1.0083e-05,0.0031753800000000002,1.6058200000000001e-06,0.00126721,3.2205900000000001e-31,5.6750199999999999e-16,5.67502e-16,2.5058040892985378,6.2790350101505767,0.39907349671535369,0.15926014083110188,0.92877512876986401,0.3706495383004425,1.6599013129992483e-13,2.7552785572513856e-26,1,1,not_skipped,success,1,9.0970499999999996e-06,0.0030161300000000001,0.88219568339431809,0.77827065224830594,,,,,,,,,,,,,,,,,,,,,,,,
inner,2d,boundary_singularity,p1,1,adaptive_force_effective_rho_no_inner_refinement,force_eff_rho_no_inner,production_2M,2000000,completed,24339162,20260701_091323_471269_job24339162,snellius_next_mem216,algorithm_data_ordered/2d/boundary_singularity/p1/production_2M/adaptive_force_effective_rho_no_inner_refinement,inner_history.csv,completed,9,0,,97,97,133,192,192,1308,0.0880783,0.882604,,,,,,0,,1,0.174169,1,computed_required,2.44444,1.09708,2.22814,0.00042099100000000001,0.020518100000000001,0.0010290900000000001,0.032079432663312486,0.00046186000000000003,0.021490928318711595,-0.39435745003690781,0.39435745003690781,10,-0.35315959790043128,0.35315959790043128,10,-0.70631919580086255,0.70631919580086255,10,0.00030004599999999999,0.017321799999999998,2.08429e-05,0.0045653999999999998,0.000474745,0.021788600000000002,1.24883e-05,0.0035338800000000001,8.3545400000000005e-06,0.0028904199999999999,8.9958799999999997e-31,9.4846599999999994e-16,9.48466e-16,1.2226181662180584,1.4947920531830596,0.81791685060047303,0.66898937405411463,0.77405703771849133,0.63311429447584,2.077509090112586e-13,4.3160404742142404e-26,1,1,not_skipped,success,1,1.0779500000000001e-05,0.0032832199999999999,0.71915275769921583,0.51717851162746076,,,,,,,,,,,,,,,,,,,,,,,,
inner,2d,boundary_singularity,p1,1,adaptive_force_effective_rho_no_inner_refinement,force_eff_rho_no_inner,production_2M,2000000,completed,24339162,20260701_091323_471269_job24339162,snellius_next_mem216,algorithm_data_ordered/2d/boundary_singularity/p1/production_2M/adaptive_force_effective_rho_no_inner_refinement,inner_history.csv,completed,10,0,,133,133,173,264,264,1782,0.102419,1.02992,,,,,,0,,1,0.163489,1,computed_required,2.44444,1.08745,2.24788,0.00036245899999999998,0.0190384,0.00088601200000000004,0.029765953705534115,0.00039415499999999998,0.019853337250951033,-0.39435745003690781,0.39435745003690781,10,-0.35315959790043128,0.35315959790043128,10,-0.70631919580086255,0.70631919580086255,10,0.00027555499999999997,0.016599800000000001,1.4964600000000001e-05,0.0038684100000000001,0.00040108400000000001,0.020027099999999999,1.06148e-05,0.0032580399999999998,4.3498100000000001e-06,0.0020856199999999998,1.59264e-30,1.262e-15,1.262e-15,1.5621445900979085,2.4402904954469276,0.64014560901646389,0.40978727813995552,0.84221682810250198,0.53914140434959057,3.2623222460907712e-13,1.0642716811675554e-25,1,1,not_skipped,success,1,9.9939200000000007e-06,0.00316132,0.81721430768713754,0.66783742966734827,,,,,,,,,,,,,,,,,,,,,,,,
inner,2d,boundary_singularity,p1,1,adaptive_force_effective_rho_no_inner_refinement,force_eff_rho_no_inner,production_2M,2000000,completed,24339162,20260701_091323_471269_job24339162,snellius_next_mem216,algorithm_data_ordered/2d/boundary_singularity/p1/production_2M/adaptive_force_effective_rho_no_inner_refinement,inner_history.csv,completed,11,0,,173,173,248,344,344,2349,0.14274,1.22407,,,,,,0,,1,0.147577,1,computed_required,2.44444,1.07371,2.27663,0.00034390100000000003,0.018544600000000001,0.00084064700000000003,0.028993913154315685,0.00036925100000000002,0.019215904870705413,-0.39435745003690781,0.39435745003690781,10,-0.35315959790043128,0.35315959790043128,10,-0.70631919580086255,0.70631919580086255,10,0.000266061,0.0163114,1.15325e-05,0.00339595,0.00037849699999999999,0.019455,1.0343199999999999e-05,0.00321609,1.1892500000000001e-06,0.0010905299999999999,2.3241000000000001e-30,1.5245e-15,1.5245e-15,2.9491073147918905,8.6972461635484546,0.33908565991623368,0.11497892335060718,0.94703691161530645,0.32112663614010806,4.4891709241891075e-13,2.0152612182961197e-25,1,1,not_skipped,success,1,9.1570299999999993e-06,0.0030260600000000001,0.89107907949174758,0.79401951008020799,,,,,,,,,,,,,,,,,,,,,,,,
inner,2d,boundary_singularity,p1,1,adaptive_force_effective_rho_no_inner_refinement,force_eff_rho_no_inner,production_2M,2000000,completed,24339162,20260701_091323_471269_job24339162,snellius_next_mem216,algorithm_data_ordered/2d/boundary_singularity/p1/production_2M/adaptive_force_effective_rho_no_inner_refinement,inner_history.csv,completed,12,0,,248,248,372,494,494,3399,0.179279,1.46936,,,,,,0,,1,0.12628,1,computed_required,2.44444,1.0566,2.31349,0.000321434,0.017928599999999999,0.00078572899999999998,0.028030857996144177,0.00033962899999999998,0.01842902601875639,-0.39435745003690781,0.39435745003690781,10,-0.35315959790043128,0.35315959790043128,10,-0.70631919580086255,0.70631919580086255,10,0.00025570600000000002,0.015990799999999999,7.7981599999999999e-06,0.0027925200000000002,0.00035064699999999999,0.018725599999999998,7.5798599999999998e-06,0.0027531600000000002,2.1829799999999999e-07,0.00046722300000000001,3.3345199999999998e-30,1.8260700000000001e-15,1.82607e-15,5.8926037459628491,34.722535249979387,0.16970426709671796,0.028799740364597762,0.9859052039018521,0.16731232005500407,6.5391474367238194e-13,4.2760343465638049e-25,1,1,not_skipped,success,1,6.9233799999999999e-06,0.00263123,0.94224213255410882,0.88782225550642713,,,,,,,,,,,,,,,,,,,,,,,,
inner,2d,boundary_singularity,p1,1,adaptive_force_effective_rho_no_inner_refinement,force_eff_rho_no_inner,production_2M,2000000,completed,24339162,20260701_091323_471269_job24339162,snellius_next_mem216,algorithm_data_ordered/2d/boundary_singularity/p1/production_2M/adaptive_force_effective_rho_no_inner_refinement,inner_history.csv,completed,13,0,,372,372,569,742,742,4938,0.22946,1.7725,,,,,,0,,1,0.18036,1,computed_required,2.44444,1.10281,2.21657,0.00025534800000000002,0.0159796,0.00062418499999999997,0.024983694682732576,0.000281599,0.016780911774990057,-0.39435745003690781,0.39435745003690781,10,-0.35315959790043128,0.35315959790043128,10,-0.70631919580086255,0.70631919580086255,10,0.00021255100000000001,0.014579099999999999,1.1314e-05,0.0033636299999999998,0.000274369,0.016564099999999998,7.6149700000000004e-06,0.0027595200000000001,3.6990399999999999e-06,0.00192329,5.1028699999999997e-30,2.2589500000000002e-15,2.25895e-15,1.4347914251100979,2.0586341320991393,0.69696541427494629,0.48575897212989672,0.82039938994479189,0.57179000068378516,6.71581000288379e-13,4.5102262683401091e-25,1,1,not_skipped,success,1,6.9197799999999997e-06,0.0026305500000000002,0.78205688497248516,0.61161216192328083,,,,,,,,,,,,,,,,,,,,,,,,
inner,2d,boundary_singularity,p1,1,adaptive_force_effective_rho_no_inner_refinement,force_eff_rho_no_inner,production_2M,2000000,completed,24339162,20260701_091323_471269_job24339162,snellius_next_mem216,algorithm_data_ordered/2d/boundary_singularity/p1/production_2M/adaptive_force_effective_rho_no_inner_refinement,inner_history.csv,completed,14,0,,569,569,700,1136,1136,7329,0.350892,2.22132,,,,,,0,,1,0.384338,1,computed_required,2.44444,1.3366,1.82886,0.000128252,0.011324799999999999,0.000313505,0.017706072404686479,0.000171421,0.013092784272262336,-0.39435745003690781,0.39435745003690781,10,-0.35315959790043128,0.35315959790043128,10,-0.70631919580086255,0.70631919580086255,10,0.000112658,0.010614,2.1890199999999999e-05,0.0046787,0.00013518300000000001,0.0116268,6.7901399999999998e-06,0.0026057900000000002,1.51001e-05,0.00388588,9.4005900000000004e-30,3.06604e-15,3.06604e-15,0.67057912236095818,0.44967516771412108,1.4912483354376216,2.2238274910384765,0.55694744266569773,0.8305469468014619,6.553187851326223e-13,4.294428557071201e-25,1,1,not_skipped,success,1,6.7791500000000001e-06,0.0026036800000000001,0.55649646269262831,0.30968881051794866,,,,,,,,,,,,,,,,,,,,,,,,
inner,2d,boundary_singularity,p1,1,adaptive_force_effective_rho_no_inner_refinement,force_eff_rho_no_inner,production_2M,2000000,completed,24339162,20260701_091323_471269_job24339162,snellius_next_mem216,algorithm_data_ordered/2d/boundary_singularity/p1/production_2M/adaptive_force_effective_rho_no_inner_refinement,inner_history.csv,completed,15,0,,700,700,920,1398,1398,8976,0.417774,2.74177,,,,,,0,,1,0.234039,1,computed_required,2.44444,1.15643,2.11378,0.000112243,0.0105945,0.00027437199999999999,0.01656417821686304,0.000129801,0.011393024181489303,-0.39435745003690781,0.39435745003690781,10,-0.35315959790043128,0.35315959790043128,10,-0.70631919580086255,0.70631919580086255,10,9.9651199999999999e-05,0.0099825399999999998,7.4280800000000004e-06,0.0027254499999999999,0.00011783899999999999,0.010855399999999999,6.3095100000000002e-06,0.0025118699999999998,1.11857e-06,0.00105762,1.2369199999999999e-29,3.5169799999999998e-15,3.51698e-15,2.3750212741816528,5.6406930277050167,0.4210488600126599,0.17728318046884781,0.92163495936450857,0.38805334898824051,1.290421765213084e-12,1.6651947744235385e-24,1,1,not_skipped,success,1,5.5733599999999996e-06,0.0023608000000000001,0.86620558072978782,0.75030963586821886,,,,,,,,,,,,,,,,,,,,,,,,
inner,2d,boundary_singularity,p1,1,adaptive_force_effective_rho_no_inner_refinement,force_eff_rho_no_inner,production_2M,2000000,completed,24339162,20260701_091323_471269_job24339162,snellius_next_mem216,algorithm_data_ordered/2d/boundary_singularity/p1/production_2M/adaptive_force_effective_rho_no_inner_refinement,inner_history.csv,completed,16,0,,920,920,1340,1838,1838,11832,0.535659,3.41768,,,,,,0,,1,0.185732,1,computed_required,2.44444,1.10786,2.20646,0.000106943,0.010341299999999999,0.00026141599999999999,0.01616836417204907,0.000118478,0.010884759988166941,-0.39435745003690781,0.39435745003690781,10,-0.35315959790043128,0.35315959790043128,10,-0.70631919580086255,0.70631919580086255,10,9.6615599999999997e-05,0.0098293200000000008,4.4467699999999999e-06,0.00210874,0.000111533,0.0105609,3.5774799999999999e-06,0.00189142,8.6929100000000005e-07,0.00093235799999999999,1.7166300000000001e-29,4.1432300000000001e-15,4.14323e-15,2.0286413587913654,4.1153997913241938,0.49294075350794642,0.24298975815378424,0.89694319830799429,0.44213985602777012,1.9647894003053959e-12,3.8603975469835408e-24,1,1,not_skipped,success,1,3.3429300000000002e-06,0.00182837,0.86704382711951211,0.75176588849884307,,,,,,,,,,,,,,,,,,,,,,,,
inner,2d,boundary_singularity,p1,1,adaptive_force_effective_rho_no_inner_refinement,force_eff_rho_no_inner,production_2M,2000000,completed,24339162,20260701_091323_471269_job24339162,snellius_next_mem216,algorithm_data_ordered/2d/boundary_singularity/p1/production_2M/adaptive_force_effective_rho_no_inner_refinement,inner_history.csv,completed,17,0,,1340,1340,2030,2678,2678,17154,0.853285,4.46641,,,,,,0,,1,0.191863,1,computed_required,2.44444,1.11371,2.19486,9.4001999999999999e-05,0.0096954599999999995,0.00022978300000000001,0.015158594921693766,0.000104691,0.01023186200063312,-0.39435745003690781,0.39435745003690781,10,-0.35315959790043128,0.35315959790043128,10,-0.70631919580086255,0.70631919580086255,10,8.6912100000000004e-05,0.0093226699999999999,4.0055900000000004e-06,0.0020014,9.7152999999999996e-05,0.00985662,3.0987999999999999e-06,0.00176034,9.0679699999999996e-07,0.000952259,2.3899399999999999e-29,4.8886999999999999e-15,4.8887e-15,1.8485937124248759,3.4173028803580072,0.54095174795778089,0.29262843681425066,0.87955431198161294,0.47579644249025682,2.4426401518936744e-12,5.9665117997598347e-24,1,1,not_skipped,success,1,2.84057e-06,0.0016854000000000001,0.8421105226341562,0.70915146083348513,,,,,,,,,,,,,,,,,,,,,,,,
inner,2d,boundary_singularity,p1,1,adaptive_force_effective_rho_no_inner_refinement,force_eff_rho_no_inner,production_2M,2000000,completed,24339162,20260701_091323_471269_job24339162,snellius_next_mem216,algorithm_data_ordered/2d/boundary_singularity/p1/production_2M/adaptive_force_effective_rho_no_inner_refinement,inner_history.csv,completed,18,0,,2030,2030,2758,4058,4058,25698,1.20336,5.95599,,,,,,0,,1,0.331587,1,computed_required,2.44444,1.26894,1.92636,6.1356099999999993e-05,0.0078330099999999996,0.000149982,0.012246713844946326,7.7857399999999998e-05,0.0088236840378608291,-0.39435745003690781,0.39435745003690781,10,-0.35315959790043128,0.35315959790043128,10,-0.70631919580086255,0.70631919580086255,10,5.6836699999999997e-05,0.0075390099999999996,7.4646700000000003e-06,0.00273215,6.3364700000000007e-05,0.0079602000000000006,2.6445599999999998e-06,0.0016262099999999999,4.8201099999999997e-06,0.0021954700000000001,3.5899000000000002e-29,5.9915800000000002e-15,5.99158e-15,0.74071155606772121,0.54865137932536812,1.3500531911622733,1.8226510270139455,0.59521256153578683,0.8035686181212599,2.1929908679977308e-12,4.8091878140627781e-24,1,1,not_skipped,success,1,2.4773500000000001e-06,0.0015739599999999999,0.57608842852698416,0.33187669381231855,,,,,,,,,,,,,,,,,,,,,,,,
inner,2d,boundary_singularity,p1,1,adaptive_force_effective_rho_no_inner_refinement,force_eff_rho_no_inner,production_2M,2000000,completed,24339162,20260701_091323_471269_job24339162,snellius_next_mem216,algorithm_data_ordered/2d/boundary_singularity/p1/production_2M/adaptive_force_effective_rho_no_inner_refinement,inner_history.csv,completed,19,0,,2758,2758,3466,5514,5514,34440,1.54437,7.85663,,,,,,0,,1,0.500869,1,computed_required,2.44444,1.5013,1.62821,3.9314899999999999e-05,0.0062701600000000003,9.6102999999999998e-05,0.0098032137587629898,5.9023600000000002e-05,0.0076826818234259839,-0.39435745003690781,0.39435745003690781,10,-0.35315959790043128,0.35315959790043128,10,-0.70631919580086255,0.70631919580086255,10,3.6136100000000001e-05,0.0060113299999999996,1.0659000000000001e-05,0.0032648099999999999,4.07277e-05,0.0063818199999999999,2.3411299999999999e-06,0.0015300800000000001,8.3178500000000003e-06,0.0028840699999999999,4.8127699999999999e-29,6.9374199999999998e-15,6.93742e-15,0.53052803850114605,0.28145854998587372,1.8849145142737633,3.5529210253168344,0.46865820675628905,0.88338065614844352,2.1249077281679486e-12,4.5152171873534098e-24,1,1,not_skipped,success,1,2.2528400000000001e-06,0.00150095,0.45973578860638142,0.21135566188197766,,,,,,,,,,,,,,,,,,,,,,,,
inner,2d,boundary_singularity,p1,1,adaptive_force_effective_rho_no_inner_refinement,force_eff_rho_no_inner,production_2M,2000000,completed,24339162,20260701_091323_471269_job24339162,snellius_next_mem216,algorithm_data_ordered/2d/boundary_singularity/p1/production_2M/adaptive_force_effective_rho_no_inner_refinement,inner_history.csv,completed,20,0,,3466,3466,4982,6930,6930,43299,1.96105,10.2247,,,,,,0,,1,0.226568,1,computed_required,2.44444,1.14857,2.12824,3.90005e-05,0.0062450300000000004,9.5334400000000007e-05,0.0097639336335311085,4.47949e-05,0.0066928992223101638,-0.39435745003690781,0.39435745003690781,10,-0.35315959790043128,0.35315959790043128,10,-0.70631919580086255,0.70631919580086255,10,3.6450499999999999e-05,0.0060374199999999999,2.2499700000000001e-06,0.0014999900000000001,4.0133799999999999e-05,0.0063351199999999996,1.81362e-06,0.0013467100000000001,4.3634800000000001e-07,0.00066056600000000002,5.4457899999999997e-29,7.3795599999999996e-15,7.37956e-15,2.0387213389729415,4.1563614362847998,0.49050352340147468,0.24059505298794676,0.89781265208434724,0.44038026920179468,4.9197394649297658e-12,2.4203833828895493e-23,1,1,not_skipped,success,1,1.6599899999999999e-06,0.00128841,0.85894572630484201,0.73778317044227248,,,,,,,,,,,,,,,,,,,,,,,,
inner,2d,boundary_singularity,p1,1,adaptive_force_effective_rho_no_inner_refinement,force_eff_rho_no_inner,production_2M,2000000,completed,24339162,20260701_091323_471269_job24339162,snellius_next_mem216,algorithm_data_ordered/2d/boundary_singularity/p1/production_2M/adaptive_force_effective_rho_no_inner_refinement,inner_history.csv,completed,21,0,,4982,4982,7723,9962,9962,62694,3.2022,14.1033,,,,,,0,,1,0.214762,1,computed_required,2.44444,1.1364,2.15104,3.6187799999999999e-05,0.0060156300000000001,8.8459099999999995e-05,0.009405269799426276,4.1123900000000001e-05,0.0064127919036875043,-0.39435745003690781,0.39435745003690781,10,-0.35315959790043128,0.35315959790043128,10,-0.70631919580086255,0.70631919580086255,10,3.4437000000000002e-05,0.0058683099999999998,1.8271400000000001e-06,0.00135172,3.6965999999999998e-05,0.0060799599999999997,1.5373099999999999e-06,0.0012398800000000001,2.8982799999999999e-07,0.00053835600000000003,7.4852500000000001e-29,8.6517300000000007e-15,8.65173e-15,2.3030856905096257,5.3042149136729373,0.4342000838790851,0.18852931419167246,0.91726097120705474,0.39827479063711418,6.4005341342881663e-12,4.0967030441017105e-23,1,1,not_skipped,success,1,1.40538e-06,0.00118549,0.87702334803065718,0.76916930284488327,,,,,,,,,,,,,,,,,,,,,,,,
inner,2d,boundary_singularity,p1,1,adaptive_force_effective_rho_no_inner_refinement,force_eff_rho_no_inner,production_2M,2000000,completed,24339162,20260701_091323_471269_job24339162,snellius_next_mem216,algorithm_data_ordered/2d/boundary_singularity/p1/production_2M/adaptive_force_effective_rho_no_inner_refinement,inner_history.csv,completed,22,0,,7723,7723,10614,15456,15456,96450,4.55434,19.7562,,,,,,0,,1,0.28703,1,computed_required,2.44444,1.21539,2.01124,2.7642200000000001e-05,0.0052575900000000004,6.7569899999999998e-05,0.0082200912403695373,3.3596200000000002e-05,0.0057962229080669421,-0.39435745003690781,0.39435745003690781,10,-0.35315959790043128,0.35315959790043128,10,-0.70631919580086255,0.70631919580086255,10,2.6602400000000001e-05,0.00515775,2.4156499999999999e-06,0.0015542399999999999,2.8104400000000001e-05,0.0053013599999999998,1.2696600000000001e-06,0.0011267899999999999,1.14598e-06,0.00107051,1.01871e-28,1.00931e-14,1.00931e-14,1.0525730726476166,1.1079250946787902,0.95005280487047283,0.90258809445048271,0.7249781243565987,0.68876750051472102,6.4939134239242335e-12,4.2171258253472148e-23,1,1,not_skipped,success,1,1.17592e-06,0.0010843999999999999,0.69770434424541894,0.48679237472315939,,,,,,,,,,,,,,,,,,,,,,,,
inner,2d,boundary_singularity,p1,1,adaptive_force_effective_rho_no_inner_refinement,force_eff_rho_no_inner,production_2M,2000000,completed,24339162,20260701_091323_471269_job24339162,snellius_next_mem216,algorithm_data_ordered/2d/boundary_singularity/p1/production_2M/adaptive_force_effective_rho_no_inner_refinement,inner_history.csv,completed,23,0,,10614,10614,14843,21318,21318,132468,6.36871,27.5038,,,,,,0,,1,0.388038,1,computed_required,2.44444,1.34151,1.82216,2.0535800000000001e-05,0.00453164,5.0198599999999997e-05,0.0070850970353270393,2.75489e-05,0.005248704602089929,-0.39435745003690781,0.39435745003690781,10,-0.35315959790043128,0.35315959790043128,10,-0.70631919580086255,0.70631919580086255,10,1.9612199999999998e-05,0.0044285699999999997,3.2684700000000002e-06,0.0018078899999999999,2.0946199999999999e-05,0.0045767100000000003,9.8015499999999998e-07,0.000990028,2.2883199999999999e-06,0.00151272,1.31499e-28,1.1467300000000001e-14,1.14673e-14,0.65446877148447835,0.42832951685079013,1.5279567850606246,2.3346511521136963,0.54761517570206153,0.83673232331613101,6.3429190935289209e-12,4.023258588881036e-23,1,1,not_skipped,success,1,9.2559100000000005e-07,0.00096207599999999997,0.53215405804556692,0.28318785242024558,,,,,,,,,,,,,,,,,,,,,,,,
inner,2d,boundary_singularity,p1,1,adaptive_force_effective_rho_no_inner_refinement,force_eff_rho_no_inner,production_2M,2000000,completed,24339162,20260701_091323_471269_job24339162,snellius_next_mem216,algorithm_data_ordered/2d/boundary_singularity/p1/production_2M/adaptive_force_effective_rho_no_inner_refinement,inner_history.csv,completed,24,0,,14843,14843,20190,29868,29868,186126,8.73831,38.217,,,,,,0,,1,0.477073,1,computed_required,2.44444,1.466,1.66742,1.5719700000000001e-05,0.00396481,3.8425900000000001e-05,0.0061988627989333659,2.3045100000000001e-05,0.0048005312206046528,-0.39435745003690781,0.39435745003690781,10,-0.35315959790043128,0.35315959790043128,10,-0.70631919580086255,0.70631919580086255,10,1.4830900000000001e-05,0.0038510900000000002,3.7896699999999999e-06,0.0019467099999999999,1.61147e-05,0.0040143100000000001,7.9735399999999998e-07,0.00089294699999999995,2.99231e-06,0.0017298299999999999,1.57743e-28,1.25596e-14,1.25596e-14,0.51620506061289262,0.26646771223569748,1.9372146387187594,3.7527998856216938,0.45869543999876716,0.88859152107915407,6.4517056983320583e-12,4.162446862127837e-23,1,1,not_skipped,success,1,7.6253900000000002e-07,0.00087323499999999998,0.44856963800463345,0.20121514538205174,,,,,,,,,,,,,,,,,,,,,,,,
inner,2d,boundary_singularity,p1,1,adaptive_force_effective_rho_no_inner_refinement,force_eff_rho_no_inner,production_2M,2000000,completed,24339162,20260701_091323_471269_job24339162,snellius_next_mem216,algorithm_data_ordered/2d/boundary_singularity/p1/production_2M/adaptive_force_effective_rho_no_inner_refinement,inner_history.csv,completed,25,0,,20190,20190,25666,41256,41256,255282,13.1363,54.0202,,,,,,0,,1,0.625055,1,computed_required,2.44444,1.69936,1.43845,1.0484300000000001e-05,0.0032379499999999999,2.56283e-05,0.0050624401231026918,1.7816600000000002e-05,0.0042209714521659588,-0.39435745003690781,0.39435745003690781,10,-0.35315959790043128,0.35315959790043128,10,-0.70631919580086255,0.70631919580086255,10,9.7548899999999997e-06,0.00312328,4.3212899999999998e-06,0.0020787700000000002,1.08085e-05,0.0032876200000000002,6.9684699999999997e-07,0.00083477300000000003,3.6244399999999998e-06,0.0019038,1.9105599999999999e-28,1.3822300000000001e-14,1.38223e-14,0.43847725601428722,0.19226335654611471,2.2806200008864685,5.2011991154442798,0.4015706403305801,0.91583003410670727,6.6492685578491124e-12,4.4212723515431735e-23,1,1,not_skipped,success,1,6.6642400000000001e-07,0.00081634800000000005,0.39270722590762808,0.15421876337852819,,,,,,,,,,,,,,,,,,,,,,,,
inner,2d,boundary_singularity,p1,1,adaptive_force_effective_rho_no_inner_refinement,force_eff_rho_no_inner,production_2M,2000000,completed,24339162,20260701_091323_471269_job24339162,snellius_next_mem216,algorithm_data_ordered/2d/boundary_singularity/p1/production_2M/adaptive_force_effective_rho_no_inner_refinement,inner_history.csv,completed,26,0,,25666,25666,33599,52398,52398,323655,16.6487,73.8389,,,,,,0,,1,0.63916,1,computed_required,2.44444,1.72334,1.41844,8.7631200000000006e-06,0.0029602600000000001,2.1421e-05,0.0046282826188555077,1.51018e-05,0.0038861034468989628,-0.39435745003690781,0.39435745003690781,10,-0.35315959790043128,0.35315959790043128,10,-0.70631919580086255,0.70631919580086255,10,8.2410400000000006e-06,0.0028707200000000002,3.74432e-06,0.00193502,8.9951600000000005e-06,0.0029991900000000001,6.1278700000000005e-07,0.00078280699999999995,3.13153e-06,0.00176961,2.3109499999999998e-28,1.5201799999999999e-14,1.52018e-14,0.44236131124937128,0.19568294092663971,2.2605955235453949,5.1103074967321431,0.40454723982181062,0.91451767940383044,7.856146189703465e-12,6.1718816767797623e-23,1,1,not_skipped,success,1,5.8510000000000002e-07,0.00076491799999999996,0.39530237413566782,0.15626335355952484,,,,,,,,,,,,,,,,,,,,,,,,
inner,2d,boundary_singularity,p1,1,adaptive_force_effective_rho_no_inner_refinement,force_eff_rho_no_inner,production_2M,2000000,completed,24339162,20260701_091323_471269_job24339162,snellius_next_mem216,algorithm_data_ordered/2d/boundary_singularity/p1/production_2M/adaptive_force_effective_rho_no_inner_refinement,inner_history.csv,completed,27,0,,33599,33599,43944,68596,68596,423678,23.5413,102.086,,,,,,0,,1,0.688962,1,computed_required,2.44444,1.81045,1.35019,7.1720500000000002e-06,0.0026780699999999998,1.75317e-05,0.0041870872930952849,1.2984599999999999e-05,0.0036034150468687337,-0.39435745003690781,0.39435745003690781,10,-0.35315959790043128,0.35315959790043128,10,-0.70631919580086255,0.70631919580086255,10,6.8139899999999996e-06,0.0026103599999999999,3.5245700000000001e-06,0.00187739,7.3311900000000004e-06,0.00270762,5.3887099999999998e-07,0.00073407799999999999,2.9857000000000001e-06,0.00172792,2.8183499999999999e-28,1.67879e-14,1.67879e-14,0.42483332561692672,0.18048397360752921,2.3538643032484288,5.5406581538067554,0.39100985943250999,0.92038415033637122,8.942148408162395e-12,7.9962945834527328e-23,1,1,not_skipped,success,1,5.2991399999999996e-07,0.00072795200000000003,0.38774681872173605,0.15034855315683898,,,,,,,,,,,,,,,,,,,,,,,,
inner,2d,boundary_singularity,p1,1,adaptive_force_effective_rho_no_inner_refinement,force_eff_rho_no_inner,production_2M,2000000,completed,24339162,20260701_091323_471269_job24339162,snellius_next_mem216,algorithm_data_ordered/2d/boundary_singularity/p1/production_2M/adaptive_force_effective_rho_no_inner_refinement,inner_history.csv,completed,28,0,,43944,43944,57341,89990,89990,554034,32.2171,140.278,,,,,,0,,1,0.664537,1,computed_required,2.44444,1.76725,1.38319,6.01569e-06,0.00245269,1.4705000000000001e-05,0.003834709897762802,1.0631200000000001e-05,0.003260552100488505,-0.39435745003690781,0.39435745003690781,10,-0.35315959790043128,0.35315959790043128,10,-0.70631919580086255,0.70631919580086255,10,5.7501500000000003e-06,0.0023979499999999998,2.7430599999999998e-06,0.0016562199999999999,6.1337100000000001e-06,0.0024766300000000001,4.74085e-07,0.00068853800000000004,2.2689699999999998e-06,0.0015063100000000001,3.4227400000000002e-28,1.85007e-14,1.85007e-14,0.45710245566981567,0.2089428242770949,2.1876933444486726,4.7859982914456261,0.41572858678194929,0.90948666239992282,1.117043629469515e-11,1.247781674480325e-22,1,1,not_skipped,success,1,5.1844800000000004e-07,0.00072003300000000002,0.43474478028281272,0.18900352161454728,,,,,,,,,,,,,,,,,,,,,,,,
inner,2d,boundary_singularity,p1,1,adaptive_force_effective_rho_no_inner_refinement,force_eff_rho_no_inner,production_2M,2000000,completed,24339162,20260701_091323_471269_job24339162,snellius_next_mem216,algorithm_data_ordered/2d/boundary_singularity/p1/production_2M/adaptive_force_effective_rho_no_inner_refinement,inner_history.csv,completed,29,0,,57341,57341,73851,118092,118092,728202,45.9207,194.546,,,,,,0,,1,0.522847,1,computed_required,2.44444,1.53466,1.59282,5.7935100000000004e-06,0.00240697,1.4161900000000001e-05,0.0037632299956287551,8.8910800000000006e-06,0.0029817914078620589,-0.39435745003690781,0.39435745003690781,10,-0.35315959790043128,0.35315959790043128,10,-0.70631919580086255,0.70631919580086255,10,5.5733599999999996e-06,0.0023608000000000001,1.64129e-06,0.0012811299999999999,5.8913599999999998e-06,0.00242721,4.0373500000000001e-07,0.00063540199999999997,1.2375499999999999e-06,0.0011124500000000001,4.2367699999999996e-28,2.0583399999999999e-14,2.05834e-14,0.57117353588925335,0.32623732374449521,1.7507813950853162,3.0652531982612352,0.49596996401614202,0.86833498552059518,1.6066597456932553e-11,2.5813658768407776e-22,1,1,not_skipped,success,1,3.79261e-07,0.00061584200000000002,0.48070219259559926,0.23107494714523333,,,,,,,,,,,,,,,,,,,,,,,,
inner,2d,boundary_singularity,p1,1,adaptive_force_effective_rho_no_inner_refinement,force_eff_rho_no_inner,production_2M,2000000,completed,24339162,20260701_091323_471269_job24339162,snellius_next_mem216,algorithm_data_ordered/2d/boundary_singularity/p1/production_2M/adaptive_force_effective_rho_no_inner_refinement,inner_history.csv,completed,30,0,,73851,73851,99969,153270,153270,945258,67.2747,273.521,,,,,,0,,1,0.503973,1,computed_required,2.44444,1.50597,1.62317,5.0199099999999999e-06,0.0022405200000000002,1.22709e-05,0.003502984441872387,7.5598400000000003e-06,0.0027495163211008586,-0.39435745003690781,0.39435745003690781,10,-0.35315959790043128,0.35315959790043128,10,-0.70631919580086255,0.70631919580086255,10,4.8129899999999996e-06,0.0021938499999999998,1.32714e-06,0.0011520199999999999,5.1118699999999997e-06,0.0022609499999999999,3.1295899999999999e-07,0.00055942700000000004,1.01418e-06,0.0010070700000000001,5.27659e-28,2.29708e-14,2.29708e-14,0.55549961770284084,0.30858328896251158,1.8001812568932141,3.2406161829504825,0.48560528463047525,0.87417753164007583,1.9939584382215588e-11,3.9759106047591061e-22,1,1,not_skipped,success,1,2.9423299999999999e-07,0.00054243200000000003,0.47085293658096222,0.22170456771704566,,,,,,,,,,,,,,,,,,,,,,,,
inner,2d,boundary_singularity,p1,1,adaptive_force_effective_rho_no_inner_refinement,force_eff_rho_no_inner,production_2M,2000000,completed,24339162,20260701_091323_471269_job24339162,snellius_next_mem216,algorithm_data_ordered/2d/boundary_singularity/p1/production_2M/adaptive_force_effective_rho_no_inner_refinement,inner_history.csv,completed,31,0,,99969,99969,135647,208784,208784,1286910,98.2123,389.201,,,,,,0,,1,0.565823,1,computed_required,2.44444,1.60199,1.52588,3.9823400000000002e-06,0.0019955799999999998,9.7346199999999996e-06,0.0031200352562110577,6.3796699999999997e-06,0.0025258008630927339,-0.39435745003690781,0.39435745003690781,10,-0.35315959790043128,0.35315959790043128,10,-0.70631919580086255,0.70631919580086255,10,3.7952300000000001e-06,0.0019481399999999999,1.3277100000000001e-06,0.00115226,4.0655100000000001e-06,0.0020163099999999999,2.5334999999999998e-07,0.000503339,1.07436e-06,0.00103651,6.3817899999999998e-28,2.5262199999999999e-14,2.52622e-14,0.48560940077760945,0.23581481067798502,2.059268206914227,4.2406157489638847,0.43682762570947531,0.8995452415253502,2.1924044920417266e-11,4.8066143962160407e-22,1,1,not_skipped,success,1,2.4411999999999999e-07,0.00049408500000000001,0.42879645218960999,0.18386545254611322,,,,,,,,,,,,,,,,,,,,,,,,
inner,2d,boundary_singularity,p1,1,adaptive_force_effective_rho_no_inner_refinement,force_eff_rho_no_inner,production_2M,2000000,completed,24339162,20260701_091323_471269_job24339162,snellius_next_mem216,algorithm_data_ordered/2d/boundary_singularity/p1/production_2M/adaptive_force_effective_rho_no_inner_refinement,inner_history.csv,completed,32,0,,135647,135647,176147,285926,285926,1759422,131.567,545.299,,,,,,0,,1,0.644969,1,computed_required,2.44444,1.7333,1.41028,3.0210700000000002e-06,0.0017381199999999999,7.3848400000000003e-06,0.0027175062097445149,5.2364200000000001e-06,0.0022883225297147254,-0.39435745003690781,0.39435745003690781,10,-0.35315959790043128,0.35315959790043128,10,-0.70631919580086255,0.70631919580086255,10,2.8587499999999999e-06,0.00169078,1.3082199999999999e-06,0.0011437800000000001,3.0932100000000002e-06,0.0017587499999999999,2.1428499999999999e-07,0.00046290900000000001,1.0939400000000001e-06,0.0010459200000000001,7.7934099999999998e-28,2.79167e-14,2.79167e-14,0.44258547498852679,0.19588368649103238,2.2594505615574554,5.1050703502345014,0.40471856475895712,0.91444158841735301,2.4407403521656261e-11,5.957262539939766e-22,1,1,not_skipped,success,1,2.18305e-07,0.00046723100000000003,0.40849726345975623,0.16687177997584504,,,,,,,,,,,,,,,,,,,,,,,,
inner,2d,boundary_singularity,p1,1,adaptive_force_effective_rho_no_inner_refinement,force_eff_rho_no_inner,production_2M,2000000,completed,24339162,20260701_091323_471269_job24339162,snellius_next_mem216,algorithm_data_ordered/2d/boundary_singularity/p1/production_2M/adaptive_force_effective_rho_no_inner_refinement,inner_history.csv,completed,33,0,,176147,176147,230662,373474,373474,2296044,191.588,769.733,,,,,,0,,1,0.758494,1,computed_required,2.44444,1.93856,1.26096,2.29687e-06,0.0015155399999999999,5.6145600000000002e-06,0.0023695062776874004,4.4526100000000002e-06,0.0021101208496197557,-0.39435745003690781,0.39435745003690781,10,-0.35315959790043128,0.35315959790043128,10,-0.70631919580086255,0.70631919580086255,10,2.17083e-06,0.00147338,1.3672e-06,0.00116927,2.3528799999999998e-06,0.0015339100000000001,1.85469e-07,0.00043066099999999999,1.18173e-06,0.0010870700000000001,9.5084700000000003e-28,3.0835800000000003e-14,3.08358e-14,0.39616676019023611,0.15694701835444644,2.5241895597697495,6.3715769212105524,0.36831612886672882,0.92969972718020655,2.6371838839617883e-11,6.9547030427150381e-22,1,1,not_skipped,success,1,1.9733300000000001e-07,0.00044422199999999998,0.37991396341306966,0.14433367466354594,,,,,,,,,,,,,,,,,,,,,,,,
inner,2d,boundary_singularity,p1,1,adaptive_force_effective_rho_no_inner_refinement,force_eff_rho_no_inner,production_2M,2000000,completed,24339162,20260701_091323_471269_job24339162,snellius_next_mem216,algorithm_data_ordered/2d/boundary_singularity/p1/production_2M/adaptive_force_effective_rho_no_inner_refinement,inner_history.csv,completed,34,0,,230662,230662,296617,490252,490252,3011691,276.951,1089.08,,,,,,0,,1,0.882854,1,computed_required,2.44444,2.18702,1.1177,1.7404000000000001e-06,0.00131924,4.2543199999999998e-06,0.0020626003005914644,3.8062999999999999e-06,0.0019509741156663253,-0.39435745003690781,0.39435745003690781,10,-0.35315959790043128,0.35315959790043128,10,-0.70631919580086255,0.70631919580086255,10,1.65177e-06,0.00128521,1.3926499999999999e-06,0.0011801100000000001,1.7798000000000001e-06,0.00133409,1.6565999999999999e-07,0.00040701399999999998,1.22699e-06,0.0011077000000000001,1.1665099999999999e-27,3.41542e-14,3.41542e-14,0.36744064277331401,0.13501332529197466,2.7215280064076426,7.4066763250030183,0.34489496741829145,0.93864131309793153,2.8941539348026878e-11,8.3761892794313005e-22,1,1,not_skipped,success,1,1.9012399999999999e-07,0.00043603199999999999,0.36948420062536541,0.13651958496391772,,,,,,,,,,,,,,,,,,,,,,,,
inner,2d,boundary_singularity,p1,1,adaptive_force_effective_rho_no_inner_refinement,force_eff_rho_no_inner,production_2M,2000000,completed,24339162,20260701_091323_471269_job24339162,snellius_next_mem216,algorithm_data_ordered/2d/boundary_singularity/p1/production_2M/adaptive_force_effective_rho_no_inner_refinement,inner_history.csv,completed,35,0,,296617,296617,368049,634774,634774,3894300,376.035,1525.49,,,,,,0,,1,0.976524,1,computed_required,2.44444,2.391,1.02235,1.33834e-06,0.0011568699999999999,3.2715100000000002e-06,0.0018087315997681911,3.1999800000000002e-06,0.0017888487918211534,-0.39435745003690781,0.39435745003690781,10,-0.35315959790043128,0.35315959790043128,10,-0.70631919580086255,0.70631919580086255,10,1.26814e-06,0.00112612,1.30695e-06,0.0011432199999999999,1.3695500000000001e-06,0.0011702800000000001,1.4892099999999999e-07,0.00038590299999999999,1.1580299999999999e-06,0.0010761200000000001,1.55463e-22,1.24685e-11,1.24685e-11,0.3586059175556629,0.12859856825816257,2.7885764039149739,7.7761363407444222,0.33755795035076364,0.94130613530204177,1.0906474694284565e-08,1.18950992769425e-16,1,1,not_skipped,success,1,1.75587e-07,0.00041903200000000001,0.36653662462168263,0.13434867439458281,,,,,,,,,,,,,,,,,,,,,,,,
inner,2d,boundary_singularity,p1,1,adaptive_force_effective_rho_no_inner_refinement,force_eff_rho_no_inner,production_2M,2000000,completed,24339162,20260701_091323_471269_job24339162,snellius_next_mem216,algorithm_data_ordered/2d/boundary_singularity/p1/production_2M/adaptive_force_effective_rho_no_inner_refinement,inner_history.csv,completed,36,0,,368049,368049,468070,793534,793534,4865520,523.757,2121.32,,,,,,0,,1,0.99217,1,computed_required,2.44444,2.42652,1.00739,1.1149300000000001e-06,0.0010559,2.7253800000000001e-06,0.001650872496590818,2.7053900000000001e-06,0.001644806979557176,-0.39435745003690781,0.39435745003690781,10,-0.35315959790043128,0.35315959790043128,10,-0.70631919580086255,0.70631919580086255,10,1.0617999999999999e-06,0.0010304400000000001,1.1210200000000001e-06,0.0010587800000000001,1.13854e-06,0.0010670199999999999,1.31217e-07,0.00036223899999999999,9.8980700000000002e-07,0.00099489099999999992,1.6880100000000001e-27,4.10854e-14,4.10854e-14,0.36409918272453967,0.13256826835938723,2.7465043797051116,7.5432832636015146,0.34212867640114092,0.93965790815844641,3.8804473072781879e-11,1.5057804499473695e-21,1,1,not_skipped,success,1,1.48655e-07,0.00038555799999999998,0.36415308184892042,0.13260691156268398,,,,,,,,,,,,,,,,,,,,,,,,
inner,2d,boundary_singularity,p1,1,adaptive_force_effective_rho_no_inner_refinement,force_eff_rho_no_inner,production_2M,2000000,completed,24339162,20260701_091323_471269_job24339162,snellius_next_mem216,algorithm_data_ordered/2d/boundary_singularity/p1/production_2M/adaptive_force_effective_rho_no_inner_refinement,inner_history.csv,completed,37,0,,468070,468070,606844,1016180,1016180,6230550,888.025,3114.41,,,,,,0,,1,1.00528,1,computed_required,2.44444,2.45658,0.995058,9.2045699999999999e-07,0.00095940399999999996,2.2500000000000001e-06,0.0015,2.2611799999999999e-06,0.0015037220487842825,-0.39435745003690781,0.39435745003690781,10,-0.35315959790043128,0.35315959790043128,10,-0.70631919580086255,0.70631919580086255,10,8.7887399999999999e-07,0.00093748300000000002,9.4874099999999999e-07,0.00097403300000000002,9.3893800000000001e-07,0.00096898800000000005,1.1513e-07,0.00033930800000000002,8.3361100000000004e-07,0.000913023,3.04615e-21,5.5191899999999997e-11,5.51919e-11,0.37163138278006141,0.13810998175407954,2.6908384122979712,7.2406062711717194,0.34835370054197345,0.93736351848448662,5.6663275268907723e-08,3.2107287447259054e-15,1,1,not_skipped,success,1,1.39591e-07,0.000373619,0.38357940644721483,0.14713288452802187,,,,,,,,,,,,,,,,,,,,,,,,
inner,2d,boundary_singularity,p1,1,adaptive_force_effective_rho_no_inner_refinement,force_eff_rho_no_inner,production_2M,2000000,completed,24339162,20260701_091323_471269_job24339162,snellius_next_mem216,algorithm_data_ordered/2d/boundary_singularity/p1/production_2M/adaptive_force_effective_rho_no_inner_refinement,inner_history.csv,completed,38,0,,606844,606844,771251,1324442,1324442,8117628,1285.49,4549.78,,,,,,0,,1,0.944137,1,computed_required,2.44444,2.31881,1.05418,7.8148899999999996e-07,0.00088401899999999999,1.91031e-06,0.001382139645621961,1.81213e-06,0.0013461537802197786,-0.39435745003690781,0.39435745003690781,10,-0.35315959790043128,0.35315959790043128,10,-0.70631919580086255,0.70631919580086255,10,7.4776800000000003e-07,0.00086473599999999996,7.1102799999999998e-07,0.00084322499999999996,7.9647599999999999e-07,0.00089245500000000001,9.8311100000000005e-08,0.000313546,6.1271700000000002e-07,0.00078276300000000001,2.5090999999999999e-27,5.00909e-14,5.00909e-14,0.40056313341330646,0.16045107284439636,2.4964853641889868,6.2324295018568607,0.37184144208248099,0.92829671795784052,5.9403955053514784e-11,3.5288343075096902e-21,1,1,not_skipped,success,1,1.2074000000000001e-07,0.00034747700000000001,0.41208099854724423,0.16981047159886814,,,,,,,,,,,,,,,,,,,,,,,,
inner,2d,boundary_singularity,p1,1,adaptive_force_effective_rho_no_inner_refinement,force_eff_rho_no_inner,production_2M,2000000,completed,24339162,20260701_091323_471269_job24339162,snellius_next_mem216,algorithm_data_ordered/2d/boundary_singularity/p1/production_2M/adaptive_force_effective_rho_no_inner_refinement,inner_history.csv,completed,39,0,,771251,771251,981799,1686210,1686210,10330842,1951.54,6703.41,,,,,,0,,1,0.921838,1,computed_required,2.44444,2.27013,1.07678,6.7441999999999997e-07,0.00082123099999999996,1.6485800000000001e-06,0.001283970404643347,1.53102e-06,0.0012373439295523293,-0.39435745003690781,0.39435745003690781,10,-0.35315959790043128,0.35315959790043128,10,-0.70631919580086255,0.70631919580086255,10,6.4566600000000003e-07,0.00080353399999999995,5.8520000000000003e-07,0.000764983,6.8719999999999996e-07,0.00082897500000000002,8.0560800000000005e-08,0.00028383199999999998,5.0463900000000002e-07,0.00071037900000000002,1.1837800000000001e-20,1.0880200000000001e-10,1.08802e-10,0.39955009931318347,0.15964045585061798,2.5028150455198852,6.2640763249620166,0.3710304673437187,0.92862063601413369,1.4222799722346771e-07,2.0228639781271361e-14,1,1,not_skipped,success,1,1.00297e-07,0.00031669700000000001,0.4139922063627558,0.17138926862611073,,,,,,,,,,,,,,,,,,,,,,,,
inner,2d,boundary_singularity,p1,1,adaptive_force_effective_rho_no_inner_refinement,force_eff_rho_no_inner,production_2M,2000000,completed,24339162,20260701_091323_471269_job24339162,snellius_next_mem216,algorithm_data_ordered/2d/boundary_singularity/p1/production_2M/adaptive_force_effective_rho_no_inner_refinement,inner_history.csv,completed,40,0,,981799,981799,1262676,2153726,2153726,13197018,2916.84,9908.39,,,,,,0,,1,0.938497,1,computed_required,2.44444,2.30642,1.05984,5.6861000000000001e-07,0.000754062,1.3899400000000001e-06,0.0011789571663126698,1.31145e-06,0.0011451855744812715,-0.39435745003690781,0.39435745003690781,10,-0.35315959790043128,0.35315959790043128,10,-0.70631919580086255,0.70631919580086255,10,5.4429499999999999e-07,0.000737763,5.1116800000000004e-07,0.00071496000000000005,5.7941699999999995e-07,0.00076119399999999998,6.8098299999999995e-08,0.00026095699999999998,4.4307000000000001e-07,0.00066563500000000003,1.8264799999999999e-21,4.2737299999999998e-11,4.27373e-11,0.39204218528172341,0.15369648136863248,2.5507459083297253,6.5063298202745159,0.36499524448920212,0.93101012644063996,5.9775791652679863e-08,3.5731501189432822e-15,1,1,not_skipped,success,1,8.4376100000000006e-08,0.00029047600000000002,0.40628286897169069,0.1650653014273194,,,,,,,,,,,,,,,,,,,,,,,,
inner,2d,boundary_singularity,p1,1,adaptive_force_effective_rho_no_inner_refinement,force_eff_rho_no_inner,production_2M,2000000,completed,24339162,20260701_091323_471269_job24339162,snellius_next_mem216,algorithm_data_ordered/2d/boundary_singularity/p1/production_2M/adaptive_force_effective_rho_no_inner_refinement,inner_history.csv,completed,41,0,,1262676,1262676,1664740,2780820,2780820,17034906,4408.05,14730.4,,,,,,0,,1,1.01177,1,computed_required,2.44444,2.4716,0.989013,4.50392e-07,0.00067111199999999997,1.1009600000000001e-06,0.0010492664104030016,1.1131899999999999e-06,0.0010550781961541997,-0.39435745003690781,0.39435745003690781,10,-0.35315959790043128,0.35315959790043128,10,-0.70631919580086255,0.70631919580086255,10,4.2980699999999998e-07,0.00065559699999999995,4.7028e-07,0.00068577000000000004,4.5954100000000003e-07,0.00067789399999999996,5.80265e-08,0.00024088700000000001,4.1225400000000001e-07,0.00064207000000000001,2.4641600000000002e-21,4.9640300000000001e-11,4.96403e-11,0.37517248898095223,0.14075424374293519,2.6654406422928592,7.1045815274055819,0.35126500138530409,0.93627601090744705,7.2386222786065298e-08,5.2397720506932044e-15,1,1,not_skipped,success,1,6.2897199999999995e-08,0.00025079300000000002,0.36571007772285169,0.13374415241983498,,,,,,,,,,,,,,,,,,,,,,,,
inner,2d,boundary_singularity,p1,1,adaptive_force_effective_rho_no_inner_refinement,force_eff_rho_no_inner,production_2M,2000000,completed,24339162,20260701_091323_471269_job24339162,snellius_next_mem216,algorithm_data_ordered/2d/boundary_singularity/p1/production_2M/adaptive_force_effective_rho_no_inner_refinement,inner_history.csv,completed,42,0,,1664740,1664740,2158667,3681084,3681084,22555194,8903.64,24273.4,,,,,,0,,1,1.09709,1,computed_required,2.44444,2.67549,0.913645,3.6362999999999998e-07,0.00060301699999999996,8.8887299999999997e-07,0.00094280061518859856,9.728870000000001e-07,0.00098635034343786798,-0.39435745003690781,0.39435745003690781,10,-0.35315959790043128,0.35315959790043128,10,-0.70631919580086255,0.70631919580086255,10,3.4713000000000001e-07,0.00058917799999999999,4.4545499999999999e-07,0.00066742400000000001,3.7096300000000001e-07,0.00060906700000000003,4.9734799999999997e-08,0.00022301299999999999,3.9572e-07,0.00062906300000000002,3.9392400000000001e-19,6.2763399999999996e-10,6.27634e-10,0.35451616133837149,0.12568179520873343,2.8207458758009625,7.9566018160322356,0.33413991705422635,0.94252379297118472,9.4038272522414529e-07,8.8431828130787622e-13,1,1,not_skipped,success,1,5.4934199999999998e-08,0.000234381,0.35117256796279428,0.12332154763107385,,,,,,,,,,,,,,,,,,,,,,,,
inner_summary,2d,boundary_singularity,p1,1,adaptive_force_effective_rho_no_inner_refinement,force_eff_rho_no_inner,production_2M,2000000,completed,24339162,20260701_091323_471269_job24339162,snellius_next_mem216,algorithm_data_ordered/2d/boundary_singularity/p1/production_2M/adaptive_force_effective_rho_no_inner_refinement,inner_history.csv,,0,,1,2,2,2,,,,,,,,,,,,,,,,,,,,,,,,,,-0.39435745003690781,0.39435745003690781,10,-0.35315959790043128,0.35315959790043128,10,-0.70631919580086255,0.70631919580086255,10,,,,,,,,,,,,,,,,,,,,,,,,,,,,,,,215845448518632.62,215845448518632.62,215845448518632.62,215845448518632.62,4.6329445761450749e-15,4.6329445761450749e-15,4.6329445761450749e-15,4.6329445761450749e-15,0.230089460296586,0.230089460296586,0.230089460296586,0.230089460296586,8.63250333096849e-15,8.63250333096849e-15,8.63250333096849e-15,8.63250333096849e-15,1,1,1,1,1,1,1,1
inner_summary,2d,boundary_singularity,p1,1,adaptive_force_effective_rho_no_inner_refinement,force_eff_rho_no_inner,production_2M,2000000,completed,24339162,20260701_091323_471269_job24339162,snellius_next_mem216,algorithm_data_ordered/2d/boundary_singularity/p1/production_2M/adaptive_force_effective_rho_no_inner_refinement,inner_history.csv,,1,,1,2,2,3,,,,,,,,,,,,,,,,,,,,,,,,,,-0.39435745003690781,0.39435745003690781,10,-0.35315959790043128,0.35315959790043128,10,-0.70631919580086255,0.70631919580086255,10,,,,,,,,,,,,,,,,,,,,,,,,,,,,,,,36397843122541.086,36397843122541.086,36397843122541.086,36397843122541.086,2.7474155450181132e-14,2.7474155450181132e-14,2.7474155450181132e-14,2.7474155450181132e-14,0.4706741672311725,0.4706741672311725,0.4706741672311725,0.4706741672311725,1.040497157835832e-14,1.040497157835832e-14,1.040497157835832e-14,1.040497157835832e-14,1,1,1,1,1,1,1,1
inner_summary,2d,boundary_singularity,p1,1,adaptive_force_effective_rho_no_inner_refinement,force_eff_rho_no_inner,production_2M,2000000,completed,24339162,20260701_091323_471269_job24339162,snellius_next_mem216,algorithm_data_ordered/2d/boundary_singularity/p1/production_2M/adaptive_force_effective_rho_no_inner_refinement,inner_history.csv,,2,,1,3,3,5,,,,,,,,,,,,,,,,,,,,,,,,,,-0.39435745003690781,0.39435745003690781,10,-0.35315959790043128,0.35315959790043128,10,-0.70631919580086255,0.70631919580086255,10,,,,,,,,,,,,,,,,,,,,,,,,,,,,,,,327031963470319.62,327031963470319.62,327031963470319.62,327031963470319.62,3.0578050823792238e-15,3.0578050823792238e-15,3.0578050823792238e-15,3.0578050823792238e-15,0.75765947261339617,0.75765947261339617,0.75765947261339617,0.75765947261339617,1.4705489288706269e-14,1.4705489288706269e-14,1.4705489288706269e-14,1.4705489288706269e-14,1,1,1,1,1,1,1,1
inner_summary,2d,boundary_singularity,p1,1,adaptive_force_effective_rho_no_inner_refinement,force_eff_rho_no_inner,production_2M,2000000,completed,24339162,20260701_091323_471269_job24339162,snellius_next_mem216,algorithm_data_ordered/2d/boundary_singularity/p1/production_2M/adaptive_force_effective_rho_no_inner_refinement,inner_history.csv,,3,,1,5,5,9,,,,,,,,,,,,,,,,,,,,,,,,,,-0.39435745003690781,0.39435745003690781,10,-0.35315959790043128,0.35315959790043128,10,-0.70631919580086255,0.70631919580086255,10,,,,,,,,,,,,,,,,,,,,,,,,,,,,,,,199980813663937.03,199980813663937.03,199980813663937.03,199980813663937.03,5.0004797044204251e-15,5.0004797044204251e-15,5.0004797044204251e-15,5.0004797044204251e-15,0.8307715075987222,0.8307715075987222,0.8307715075987222,0.8307715075987222,1.8490257917674554e-14,1.8490257917674554e-14,1.8490257917674554e-14,1.8490257917674554e-14,1,1,1,1,1,1,1,1
inner_summary,2d,boundary_singularity,p1,1,adaptive_force_effective_rho_no_inner_refinement,force_eff_rho_no_inner,production_2M,2000000,completed,24339162,20260701_091323_471269_job24339162,snellius_next_mem216,algorithm_data_ordered/2d/boundary_singularity/p1/production_2M/adaptive_force_effective_rho_no_inner_refinement,inner_history.csv,,4,,1,9,9,16,,,,,,,,,,,,,,,,,,,,,,,,,,-0.39435745003690781,0.39435745003690781,10,-0.35315959790043128,0.35315959790043128,10,-0.70631919580086255,0.70631919580086255,10,,,,,,,,,,,,,,,,,,,,,,,,,,,,,,,18.008562908397447,18.008562908397447,18.008562908397447,18.008562908397447,0.055529139392555139,0.055529139392555139,0.055529139392555139,0.055529139392555139,0.90880537371915471,0.90880537371915471,0.90880537371915471,0.90880537371915471,3.2806793857125827e-14,3.2806793857125827e-14,3.2806793857125827e-14,3.2806793857125827e-14,0.99846583635242225,0.99846583635242225,0.99846583635242225,0.99846583635242225,1,1,1,1
inner_summary,2d,boundary_singularity,p1,1,adaptive_force_effective_rho_no_inner_refinement,force_eff_rho_no_inner,production_2M,2000000,completed,24339162,20260701_091323_471269_job24339162,snellius_next_mem216,algorithm_data_ordered/2d/boundary_singularity/p1/production_2M/adaptive_force_effective_rho_no_inner_refinement,inner_history.csv,,5,,1,16,16,22,,,,,,,,,,,,,,,,,,,,,,,,,,-0.39435745003690781,0.39435745003690781,10,-0.35315959790043128,0.35315959790043128,10,-0.70631919580086255,0.70631919580086255,10,,,,,,,,,,,,,,,,,,,,,,,,,,,,,,,2.2282208923236193,2.2282208923236193,2.2282208923236193,2.2282208923236193,0.44878853952275183,0.44878853952275183,0.44878853952275183,0.44878853952275183,0.82689204363766156,0.82689204363766156,0.82689204363766156,0.82689204363766156,3.6918220285414698e-14,3.6918220285414698e-14,3.6918220285414698e-14,3.6918220285414698e-14,0.91233425794409195,0.91233425794409195,0.91233425794409195,0.91233425794409195,1,1,1,1
inner_summary,2d,boundary_singularity,p1,1,adaptive_force_effective_rho_no_inner_refinement,force_eff_rho_no_inner,production_2M,2000000,completed,24339162,20260701_091323_471269_job24339162,snellius_next_mem216,algorithm_data_ordered/2d/boundary_singularity/p1/production_2M/adaptive_force_effective_rho_no_inner_refinement,inner_history.csv,,6,,1,22,22,40,,,,,,,,,,,,,,,,,,,,,,,,,,-0.39435745003690781,0.39435745003690781,10,-0.35315959790043128,0.35315959790043128,10,-0.70631919580086255,0.70631919580086255,10,,,,,,,,,,,,,,,,,,,,,,,,,,,,,,,2.0990585381601794,2.0990585381601794,2.0990585381601794,2.0990585381601794,0.47640405535164254,0.47640405535164254,0.47640405535164254,0.47640405535164254,0.82779687476545727,0.82779687476545727,0.82779687476545727,0.82779687476545727,5.4173734219967276e-14,5.4173734219967276e-14,5.4173734219967276e-14,5.4173734219967276e-14,0.90278674252090252,0.90278674252090252,0.90278674252090252,0.90278674252090252,1,1,1,1
inner_summary,2d,boundary_singularity,p1,1,adaptive_force_effective_rho_no_inner_refinement,force_eff_rho_no_inner,production_2M,2000000,completed,24339162,20260701_091323_471269_job24339162,snellius_next_mem216,algorithm_data_ordered/2d/boundary_singularity/p1/production_2M/adaptive_force_effective_rho_no_inner_refinement,inner_history.csv,,7,,1,40,40,63,,,,,,,,,,,,,,,,,,,,,,,,,,-0.39435745003690781,0.39435745003690781,10,-0.35315959790043128,0.35315959790043128,10,-0.70631919580086255,0.70631919580086255,10,,,,,,,,,,,,,,,,,,,,,,,,,,,,,,,50.052030663600114,50.052030663600114,50.052030663600114,50.052030663600114,0.019979209369565917,0.019979209369565917,0.019979209369565917,0.019979209369565917,0.944333850307986,0.944333850307986,0.944333850307986,0.944333850307986,1.1863454192038982e-13,1.1863454192038982e-13,1.1863454192038982e-13,1.1863454192038982e-13,0.99980063737404246,0.99980063737404246,0.99980063737404246,0.99980063737404246,1,1,1,1
inner_summary,2d,boundary_singularity,p1,1,adaptive_force_effective_rho_no_inner_refinement,force_eff_rho_no_inner,production_2M,2000000,completed,24339162,20260701_091323_471269_job24339162,snellius_next_mem216,algorithm_data_ordered/2d/boundary_singularity/p1/production_2M/adaptive_force_effective_rho_no_inner_refinement,inner_history.csv,,8,,1,63,63,97,,,,,,,,,,,,,,,,,,,,,,,,,,-0.39435745003690781,0.39435745003690781,10,-0.35315959790043128,0.35315959790043128,10,-0.70631919580086255,0.70631919580086255,10,,,,,,,,,,,,,,,,,,,,,,,,,,,,,,,2.5058040892985378,2.5058040892985378,2.5058040892985378,2.5058040892985378,0.39907349671535369,0.39907349671535369,0.39907349671535369,0.39907349671535369,0.88219568339431809,0.88219568339431809,0.88219568339431809,0.88219568339431809,1.6599013129992483e-13,1.6599013129992483e-13,1.6599013129992483e-13,1.6599013129992483e-13,0.92877512876986401,0.92877512876986401,0.92877512876986401,0.92877512876986401,1,1,1,1
inner_summary,2d,boundary_singularity,p1,1,adaptive_force_effective_rho_no_inner_refinement,force_eff_rho_no_inner,production_2M,2000000,completed,24339162,20260701_091323_471269_job24339162,snellius_next_mem216,algorithm_data_ordered/2d/boundary_singularity/p1/production_2M/adaptive_force_effective_rho_no_inner_refinement,inner_history.csv,,9,,1,97,97,133,,,,,,,,,,,,,,,,,,,,,,,,,,-0.39435745003690781,0.39435745003690781,10,-0.35315959790043128,0.35315959790043128,10,-0.70631919580086255,0.70631919580086255,10,,,,,,,,,,,,,,,,,,,,,,,,,,,,,,,1.2226181662180584,1.2226181662180584,1.2226181662180584,1.2226181662180584,0.81791685060047303,0.81791685060047303,0.81791685060047303,0.81791685060047303,0.71915275769921583,0.71915275769921583,0.71915275769921583,0.71915275769921583,2.077509090112586e-13,2.077509090112586e-13,2.077509090112586e-13,2.077509090112586e-13,0.77405703771849133,0.77405703771849133,0.77405703771849133,0.77405703771849133,1,1,1,1
inner_summary,2d,boundary_singularity,p1,1,adaptive_force_effective_rho_no_inner_refinement,force_eff_rho_no_inner,production_2M,2000000,completed,24339162,20260701_091323_471269_job24339162,snellius_next_mem216,algorithm_data_ordered/2d/boundary_singularity/p1/production_2M/adaptive_force_effective_rho_no_inner_refinement,inner_history.csv,,10,,1,133,133,173,,,,,,,,,,,,,,,,,,,,,,,,,,-0.39435745003690781,0.39435745003690781,10,-0.35315959790043128,0.35315959790043128,10,-0.70631919580086255,0.70631919580086255,10,,,,,,,,,,,,,,,,,,,,,,,,,,,,,,,1.5621445900979085,1.5621445900979085,1.5621445900979085,1.5621445900979085,0.64014560901646389,0.64014560901646389,0.64014560901646389,0.64014560901646389,0.81721430768713754,0.81721430768713754,0.81721430768713754,0.81721430768713754,3.2623222460907712e-13,3.2623222460907712e-13,3.2623222460907712e-13,3.2623222460907712e-13,0.84221682810250198,0.84221682810250198,0.84221682810250198,0.84221682810250198,1,1,1,1
inner_summary,2d,boundary_singularity,p1,1,adaptive_force_effective_rho_no_inner_refinement,force_eff_rho_no_inner,production_2M,2000000,completed,24339162,20260701_091323_471269_job24339162,snellius_next_mem216,algorithm_data_ordered/2d/boundary_singularity/p1/production_2M/adaptive_force_effective_rho_no_inner_refinement,inner_history.csv,,11,,1,173,173,248,,,,,,,,,,,,,,,,,,,,,,,,,,-0.39435745003690781,0.39435745003690781,10,-0.35315959790043128,0.35315959790043128,10,-0.70631919580086255,0.70631919580086255,10,,,,,,,,,,,,,,,,,,,,,,,,,,,,,,,2.9491073147918905,2.9491073147918905,2.9491073147918905,2.9491073147918905,0.33908565991623368,0.33908565991623368,0.33908565991623368,0.33908565991623368,0.89107907949174758,0.89107907949174758,0.89107907949174758,0.89107907949174758,4.4891709241891075e-13,4.4891709241891075e-13,4.4891709241891075e-13,4.4891709241891075e-13,0.94703691161530645,0.94703691161530645,0.94703691161530645,0.94703691161530645,1,1,1,1
inner_summary,2d,boundary_singularity,p1,1,adaptive_force_effective_rho_no_inner_refinement,force_eff_rho_no_inner,production_2M,2000000,completed,24339162,20260701_091323_471269_job24339162,snellius_next_mem216,algorithm_data_ordered/2d/boundary_singularity/p1/production_2M/adaptive_force_effective_rho_no_inner_refinement,inner_history.csv,,12,,1,248,248,372,,,,,,,,,,,,,,,,,,,,,,,,,,-0.39435745003690781,0.39435745003690781,10,-0.35315959790043128,0.35315959790043128,10,-0.70631919580086255,0.70631919580086255,10,,,,,,,,,,,,,,,,,,,,,,,,,,,,,,,5.8926037459628491,5.8926037459628491,5.8926037459628491,5.8926037459628491,0.16970426709671796,0.16970426709671796,0.16970426709671796,0.16970426709671796,0.94224213255410882,0.94224213255410882,0.94224213255410882,0.94224213255410882,6.5391474367238194e-13,6.5391474367238194e-13,6.5391474367238194e-13,6.5391474367238194e-13,0.9859052039018521,0.9859052039018521,0.9859052039018521,0.9859052039018521,1,1,1,1
inner_summary,2d,boundary_singularity,p1,1,adaptive_force_effective_rho_no_inner_refinement,force_eff_rho_no_inner,production_2M,2000000,completed,24339162,20260701_091323_471269_job24339162,snellius_next_mem216,algorithm_data_ordered/2d/boundary_singularity/p1/production_2M/adaptive_force_effective_rho_no_inner_refinement,inner_history.csv,,13,,1,372,372,569,,,,,,,,,,,,,,,,,,,,,,,,,,-0.39435745003690781,0.39435745003690781,10,-0.35315959790043128,0.35315959790043128,10,-0.70631919580086255,0.70631919580086255,10,,,,,,,,,,,,,,,,,,,,,,,,,,,,,,,1.4347914251100979,1.4347914251100979,1.4347914251100979,1.4347914251100979,0.69696541427494629,0.69696541427494629,0.69696541427494629,0.69696541427494629,0.78205688497248516,0.78205688497248516,0.78205688497248516,0.78205688497248516,6.71581000288379e-13,6.71581000288379e-13,6.71581000288379e-13,6.71581000288379e-13,0.82039938994479189,0.82039938994479189,0.82039938994479189,0.82039938994479189,1,1,1,1
inner_summary,2d,boundary_singularity,p1,1,adaptive_force_effective_rho_no_inner_refinement,force_eff_rho_no_inner,production_2M,2000000,completed,24339162,20260701_091323_471269_job24339162,snellius_next_mem216,algorithm_data_ordered/2d/boundary_singularity/p1/production_2M/adaptive_force_effective_rho_no_inner_refinement,inner_history.csv,,14,,1,569,569,700,,,,,,,,,,,,,,,,,,,,,,,,,,-0.39435745003690781,0.39435745003690781,10,-0.35315959790043128,0.35315959790043128,10,-0.70631919580086255,0.70631919580086255,10,,,,,,,,,,,,,,,,,,,,,,,,,,,,,,,0.67057912236095818,0.67057912236095818,0.67057912236095818,0.67057912236095818,1.4912483354376216,1.4912483354376216,1.4912483354376216,1.4912483354376216,0.55649646269262831,0.55649646269262831,0.55649646269262831,0.55649646269262831,6.553187851326223e-13,6.553187851326223e-13,6.553187851326223e-13,6.553187851326223e-13,0.55694744266569773,0.55694744266569773,0.55694744266569773,0.55694744266569773,1,1,1,1
inner_summary,2d,boundary_singularity,p1,1,adaptive_force_effective_rho_no_inner_refinement,force_eff_rho_no_inner,production_2M,2000000,completed,24339162,20260701_091323_471269_job24339162,snellius_next_mem216,algorithm_data_ordered/2d/boundary_singularity/p1/production_2M/adaptive_force_effective_rho_no_inner_refinement,inner_history.csv,,15,,1,700,700,920,,,,,,,,,,,,,,,,,,,,,,,,,,-0.39435745003690781,0.39435745003690781,10,-0.35315959790043128,0.35315959790043128,10,-0.70631919580086255,0.70631919580086255,10,,,,,,,,,,,,,,,,,,,,,,,,,,,,,,,2.3750212741816528,2.3750212741816528,2.3750212741816528,2.3750212741816528,0.4210488600126599,0.4210488600126599,0.4210488600126599,0.4210488600126599,0.86620558072978782,0.86620558072978782,0.86620558072978782,0.86620558072978782,1.290421765213084e-12,1.290421765213084e-12,1.290421765213084e-12,1.290421765213084e-12,0.92163495936450857,0.92163495936450857,0.92163495936450857,0.92163495936450857,1,1,1,1
inner_summary,2d,boundary_singularity,p1,1,adaptive_force_effective_rho_no_inner_refinement,force_eff_rho_no_inner,production_2M,2000000,completed,24339162,20260701_091323_471269_job24339162,snellius_next_mem216,algorithm_data_ordered/2d/boundary_singularity/p1/production_2M/adaptive_force_effective_rho_no_inner_refinement,inner_history.csv,,16,,1,920,920,1340,,,,,,,,,,,,,,,,,,,,,,,,,,-0.39435745003690781,0.39435745003690781,10,-0.35315959790043128,0.35315959790043128,10,-0.70631919580086255,0.70631919580086255,10,,,,,,,,,,,,,,,,,,,,,,,,,,,,,,,2.0286413587913654,2.0286413587913654,2.0286413587913654,2.0286413587913654,0.49294075350794642,0.49294075350794642,0.49294075350794642,0.49294075350794642,0.86704382711951211,0.86704382711951211,0.86704382711951211,0.86704382711951211,1.9647894003053959e-12,1.9647894003053959e-12,1.9647894003053959e-12,1.9647894003053959e-12,0.89694319830799429,0.89694319830799429,0.89694319830799429,0.89694319830799429,1,1,1,1
inner_summary,2d,boundary_singularity,p1,1,adaptive_force_effective_rho_no_inner_refinement,force_eff_rho_no_inner,production_2M,2000000,completed,24339162,20260701_091323_471269_job24339162,snellius_next_mem216,algorithm_data_ordered/2d/boundary_singularity/p1/production_2M/adaptive_force_effective_rho_no_inner_refinement,inner_history.csv,,17,,1,1340,1340,2030,,,,,,,,,,,,,,,,,,,,,,,,,,-0.39435745003690781,0.39435745003690781,10,-0.35315959790043128,0.35315959790043128,10,-0.70631919580086255,0.70631919580086255,10,,,,,,,,,,,,,,,,,,,,,,,,,,,,,,,1.8485937124248759,1.8485937124248759,1.8485937124248759,1.8485937124248759,0.54095174795778089,0.54095174795778089,0.54095174795778089,0.54095174795778089,0.8421105226341562,0.8421105226341562,0.8421105226341562,0.8421105226341562,2.4426401518936744e-12,2.4426401518936744e-12,2.4426401518936744e-12,2.4426401518936744e-12,0.87955431198161294,0.87955431198161294,0.87955431198161294,0.87955431198161294,1,1,1,1
inner_summary,2d,boundary_singularity,p1,1,adaptive_force_effective_rho_no_inner_refinement,force_eff_rho_no_inner,production_2M,2000000,completed,24339162,20260701_091323_471269_job24339162,snellius_next_mem216,algorithm_data_ordered/2d/boundary_singularity/p1/production_2M/adaptive_force_effective_rho_no_inner_refinement,inner_history.csv,,18,,1,2030,2030,2758,,,,,,,,,,,,,,,,,,,,,,,,,,-0.39435745003690781,0.39435745003690781,10,-0.35315959790043128,0.35315959790043128,10,-0.70631919580086255,0.70631919580086255,10,,,,,,,,,,,,,,,,,,,,,,,,,,,,,,,0.74071155606772121,0.74071155606772121,0.74071155606772121,0.74071155606772121,1.3500531911622733,1.3500531911622733,1.3500531911622733,1.3500531911622733,0.57608842852698416,0.57608842852698416,0.57608842852698416,0.57608842852698416,2.1929908679977308e-12,2.1929908679977308e-12,2.1929908679977308e-12,2.1929908679977308e-12,0.59521256153578683,0.59521256153578683,0.59521256153578683,0.59521256153578683,1,1,1,1
inner_summary,2d,boundary_singularity,p1,1,adaptive_force_effective_rho_no_inner_refinement,force_eff_rho_no_inner,production_2M,2000000,completed,24339162,20260701_091323_471269_job24339162,snellius_next_mem216,algorithm_data_ordered/2d/boundary_singularity/p1/production_2M/adaptive_force_effective_rho_no_inner_refinement,inner_history.csv,,19,,1,2758,2758,3466,,,,,,,,,,,,,,,,,,,,,,,,,,-0.39435745003690781,0.39435745003690781,10,-0.35315959790043128,0.35315959790043128,10,-0.70631919580086255,0.70631919580086255,10,,,,,,,,,,,,,,,,,,,,,,,,,,,,,,,0.53052803850114605,0.53052803850114605,0.53052803850114605,0.53052803850114605,1.8849145142737633,1.8849145142737633,1.8849145142737633,1.8849145142737633,0.45973578860638142,0.45973578860638142,0.45973578860638142,0.45973578860638142,2.1249077281679486e-12,2.1249077281679486e-12,2.1249077281679486e-12,2.1249077281679486e-12,0.46865820675628905,0.46865820675628905,0.46865820675628905,0.46865820675628905,1,1,1,1
inner_summary,2d,boundary_singularity,p1,1,adaptive_force_effective_rho_no_inner_refinement,force_eff_rho_no_inner,production_2M,2000000,completed,24339162,20260701_091323_471269_job24339162,snellius_next_mem216,algorithm_data_ordered/2d/boundary_singularity/p1/production_2M/adaptive_force_effective_rho_no_inner_refinement,inner_history.csv,,20,,1,3466,3466,4982,,,,,,,,,,,,,,,,,,,,,,,,,,-0.39435745003690781,0.39435745003690781,10,-0.35315959790043128,0.35315959790043128,10,-0.70631919580086255,0.70631919580086255,10,,,,,,,,,,,,,,,,,,,,,,,,,,,,,,,2.0387213389729415,2.0387213389729415,2.0387213389729415,2.0387213389729415,0.49050352340147468,0.49050352340147468,0.49050352340147468,0.49050352340147468,0.85894572630484201,0.85894572630484201,0.85894572630484201,0.85894572630484201,4.9197394649297658e-12,4.9197394649297658e-12,4.9197394649297658e-12,4.9197394649297658e-12,0.89781265208434724,0.89781265208434724,0.89781265208434724,0.89781265208434724,1,1,1,1
inner_summary,2d,boundary_singularity,p1,1,adaptive_force_effective_rho_no_inner_refinement,force_eff_rho_no_inner,production_2M,2000000,completed,24339162,20260701_091323_471269_job24339162,snellius_next_mem216,algorithm_data_ordered/2d/boundary_singularity/p1/production_2M/adaptive_force_effective_rho_no_inner_refinement,inner_history.csv,,21,,1,4982,4982,7723,,,,,,,,,,,,,,,,,,,,,,,,,,-0.39435745003690781,0.39435745003690781,10,-0.35315959790043128,0.35315959790043128,10,-0.70631919580086255,0.70631919580086255,10,,,,,,,,,,,,,,,,,,,,,,,,,,,,,,,2.3030856905096257,2.3030856905096257,2.3030856905096257,2.3030856905096257,0.4342000838790851,0.4342000838790851,0.4342000838790851,0.4342000838790851,0.87702334803065718,0.87702334803065718,0.87702334803065718,0.87702334803065718,6.4005341342881663e-12,6.4005341342881663e-12,6.4005341342881663e-12,6.4005341342881663e-12,0.91726097120705474,0.91726097120705474,0.91726097120705474,0.91726097120705474,1,1,1,1
inner_summary,2d,boundary_singularity,p1,1,adaptive_force_effective_rho_no_inner_refinement,force_eff_rho_no_inner,production_2M,2000000,completed,24339162,20260701_091323_471269_job24339162,snellius_next_mem216,algorithm_data_ordered/2d/boundary_singularity/p1/production_2M/adaptive_force_effective_rho_no_inner_refinement,inner_history.csv,,22,,1,7723,7723,10614,,,,,,,,,,,,,,,,,,,,,,,,,,-0.39435745003690781,0.39435745003690781,10,-0.35315959790043128,0.35315959790043128,10,-0.70631919580086255,0.70631919580086255,10,,,,,,,,,,,,,,,,,,,,,,,,,,,,,,,1.0525730726476166,1.0525730726476166,1.0525730726476166,1.0525730726476166,0.95005280487047283,0.95005280487047283,0.95005280487047283,0.95005280487047283,0.69770434424541894,0.69770434424541894,0.69770434424541894,0.69770434424541894,6.4939134239242335e-12,6.4939134239242335e-12,6.4939134239242335e-12,6.4939134239242335e-12,0.7249781243565987,0.7249781243565987,0.7249781243565987,0.7249781243565987,1,1,1,1
inner_summary,2d,boundary_singularity,p1,1,adaptive_force_effective_rho_no_inner_refinement,force_eff_rho_no_inner,production_2M,2000000,completed,24339162,20260701_091323_471269_job24339162,snellius_next_mem216,algorithm_data_ordered/2d/boundary_singularity/p1/production_2M/adaptive_force_effective_rho_no_inner_refinement,inner_history.csv,,23,,1,10614,10614,14843,,,,,,,,,,,,,,,,,,,,,,,,,,-0.39435745003690781,0.39435745003690781,10,-0.35315959790043128,0.35315959790043128,10,-0.70631919580086255,0.70631919580086255,10,,,,,,,,,,,,,,,,,,,,,,,,,,,,,,,0.65446877148447835,0.65446877148447835,0.65446877148447835,0.65446877148447835,1.5279567850606246,1.5279567850606246,1.5279567850606246,1.5279567850606246,0.53215405804556692,0.53215405804556692,0.53215405804556692,0.53215405804556692,6.3429190935289209e-12,6.3429190935289209e-12,6.3429190935289209e-12,6.3429190935289209e-12,0.54761517570206153,0.54761517570206153,0.54761517570206153,0.54761517570206153,1,1,1,1
inner_summary,2d,boundary_singularity,p1,1,adaptive_force_effective_rho_no_inner_refinement,force_eff_rho_no_inner,production_2M,2000000,completed,24339162,20260701_091323_471269_job24339162,snellius_next_mem216,algorithm_data_ordered/2d/boundary_singularity/p1/production_2M/adaptive_force_effective_rho_no_inner_refinement,inner_history.csv,,24,,1,14843,14843,20190,,,,,,,,,,,,,,,,,,,,,,,,,,-0.39435745003690781,0.39435745003690781,10,-0.35315959790043128,0.35315959790043128,10,-0.70631919580086255,0.70631919580086255,10,,,,,,,,,,,,,,,,,,,,,,,,,,,,,,,0.51620506061289262,0.51620506061289262,0.51620506061289262,0.51620506061289262,1.9372146387187594,1.9372146387187594,1.9372146387187594,1.9372146387187594,0.44856963800463345,0.44856963800463345,0.44856963800463345,0.44856963800463345,6.4517056983320583e-12,6.4517056983320583e-12,6.4517056983320583e-12,6.4517056983320583e-12,0.45869543999876716,0.45869543999876716,0.45869543999876716,0.45869543999876716,1,1,1,1
inner_summary,2d,boundary_singularity,p1,1,adaptive_force_effective_rho_no_inner_refinement,force_eff_rho_no_inner,production_2M,2000000,completed,24339162,20260701_091323_471269_job24339162,snellius_next_mem216,algorithm_data_ordered/2d/boundary_singularity/p1/production_2M/adaptive_force_effective_rho_no_inner_refinement,inner_history.csv,,25,,1,20190,20190,25666,,,,,,,,,,,,,,,,,,,,,,,,,,-0.39435745003690781,0.39435745003690781,10,-0.35315959790043128,0.35315959790043128,10,-0.70631919580086255,0.70631919580086255,10,,,,,,,,,,,,,,,,,,,,,,,,,,,,,,,0.43847725601428722,0.43847725601428722,0.43847725601428722,0.43847725601428722,2.2806200008864685,2.2806200008864685,2.2806200008864685,2.2806200008864685,0.39270722590762808,0.39270722590762808,0.39270722590762808,0.39270722590762808,6.6492685578491124e-12,6.6492685578491124e-12,6.6492685578491124e-12,6.6492685578491124e-12,0.4015706403305801,0.4015706403305801,0.4015706403305801,0.4015706403305801,1,1,1,1
inner_summary,2d,boundary_singularity,p1,1,adaptive_force_effective_rho_no_inner_refinement,force_eff_rho_no_inner,production_2M,2000000,completed,24339162,20260701_091323_471269_job24339162,snellius_next_mem216,algorithm_data_ordered/2d/boundary_singularity/p1/production_2M/adaptive_force_effective_rho_no_inner_refinement,inner_history.csv,,26,,1,25666,25666,33599,,,,,,,,,,,,,,,,,,,,,,,,,,-0.39435745003690781,0.39435745003690781,10,-0.35315959790043128,0.35315959790043128,10,-0.70631919580086255,0.70631919580086255,10,,,,,,,,,,,,,,,,,,,,,,,,,,,,,,,0.44236131124937128,0.44236131124937128,0.44236131124937128,0.44236131124937128,2.2605955235453949,2.2605955235453949,2.2605955235453949,2.2605955235453949,0.39530237413566782,0.39530237413566782,0.39530237413566782,0.39530237413566782,7.856146189703465e-12,7.856146189703465e-12,7.856146189703465e-12,7.856146189703465e-12,0.40454723982181062,0.40454723982181062,0.40454723982181062,0.40454723982181062,1,1,1,1
inner_summary,2d,boundary_singularity,p1,1,adaptive_force_effective_rho_no_inner_refinement,force_eff_rho_no_inner,production_2M,2000000,completed,24339162,20260701_091323_471269_job24339162,snellius_next_mem216,algorithm_data_ordered/2d/boundary_singularity/p1/production_2M/adaptive_force_effective_rho_no_inner_refinement,inner_history.csv,,27,,1,33599,33599,43944,,,,,,,,,,,,,,,,,,,,,,,,,,-0.39435745003690781,0.39435745003690781,10,-0.35315959790043128,0.35315959790043128,10,-0.70631919580086255,0.70631919580086255,10,,,,,,,,,,,,,,,,,,,,,,,,,,,,,,,0.42483332561692672,0.42483332561692672,0.42483332561692672,0.42483332561692672,2.3538643032484288,2.3538643032484288,2.3538643032484288,2.3538643032484288,0.38774681872173605,0.38774681872173605,0.38774681872173605,0.38774681872173605,8.942148408162395e-12,8.942148408162395e-12,8.942148408162395e-12,8.942148408162395e-12,0.39100985943250999,0.39100985943250999,0.39100985943250999,0.39100985943250999,1,1,1,1
inner_summary,2d,boundary_singularity,p1,1,adaptive_force_effective_rho_no_inner_refinement,force_eff_rho_no_inner,production_2M,2000000,completed,24339162,20260701_091323_471269_job24339162,snellius_next_mem216,algorithm_data_ordered/2d/boundary_singularity/p1/production_2M/adaptive_force_effective_rho_no_inner_refinement,inner_history.csv,,28,,1,43944,43944,57341,,,,,,,,,,,,,,,,,,,,,,,,,,-0.39435745003690781,0.39435745003690781,10,-0.35315959790043128,0.35315959790043128,10,-0.70631919580086255,0.70631919580086255,10,,,,,,,,,,,,,,,,,,,,,,,,,,,,,,,0.45710245566981567,0.45710245566981567,0.45710245566981567,0.45710245566981567,2.1876933444486726,2.1876933444486726,2.1876933444486726,2.1876933444486726,0.43474478028281272,0.43474478028281272,0.43474478028281272,0.43474478028281272,1.117043629469515e-11,1.117043629469515e-11,1.117043629469515e-11,1.117043629469515e-11,0.41572858678194929,0.41572858678194929,0.41572858678194929,0.41572858678194929,1,1,1,1
inner_summary,2d,boundary_singularity,p1,1,adaptive_force_effective_rho_no_inner_refinement,force_eff_rho_no_inner,production_2M,2000000,completed,24339162,20260701_091323_471269_job24339162,snellius_next_mem216,algorithm_data_ordered/2d/boundary_singularity/p1/production_2M/adaptive_force_effective_rho_no_inner_refinement,inner_history.csv,,29,,1,57341,57341,73851,,,,,,,,,,,,,,,,,,,,,,,,,,-0.39435745003690781,0.39435745003690781,10,-0.35315959790043128,0.35315959790043128,10,-0.70631919580086255,0.70631919580086255,10,,,,,,,,,,,,,,,,,,,,,,,,,,,,,,,0.57117353588925335,0.57117353588925335,0.57117353588925335,0.57117353588925335,1.7507813950853162,1.7507813950853162,1.7507813950853162,1.7507813950853162,0.48070219259559926,0.48070219259559926,0.48070219259559926,0.48070219259559926,1.6066597456932553e-11,1.6066597456932553e-11,1.6066597456932553e-11,1.6066597456932553e-11,0.49596996401614202,0.49596996401614202,0.49596996401614202,0.49596996401614202,1,1,1,1
inner_summary,2d,boundary_singularity,p1,1,adaptive_force_effective_rho_no_inner_refinement,force_eff_rho_no_inner,production_2M,2000000,completed,24339162,20260701_091323_471269_job24339162,snellius_next_mem216,algorithm_data_ordered/2d/boundary_singularity/p1/production_2M/adaptive_force_effective_rho_no_inner_refinement,inner_history.csv,,30,,1,73851,73851,99969,,,,,,,,,,,,,,,,,,,,,,,,,,-0.39435745003690781,0.39435745003690781,10,-0.35315959790043128,0.35315959790043128,10,-0.70631919580086255,0.70631919580086255,10,,,,,,,,,,,,,,,,,,,,,,,,,,,,,,,0.55549961770284084,0.55549961770284084,0.55549961770284084,0.55549961770284084,1.8001812568932141,1.8001812568932141,1.8001812568932141,1.8001812568932141,0.47085293658096222,0.47085293658096222,0.47085293658096222,0.47085293658096222,1.9939584382215588e-11,1.9939584382215588e-11,1.9939584382215588e-11,1.9939584382215588e-11,0.48560528463047525,0.48560528463047525,0.48560528463047525,0.48560528463047525,1,1,1,1
inner_summary,2d,boundary_singularity,p1,1,adaptive_force_effective_rho_no_inner_refinement,force_eff_rho_no_inner,production_2M,2000000,completed,24339162,20260701_091323_471269_job24339162,snellius_next_mem216,algorithm_data_ordered/2d/boundary_singularity/p1/production_2M/adaptive_force_effective_rho_no_inner_refinement,inner_history.csv,,31,,1,99969,99969,135647,,,,,,,,,,,,,,,,,,,,,,,,,,-0.39435745003690781,0.39435745003690781,10,-0.35315959790043128,0.35315959790043128,10,-0.70631919580086255,0.70631919580086255,10,,,,,,,,,,,,,,,,,,,,,,,,,,,,,,,0.48560940077760945,0.48560940077760945,0.48560940077760945,0.48560940077760945,2.059268206914227,2.059268206914227,2.059268206914227,2.059268206914227,0.42879645218960999,0.42879645218960999,0.42879645218960999,0.42879645218960999,2.1924044920417266e-11,2.1924044920417266e-11,2.1924044920417266e-11,2.1924044920417266e-11,0.43682762570947531,0.43682762570947531,0.43682762570947531,0.43682762570947531,1,1,1,1
inner_summary,2d,boundary_singularity,p1,1,adaptive_force_effective_rho_no_inner_refinement,force_eff_rho_no_inner,production_2M,2000000,completed,24339162,20260701_091323_471269_job24339162,snellius_next_mem216,algorithm_data_ordered/2d/boundary_singularity/p1/production_2M/adaptive_force_effective_rho_no_inner_refinement,inner_history.csv,,32,,1,135647,135647,176147,,,,,,,,,,,,,,,,,,,,,,,,,,-0.39435745003690781,0.39435745003690781,10,-0.35315959790043128,0.35315959790043128,10,-0.70631919580086255,0.70631919580086255,10,,,,,,,,,,,,,,,,,,,,,,,,,,,,,,,0.44258547498852679,0.44258547498852679,0.44258547498852679,0.44258547498852679,2.2594505615574554,2.2594505615574554,2.2594505615574554,2.2594505615574554,0.40849726345975623,0.40849726345975623,0.40849726345975623,0.40849726345975623,2.4407403521656261e-11,2.4407403521656261e-11,2.4407403521656261e-11,2.4407403521656261e-11,0.40471856475895712,0.40471856475895712,0.40471856475895712,0.40471856475895712,1,1,1,1
inner_summary,2d,boundary_singularity,p1,1,adaptive_force_effective_rho_no_inner_refinement,force_eff_rho_no_inner,production_2M,2000000,completed,24339162,20260701_091323_471269_job24339162,snellius_next_mem216,algorithm_data_ordered/2d/boundary_singularity/p1/production_2M/adaptive_force_effective_rho_no_inner_refinement,inner_history.csv,,33,,1,176147,176147,230662,,,,,,,,,,,,,,,,,,,,,,,,,,-0.39435745003690781,0.39435745003690781,10,-0.35315959790043128,0.35315959790043128,10,-0.70631919580086255,0.70631919580086255,10,,,,,,,,,,,,,,,,,,,,,,,,,,,,,,,0.39616676019023611,0.39616676019023611,0.39616676019023611,0.39616676019023611,2.5241895597697495,2.5241895597697495,2.5241895597697495,2.5241895597697495,0.37991396341306966,0.37991396341306966,0.37991396341306966,0.37991396341306966,2.6371838839617883e-11,2.6371838839617883e-11,2.6371838839617883e-11,2.6371838839617883e-11,0.36831612886672882,0.36831612886672882,0.36831612886672882,0.36831612886672882,1,1,1,1
inner_summary,2d,boundary_singularity,p1,1,adaptive_force_effective_rho_no_inner_refinement,force_eff_rho_no_inner,production_2M,2000000,completed,24339162,20260701_091323_471269_job24339162,snellius_next_mem216,algorithm_data_ordered/2d/boundary_singularity/p1/production_2M/adaptive_force_effective_rho_no_inner_refinement,inner_history.csv,,34,,1,230662,230662,296617,,,,,,,,,,,,,,,,,,,,,,,,,,-0.39435745003690781,0.39435745003690781,10,-0.35315959790043128,0.35315959790043128,10,-0.70631919580086255,0.70631919580086255,10,,,,,,,,,,,,,,,,,,,,,,,,,,,,,,,0.36744064277331401,0.36744064277331401,0.36744064277331401,0.36744064277331401,2.7215280064076426,2.7215280064076426,2.7215280064076426,2.7215280064076426,0.36948420062536541,0.36948420062536541,0.36948420062536541,0.36948420062536541,2.8941539348026878e-11,2.8941539348026878e-11,2.8941539348026878e-11,2.8941539348026878e-11,0.34489496741829145,0.34489496741829145,0.34489496741829145,0.34489496741829145,1,1,1,1
inner_summary,2d,boundary_singularity,p1,1,adaptive_force_effective_rho_no_inner_refinement,force_eff_rho_no_inner,production_2M,2000000,completed,24339162,20260701_091323_471269_job24339162,snellius_next_mem216,algorithm_data_ordered/2d/boundary_singularity/p1/production_2M/adaptive_force_effective_rho_no_inner_refinement,inner_history.csv,,35,,1,296617,296617,368049,,,,,,,,,,,,,,,,,,,,,,,,,,-0.39435745003690781,0.39435745003690781,10,-0.35315959790043128,0.35315959790043128,10,-0.70631919580086255,0.70631919580086255,10,,,,,,,,,,,,,,,,,,,,,,,,,,,,,,,0.3586059175556629,0.3586059175556629,0.3586059175556629,0.3586059175556629,2.7885764039149739,2.7885764039149739,2.7885764039149739,2.7885764039149739,0.36653662462168263,0.36653662462168263,0.36653662462168263,0.36653662462168263,1.0906474694284565e-08,1.0906474694284565e-08,1.0906474694284565e-08,1.0906474694284565e-08,0.33755795035076364,0.33755795035076364,0.33755795035076364,0.33755795035076364,1,1,1,1
inner_summary,2d,boundary_singularity,p1,1,adaptive_force_effective_rho_no_inner_refinement,force_eff_rho_no_inner,production_2M,2000000,completed,24339162,20260701_091323_471269_job24339162,snellius_next_mem216,algorithm_data_ordered/2d/boundary_singularity/p1/production_2M/adaptive_force_effective_rho_no_inner_refinement,inner_history.csv,,36,,1,368049,368049,468070,,,,,,,,,,,,,,,,,,,,,,,,,,-0.39435745003690781,0.39435745003690781,10,-0.35315959790043128,0.35315959790043128,10,-0.70631919580086255,0.70631919580086255,10,,,,,,,,,,,,,,,,,,,,,,,,,,,,,,,0.36409918272453967,0.36409918272453967,0.36409918272453967,0.36409918272453967,2.7465043797051116,2.7465043797051116,2.7465043797051116,2.7465043797051116,0.36415308184892042,0.36415308184892042,0.36415308184892042,0.36415308184892042,3.8804473072781879e-11,3.8804473072781879e-11,3.8804473072781879e-11,3.8804473072781879e-11,0.34212867640114092,0.34212867640114092,0.34212867640114092,0.34212867640114092,1,1,1,1
inner_summary,2d,boundary_singularity,p1,1,adaptive_force_effective_rho_no_inner_refinement,force_eff_rho_no_inner,production_2M,2000000,completed,24339162,20260701_091323_471269_job24339162,snellius_next_mem216,algorithm_data_ordered/2d/boundary_singularity/p1/production_2M/adaptive_force_effective_rho_no_inner_refinement,inner_history.csv,,37,,1,468070,468070,606844,,,,,,,,,,,,,,,,,,,,,,,,,,-0.39435745003690781,0.39435745003690781,10,-0.35315959790043128,0.35315959790043128,10,-0.70631919580086255,0.70631919580086255,10,,,,,,,,,,,,,,,,,,,,,,,,,,,,,,,0.37163138278006141,0.37163138278006141,0.37163138278006141,0.37163138278006141,2.6908384122979712,2.6908384122979712,2.6908384122979712,2.6908384122979712,0.38357940644721483,0.38357940644721483,0.38357940644721483,0.38357940644721483,5.6663275268907723e-08,5.6663275268907723e-08,5.6663275268907723e-08,5.6663275268907723e-08,0.34835370054197345,0.34835370054197345,0.34835370054197345,0.34835370054197345,1,1,1,1
inner_summary,2d,boundary_singularity,p1,1,adaptive_force_effective_rho_no_inner_refinement,force_eff_rho_no_inner,production_2M,2000000,completed,24339162,20260701_091323_471269_job24339162,snellius_next_mem216,algorithm_data_ordered/2d/boundary_singularity/p1/production_2M/adaptive_force_effective_rho_no_inner_refinement,inner_history.csv,,38,,1,606844,606844,771251,,,,,,,,,,,,,,,,,,,,,,,,,,-0.39435745003690781,0.39435745003690781,10,-0.35315959790043128,0.35315959790043128,10,-0.70631919580086255,0.70631919580086255,10,,,,,,,,,,,,,,,,,,,,,,,,,,,,,,,0.40056313341330646,0.40056313341330646,0.40056313341330646,0.40056313341330646,2.4964853641889868,2.4964853641889868,2.4964853641889868,2.4964853641889868,0.41208099854724423,0.41208099854724423,0.41208099854724423,0.41208099854724423,5.9403955053514784e-11,5.9403955053514784e-11,5.9403955053514784e-11,5.9403955053514784e-11,0.37184144208248099,0.37184144208248099,0.37184144208248099,0.37184144208248099,1,1,1,1
inner_summary,2d,boundary_singularity,p1,1,adaptive_force_effective_rho_no_inner_refinement,force_eff_rho_no_inner,production_2M,2000000,completed,24339162,20260701_091323_471269_job24339162,snellius_next_mem216,algorithm_data_ordered/2d/boundary_singularity/p1/production_2M/adaptive_force_effective_rho_no_inner_refinement,inner_history.csv,,39,,1,771251,771251,981799,,,,,,,,,,,,,,,,,,,,,,,,,,-0.39435745003690781,0.39435745003690781,10,-0.35315959790043128,0.35315959790043128,10,-0.70631919580086255,0.70631919580086255,10,,,,,,,,,,,,,,,,,,,,,,,,,,,,,,,0.39955009931318347,0.39955009931318347,0.39955009931318347,0.39955009931318347,2.5028150455198852,2.5028150455198852,2.5028150455198852,2.5028150455198852,0.4139922063627558,0.4139922063627558,0.4139922063627558,0.4139922063627558,1.4222799722346771e-07,1.4222799722346771e-07,1.4222799722346771e-07,1.4222799722346771e-07,0.3710304673437187,0.3710304673437187,0.3710304673437187,0.3710304673437187,1,1,1,1
inner_summary,2d,boundary_singularity,p1,1,adaptive_force_effective_rho_no_inner_refinement,force_eff_rho_no_inner,production_2M,2000000,completed,24339162,20260701_091323_471269_job24339162,snellius_next_mem216,algorithm_data_ordered/2d/boundary_singularity/p1/production_2M/adaptive_force_effective_rho_no_inner_refinement,inner_history.csv,,40,,1,981799,981799,1262676,,,,,,,,,,,,,,,,,,,,,,,,,,-0.39435745003690781,0.39435745003690781,10,-0.35315959790043128,0.35315959790043128,10,-0.70631919580086255,0.70631919580086255,10,,,,,,,,,,,,,,,,,,,,,,,,,,,,,,,0.39204218528172341,0.39204218528172341,0.39204218528172341,0.39204218528172341,2.5507459083297253,2.5507459083297253,2.5507459083297253,2.5507459083297253,0.40628286897169069,0.40628286897169069,0.40628286897169069,0.40628286897169069,5.9775791652679863e-08,5.9775791652679863e-08,5.9775791652679863e-08,5.9775791652679863e-08,0.36499524448920212,0.36499524448920212,0.36499524448920212,0.36499524448920212,1,1,1,1
inner_summary,2d,boundary_singularity,p1,1,adaptive_force_effective_rho_no_inner_refinement,force_eff_rho_no_inner,production_2M,2000000,completed,24339162,20260701_091323_471269_job24339162,snellius_next_mem216,algorithm_data_ordered/2d/boundary_singularity/p1/production_2M/adaptive_force_effective_rho_no_inner_refinement,inner_history.csv,,41,,1,1262676,1262676,1664740,,,,,,,,,,,,,,,,,,,,,,,,,,-0.39435745003690781,0.39435745003690781,10,-0.35315959790043128,0.35315959790043128,10,-0.70631919580086255,0.70631919580086255,10,,,,,,,,,,,,,,,,,,,,,,,,,,,,,,,0.37517248898095223,0.37517248898095223,0.37517248898095223,0.37517248898095223,2.6654406422928592,2.6654406422928592,2.6654406422928592,2.6654406422928592,0.36571007772285169,0.36571007772285169,0.36571007772285169,0.36571007772285169,7.2386222786065298e-08,7.2386222786065298e-08,7.2386222786065298e-08,7.2386222786065298e-08,0.35126500138530409,0.35126500138530409,0.35126500138530409,0.35126500138530409,1,1,1,1
inner_summary,2d,boundary_singularity,p1,1,adaptive_force_effective_rho_no_inner_refinement,force_eff_rho_no_inner,production_2M,2000000,completed,24339162,20260701_091323_471269_job24339162,snellius_next_mem216,algorithm_data_ordered/2d/boundary_singularity/p1/production_2M/adaptive_force_effective_rho_no_inner_refinement,inner_history.csv,,42,,1,1664740,1664740,2158667,,,,,,,,,,,,,,,,,,,,,,,,,,-0.39435745003690781,0.39435745003690781,10,-0.35315959790043128,0.35315959790043128,10,-0.70631919580086255,0.70631919580086255,10,,,,,,,,,,,,,,,,,,,,,,,,,,,,,,,0.35451616133837149,0.35451616133837149,0.35451616133837149,0.35451616133837149,2.8207458758009625,2.8207458758009625,2.8207458758009625,2.8207458758009625,0.35117256796279428,0.35117256796279428,0.35117256796279428,0.35117256796279428,9.4038272522414529e-07,9.4038272522414529e-07,9.4038272522414529e-07,9.4038272522414529e-07,0.33413991705422635,0.33413991705422635,0.33413991705422635,0.33413991705422635,1,1,1,1
outer,2d,boundary_singularity,p1,1,adaptive_g_effective_rho,g_eff_rho,production_2M,2000000,completed,24357997,20260701_225220_626532_job24357997,snellius_genoa_mem320,algorithm_data_ordered/2d/boundary_singularity/p1/production_2M/adaptive_g_effective_rho,outer_history.csv,completed,0,,,2,2,2,2,2,15,0.0872703,0.0872822,1,1,0,1,0,0,adaptive,1,0.014894,1,computed,2.44444,1.00106,2.44186,0.00143429,0.037872099999999999,0.0035060500000000001,0.059211907586227956,0.00143581,0.037892083605945981,-0.36277376786699195,0.36277376786699195,10,-0.35502414654050191,0.35502414654050191,10,-0.71004829308100403,0.71004829308100403,10,0.000217951,0.014763099999999999,1.3359199999999999e-06,0.0011558199999999999,0.00197489,0.044439800000000002,1.3359199999999999e-06,0.0011558199999999999,2.8674500000000001e-35,5.3548499999999997e-18,9.9552900000000008e-35,9.9776199999999995e-18,9.97762e-18,215845448518632.62,4.6589129714554739e+28,4.6329445761450749e-15,2.1464234385292534e-29,1,4.6329445761450749e-15,8.63250333096849e-15,7.4520105994370936e-29,1,1,not_skipped,success,1,7.0725099999999998e-08,0.00026594200000000002,0.230089460296586,0.052941119228696334,,,,,,,,,,,,,,,,,,,,,,,,
outer,2d,boundary_singularity,p1,1,adaptive_g_effective_rho,g_eff_rho,production_2M,2000000,completed,24357997,20260701_225220_626532_job24357997,snellius_genoa_mem320,algorithm_data_ordered/2d/boundary_singularity/p1/production_2M/adaptive_g_effective_rho,outer_history.csv,completed,1,,,2,2,3,2,2,30,0.0432767,0.133976,1,1,0,1,0,0,adaptive,1,0.0130922,1,computed,2.44444,1.00082,2.44244,0.0014339699999999999,0.0378678,0.0035052600000000001,0.059205236254912454,0.0014351500000000001,0.037883373661805782,-0.36277376786699195,0.36277376786699195,10,-0.35502414654050191,0.35502414654050191,10,-0.71004829308100403,0.71004829308100403,10,0.00021794199999999999,0.014762900000000001,1.03753e-06,0.00101859,0.0019744300000000001,0.044434599999999998,1.03753e-06,0.00101859,7.8315499999999998e-34,2.79849e-17,1.1232700000000001e-34,1.0598400000000001e-17,1.05984e-17,36397843122541.086,1.3248079882015692e+27,2.7474155450181132e-14,7.5482636646651182e-28,1,2.7474155450181132e-14,1.040497157835832e-14,1.0826385743062852e-28,1,1,not_skipped,success,1,2.2984800000000001e-07,0.000479424,0.4706741672311725,0.22153383516621206,,,,,,,,,,,,,,,,,,,,,,,,
outer,2d,boundary_singularity,p1,1,adaptive_g_effective_rho,g_eff_rho,production_2M,2000000,completed,24357997,20260701_225220_626532_job24357997,snellius_genoa_mem320,algorithm_data_ordered/2d/boundary_singularity/p1/production_2M/adaptive_g_effective_rho,outer_history.csv,completed,2,,,3,3,5,4,4,54,0.0480071,0.185212,1,1,0,1,0,0,adaptive,1,0.0299761,1,computed,2.44444,1.0041,2.43447,0.00123774,0.035181499999999997,0.0030255799999999999,0.055005272474554653,0.00124281,0.035253510463498526,-0.36277376786699195,0.36277376786699195,10,-0.35502414654050191,0.35502414654050191,10,-0.71004829308100403,0.71004829308100403,10,0.00032835900000000002,0.0181207,4.0214500000000003e-06,0.0020053599999999999,0.0016419,0.040520399999999998,4.0214500000000003e-06,0.0020053599999999999,3.7601499999999999e-35,6.1320000000000002e-18,8.6964700000000001e-34,2.9489799999999998e-17,2.94898e-17,327031963470319.62,1.0694919085674775e+29,3.0578050823792238e-15,9.3502343682005237e-30,1,3.0578050823792238e-15,1.4705489288706269e-14,2.1625209812381107e-28,1,1,not_skipped,success,1,2.3085099999999999e-06,0.0015193800000000001,0.75765947261339617,0.57404916137214179,,,,,,,,,,,,,,,,,,,,,,,,
outer,2d,boundary_singularity,p1,1,adaptive_g_effective_rho,g_eff_rho,production_2M,2000000,completed,24357997,20260701_225220_626532_job24357997,snellius_genoa_mem320,algorithm_data_ordered/2d/boundary_singularity/p1/production_2M/adaptive_g_effective_rho,outer_history.csv,completed,3,,,5,5,9,8,8,78,0.0492714,0.23772,1,1,0,1,0,0,adaptive,1,0.0292686,1,computed,2.44444,1.00391,2.43491,0.00123722,0.0351741,0.0030243100000000001,0.054993726914985497,0.0012420599999999999,0.035242871619662323,-0.36277376786699195,0.36277376786699195,10,-0.35502414654050191,0.35502414654050191,10,-0.71004829308100403,0.71004829308100403,10,0.00032818000000000002,0.018115699999999998,3.8397900000000002e-06,0.0019595400000000001,0.00164123,0.040512100000000002,3.8397900000000002e-06,0.0019595400000000001,9.6013300000000004e-35,9.7986400000000001e-18,1.31279e-33,3.6232399999999998e-17,3.62324e-17,199980813663937.03,3.999227190399663e+28,5.0004797044204251e-15,2.5004830993361615e-29,1,5.0004797044204251e-15,1.8490257917674554e-14,3.418910930024819e-28,1,1,not_skipped,success,1,2.6501599999999998e-06,0.0016279300000000001,0.8307715075987222,0.69018357774774131,,,,,,,,,,,,,,,,,,,,,,,,
outer,2d,boundary_singularity,p1,1,adaptive_g_effective_rho,g_eff_rho,production_2M,2000000,completed,24357997,20260701_225220_626532_job24357997,snellius_genoa_mem320,algorithm_data_ordered/2d/boundary_singularity/p1/production_2M/adaptive_g_effective_rho,outer_history.csv,completed,4,,,9,9,16,16,16,129,0.0501027,0.291317,1,1,0,1,0,0,adaptive,1,0.0293782,1,computed,2.44444,1.00394,2.43484,0.00121082,0.034796899999999999,0.0029597899999999999,0.054403952062327239,0.0012156000000000001,0.034865455683240398,-0.36277376786699195,0.36277376786699195,10,-0.35502414654050191,0.35502414654050191,10,-0.71004829308100403,0.71004829308100403,10,0.00034143500000000001,0.018478000000000001,3.7225599999999999e-06,0.00192939,0.0015972200000000001,0.039965199999999999,3.7111100000000002e-06,0.00192643,1.14432e-08,0.00010697299999999999,4.0065199999999999e-33,6.3297100000000005e-17,6.32971e-17,18.008562908397447,324.30701202460853,0.055529139392555139,0.0030834979291909964,0.99846583635242225,0.055443948605517802,3.2806793857125827e-14,1.0762808389925213e-27,1,1,not_skipped,success,1,3.0745399999999998e-06,0.00175344,0.90880537371915471,0.82592087165821371,,,,,,,,,,,,,,,,,,,,,,,,
outer,2d,boundary_singularity,p1,1,adaptive_g_effective_rho,g_eff_rho,production_2M,2000000,completed,24357997,20260701_225220_626532_job24357997,snellius_genoa_mem320,algorithm_data_ordered/2d/boundary_singularity/p1/production_2M/adaptive_g_effective_rho,outer_history.csv,completed,5,,,16,16,22,30,30,225,0.05604,0.35398,1,1,0,1,0,0,adaptive,1,0.0463092,1,computed,2.44444,1.00933,2.42185,0.0010688099999999999,0.032692600000000002,0.0026126399999999998,0.051113990257071494,0.0010787800000000001,0.032844786496489822,-0.36277376786699195,0.36277376786699195,10,-0.35502414654050191,0.35502414654050191,10,-0.71004829308100403,0.71004829308100403,10,0.00038119199999999998,0.019524099999999999,7.2329599999999998e-06,0.0026894200000000001,0.00137441,0.037073099999999998,6.0203900000000001e-06,0.0024536499999999999,1.2125700000000001e-06,0.0011011700000000001,9.8582300000000006e-33,9.92886e-17,9.92886e-17,2.2282208923236193,4.9649834648721312,0.44878853952275183,0.20141053984874735,0.91233425794409195,0.40944515917930263,3.6918220285414698e-14,1.3629592863779146e-27,1,1,not_skipped,success,1,4.9455399999999997e-06,0.0022238599999999998,0.82689204363766156,0.68375049772154139,,,,,,,,,,,,,,,,,,,,,,,,
outer,2d,boundary_singularity,p1,1,adaptive_g_effective_rho,g_eff_rho,production_2M,2000000,completed,24357997,20260701_225220_626532_job24357997,snellius_genoa_mem320,algorithm_data_ordered/2d/boundary_singularity/p1/production_2M/adaptive_g_effective_rho,outer_history.csv,completed,6,,,22,22,40,42,42,315,0.0671125,0.424492,1,1,0,1,0,0,adaptive,1,0.046919,1,computed,2.44444,1.00956,2.42129,0.0010422599999999999,0.032284,0.0025477299999999998,0.050475043338267675,0.00105222,0.032437940748450723,-0.36277376786699195,0.36277376786699195,10,-0.35502414654050191,0.35502414654050191,10,-0.71004829308100403,0.71004829308100403,10,0.00038915599999999999,0.019727000000000001,7.1009400000000003e-06,0.00266476,0.00133252,0.0365037,5.7874200000000004e-06,0.0024057100000000001,1.3135199999999999e-06,0.00114609,2.0839800000000001e-32,1.4435999999999999e-16,1.4436e-16,2.0990585381601794,4.4060387356111823,0.47640405535164254,0.22696123661320586,0.90278674252090252,0.43009126525465707,5.4173734219967276e-14,2.9347945483274046e-27,1,1,not_skipped,success,1,4.8659299999999998e-06,0.0022058799999999999,0.82779687476545727,0.68525153007911621,,,,,,,,,,,,,,,,,,,,,,,,
outer,2d,boundary_singularity,p1,1,adaptive_g_effective_rho,g_eff_rho,production_2M,2000000,completed,24357997,20260701_225220_626532_job24357997,snellius_genoa_mem320,algorithm_data_ordered/2d/boundary_singularity/p1/production_2M/adaptive_g_effective_rho,outer_history.csv,completed,7,,,40,40,63,78,78,579,0.0816466,0.509614,1,1,0,1,0,0,adaptive,1,0.0783164,1,computed,2.44444,1.02447,2.38605,0.00078645400000000002,0.028043800000000001,0.0019224400000000001,0.043845638323555057,0.00080570100000000003,0.02838487273179149,-0.36277376786699195,0.36277376786699195,10,-0.35502414654050191,0.35502414654050191,10,-0.71004829308100403,0.71004829308100403,10,0.00041509400000000002,0.0203739,1.1634000000000001e-05,0.0034108699999999999,0.00095150300000000003,0.0308464,1.1629400000000001e-05,0.00341019,4.64209e-09,6.8132899999999999e-05,1.6374e-31,4.0464699999999998e-16,4.04647e-16,50.052030663600114,2505.2077835630075,0.019979209369565917,0.00039916848676629918,0.99980063737404246,0.019975226261921445,1.1863454192038982e-13,1.4074265085095409e-26,1,1,not_skipped,success,1,1.0374799999999999e-05,0.0032209999999999999,0.944333850307986,0.89176551487020794,,,,,,,,,,,,,,,,,,,,,,,,
outer,2d,boundary_singularity,p1,1,adaptive_g_effective_rho,g_eff_rho,production_2M,2000000,completed,24357997,20260701_225220_626532_job24357997,snellius_genoa_mem320,algorithm_data_ordered/2d/boundary_singularity/p1/production_2M/adaptive_g_effective_rho,outer_history.csv,completed,8,,,63,63,97,124,124,894,0.0825745,0.595889,1,1,0,1,0,0,adaptive,1,0.0882002,1,computed,2.44444,1.03026,2.37264,0.00068227499999999998,0.026120399999999998,0.00166778,0.040838462262920726,0.00070292399999999995,0.026512713931244384,-0.36277376786699195,0.36277376786699195,10,-0.35502414654050191,0.35502414654050191,10,-0.71004829308100403,0.71004829308100403,10,0.00039847400000000001,0.019961799999999998,1.1688800000000001e-05,0.0034188899999999999,0.00080840899999999995,0.028432499999999999,1.0083e-05,0.0031753800000000002,1.6058200000000001e-06,0.00126721,3.2205900000000001e-31,5.6750199999999999e-16,5.67502e-16,2.5058040892985378,6.2790350101505767,0.39907349671535369,0.15926014083110188,0.92877512876986401,0.3706495383004425,1.6599013129992483e-13,2.7552785572513856e-26,1,1,not_skipped,success,1,9.0970499999999996e-06,0.0030161300000000001,0.88219568339431809,0.77827065224830594,,,,,,,,,,,,,,,,,,,,,,,,
outer,2d,boundary_singularity,p1,1,adaptive_g_effective_rho,g_eff_rho,production_2M,2000000,completed,24357997,20260701_225220_626532_job24357997,snellius_genoa_mem320,algorithm_data_ordered/2d/boundary_singularity/p1/production_2M/adaptive_g_effective_rho,outer_history.csv,completed,9,,,97,97,133,192,192,1308,0.100425,0.70026,1,1,0,1,0,0,adaptive,1,0.174169,1,computed,2.44444,1.09708,2.22814,0.00042099100000000001,0.020518100000000001,0.0010290900000000001,0.032079432663312486,0.00046186000000000003,0.021490928318711595,-0.36277376786699195,0.36277376786699195,10,-0.35502414654050191,0.35502414654050191,10,-0.71004829308100403,0.71004829308100403,10,0.00030004599999999999,0.017321799999999998,2.08429e-05,0.0045653999999999998,0.000474745,0.021788600000000002,1.24883e-05,0.0035338800000000001,8.3545400000000005e-06,0.0028904199999999999,8.9958799999999997e-31,9.4846599999999994e-16,9.48466e-16,1.2226181662180584,1.4947920531830596,0.81791685060047303,0.66898937405411463,0.77405703771849133,0.63311429447584,2.077509090112586e-13,4.3160404742142404e-26,1,1,not_skipped,success,1,1.0779500000000001e-05,0.0032832199999999999,0.71915275769921583,0.51717851162746076,,,,,,,,,,,,,,,,,,,,,,,,
outer,2d,boundary_singularity,p1,1,adaptive_g_effective_rho,g_eff_rho,production_2M,2000000,completed,24357997,20260701_225220_626532_job24357997,snellius_genoa_mem320,algorithm_data_ordered/2d/boundary_singularity/p1/production_2M/adaptive_g_effective_rho,outer_history.csv,completed,10,,,133,133,173,264,264,1782,0.117251,0.821309,1,1,0,1,0,0,adaptive,1,0.163489,1,computed,2.44444,1.08745,2.24788,0.00036245899999999998,0.0190384,0.00088601200000000004,0.029765953705534115,0.00039415499999999998,0.019853337250951033,-0.36277376786699195,0.36277376786699195,10,-0.35502414654050191,0.35502414654050191,10,-0.71004829308100403,0.71004829308100403,10,0.00027555499999999997,0.016599800000000001,1.4964600000000001e-05,0.0038684100000000001,0.00040108400000000001,0.020027099999999999,1.06148e-05,0.0032580399999999998,4.3498100000000001e-06,0.0020856199999999998,1.59264e-30,1.262e-15,1.262e-15,1.5621445900979085,2.4402904954469276,0.64014560901646389,0.40978727813995552,0.84221682810250198,0.53914140434959057,3.2623222460907712e-13,1.0642716811675554e-25,1,1,not_skipped,success,1,9.9939200000000007e-06,0.00316132,0.81721430768713754,0.66783742966734827,,,,,,,,,,,,,,,,,,,,,,,,
outer,2d,boundary_singularity,p1,1,adaptive_g_effective_rho,g_eff_rho,production_2M,2000000,completed,24357997,20260701_225220_626532_job24357997,snellius_genoa_mem320,algorithm_data_ordered/2d/boundary_singularity/p1/production_2M/adaptive_g_effective_rho,outer_history.csv,completed,11,,,173,173,248,344,344,2349,0.16209,0.987418,1,1,0,1,0,0,adaptive,1,0.147577,1,computed,2.44444,1.07371,2.27663,0.00034390100000000003,0.018544600000000001,0.00084064700000000003,0.028993913154315685,0.00036925100000000002,0.019215904870705413,-0.36277376786699195,0.36277376786699195,10,-0.35502414654050191,0.35502414654050191,10,-0.71004829308100403,0.71004829308100403,10,0.000266061,0.0163114,1.15325e-05,0.00339595,0.00037849699999999999,0.019455,1.0343199999999999e-05,0.00321609,1.1892500000000001e-06,0.0010905299999999999,2.3241000000000001e-30,1.5245e-15,1.5245e-15,2.9491073147918905,8.6972461635484546,0.33908565991623368,0.11497892335060718,0.94703691161530645,0.32112663614010806,4.4891709241891075e-13,2.0152612182961197e-25,1,1,not_skipped,success,1,9.1570299999999993e-06,0.0030260600000000001,0.89107907949174758,0.79401951008020799,,,,,,,,,,,,,,,,,,,,,,,,
outer,2d,boundary_singularity,p1,1,adaptive_g_effective_rho,g_eff_rho,production_2M,2000000,completed,24357997,20260701_225220_626532_job24357997,snellius_genoa_mem320,algorithm_data_ordered/2d/boundary_singularity/p1/production_2M/adaptive_g_effective_rho,outer_history.csv,completed,12,,,248,248,372,494,494,3399,0.207053,1.20187,1,1,0,1,0,0,adaptive,1,0.12628,1,computed,2.44444,1.0566,2.31349,0.000321434,0.017928599999999999,0.00078572899999999998,0.028030857996144177,0.00033962899999999998,0.01842902601875639,-0.36277376786699195,0.36277376786699195,10,-0.35502414654050191,0.35502414654050191,10,-0.71004829308100403,0.71004829308100403,10,0.00025570600000000002,0.015990799999999999,7.7981599999999999e-06,0.0027925200000000002,0.00035064699999999999,0.018725599999999998,7.5798599999999998e-06,0.0027531600000000002,2.1829799999999999e-07,0.00046722300000000001,3.3345199999999998e-30,1.8260700000000001e-15,1.82607e-15,5.8926037459628491,34.722535249979387,0.16970426709671796,0.028799740364597762,0.9859052039018521,0.16731232005500407,6.5391474367238194e-13,4.2760343465638049e-25,1,1,not_skipped,success,1,6.9233799999999999e-06,0.00263123,0.94224213255410882,0.88782225550642713,,,,,,,,,,,,,,,,,,,,,,,,
outer,2d,boundary_singularity,p1,1,adaptive_g_effective_rho,g_eff_rho,production_2M,2000000,completed,24357997,20260701_225220_626532_job24357997,snellius_genoa_mem320,algorithm_data_ordered/2d/boundary_singularity/p1/production_2M/adaptive_g_effective_rho,outer_history.csv,completed,13,,,372,372,569,742,742,4938,0.266051,1.47306,1,1,0,1,0,0,adaptive,1,0.18036,1,computed,2.44444,1.10281,2.21657,0.00025534800000000002,0.0159796,0.00062418499999999997,0.024983694682732576,0.000281599,0.016780911774990057,-0.36277376786699195,0.36277376786699195,10,-0.35502414654050191,0.35502414654050191,10,-0.71004829308100403,0.71004829308100403,10,0.00021255100000000001,0.014579099999999999,1.1314e-05,0.0033636299999999998,0.000274369,0.016564099999999998,7.6149700000000004e-06,0.0027595200000000001,3.6990399999999999e-06,0.00192329,5.1028699999999997e-30,2.2589500000000002e-15,2.25895e-15,1.4347914251100979,2.0586341320991393,0.69696541427494629,0.48575897212989672,0.82039938994479189,0.57179000068378516,6.71581000288379e-13,4.5102262683401091e-25,1,1,not_skipped,success,1,6.9197799999999997e-06,0.0026305500000000002,0.78205688497248516,0.61161216192328083,,,,,,,,,,,,,,,,,,,,,,,,
outer,2d,boundary_singularity,p1,1,adaptive_g_effective_rho,g_eff_rho,production_2M,2000000,completed,24357997,20260701_225220_626532_job24357997,snellius_genoa_mem320,algorithm_data_ordered/2d/boundary_singularity/p1/production_2M/adaptive_g_effective_rho,outer_history.csv,completed,14,,,569,569,700,1136,1136,7329,0.372178,1.85064,1,1,0,1,0,0,adaptive,1,0.384338,1,computed,2.44444,1.3366,1.82886,0.000128252,0.011324799999999999,0.000313505,0.017706072404686479,0.000171421,0.013092784272262336,-0.36277376786699195,0.36277376786699195,10,-0.35502414654050191,0.35502414654050191,10,-0.71004829308100403,0.71004829308100403,10,0.000112658,0.010614,2.1890199999999999e-05,0.0046787,0.00013518300000000001,0.0116268,6.7901399999999998e-06,0.0026057900000000002,1.51001e-05,0.00388588,9.4005900000000004e-30,3.06604e-15,3.06604e-15,0.67057912236095818,0.44967516771412108,1.4912483354376216,2.2238274910384765,0.55694744266569773,0.8305469468014619,6.553187851326223e-13,4.294428557071201e-25,1,1,not_skipped,success,1,6.7791500000000001e-06,0.0026036800000000001,0.55649646269262831,0.30968881051794866,,,,,,,,,,,,,,,,,,,,,,,,
outer,2d,boundary_singularity,p1,1,adaptive_g_effective_rho,g_eff_rho,production_2M,2000000,completed,24357997,20260701_225220_626532_job24357997,snellius_genoa_mem320,algorithm_data_ordered/2d/boundary_singularity/p1/production_2M/adaptive_g_effective_rho,outer_history.csv,completed,15,,,700,700,920,1398,1398,8976,0.458649,2.31571,1,1,0,1,0,0,adaptive,1,0.234039,1,computed,2.44444,1.15643,2.11378,0.000112243,0.0105945,0.00027437199999999999,0.01656417821686304,0.000129801,0.011393024181489303,-0.36277376786699195,0.36277376786699195,10,-0.35502414654050191,0.35502414654050191,10,-0.71004829308100403,0.71004829308100403,10,9.9651199999999999e-05,0.0099825399999999998,7.4280800000000004e-06,0.0027254499999999999,0.00011783899999999999,0.010855399999999999,6.3095100000000002e-06,0.0025118699999999998,1.11857e-06,0.00105762,1.2369199999999999e-29,3.5169799999999998e-15,3.51698e-15,2.3750212741816528,5.6406930277050167,0.4210488600126599,0.17728318046884781,0.92163495936450857,0.38805334898824051,1.290421765213084e-12,1.6651947744235385e-24,1,1,not_skipped,success,1,5.5733599999999996e-06,0.0023608000000000001,0.86620558072978782,0.75030963586821886,,,,,,,,,,,,,,,,,,,,,,,,
outer,2d,boundary_singularity,p1,1,adaptive_g_effective_rho,g_eff_rho,production_2M,2000000,completed,24357997,20260701_225220_626532_job24357997,snellius_genoa_mem320,algorithm_data_ordered/2d/boundary_singularity/p1/production_2M/adaptive_g_effective_rho,outer_history.csv,completed,16,,,920,920,1340,1838,1838,11832,0.609411,2.9322,1,1,0,1,0,0,adaptive,1,0.185732,1,computed,2.44444,1.10786,2.20646,0.000106943,0.010341299999999999,0.00026141599999999999,0.01616836417204907,0.000118478,0.010884759988166941,-0.36277376786699195,0.36277376786699195,10,-0.35502414654050191,0.35502414654050191,10,-0.71004829308100403,0.71004829308100403,10,9.6615599999999997e-05,0.0098293200000000008,4.4467699999999999e-06,0.00210874,0.000111533,0.0105609,3.5774799999999999e-06,0.00189142,8.6929100000000005e-07,0.00093235799999999999,1.7166300000000001e-29,4.1432300000000001e-15,4.14323e-15,2.0286413587913654,4.1153997913241938,0.49294075350794642,0.24298975815378424,0.89694319830799429,0.44213985602777012,1.9647894003053959e-12,3.8603975469835408e-24,1,1,not_skipped,success,1,3.3429300000000002e-06,0.00182837,0.86704382711951211,0.75176588849884307,,,,,,,,,,,,,,,,,,,,,,,,
outer,2d,boundary_singularity,p1,1,adaptive_g_effective_rho,g_eff_rho,production_2M,2000000,completed,24357997,20260701_225220_626532_job24357997,snellius_genoa_mem320,algorithm_data_ordered/2d/boundary_singularity/p1/production_2M/adaptive_g_effective_rho,outer_history.csv,completed,17,,,1340,1340,2030,2678,2678,17154,0.968348,3.9086,1,1,0,1,0,0,adaptive,1,0.191863,1,computed,2.44444,1.11371,2.19486,9.4001999999999999e-05,0.0096954599999999995,0.00022978300000000001,0.015158594921693766,0.000104691,0.01023186200063312,-0.36277376786699195,0.36277376786699195,10,-0.35502414654050191,0.35502414654050191,10,-0.71004829308100403,0.71004829308100403,10,8.6912100000000004e-05,0.0093226699999999999,4.0055900000000004e-06,0.0020014,9.7152999999999996e-05,0.00985662,3.0987999999999999e-06,0.00176034,9.0679699999999996e-07,0.000952259,2.3899399999999999e-29,4.8886999999999999e-15,4.8887e-15,1.8485937124248759,3.4173028803580072,0.54095174795778089,0.29262843681425066,0.87955431198161294,0.47579644249025682,2.4426401518936744e-12,5.9665117997598347e-24,1,1,not_skipped,success,1,2.84057e-06,0.0016854000000000001,0.8421105226341562,0.70915146083348513,,,,,,,,,,,,,,,,,,,,,,,,
outer,2d,boundary_singularity,p1,1,adaptive_g_effective_rho,g_eff_rho,production_2M,2000000,completed,24357997,20260701_225220_626532_job24357997,snellius_genoa_mem320,algorithm_data_ordered/2d/boundary_singularity/p1/production_2M/adaptive_g_effective_rho,outer_history.csv,completed,18,,,2030,2030,2758,4058,4058,25698,1.29913,5.21958,1,1,0,1,0,0,adaptive,1,0.331587,1,computed,2.44444,1.26894,1.92636,6.1356099999999993e-05,0.0078330099999999996,0.000149982,0.012246713844946326,7.7857399999999998e-05,0.0088236840378608291,-0.36277376786699195,0.36277376786699195,10,-0.35502414654050191,0.35502414654050191,10,-0.71004829308100403,0.71004829308100403,10,5.6836699999999997e-05,0.0075390099999999996,7.4646700000000003e-06,0.00273215,6.3364700000000007e-05,0.0079602000000000006,2.6445599999999998e-06,0.0016262099999999999,4.8201099999999997e-06,0.0021954700000000001,3.5899000000000002e-29,5.9915800000000002e-15,5.99158e-15,0.74071155606772121,0.54865137932536812,1.3500531911622733,1.8226510270139455,0.59521256153578683,0.8035686181212599,2.1929908679977308e-12,4.8091878140627781e-24,1,1,not_skipped,success,1,2.4773500000000001e-06,0.0015739599999999999,0.57608842852698416,0.33187669381231855,,,,,,,,,,,,,,,,,,,,,,,,
outer,2d,boundary_singularity,p1,1,adaptive_g_effective_rho,g_eff_rho,production_2M,2000000,completed,24357997,20260701_225220_626532_job24357997,snellius_genoa_mem320,algorithm_data_ordered/2d/boundary_singularity/p1/production_2M/adaptive_g_effective_rho,outer_history.csv,completed,19,,,2758,2758,3466,5514,5514,34440,1.64965,6.88402,1,1,0,1,0,0,adaptive,1,0.500869,1,computed,2.44444,1.5013,1.62821,3.9314899999999999e-05,0.0062701600000000003,9.6102999999999998e-05,0.0098032137587629898,5.9023600000000002e-05,0.0076826818234259839,-0.36277376786699195,0.36277376786699195,10,-0.35502414654050191,0.35502414654050191,10,-0.71004829308100403,0.71004829308100403,10,3.6136100000000001e-05,0.0060113299999999996,1.0659000000000001e-05,0.0032648099999999999,4.07277e-05,0.0063818199999999999,2.3411299999999999e-06,0.0015300800000000001,8.3178500000000003e-06,0.0028840699999999999,4.8179499999999999e-29,6.9411399999999998e-15,6.94114e-15,0.53052803850114605,0.28145854998587372,1.8849145142737633,3.5529210253168344,0.46865820675628905,0.88338065614844352,2.1260471512890489e-12,4.5200769302936478e-24,1,1,not_skipped,success,1,2.2528400000000001e-06,0.00150095,0.45973578860638142,0.21135566188197766,,,,,,,,,,,,,,,,,,,,,,,,
outer,2d,boundary_singularity,p1,1,adaptive_g_effective_rho,g_eff_rho,production_2M,2000000,completed,24357997,20260701_225220_626532_job24357997,snellius_genoa_mem320,algorithm_data_ordered/2d/boundary_singularity/p1/production_2M/adaptive_g_effective_rho,outer_history.csv,completed,20,,,3466,3466,4982,6930,6930,43299,2.26044,9.16153,1,1,0,1,0,0,adaptive,1,0.226568,1,computed,2.44444,1.14857,2.12824,3.90005e-05,0.0062450300000000004,9.5334400000000007e-05,0.0097639336335311085,4.47949e-05,0.0066928992223101638,-0.36277376786699195,0.36277376786699195,10,-0.35502414654050191,0.35502414654050191,10,-0.71004829308100403,0.71004829308100403,10,3.6450499999999999e-05,0.0060374199999999999,2.2499700000000001e-06,0.0014999900000000001,4.0133799999999999e-05,0.0063351199999999996,1.81362e-06,0.0013467100000000001,4.3634800000000001e-07,0.00066056600000000002,5.4411200000000003e-29,7.3764000000000005e-15,7.3764e-15,2.0387213389729415,4.1563614362847998,0.49050352340147468,0.24059505298794676,0.89781265208434724,0.44038026920179468,4.9176327842185615e-12,2.4183077996595511e-23,1,1,not_skipped,success,1,1.6599899999999999e-06,0.00128841,0.85894572630484201,0.73778317044227248,,,,,,,,,,,,,,,,,,,,,,,,
outer,2d,boundary_singularity,p1,1,adaptive_g_effective_rho,g_eff_rho,production_2M,2000000,completed,24357997,20260701_225220_626532_job24357997,snellius_genoa_mem320,algorithm_data_ordered/2d/boundary_singularity/p1/production_2M/adaptive_g_effective_rho,outer_history.csv,completed,21,,,4982,4982,7723,9962,9962,62694,3.6479,12.8303,1,1,0,1,0,0,adaptive,1,0.214762,1,computed,2.44444,1.1364,2.15104,3.6187799999999999e-05,0.0060156300000000001,8.8459099999999995e-05,0.009405269799426276,4.1123900000000001e-05,0.0064127919036875043,-0.36277376786699195,0.36277376786699195,10,-0.35502414654050191,0.35502414654050191,10,-0.71004829308100403,0.71004829308100403,10,3.4437000000000002e-05,0.0058683099999999998,1.8271400000000001e-06,0.00135172,3.6965999999999998e-05,0.0060799599999999997,1.5373099999999999e-06,0.0012398800000000001,2.8982799999999999e-07,0.00053835600000000003,7.4852500000000001e-29,8.6517300000000007e-15,8.65173e-15,2.3030856905096257,5.3042149136729373,0.4342000838790851,0.18852931419167246,0.91726097120705474,0.39827479063711418,6.4005341342881663e-12,4.0967030441017105e-23,1,1,not_skipped,success,1,1.40538e-06,0.00118549,0.87702334803065718,0.76916930284488327,,,,,,,,,,,,,,,,,,,,,,,,
outer,2d,boundary_singularity,p1,1,adaptive_g_effective_rho,g_eff_rho,production_2M,2000000,completed,24357997,20260701_225220_626532_job24357997,snellius_genoa_mem320,algorithm_data_ordered/2d/boundary_singularity/p1/production_2M/adaptive_g_effective_rho,outer_history.csv,completed,22,,,7723,7723,10614,15456,15456,96450,5.06427,17.9269,1,1,0,1,0,0,adaptive,1,0.28703,1,computed,2.44444,1.21539,2.01124,2.7642200000000001e-05,0.0052575900000000004,6.7569899999999998e-05,0.0082200912403695373,3.3596200000000002e-05,0.0057962229080669421,-0.36277376786699195,0.36277376786699195,10,-0.35502414654050191,0.35502414654050191,10,-0.71004829308100403,0.71004829308100403,10,2.6602400000000001e-05,0.00515775,2.4156499999999999e-06,0.0015542399999999999,2.8104400000000001e-05,0.0053013599999999998,1.2696600000000001e-06,0.0011267899999999999,1.14598e-06,0.00107051,1.01871e-28,1.00931e-14,1.00931e-14,1.0525730726476166,1.1079250946787902,0.95005280487047283,0.90258809445048271,0.7249781243565987,0.68876750051472102,6.4939134239242335e-12,4.2171258253472148e-23,1,1,not_skipped,success,1,1.17592e-06,0.0010843999999999999,0.69770434424541894,0.48679237472315939,,,,,,,,,,,,,,,,,,,,,,,,
outer,2d,boundary_singularity,p1,1,adaptive_g_effective_rho,g_eff_rho,production_2M,2000000,completed,24357997,20260701_225220_626532_job24357997,snellius_genoa_mem320,algorithm_data_ordered/2d/boundary_singularity/p1/production_2M/adaptive_g_effective_rho,outer_history.csv,completed,23,,,10614,10614,14843,21318,21318,132468,7.09992,25.0699,1,1,0,1,0,0,adaptive,1,0.388038,1,computed,2.44444,1.34151,1.82216,2.0535800000000001e-05,0.00453164,5.0198599999999997e-05,0.0070850970353270393,2.75489e-05,0.005248704602089929,-0.36277376786699195,0.36277376786699195,10,-0.35502414654050191,0.35502414654050191,10,-0.71004829308100403,0.71004829308100403,10,1.9612199999999998e-05,0.0044285699999999997,3.2684700000000002e-06,0.0018078899999999999,2.0946199999999999e-05,0.0045767100000000003,9.8015499999999998e-07,0.000990028,2.2883199999999999e-06,0.00151272,1.31499e-28,1.1467300000000001e-14,1.14673e-14,0.65446877148447835,0.42832951685079013,1.5279567850606246,2.3346511521136963,0.54761517570206153,0.83673232331613101,6.3429190935289209e-12,4.023258588881036e-23,1,1,not_skipped,success,1,9.2559100000000005e-07,0.00096207599999999997,0.53215405804556692,0.28318785242024558,,,,,,,,,,,,,,,,,,,,,,,,
outer,2d,boundary_singularity,p1,1,adaptive_g_effective_rho,g_eff_rho,production_2M,2000000,completed,24357997,20260701_225220_626532_job24357997,snellius_genoa_mem320,algorithm_data_ordered/2d/boundary_singularity/p1/production_2M/adaptive_g_effective_rho,outer_history.csv,completed,24,,,14843,14843,20190,29868,29868,186126,9.70096,34.8283,1,1,0,1,0,0,adaptive,1,0.477073,1,computed,2.44444,1.466,1.66742,1.5719700000000001e-05,0.00396481,3.8425900000000001e-05,0.0061988627989333659,2.3045100000000001e-05,0.0048005312206046528,-0.36277376786699195,0.36277376786699195,10,-0.35502414654050191,0.35502414654050191,10,-0.71004829308100403,0.71004829308100403,10,1.4830900000000001e-05,0.0038510900000000002,3.7896699999999999e-06,0.0019467099999999999,1.61147e-05,0.0040143100000000001,7.9735399999999998e-07,0.00089294699999999995,2.99231e-06,0.0017298299999999999,1.57743e-28,1.25596e-14,1.25596e-14,0.51620506061289262,0.26646771223569748,1.9372146387187594,3.7527998856216938,0.45869543999876716,0.88859152107915407,6.4517056983320583e-12,4.162446862127837e-23,1,1,not_skipped,success,1,7.6253900000000002e-07,0.00087323499999999998,0.44856963800463345,0.20121514538205174,,,,,,,,,,,,,,,,,,,,,,,,
outer,2d,boundary_singularity,p1,1,adaptive_g_effective_rho,g_eff_rho,production_2M,2000000,completed,24357997,20260701_225220_626532_job24357997,snellius_genoa_mem320,algorithm_data_ordered/2d/boundary_singularity/p1/production_2M/adaptive_g_effective_rho,outer_history.csv,completed,25,,,20190,20190,25666,41256,41256,255282,13.7806,48.6927,1,1,0,1,0,0,adaptive,1,0.625055,1,computed,2.44444,1.69936,1.43845,1.0484300000000001e-05,0.0032379499999999999,2.56283e-05,0.0050624401231026918,1.7816600000000002e-05,0.0042209714521659588,-0.36277376786699195,0.36277376786699195,10,-0.35502414654050191,0.35502414654050191,10,-0.71004829308100403,0.71004829308100403,10,9.7548899999999997e-06,0.00312328,4.3212899999999998e-06,0.0020787700000000002,1.08085e-05,0.0032876200000000002,6.9684699999999997e-07,0.00083477300000000003,3.6244399999999998e-06,0.0019038,1.9105599999999999e-28,1.3822300000000001e-14,1.38223e-14,0.43847725601428722,0.19226335654611471,2.2806200008864685,5.2011991154442798,0.4015706403305801,0.91583003410670727,6.6492685578491124e-12,4.4212723515431735e-23,1,1,not_skipped,success,1,6.6642400000000001e-07,0.00081634800000000005,0.39270722590762808,0.15421876337852819,,,,,,,,,,,,,,,,,,,,,,,,
outer,2d,boundary_singularity,p1,1,adaptive_g_effective_rho,g_eff_rho,production_2M,2000000,completed,24357997,20260701_225220_626532_job24357997,snellius_genoa_mem320,algorithm_data_ordered/2d/boundary_singularity/p1/production_2M/adaptive_g_effective_rho,outer_history.csv,completed,26,,,25666,25666,33599,52398,52398,323655,18.089,66.9016,1,1,0,1,0,0,adaptive,1,0.63916,1,computed,2.44444,1.72334,1.41844,8.7631200000000006e-06,0.0029602600000000001,2.1421e-05,0.0046282826188555077,1.51018e-05,0.0038861034468989628,-0.36277376786699195,0.36277376786699195,10,-0.35502414654050191,0.35502414654050191,10,-0.71004829308100403,0.71004829308100403,10,8.2410400000000006e-06,0.0028707200000000002,3.74432e-06,0.00193502,8.9951600000000005e-06,0.0029991900000000001,6.1278700000000005e-07,0.00078280699999999995,3.13153e-06,0.00176961,2.3128000000000002e-28,1.5207899999999998e-14,1.52079e-14,0.44236131124937128,0.19568294092663971,2.2605955235453949,5.1103074967321431,0.40454723982181062,0.91451767940383044,7.8592986119006522e-12,6.1768224938039492e-23,1,1,not_skipped,success,1,5.8510000000000002e-07,0.00076491799999999996,0.39530237413566782,0.15626335355952484,,,,,,,,,,,,,,,,,,,,,,,,
outer,2d,boundary_singularity,p1,1,adaptive_g_effective_rho,g_eff_rho,production_2M,2000000,completed,24357997,20260701_225220_626532_job24357997,snellius_genoa_mem320,algorithm_data_ordered/2d/boundary_singularity/p1/production_2M/adaptive_g_effective_rho,outer_history.csv,completed,27,,,33599,33599,43944,68596,68596,423678,24.9662,92.0133,1,1,0,1,0,0,adaptive,1,0.688962,1,computed,2.44444,1.81045,1.35019,7.1720500000000002e-06,0.0026780699999999998,1.75317e-05,0.0041870872930952849,1.2984599999999999e-05,0.0036034150468687337,-0.36277376786699195,0.36277376786699195,10,-0.35502414654050191,0.35502414654050191,10,-0.71004829308100403,0.71004829308100403,10,6.8139899999999996e-06,0.0026103599999999999,3.5245700000000001e-06,0.00187739,7.3311900000000004e-06,0.00270762,5.3887099999999998e-07,0.00073407799999999999,2.9857000000000001e-06,0.00172792,2.8183499999999999e-28,1.67879e-14,1.67879e-14,0.42483332561692672,0.18048397360752921,2.3538643032484288,5.5406581538067554,0.39100985943250999,0.92038415033637122,8.942148408162395e-12,7.9962945834527328e-23,1,1,not_skipped,success,1,5.2991399999999996e-07,0.00072795200000000003,0.38774681872173605,0.15034855315683898,,,,,,,,,,,,,,,,,,,,,,,,
outer,2d,boundary_singularity,p1,1,adaptive_g_effective_rho,g_eff_rho,production_2M,2000000,completed,24357997,20260701_225220_626532_job24357997,snellius_genoa_mem320,algorithm_data_ordered/2d/boundary_singularity/p1/production_2M/adaptive_g_effective_rho,outer_history.csv,completed,28,,,43944,43944,57341,89990,89990,554034,34.248,126.499,1,1,0,1,0,0,adaptive,1,0.664537,1,computed,2.44444,1.76725,1.38319,6.01569e-06,0.00245269,1.4705000000000001e-05,0.003834709897762802,1.0631200000000001e-05,0.003260552100488505,-0.36277376786699195,0.36277376786699195,10,-0.35502414654050191,0.35502414654050191,10,-0.71004829308100403,0.71004829308100403,10,5.7501500000000003e-06,0.0023979499999999998,2.7430599999999998e-06,0.0016562199999999999,6.1337100000000001e-06,0.0024766300000000001,4.74085e-07,0.00068853800000000004,2.2689699999999998e-06,0.0015063100000000001,3.4227400000000002e-28,1.85007e-14,1.85007e-14,0.45710245566981567,0.2089428242770949,2.1876933444486726,4.7859982914456261,0.41572858678194929,0.90948666239992282,1.117043629469515e-11,1.247781674480325e-22,1,1,not_skipped,success,1,5.1844800000000004e-07,0.00072003300000000002,0.43474478028281272,0.18900352161454728,,,,,,,,,,,,,,,,,,,,,,,,
outer,2d,boundary_singularity,p1,1,adaptive_g_effective_rho,g_eff_rho,production_2M,2000000,completed,24357997,20260701_225220_626532_job24357997,snellius_genoa_mem320,algorithm_data_ordered/2d/boundary_singularity/p1/production_2M/adaptive_g_effective_rho,outer_history.csv,completed,29,,,57341,57341,73851,118092,118092,728202,48.7503,175.537,1,1,0,1,0,0,adaptive,1,0.522847,1,computed,2.44444,1.53466,1.59282,5.7935100000000004e-06,0.00240697,1.4161900000000001e-05,0.0037632299956287551,8.8910800000000006e-06,0.0029817914078620589,-0.36277376786699195,0.36277376786699195,10,-0.35502414654050191,0.35502414654050191,10,-0.71004829308100403,0.71004829308100403,10,5.5733599999999996e-06,0.0023608000000000001,1.64129e-06,0.0012811299999999999,5.8913599999999998e-06,0.00242721,4.0373500000000001e-07,0.00063540199999999997,1.2375499999999999e-06,0.0011124500000000001,4.2389600000000004e-28,2.0588700000000001e-14,2.05887e-14,0.57117353588925335,0.32623732374449521,1.7507813950853162,3.0652531982612352,0.49596996401614202,0.86833498552059518,1.6070734429761228e-11,2.5827001931407614e-22,1,1,not_skipped,success,1,3.79261e-07,0.00061584200000000002,0.48070219259559926,0.23107494714523333,,,,,,,,,,,,,,,,,,,,,,,,
outer,2d,boundary_singularity,p1,1,adaptive_g_effective_rho,g_eff_rho,production_2M,2000000,completed,24357997,20260701_225220_626532_job24357997,snellius_genoa_mem320,algorithm_data_ordered/2d/boundary_singularity/p1/production_2M/adaptive_g_effective_rho,outer_history.csv,completed,30,,,73851,73851,99969,153270,153270,945258,71.8629,247.848,1,1,0,1,0,0,adaptive,1,0.503973,1,computed,2.44444,1.50597,1.62317,5.0199099999999999e-06,0.0022405200000000002,1.22709e-05,0.003502984441872387,7.5598400000000003e-06,0.0027495163211008586,-0.36277376786699195,0.36277376786699195,10,-0.35502414654050191,0.35502414654050191,10,-0.71004829308100403,0.71004829308100403,10,4.8129899999999996e-06,0.0021938499999999998,1.32714e-06,0.0011520199999999999,5.1118699999999997e-06,0.0022609499999999999,3.1295899999999999e-07,0.00055942700000000004,1.01418e-06,0.0010070700000000001,5.2758899999999996e-28,2.2969299999999999e-14,2.29693e-14,0.55549961770284084,0.30858328896251158,1.8001812568932141,3.2406161829504825,0.48560528463047525,0.87417753164007583,1.9938282321487475e-11,3.9753831547538313e-22,1,1,not_skipped,success,1,2.9423299999999999e-07,0.00054243200000000003,0.47085293658096222,0.22170456771704566,,,,,,,,,,,,,,,,,,,,,,,,
outer,2d,boundary_singularity,p1,1,adaptive_g_effective_rho,g_eff_rho,production_2M,2000000,completed,24357997,20260701_225220_626532_job24357997,snellius_genoa_mem320,algorithm_data_ordered/2d/boundary_singularity/p1/production_2M/adaptive_g_effective_rho,outer_history.csv,completed,31,,,99969,99969,135647,208784,208784,1286910,103.296,351.93,1,1,0,1,0,0,adaptive,1,0.565823,1,computed,2.44444,1.60199,1.52588,3.9823400000000002e-06,0.0019955799999999998,9.7346199999999996e-06,0.0031200352562110577,6.3796699999999997e-06,0.0025258008630927339,-0.36277376786699195,0.36277376786699195,10,-0.35502414654050191,0.35502414654050191,10,-0.71004829308100403,0.71004829308100403,10,3.7952300000000001e-06,0.0019481399999999999,1.3277100000000001e-06,0.00115226,4.0655100000000001e-06,0.0020163099999999999,2.5334999999999998e-07,0.000503339,1.07436e-06,0.00103651,6.3817899999999998e-28,2.5262199999999999e-14,2.52622e-14,0.48560940077760945,0.23581481067798502,2.059268206914227,4.2406157489638847,0.43682762570947531,0.8995452415253502,2.1924044920417266e-11,4.8066143962160407e-22,1,1,not_skipped,success,1,2.4411999999999999e-07,0.00049408500000000001,0.42879645218960999,0.18386545254611322,,,,,,,,,,,,,,,,,,,,,,,,
outer,2d,boundary_singularity,p1,1,adaptive_g_effective_rho,g_eff_rho,production_2M,2000000,completed,24357997,20260701_225220_626532_job24357997,snellius_genoa_mem320,algorithm_data_ordered/2d/boundary_singularity/p1/production_2M/adaptive_g_effective_rho,outer_history.csv,completed,32,,,135647,135647,176147,285926,285926,1759422,139.079,492.027,1,1,0,1,0,0,adaptive,1,0.644969,1,computed,2.44444,1.7333,1.41028,3.0210700000000002e-06,0.0017381199999999999,7.3848400000000003e-06,0.0027175062097445149,5.2364200000000001e-06,0.0022883225297147254,-0.36277376786699195,0.36277376786699195,10,-0.35502414654050191,0.35502414654050191,10,-0.71004829308100403,0.71004829308100403,10,2.8587499999999999e-06,0.00169078,1.3082199999999999e-06,0.0011437800000000001,3.0932100000000002e-06,0.0017587499999999999,2.1428499999999999e-07,0.00046290900000000001,1.0939400000000001e-06,0.0010459200000000001,7.7934099999999998e-28,2.79167e-14,2.79167e-14,0.44258547498852679,0.19588368649103238,2.2594505615574554,5.1050703502345014,0.40471856475895712,0.91444158841735301,2.4407403521656261e-11,5.957262539939766e-22,1,1,not_skipped,success,1,2.18305e-07,0.00046723100000000003,0.40849726345975623,0.16687177997584504,,,,,,,,,,,,,,,,,,,,,,,,
outer,2d,boundary_singularity,p1,1,adaptive_g_effective_rho,g_eff_rho,production_2M,2000000,completed,24357997,20260701_225220_626532_job24357997,snellius_genoa_mem320,algorithm_data_ordered/2d/boundary_singularity/p1/production_2M/adaptive_g_effective_rho,outer_history.csv,completed,33,,,176147,176147,230662,373474,373474,2296044,197.496,690.884,1,1,0,1,0,0,adaptive,1,0.758494,1,computed,2.44444,1.93856,1.26096,2.29687e-06,0.0015155399999999999,5.6145600000000002e-06,0.0023695062776874004,4.4526100000000002e-06,0.0021101208496197557,-0.36277376786699195,0.36277376786699195,10,-0.35502414654050191,0.35502414654050191,10,-0.71004829308100403,0.71004829308100403,10,2.17083e-06,0.00147338,1.3672e-06,0.00116927,2.3528799999999998e-06,0.0015339100000000001,1.85469e-07,0.00043066099999999999,1.18173e-06,0.0010870700000000001,9.5004700000000005e-28,3.0822800000000002e-14,3.08228e-14,0.39616676019023611,0.15694701835444644,2.5241895597697495,6.3715769212105524,0.36831612886672882,0.92969972718020655,2.6360720791605021e-11,6.9488516676418958e-22,1,1,not_skipped,success,1,1.9733300000000001e-07,0.00044422199999999998,0.37991396341306966,0.14433367466354594,,,,,,,,,,,,,,,,,,,,,,,,
outer,2d,boundary_singularity,p1,1,adaptive_g_effective_rho,g_eff_rho,production_2M,2000000,completed,24357997,20260701_225220_626532_job24357997,snellius_genoa_mem320,algorithm_data_ordered/2d/boundary_singularity/p1/production_2M/adaptive_g_effective_rho,outer_history.csv,completed,34,,,230662,230662,296617,490252,490252,3011691,284.833,977.796,1,1,0,1,0,0,adaptive,1,0.882854,1,computed,2.44444,2.18702,1.1177,1.7404000000000001e-06,0.00131924,4.2543199999999998e-06,0.0020626003005914644,3.8062999999999999e-06,0.0019509741156663253,-0.36277376786699195,0.36277376786699195,10,-0.35502414654050191,0.35502414654050191,10,-0.71004829308100403,0.71004829308100403,10,1.65177e-06,0.00128521,1.3926499999999999e-06,0.0011801100000000001,1.7798000000000001e-06,0.00133409,1.6565999999999999e-07,0.00040701399999999998,1.22699e-06,0.0011077000000000001,1.16457e-27,3.41257e-14,3.41257e-14,0.36744064277331401,0.13501332529197466,2.7215280064076426,7.4066763250030183,0.34489496741829145,0.93864131309793153,2.8917389056952316e-11,8.362259002620903e-22,1,1,not_skipped,success,1,1.9012399999999999e-07,0.00043603199999999999,0.36948420062536541,0.13651958496391772,,,,,,,,,,,,,,,,,,,,,,,,
outer,2d,boundary_singularity,p1,1,adaptive_g_effective_rho,g_eff_rho,production_2M,2000000,completed,24357997,20260701_225220_626532_job24357997,snellius_genoa_mem320,algorithm_data_ordered/2d/boundary_singularity/p1/production_2M/adaptive_g_effective_rho,outer_history.csv,completed,35,,,296617,296617,368049,634774,634774,3894300,376.402,1356.97,1,1,0,1,0,0,adaptive,1,0.976524,1,computed,2.44444,2.391,1.02235,1.33834e-06,0.0011568699999999999,3.2715100000000002e-06,0.0018087315997681911,3.1999800000000002e-06,0.0017888487918211534,-0.36277376786699195,0.36277376786699195,10,-0.35502414654050191,0.35502414654050191,10,-0.71004829308100403,0.71004829308100403,10,1.26814e-06,0.00112612,1.30695e-06,0.0011432199999999999,1.3695500000000001e-06,0.0011702800000000001,1.4892099999999999e-07,0.00038590299999999999,1.1580299999999999e-06,0.0010761200000000001,1.55463e-22,1.24685e-11,1.24685e-11,0.3586059175556629,0.12859856825816257,2.7885764039149739,7.7761363407444222,0.33755795035076364,0.94130613530204177,1.0906474694284565e-08,1.18950992769425e-16,1,1,not_skipped,success,1,1.75587e-07,0.00041903200000000001,0.36653662462168263,0.13434867439458281,,,,,,,,,,,,,,,,,,,,,,,,
outer,2d,boundary_singularity,p1,1,adaptive_g_effective_rho,g_eff_rho,production_2M,2000000,completed,24357997,20260701_225220_626532_job24357997,snellius_genoa_mem320,algorithm_data_ordered/2d/boundary_singularity/p1/production_2M/adaptive_g_effective_rho,outer_history.csv,completed,36,,,368049,368049,468070,793534,793534,4865520,517.1,1877.43,1,1,0,1,0,0,adaptive,1,0.99217,1,computed,2.44444,2.42652,1.00739,1.1149300000000001e-06,0.0010559,2.7253800000000001e-06,0.001650872496590818,2.7053900000000001e-06,0.001644806979557176,-0.36277376786699195,0.36277376786699195,10,-0.35502414654050191,0.35502414654050191,10,-0.71004829308100403,0.71004829308100403,10,1.0617999999999999e-06,0.0010304400000000001,1.1210200000000001e-06,0.0010587800000000001,1.13854e-06,0.0010670199999999999,1.31217e-07,0.00036223899999999999,9.8980700000000002e-07,0.00099489099999999992,1.6888800000000001e-27,4.1095999999999997e-14,4.1096e-14,0.36409918272453967,0.13256826835938723,2.7465043797051116,7.5432832636015146,0.34212867640114092,0.93965790815844641,3.8814484595477807e-11,1.5065565288754883e-21,1,1,not_skipped,success,1,1.48655e-07,0.00038555799999999998,0.36415308184892042,0.13260691156268398,,,,,,,,,,,,,,,,,,,,,,,,
outer,2d,boundary_singularity,p1,1,adaptive_g_effective_rho,g_eff_rho,production_2M,2000000,completed,24357997,20260701_225220_626532_job24357997,snellius_genoa_mem320,algorithm_data_ordered/2d/boundary_singularity/p1/production_2M/adaptive_g_effective_rho,outer_history.csv,completed,37,,,468070,468070,576297,1016180,1139600,6967461,1743.2,3624.94,2,1,0,1,0,0,adaptive,1,0.633051,1,computed,2.44444,1.71292,1.42707,1.2329699999999999e-06,0.0011103899999999999,3.01393e-06,0.0017360673950051594,2.1119800000000001e-06,0.0014532652889269737,-0.36277376786699195,0.36277376786699195,10,-0.35502414654050191,0.35502414654050191,10,-0.71004829308100403,0.71004829308100403,10,1.19048e-06,0.0010910900000000001,5.0738299999999996e-07,0.00071230800000000004,1.25186e-06,0.00111886,7.8256199999999994e-08,0.00027974299999999999,4.29127e-07,0.00065507800000000002,1.02378e-20,1.01182e-10,1.01182e-10,0.4270376962743368,0.18236139883997043,2.341713644309241,5.4836166335702483,0.39272758413495285,0.91965554226542445,1.4204810278699663e-07,2.0177656720859787e-14,1,1,not_skipped,success,1,8.6642000000000003e-08,0.00029435000000000003,0.41323416274982172,0.17076252062051747,,,,,,,,,,,,,,,,,,,,,,,,
outer,2d,boundary_singularity,p1,1,adaptive_g_effective_rho,g_eff_rho,production_2M,2000000,completed,24357997,20260701_225220_626532_job24357997,snellius_genoa_mem320,algorithm_data_ordered/2d/boundary_singularity/p1/production_2M/adaptive_g_effective_rho,outer_history.csv,completed,38,,,576297,576297,753537,1245104,1245104,7625325,1205.68,4840.26,1,1,0,1,0,0,adaptive,1,0.785895,1,computed,2.44444,1.99115,1.22765,9.04094e-07,0.00095083799999999997,2.2100099999999999e-06,0.0014866102380920157,1.8001900000000001e-06,0.001341711593450694,-0.36277376786699195,0.36277376786699195,10,-0.35502414654050191,0.35502414654050191,10,-0.71004829308100403,0.71004829308100403,10,8.6622799999999999e-07,0.00093071400000000002,5.7253999999999996e-07,0.00075666399999999999,9.2092300000000005e-07,0.000959647,7.38617e-08,0.00027177499999999998,4.9867800000000001e-07,0.00070617200000000003,1.0260500000000001e-21,3.2032000000000002e-11,3.2032e-11,0.38485666381561429,0.14811501610257521,2.5983699751632789,6.7515099165061194,0.35917527462651849,0.93327024941057068,4.2333188839432037e-08,1.7921018618786463e-15,1,1,not_skipped,success,1,8.5289700000000002e-08,0.00029204399999999998,0.38596259370077074,0.14896723373039439,,,,,,,,,,,,,,,,,,,,,,,,
outer,2d,boundary_singularity,p1,1,adaptive_g_effective_rho,g_eff_rho,production_2M,2000000,completed,24357997,20260701_225220_626532_job24357997,snellius_genoa_mem320,algorithm_data_ordered/2d/boundary_singularity/p1/production_2M/adaptive_g_effective_rho,outer_history.csv,completed,39,,,753537,753537,966143,1637016,1637016,10028208,1796.18,6645.28,1,1,0,1,0,0,adaptive,1,0.805789,1,computed,2.44444,2.0301,1.2041,7.4698600000000004e-07,0.00086428399999999999,1.82597e-06,0.0013512845740257676,1.5164499999999999e-06,0.0012314422438750427,-0.36277376786699195,0.36277376786699195,10,-0.35502414654050191,0.35502414654050191,10,-0.71004829308100403,0.71004829308100403,10,7.1641900000000003e-07,0.00084641499999999999,4.9665499999999997e-07,0.00070473699999999998,7.6057200000000004e-07,0.00087210800000000002,6.81821e-08,0.000261117,4.28473e-07,0.00065457799999999995,3.0346100000000001e-27,5.5087300000000002e-14,5.50873e-14,0.39890891536226397,0.15912811308997299,2.5068379308892181,6.284244691788607,0.37051694461905649,0.9288259308082305,7.8167174421096101e-11,6.1100965458920185e-21,1,1,not_skipped,success,1,7.6727499999999997e-08,0.00027699700000000002,0.39305017332707098,0.1544885282540194,,,,,,,,,,,,,,,,,,,,,,,,
outer,2d,boundary_singularity,p1,1,adaptive_g_effective_rho,g_eff_rho,production_2M,2000000,completed,24357997,20260701_225220_626532_job24357997,snellius_genoa_mem320,algorithm_data_ordered/2d/boundary_singularity/p1/production_2M/adaptive_g_effective_rho,outer_history.csv,completed,40,,,966143,966143,1246762,2112558,2112558,12940344,2587.26,9244.68,1,1,0,1,0,0,adaptive,1,0.867909,1,computed,2.44444,2.15583,1.13388,6.11719e-07,0.00078212500000000005,1.49531e-06,0.0012228286879199391,1.3187599999999999e-06,0.0011483727617807729,-0.36277376786699195,0.36277376786699195,10,-0.35502414654050191,0.35502414654050191,10,-0.71004829308100403,0.71004829308100403,10,5.8621399999999996e-07,0.00076564600000000003,4.7105500000000001e-07,0.00068633500000000005,6.2305500000000004e-07,0.00078933900000000001,5.9718500000000006e-08,0.000244374,4.11337e-07,0.00064135500000000003,1.4307300000000001e-20,1.1961299999999999e-10,1.19613e-10,0.38102766798418969,0.14518144489797905,2.6244813278008299,6.8879325502147566,0.3560564447390851,0.93446349086087699,1.742778672222748e-07,3.0372886393308641e-14,1,1,not_skipped,success,1,6.7733099999999994e-08,0.000260256,0.37919674794378833,0.14379021557992164,,,,,,,,,,,,,,,,,,,,,,,,
outer,2d,boundary_singularity,p1,1,adaptive_g_effective_rho,g_eff_rho,production_2M,2000000,completed,24357997,20260701_225220_626532_job24357997,snellius_genoa_mem320,algorithm_data_ordered/2d/boundary_singularity/p1/production_2M/adaptive_g_effective_rho,outer_history.csv,completed,41,,,1246762,1246762,1630123,2729810,2729810,16712256,3830.82,13090.9,1,1,0,1,0,0,adaptive,1,0.961044,1,computed,2.44444,2.35628,1.03742,4.8669600000000003e-07,0.00069763599999999996,1.1897e-06,0.0010907336980216574,1.1467899999999999e-06,0.0010708828133834253,-0.36277376786699195,0.36277376786699195,10,-0.35502414654050191,0.35502414654050191,10,-0.71004829308100403,0.71004829308100403,10,4.6487099999999998e-07,0.00068181399999999999,4.5895800000000003e-07,0.00067746400000000002,4.9639600000000002e-07,0.00070455400000000003,5.2719899999999999e-08,0.00022960799999999999,4.0623800000000001e-07,0.00063736800000000003,3.0894399999999999e-20,1.7576800000000001e-10,1.75768e-10,0.36024400346424668,0.1297758949187422,2.7758963102330934,7.7055912473278596,0.33892280623029414,0.94081456726851909,2.5944994863195686e-07,6.7314220473333068e-14,1,1,not_skipped,success,1,5.7733900000000001e-08,0.00024027900000000001,0.35467419671008349,0.12579342772105509,,,,,,,,,,,,,,,,,,,,,,,,
outer,2d,boundary_singularity,p1,1,adaptive_g_effective_rho,g_eff_rho,production_2M,2000000,completed,24357997,20260701_225220_626532_job24357997,snellius_genoa_mem320,algorithm_data_ordered/2d/boundary_singularity/p1/production_2M/adaptive_g_effective_rho,outer_history.csv,completed,42,,,1630123,1630123,2042910,3579124,4080480,24880464,13699.3,26810.6,2,1,0,1,0,0,adaptive,1,0.864875,1,computed,2.44444,2.14954,1.13719,4.4708899999999999e-07,0.00066864699999999997,1.09288e-06,0.0010454090108660821,9.6103599999999992e-07,0.00098032443609246019,-0.36277376786699195,0.36277376786699195,10,-0.35502414654050191,0.35502414654050191,10,-0.71004829308100403,0.71004829308100403,10,4.2947500000000003e-07,0.00065534299999999996,3.4149900000000001e-07,0.000584379,4.5491700000000002e-07,0.00067447500000000001,3.4432199999999998e-08,0.00018555899999999999,3.07066e-07,0.00055413599999999999,5.0390700000000002e-19,7.09864e-10,7.09864e-10,0.33486183897093852,0.11213289651084782,2.986306242219456,8.917989556287429,0.31753194416637148,0.94824762696811482,1.2147322200147506e-06,1.4755738669805768e-12,1,1,not_skipped,success,1,3.6933800000000001e-08,0.000192182,0.32886534252599769,0.10815200044509647,,,,,,,,,,,,,,,,,,,,,,,,
inner,2d,boundary_singularity,p1,1,adaptive_g_effective_rho,g_eff_rho,production_2M,2000000,completed,24357997,20260701_225220_626532_job24357997,snellius_genoa_mem320,algorithm_data_ordered/2d/boundary_singularity/p1/production_2M/adaptive_g_effective_rho,inner_history.csv,completed,0,0,,2,2,2,2,2,15,0.0743896,0.0750537,,,,,,0,,1,0.014894,1,computed,2.44444,1.00106,2.44186,0.00143429,0.037872099999999999,0.0035060500000000001,0.059211907586227956,0.00143581,0.037892083605945981,-0.36277376786699195,0.36277376786699195,10,-0.35502414654050191,0.35502414654050191,10,-0.71004829308100403,0.71004829308100403,10,0.000217951,0.014763099999999999,1.3359199999999999e-06,0.0011558199999999999,0.00197489,0.044439800000000002,1.3359199999999999e-06,0.0011558199999999999,2.8674500000000001e-35,5.3548499999999997e-18,9.9552900000000008e-35,9.9776199999999995e-18,9.97762e-18,215845448518632.62,4.6589129714554739e+28,4.6329445761450749e-15,2.1464234385292534e-29,1,4.6329445761450749e-15,8.63250333096849e-15,7.4520105994370936e-29,1,1,not_skipped,success,1,7.0725099999999998e-08,0.00026594200000000002,0.230089460296586,0.052941119228696334,,,,,,,,,,,,,,,,,,,,,,,,
inner,2d,boundary_singularity,p1,1,adaptive_g_effective_rho,g_eff_rho,production_2M,2000000,completed,24357997,20260701_225220_626532_job24357997,snellius_genoa_mem320,algorithm_data_ordered/2d/boundary_singularity/p1/production_2M/adaptive_g_effective_rho,inner_history.csv,completed,1,0,,2,2,3,2,2,30,0.0273482,0.121352,,,,,,0,,1,0.0130922,1,computed,2.44444,1.00082,2.44244,0.0014339699999999999,0.0378678,0.0035052600000000001,0.059205236254912454,0.0014351500000000001,0.037883373661805782,-0.36277376786699195,0.36277376786699195,10,-0.35502414654050191,0.35502414654050191,10,-0.71004829308100403,0.71004829308100403,10,0.00021794199999999999,0.014762900000000001,1.03753e-06,0.00101859,0.0019744300000000001,0.044434599999999998,1.03753e-06,0.00101859,7.8315499999999998e-34,2.79849e-17,1.1232700000000001e-34,1.0598400000000001e-17,1.05984e-17,36397843122541.086,1.3248079882015692e+27,2.7474155450181132e-14,7.5482636646651182e-28,1,2.7474155450181132e-14,1.040497157835832e-14,1.0826385743062852e-28,1,1,not_skipped,success,1,2.2984800000000001e-07,0.000479424,0.4706741672311725,0.22153383516621206,,,,,,,,,,,,,,,,,,,,,,,,
inner,2d,boundary_singularity,p1,1,adaptive_g_effective_rho,g_eff_rho,production_2M,2000000,completed,24357997,20260701_225220_626532_job24357997,snellius_genoa_mem320,algorithm_data_ordered/2d/boundary_singularity/p1/production_2M/adaptive_g_effective_rho,inner_history.csv,completed,2,0,,3,3,5,4,4,54,0.0282694,0.172559,,,,,,0,,1,0.0299761,1,computed,2.44444,1.0041,2.43447,0.00123774,0.035181499999999997,0.0030255799999999999,0.055005272474554653,0.00124281,0.035253510463498526,-0.36277376786699195,0.36277376786699195,10,-0.35502414654050191,0.35502414654050191,10,-0.71004829308100403,0.71004829308100403,10,0.00032835900000000002,0.0181207,4.0214500000000003e-06,0.0020053599999999999,0.0016419,0.040520399999999998,4.0214500000000003e-06,0.0020053599999999999,3.7601499999999999e-35,6.1320000000000002e-18,8.6964700000000001e-34,2.9489799999999998e-17,2.94898e-17,327031963470319.62,1.0694919085674775e+29,3.0578050823792238e-15,9.3502343682005237e-30,1,3.0578050823792238e-15,1.4705489288706269e-14,2.1625209812381107e-28,1,1,not_skipped,success,1,2.3085099999999999e-06,0.0015193800000000001,0.75765947261339617,0.57404916137214179,,,,,,,,,,,,,,,,,,,,,,,,
inner,2d,boundary_singularity,p1,1,adaptive_g_effective_rho,g_eff_rho,production_2M,2000000,completed,24357997,20260701_225220_626532_job24357997,snellius_genoa_mem320,algorithm_data_ordered/2d/boundary_singularity/p1/production_2M/adaptive_g_effective_rho,inner_history.csv,completed,3,0,,5,5,9,8,8,78,0.0325725,0.224301,,,,,,0,,1,0.0292686,1,computed,2.44444,1.00391,2.43491,0.00123722,0.0351741,0.0030243100000000001,0.054993726914985497,0.0012420599999999999,0.035242871619662323,-0.36277376786699195,0.36277376786699195,10,-0.35502414654050191,0.35502414654050191,10,-0.71004829308100403,0.71004829308100403,10,0.00032818000000000002,0.018115699999999998,3.8397900000000002e-06,0.0019595400000000001,0.00164123,0.040512100000000002,3.8397900000000002e-06,0.0019595400000000001,9.6013300000000004e-35,9.7986400000000001e-18,1.31279e-33,3.6232399999999998e-17,3.62324e-17,199980813663937.03,3.999227190399663e+28,5.0004797044204251e-15,2.5004830993361615e-29,1,5.0004797044204251e-15,1.8490257917674554e-14,3.418910930024819e-28,1,1,not_skipped,success,1,2.6501599999999998e-06,0.0016279300000000001,0.8307715075987222,0.69018357774774131,,,,,,,,,,,,,,,,,,,,,,,,
inner,2d,boundary_singularity,p1,1,adaptive_g_effective_rho,g_eff_rho,production_2M,2000000,completed,24357997,20260701_225220_626532_job24357997,snellius_genoa_mem320,algorithm_data_ordered/2d/boundary_singularity/p1/production_2M/adaptive_g_effective_rho,inner_history.csv,completed,4,0,,9,9,16,16,16,129,0.0329218,0.277416,,,,,,0,,1,0.0293782,1,computed,2.44444,1.00394,2.43484,0.00121082,0.034796899999999999,0.0029597899999999999,0.054403952062327239,0.0012156000000000001,0.034865455683240398,-0.36277376786699195,0.36277376786699195,10,-0.35502414654050191,0.35502414654050191,10,-0.71004829308100403,0.71004829308100403,10,0.00034143500000000001,0.018478000000000001,3.7225599999999999e-06,0.00192939,0.0015972200000000001,0.039965199999999999,3.7111100000000002e-06,0.00192643,1.14432e-08,0.00010697299999999999,4.0065199999999999e-33,6.3297100000000005e-17,6.32971e-17,18.008562908397447,324.30701202460853,0.055529139392555139,0.0030834979291909964,0.99846583635242225,0.055443948605517802,3.2806793857125827e-14,1.0762808389925213e-27,1,1,not_skipped,success,1,3.0745399999999998e-06,0.00175344,0.90880537371915471,0.82592087165821371,,,,,,,,,,,,,,,,,,,,,,,,
inner,2d,boundary_singularity,p1,1,adaptive_g_effective_rho,g_eff_rho,production_2M,2000000,completed,24357997,20260701_225220_626532_job24357997,snellius_genoa_mem320,algorithm_data_ordered/2d/boundary_singularity/p1/production_2M/adaptive_g_effective_rho,inner_history.csv,completed,5,0,,16,16,22,30,30,225,0.0372851,0.338709,,,,,,0,,1,0.0463092,1,computed,2.44444,1.00933,2.42185,0.0010688099999999999,0.032692600000000002,0.0026126399999999998,0.051113990257071494,0.0010787800000000001,0.032844786496489822,-0.36277376786699195,0.36277376786699195,10,-0.35502414654050191,0.35502414654050191,10,-0.71004829308100403,0.71004829308100403,10,0.00038119199999999998,0.019524099999999999,7.2329599999999998e-06,0.0026894200000000001,0.00137441,0.037073099999999998,6.0203900000000001e-06,0.0024536499999999999,1.2125700000000001e-06,0.0011011700000000001,9.8582300000000006e-33,9.92886e-17,9.92886e-17,2.2282208923236193,4.9649834648721312,0.44878853952275183,0.20141053984874735,0.91233425794409195,0.40944515917930263,3.6918220285414698e-14,1.3629592863779146e-27,1,1,not_skipped,success,1,4.9455399999999997e-06,0.0022238599999999998,0.82689204363766156,0.68375049772154139,,,,,,,,,,,,,,,,,,,,,,,,
inner,2d,boundary_singularity,p1,1,adaptive_g_effective_rho,g_eff_rho,production_2M,2000000,completed,24357997,20260701_225220_626532_job24357997,snellius_genoa_mem320,algorithm_data_ordered/2d/boundary_singularity/p1/production_2M/adaptive_g_effective_rho,inner_history.csv,completed,6,0,,22,22,40,42,42,315,0.0451147,0.40592,,,,,,0,,1,0.046919,1,computed,2.44444,1.00956,2.42129,0.0010422599999999999,0.032284,0.0025477299999999998,0.050475043338267675,0.00105222,0.032437940748450723,-0.36277376786699195,0.36277376786699195,10,-0.35502414654050191,0.35502414654050191,10,-0.71004829308100403,0.71004829308100403,10,0.00038915599999999999,0.019727000000000001,7.1009400000000003e-06,0.00266476,0.00133252,0.0365037,5.7874200000000004e-06,0.0024057100000000001,1.3135199999999999e-06,0.00114609,2.0839800000000001e-32,1.4435999999999999e-16,1.4436e-16,2.0990585381601794,4.4060387356111823,0.47640405535164254,0.22696123661320586,0.90278674252090252,0.43009126525465707,5.4173734219967276e-14,2.9347945483274046e-27,1,1,not_skipped,success,1,4.8659299999999998e-06,0.0022058799999999999,0.82779687476545727,0.68525153007911621,,,,,,,,,,,,,,,,,,,,,,,,
inner,2d,boundary_singularity,p1,1,adaptive_g_effective_rho,g_eff_rho,production_2M,2000000,completed,24357997,20260701_225220_626532_job24357997,snellius_genoa_mem320,algorithm_data_ordered/2d/boundary_singularity/p1/production_2M/adaptive_g_effective_rho,inner_history.csv,completed,7,0,,40,40,63,78,78,579,0.055494,0.486925,,,,,,0,,1,0.0783164,1,computed,2.44444,1.02447,2.38605,0.00078645400000000002,0.028043800000000001,0.0019224400000000001,0.043845638323555057,0.00080570100000000003,0.02838487273179149,-0.36277376786699195,0.36277376786699195,10,-0.35502414654050191,0.35502414654050191,10,-0.71004829308100403,0.71004829308100403,10,0.00041509400000000002,0.0203739,1.1634000000000001e-05,0.0034108699999999999,0.00095150300000000003,0.0308464,1.1629400000000001e-05,0.00341019,4.64209e-09,6.8132899999999999e-05,1.6374e-31,4.0464699999999998e-16,4.04647e-16,50.052030663600114,2505.2077835630075,0.019979209369565917,0.00039916848676629918,0.99980063737404246,0.019975226261921445,1.1863454192038982e-13,1.4074265085095409e-26,1,1,not_skipped,success,1,1.0374799999999999e-05,0.0032209999999999999,0.944333850307986,0.89176551487020794,,,,,,,,,,,,,,,,,,,,,,,,
inner,2d,boundary_singularity,p1,1,adaptive_g_effective_rho,g_eff_rho,production_2M,2000000,completed,24357997,20260701_225220_626532_job24357997,snellius_genoa_mem320,algorithm_data_ordered/2d/boundary_singularity/p1/production_2M/adaptive_g_effective_rho,inner_history.csv,completed,8,0,,63,63,97,124,124,894,0.0570268,0.573714,,,,,,0,,1,0.0882002,1,computed,2.44444,1.03026,2.37264,0.00068227499999999998,0.026120399999999998,0.00166778,0.040838462262920726,0.00070292399999999995,0.026512713931244384,-0.36277376786699195,0.36277376786699195,10,-0.35502414654050191,0.35502414654050191,10,-0.71004829308100403,0.71004829308100403,10,0.00039847400000000001,0.019961799999999998,1.1688800000000001e-05,0.0034188899999999999,0.00080840899999999995,0.028432499999999999,1.0083e-05,0.0031753800000000002,1.6058200000000001e-06,0.00126721,3.2205900000000001e-31,5.6750199999999999e-16,5.67502e-16,2.5058040892985378,6.2790350101505767,0.39907349671535369,0.15926014083110188,0.92877512876986401,0.3706495383004425,1.6599013129992483e-13,2.7552785572513856e-26,1,1,not_skipped,success,1,9.0970499999999996e-06,0.0030161300000000001,0.88219568339431809,0.77827065224830594,,,,,,,,,,,,,,,,,,,,,,,,
inner,2d,boundary_singularity,p1,1,adaptive_g_effective_rho,g_eff_rho,production_2M,2000000,completed,24357997,20260701_225220_626532_job24357997,snellius_genoa_mem320,algorithm_data_ordered/2d/boundary_singularity/p1/production_2M/adaptive_g_effective_rho,inner_history.csv,completed,9,0,,97,97,133,192,192,1308,0.070889,0.674086,,,,,,0,,1,0.174169,1,computed,2.44444,1.09708,2.22814,0.00042099100000000001,0.020518100000000001,0.0010290900000000001,0.032079432663312486,0.00046186000000000003,0.021490928318711595,-0.36277376786699195,0.36277376786699195,10,-0.35502414654050191,0.35502414654050191,10,-0.71004829308100403,0.71004829308100403,10,0.00030004599999999999,0.017321799999999998,2.08429e-05,0.0045653999999999998,0.000474745,0.021788600000000002,1.24883e-05,0.0035338800000000001,8.3545400000000005e-06,0.0028904199999999999,8.9958799999999997e-31,9.4846599999999994e-16,9.48466e-16,1.2226181662180584,1.4947920531830596,0.81791685060047303,0.66898937405411463,0.77405703771849133,0.63311429447584,2.077509090112586e-13,4.3160404742142404e-26,1,1,not_skipped,success,1,1.0779500000000001e-05,0.0032832199999999999,0.71915275769921583,0.51717851162746076,,,,,,,,,,,,,,,,,,,,,,,,
inner,2d,boundary_singularity,p1,1,adaptive_g_effective_rho,g_eff_rho,production_2M,2000000,completed,24357997,20260701_225220_626532_job24357997,snellius_genoa_mem320,algorithm_data_ordered/2d/boundary_singularity/p1/production_2M/adaptive_g_effective_rho,inner_history.csv,completed,10,0,,133,133,173,264,264,1782,0.0836673,0.791229,,,,,,0,,1,0.163489,1,computed,2.44444,1.08745,2.24788,0.00036245899999999998,0.0190384,0.00088601200000000004,0.029765953705534115,0.00039415499999999998,0.019853337250951033,-0.36277376786699195,0.36277376786699195,10,-0.35502414654050191,0.35502414654050191,10,-0.71004829308100403,0.71004829308100403,10,0.00027555499999999997,0.016599800000000001,1.4964600000000001e-05,0.0038684100000000001,0.00040108400000000001,0.020027099999999999,1.06148e-05,0.0032580399999999998,4.3498100000000001e-06,0.0020856199999999998,1.59264e-30,1.262e-15,1.262e-15,1.5621445900979085,2.4402904954469276,0.64014560901646389,0.40978727813995552,0.84221682810250198,0.53914140434959057,3.2623222460907712e-13,1.0642716811675554e-25,1,1,not_skipped,success,1,9.9939200000000007e-06,0.00316132,0.81721430768713754,0.66783742966734827,,,,,,,,,,,,,,,,,,,,,,,,
inner,2d,boundary_singularity,p1,1,adaptive_g_effective_rho,g_eff_rho,production_2M,2000000,completed,24357997,20260701_225220_626532_job24357997,snellius_genoa_mem320,algorithm_data_ordered/2d/boundary_singularity/p1/production_2M/adaptive_g_effective_rho,inner_history.csv,completed,11,0,,173,173,248,344,344,2349,0.118455,0.947244,,,,,,0,,1,0.147577,1,computed,2.44444,1.07371,2.27663,0.00034390100000000003,0.018544600000000001,0.00084064700000000003,0.028993913154315685,0.00036925100000000002,0.019215904870705413,-0.36277376786699195,0.36277376786699195,10,-0.35502414654050191,0.35502414654050191,10,-0.71004829308100403,0.71004829308100403,10,0.000266061,0.0163114,1.15325e-05,0.00339595,0.00037849699999999999,0.019455,1.0343199999999999e-05,0.00321609,1.1892500000000001e-06,0.0010905299999999999,2.3241000000000001e-30,1.5245e-15,1.5245e-15,2.9491073147918905,8.6972461635484546,0.33908565991623368,0.11497892335060718,0.94703691161530645,0.32112663614010806,4.4891709241891075e-13,2.0152612182961197e-25,1,1,not_skipped,success,1,9.1570299999999993e-06,0.0030260600000000001,0.89107907949174758,0.79401951008020799,,,,,,,,,,,,,,,,,,,,,,,,
inner,2d,boundary_singularity,p1,1,adaptive_g_effective_rho,g_eff_rho,production_2M,2000000,completed,24357997,20260701_225220_626532_job24357997,snellius_genoa_mem320,algorithm_data_ordered/2d/boundary_singularity/p1/production_2M/adaptive_g_effective_rho,inner_history.csv,completed,12,0,,248,248,372,494,494,3399,0.152732,1.15106,,,,,,0,,1,0.12628,1,computed,2.44444,1.0566,2.31349,0.000321434,0.017928599999999999,0.00078572899999999998,0.028030857996144177,0.00033962899999999998,0.01842902601875639,-0.36277376786699195,0.36277376786699195,10,-0.35502414654050191,0.35502414654050191,10,-0.71004829308100403,0.71004829308100403,10,0.00025570600000000002,0.015990799999999999,7.7981599999999999e-06,0.0027925200000000002,0.00035064699999999999,0.018725599999999998,7.5798599999999998e-06,0.0027531600000000002,2.1829799999999999e-07,0.00046722300000000001,3.3345199999999998e-30,1.8260700000000001e-15,1.82607e-15,5.8926037459628491,34.722535249979387,0.16970426709671796,0.028799740364597762,0.9859052039018521,0.16731232005500407,6.5391474367238194e-13,4.2760343465638049e-25,1,1,not_skipped,success,1,6.9233799999999999e-06,0.00263123,0.94224213255410882,0.88782225550642713,,,,,,,,,,,,,,,,,,,,,,,,
inner,2d,boundary_singularity,p1,1,adaptive_g_effective_rho,g_eff_rho,production_2M,2000000,completed,24357997,20260701_225220_626532_job24357997,snellius_genoa_mem320,algorithm_data_ordered/2d/boundary_singularity/p1/production_2M/adaptive_g_effective_rho,inner_history.csv,completed,13,0,,372,372,569,742,742,4938,0.193198,1.40367,,,,,,0,,1,0.18036,1,computed,2.44444,1.10281,2.21657,0.00025534800000000002,0.0159796,0.00062418499999999997,0.024983694682732576,0.000281599,0.016780911774990057,-0.36277376786699195,0.36277376786699195,10,-0.35502414654050191,0.35502414654050191,10,-0.71004829308100403,0.71004829308100403,10,0.00021255100000000001,0.014579099999999999,1.1314e-05,0.0033636299999999998,0.000274369,0.016564099999999998,7.6149700000000004e-06,0.0027595200000000001,3.6990399999999999e-06,0.00192329,5.1028699999999997e-30,2.2589500000000002e-15,2.25895e-15,1.4347914251100979,2.0586341320991393,0.69696541427494629,0.48575897212989672,0.82039938994479189,0.57179000068378516,6.71581000288379e-13,4.5102262683401091e-25,1,1,not_skipped,success,1,6.9197799999999997e-06,0.0026305500000000002,0.78205688497248516,0.61161216192328083,,,,,,,,,,,,,,,,,,,,,,,,
inner,2d,boundary_singularity,p1,1,adaptive_g_effective_rho,g_eff_rho,production_2M,2000000,completed,24357997,20260701_225220_626532_job24357997,snellius_genoa_mem320,algorithm_data_ordered/2d/boundary_singularity/p1/production_2M/adaptive_g_effective_rho,inner_history.csv,completed,14,0,,569,569,700,1136,1136,7329,0.297002,1.77895,,,,,,0,,1,0.384338,1,computed,2.44444,1.3366,1.82886,0.000128252,0.011324799999999999,0.000313505,0.017706072404686479,0.000171421,0.013092784272262336,-0.36277376786699195,0.36277376786699195,10,-0.35502414654050191,0.35502414654050191,10,-0.71004829308100403,0.71004829308100403,10,0.000112658,0.010614,2.1890199999999999e-05,0.0046787,0.00013518300000000001,0.0116268,6.7901399999999998e-06,0.0026057900000000002,1.51001e-05,0.00388588,9.4005900000000004e-30,3.06604e-15,3.06604e-15,0.67057912236095818,0.44967516771412108,1.4912483354376216,2.2238274910384765,0.55694744266569773,0.8305469468014619,6.553187851326223e-13,4.294428557071201e-25,1,1,not_skipped,success,1,6.7791500000000001e-06,0.0026036800000000001,0.55649646269262831,0.30968881051794866,,,,,,,,,,,,,,,,,,,,,,,,
inner,2d,boundary_singularity,p1,1,adaptive_g_effective_rho,g_eff_rho,production_2M,2000000,completed,24357997,20260701_225220_626532_job24357997,snellius_genoa_mem320,algorithm_data_ordered/2d/boundary_singularity/p1/production_2M/adaptive_g_effective_rho,inner_history.csv,completed,15,0,,700,700,920,1398,1398,8976,0.354492,2.21519,,,,,,0,,1,0.234039,1,computed,2.44444,1.15643,2.11378,0.000112243,0.0105945,0.00027437199999999999,0.01656417821686304,0.000129801,0.011393024181489303,-0.36277376786699195,0.36277376786699195,10,-0.35502414654050191,0.35502414654050191,10,-0.71004829308100403,0.71004829308100403,10,9.9651199999999999e-05,0.0099825399999999998,7.4280800000000004e-06,0.0027254499999999999,0.00011783899999999999,0.010855399999999999,6.3095100000000002e-06,0.0025118699999999998,1.11857e-06,0.00105762,1.2369199999999999e-29,3.5169799999999998e-15,3.51698e-15,2.3750212741816528,5.6406930277050167,0.4210488600126599,0.17728318046884781,0.92163495936450857,0.38805334898824051,1.290421765213084e-12,1.6651947744235385e-24,1,1,not_skipped,success,1,5.5733599999999996e-06,0.0023608000000000001,0.86620558072978782,0.75030963586821886,,,,,,,,,,,,,,,,,,,,,,,,
inner,2d,boundary_singularity,p1,1,adaptive_g_effective_rho,g_eff_rho,production_2M,2000000,completed,24357997,20260701_225220_626532_job24357997,snellius_genoa_mem320,algorithm_data_ordered/2d/boundary_singularity/p1/production_2M/adaptive_g_effective_rho,inner_history.csv,completed,16,0,,920,920,1340,1838,1838,11832,0.453981,2.78377,,,,,,0,,1,0.185732,1,computed,2.44444,1.10786,2.20646,0.000106943,0.010341299999999999,0.00026141599999999999,0.01616836417204907,0.000118478,0.010884759988166941,-0.36277376786699195,0.36277376786699195,10,-0.35502414654050191,0.35502414654050191,10,-0.71004829308100403,0.71004829308100403,10,9.6615599999999997e-05,0.0098293200000000008,4.4467699999999999e-06,0.00210874,0.000111533,0.0105609,3.5774799999999999e-06,0.00189142,8.6929100000000005e-07,0.00093235799999999999,1.7166300000000001e-29,4.1432300000000001e-15,4.14323e-15,2.0286413587913654,4.1153997913241938,0.49294075350794642,0.24298975815378424,0.89694319830799429,0.44213985602777012,1.9647894003053959e-12,3.8603975469835408e-24,1,1,not_skipped,success,1,3.3429300000000002e-06,0.00182837,0.86704382711951211,0.75176588849884307,,,,,,,,,,,,,,,,,,,,,,,,
inner,2d,boundary_singularity,p1,1,adaptive_g_effective_rho,g_eff_rho,production_2M,2000000,completed,24357997,20260701_225220_626532_job24357997,snellius_genoa_mem320,algorithm_data_ordered/2d/boundary_singularity/p1/production_2M/adaptive_g_effective_rho,inner_history.csv,completed,17,0,,1340,1340,2030,2678,2678,17154,0.738422,3.68231,,,,,,0,,1,0.191863,1,computed,2.44444,1.11371,2.19486,9.4001999999999999e-05,0.0096954599999999995,0.00022978300000000001,0.015158594921693766,0.000104691,0.01023186200063312,-0.36277376786699195,0.36277376786699195,10,-0.35502414654050191,0.35502414654050191,10,-0.71004829308100403,0.71004829308100403,10,8.6912100000000004e-05,0.0093226699999999999,4.0055900000000004e-06,0.0020014,9.7152999999999996e-05,0.00985662,3.0987999999999999e-06,0.00176034,9.0679699999999996e-07,0.000952259,2.3899399999999999e-29,4.8886999999999999e-15,4.8887e-15,1.8485937124248759,3.4173028803580072,0.54095174795778089,0.29262843681425066,0.87955431198161294,0.47579644249025682,2.4426401518936744e-12,5.9665117997598347e-24,1,1,not_skipped,success,1,2.84057e-06,0.0016854000000000001,0.8421105226341562,0.70915146083348513,,,,,,,,,,,,,,,,,,,,,,,,
inner,2d,boundary_singularity,p1,1,adaptive_g_effective_rho,g_eff_rho,production_2M,2000000,completed,24357997,20260701_225220_626532_job24357997,snellius_genoa_mem320,algorithm_data_ordered/2d/boundary_singularity/p1/production_2M/adaptive_g_effective_rho,inner_history.csv,completed,18,0,,2030,2030,2758,4058,4058,25698,1.01899,4.94325,,,,,,0,,1,0.331587,1,computed,2.44444,1.26894,1.92636,6.1356099999999993e-05,0.0078330099999999996,0.000149982,0.012246713844946326,7.7857399999999998e-05,0.0088236840378608291,-0.36277376786699195,0.36277376786699195,10,-0.35502414654050191,0.35502414654050191,10,-0.71004829308100403,0.71004829308100403,10,5.6836699999999997e-05,0.0075390099999999996,7.4646700000000003e-06,0.00273215,6.3364700000000007e-05,0.0079602000000000006,2.6445599999999998e-06,0.0016262099999999999,4.8201099999999997e-06,0.0021954700000000001,3.5899000000000002e-29,5.9915800000000002e-15,5.99158e-15,0.74071155606772121,0.54865137932536812,1.3500531911622733,1.8226510270139455,0.59521256153578683,0.8035686181212599,2.1929908679977308e-12,4.8091878140627781e-24,1,1,not_skipped,success,1,2.4773500000000001e-06,0.0015739599999999999,0.57608842852698416,0.33187669381231855,,,,,,,,,,,,,,,,,,,,,,,,
inner,2d,boundary_singularity,p1,1,adaptive_g_effective_rho,g_eff_rho,production_2M,2000000,completed,24357997,20260701_225220_626532_job24357997,snellius_genoa_mem320,algorithm_data_ordered/2d/boundary_singularity/p1/production_2M/adaptive_g_effective_rho,inner_history.csv,completed,19,0,,2758,2758,3466,5514,5514,34440,1.32907,6.56727,,,,,,0,,1,0.500869,1,computed,2.44444,1.5013,1.62821,3.9314899999999999e-05,0.0062701600000000003,9.6102999999999998e-05,0.0098032137587629898,5.9023600000000002e-05,0.0076826818234259839,-0.36277376786699195,0.36277376786699195,10,-0.35502414654050191,0.35502414654050191,10,-0.71004829308100403,0.71004829308100403,10,3.6136100000000001e-05,0.0060113299999999996,1.0659000000000001e-05,0.0032648099999999999,4.07277e-05,0.0063818199999999999,2.3411299999999999e-06,0.0015300800000000001,8.3178500000000003e-06,0.0028840699999999999,4.8179499999999999e-29,6.9411399999999998e-15,6.94114e-15,0.53052803850114605,0.28145854998587372,1.8849145142737633,3.5529210253168344,0.46865820675628905,0.88338065614844352,2.1260471512890489e-12,4.5200769302936478e-24,1,1,not_skipped,success,1,2.2528400000000001e-06,0.00150095,0.45973578860638142,0.21135566188197766,,,,,,,,,,,,,,,,,,,,,,,,
inner,2d,boundary_singularity,p1,1,adaptive_g_effective_rho,g_eff_rho,production_2M,2000000,completed,24357997,20260701_225220_626532_job24357997,snellius_genoa_mem320,algorithm_data_ordered/2d/boundary_singularity/p1/production_2M/adaptive_g_effective_rho,inner_history.csv,completed,20,0,,3466,3466,4982,6930,6930,43299,1.70181,8.61056,,,,,,0,,1,0.226568,1,computed,2.44444,1.14857,2.12824,3.90005e-05,0.0062450300000000004,9.5334400000000007e-05,0.0097639336335311085,4.47949e-05,0.0066928992223101638,-0.36277376786699195,0.36277376786699195,10,-0.35502414654050191,0.35502414654050191,10,-0.71004829308100403,0.71004829308100403,10,3.6450499999999999e-05,0.0060374199999999999,2.2499700000000001e-06,0.0014999900000000001,4.0133799999999999e-05,0.0063351199999999996,1.81362e-06,0.0013467100000000001,4.3634800000000001e-07,0.00066056600000000002,5.4411200000000003e-29,7.3764000000000005e-15,7.3764e-15,2.0387213389729415,4.1563614362847998,0.49050352340147468,0.24059505298794676,0.89781265208434724,0.44038026920179468,4.9176327842185615e-12,2.4183077996595511e-23,1,1,not_skipped,success,1,1.6599899999999999e-06,0.00128841,0.85894572630484201,0.73778317044227248,,,,,,,,,,,,,,,,,,,,,,,,
inner,2d,boundary_singularity,p1,1,adaptive_g_effective_rho,g_eff_rho,production_2M,2000000,completed,24357997,20260701_225220_626532_job24357997,snellius_genoa_mem320,algorithm_data_ordered/2d/boundary_singularity/p1/production_2M/adaptive_g_effective_rho,inner_history.csv,completed,21,0,,4982,4982,7723,9962,9962,62694,2.76632,11.953,,,,,,0,,1,0.214762,1,computed,2.44444,1.1364,2.15104,3.6187799999999999e-05,0.0060156300000000001,8.8459099999999995e-05,0.009405269799426276,4.1123900000000001e-05,0.0064127919036875043,-0.36277376786699195,0.36277376786699195,10,-0.35502414654050191,0.35502414654050191,10,-0.71004829308100403,0.71004829308100403,10,3.4437000000000002e-05,0.0058683099999999998,1.8271400000000001e-06,0.00135172,3.6965999999999998e-05,0.0060799599999999997,1.5373099999999999e-06,0.0012398800000000001,2.8982799999999999e-07,0.00053835600000000003,7.4852500000000001e-29,8.6517300000000007e-15,8.65173e-15,2.3030856905096257,5.3042149136729373,0.4342000838790851,0.18852931419167246,0.91726097120705474,0.39827479063711418,6.4005341342881663e-12,4.0967030441017105e-23,1,1,not_skipped,success,1,1.40538e-06,0.00118549,0.87702334803065718,0.76916930284488327,,,,,,,,,,,,,,,,,,,,,,,,
inner,2d,boundary_singularity,p1,1,adaptive_g_effective_rho,g_eff_rho,production_2M,2000000,completed,24357997,20260701_225220_626532_job24357997,snellius_genoa_mem320,algorithm_data_ordered/2d/boundary_singularity/p1/production_2M/adaptive_g_effective_rho,inner_history.csv,completed,22,0,,7723,7723,10614,15456,15456,96450,3.93108,16.7985,,,,,,0,,1,0.28703,1,computed,2.44444,1.21539,2.01124,2.7642200000000001e-05,0.0052575900000000004,6.7569899999999998e-05,0.0082200912403695373,3.3596200000000002e-05,0.0057962229080669421,-0.36277376786699195,0.36277376786699195,10,-0.35502414654050191,0.35502414654050191,10,-0.71004829308100403,0.71004829308100403,10,2.6602400000000001e-05,0.00515775,2.4156499999999999e-06,0.0015542399999999999,2.8104400000000001e-05,0.0053013599999999998,1.2696600000000001e-06,0.0011267899999999999,1.14598e-06,0.00107051,1.01871e-28,1.00931e-14,1.00931e-14,1.0525730726476166,1.1079250946787902,0.95005280487047283,0.90258809445048271,0.7249781243565987,0.68876750051472102,6.4939134239242335e-12,4.2171258253472148e-23,1,1,not_skipped,success,1,1.17592e-06,0.0010843999999999999,0.69770434424541894,0.48679237472315939,,,,,,,,,,,,,,,,,,,,,,,,
inner,2d,boundary_singularity,p1,1,adaptive_g_effective_rho,g_eff_rho,production_2M,2000000,completed,24357997,20260701_225220_626532_job24357997,snellius_genoa_mem320,algorithm_data_ordered/2d/boundary_singularity/p1/production_2M/adaptive_g_effective_rho,inner_history.csv,completed,23,0,,10614,10614,14843,21318,21318,132468,5.46881,23.4444,,,,,,0,,1,0.388038,1,computed,2.44444,1.34151,1.82216,2.0535800000000001e-05,0.00453164,5.0198599999999997e-05,0.0070850970353270393,2.75489e-05,0.005248704602089929,-0.36277376786699195,0.36277376786699195,10,-0.35502414654050191,0.35502414654050191,10,-0.71004829308100403,0.71004829308100403,10,1.9612199999999998e-05,0.0044285699999999997,3.2684700000000002e-06,0.0018078899999999999,2.0946199999999999e-05,0.0045767100000000003,9.8015499999999998e-07,0.000990028,2.2883199999999999e-06,0.00151272,1.31499e-28,1.1467300000000001e-14,1.14673e-14,0.65446877148447835,0.42832951685079013,1.5279567850606246,2.3346511521136963,0.54761517570206153,0.83673232331613101,6.3429190935289209e-12,4.023258588881036e-23,1,1,not_skipped,success,1,9.2559100000000005e-07,0.00096207599999999997,0.53215405804556692,0.28318785242024558,,,,,,,,,,,,,,,,,,,,,,,,
inner,2d,boundary_singularity,p1,1,adaptive_g_effective_rho,g_eff_rho,production_2M,2000000,completed,24357997,20260701_225220_626532_job24357997,snellius_genoa_mem320,algorithm_data_ordered/2d/boundary_singularity/p1/production_2M/adaptive_g_effective_rho,inner_history.csv,completed,24,0,,14843,14843,20190,29868,29868,186126,7.51522,32.6483,,,,,,0,,1,0.477073,1,computed,2.44444,1.466,1.66742,1.5719700000000001e-05,0.00396481,3.8425900000000001e-05,0.0061988627989333659,2.3045100000000001e-05,0.0048005312206046528,-0.36277376786699195,0.36277376786699195,10,-0.35502414654050191,0.35502414654050191,10,-0.71004829308100403,0.71004829308100403,10,1.4830900000000001e-05,0.0038510900000000002,3.7896699999999999e-06,0.0019467099999999999,1.61147e-05,0.0040143100000000001,7.9735399999999998e-07,0.00089294699999999995,2.99231e-06,0.0017298299999999999,1.57743e-28,1.25596e-14,1.25596e-14,0.51620506061289262,0.26646771223569748,1.9372146387187594,3.7527998856216938,0.45869543999876716,0.88859152107915407,6.4517056983320583e-12,4.162446862127837e-23,1,1,not_skipped,success,1,7.6253900000000002e-07,0.00087323499999999998,0.44856963800463345,0.20121514538205174,,,,,,,,,,,,,,,,,,,,,,,,
inner,2d,boundary_singularity,p1,1,adaptive_g_effective_rho,g_eff_rho,production_2M,2000000,completed,24357997,20260701_225220_626532_job24357997,snellius_genoa_mem320,algorithm_data_ordered/2d/boundary_singularity/p1/production_2M/adaptive_g_effective_rho,inner_history.csv,completed,25,0,,20190,20190,25666,41256,41256,255282,11.2538,46.1722,,,,,,0,,1,0.625055,1,computed,2.44444,1.69936,1.43845,1.0484300000000001e-05,0.0032379499999999999,2.56283e-05,0.0050624401231026918,1.7816600000000002e-05,0.0042209714521659588,-0.36277376786699195,0.36277376786699195,10,-0.35502414654050191,0.35502414654050191,10,-0.71004829308100403,0.71004829308100403,10,9.7548899999999997e-06,0.00312328,4.3212899999999998e-06,0.0020787700000000002,1.08085e-05,0.0032876200000000002,6.9684699999999997e-07,0.00083477300000000003,3.6244399999999998e-06,0.0019038,1.9105599999999999e-28,1.3822300000000001e-14,1.38223e-14,0.43847725601428722,0.19226335654611471,2.2806200008864685,5.2011991154442798,0.4015706403305801,0.91583003410670727,6.6492685578491124e-12,4.4212723515431735e-23,1,1,not_skipped,success,1,6.6642400000000001e-07,0.00081634800000000005,0.39270722590762808,0.15421876337852819,,,,,,,,,,,,,,,,,,,,,,,,
inner,2d,boundary_singularity,p1,1,adaptive_g_effective_rho,g_eff_rho,production_2M,2000000,completed,24357997,20260701_225220_626532_job24357997,snellius_genoa_mem320,algorithm_data_ordered/2d/boundary_singularity/p1/production_2M/adaptive_g_effective_rho,inner_history.csv,completed,26,0,,25666,25666,33599,52398,52398,323655,14.2939,63.114,,,,,,0,,1,0.63916,1,computed,2.44444,1.72334,1.41844,8.7631200000000006e-06,0.0029602600000000001,2.1421e-05,0.0046282826188555077,1.51018e-05,0.0038861034468989628,-0.36277376786699195,0.36277376786699195,10,-0.35502414654050191,0.35502414654050191,10,-0.71004829308100403,0.71004829308100403,10,8.2410400000000006e-06,0.0028707200000000002,3.74432e-06,0.00193502,8.9951600000000005e-06,0.0029991900000000001,6.1278700000000005e-07,0.00078280699999999995,3.13153e-06,0.00176961,2.3128000000000002e-28,1.5207899999999998e-14,1.52079e-14,0.44236131124937128,0.19568294092663971,2.2605955235453949,5.1103074967321431,0.40454723982181062,0.91451767940383044,7.8592986119006522e-12,6.1768224938039492e-23,1,1,not_skipped,success,1,5.8510000000000002e-07,0.00076491799999999996,0.39530237413566782,0.15626335355952484,,,,,,,,,,,,,,,,,,,,,,,,
inner,2d,boundary_singularity,p1,1,adaptive_g_effective_rho,g_eff_rho,production_2M,2000000,completed,24357997,20260701_225220_626532_job24357997,snellius_genoa_mem320,algorithm_data_ordered/2d/boundary_singularity/p1/production_2M/adaptive_g_effective_rho,inner_history.csv,completed,27,0,,33599,33599,43944,68596,68596,423678,20.1911,87.2475,,,,,,0,,1,0.688962,1,computed,2.44444,1.81045,1.35019,7.1720500000000002e-06,0.0026780699999999998,1.75317e-05,0.0041870872930952849,1.2984599999999999e-05,0.0036034150468687337,-0.36277376786699195,0.36277376786699195,10,-0.35502414654050191,0.35502414654050191,10,-0.71004829308100403,0.71004829308100403,10,6.8139899999999996e-06,0.0026103599999999999,3.5245700000000001e-06,0.00187739,7.3311900000000004e-06,0.00270762,5.3887099999999998e-07,0.00073407799999999999,2.9857000000000001e-06,0.00172792,2.8183499999999999e-28,1.67879e-14,1.67879e-14,0.42483332561692672,0.18048397360752921,2.3538643032484288,5.5406581538067554,0.39100985943250999,0.92038415033637122,8.942148408162395e-12,7.9962945834527328e-23,1,1,not_skipped,success,1,5.2991399999999996e-07,0.00072795200000000003,0.38774681872173605,0.15034855315683898,,,,,,,,,,,,,,,,,,,,,,,,
inner,2d,boundary_singularity,p1,1,adaptive_g_effective_rho,g_eff_rho,production_2M,2000000,completed,24357997,20260701_225220_626532_job24357997,snellius_genoa_mem320,algorithm_data_ordered/2d/boundary_singularity/p1/production_2M/adaptive_g_effective_rho,inner_history.csv,completed,28,0,,43944,43944,57341,89990,89990,554034,27.6418,119.905,,,,,,0,,1,0.664537,1,computed,2.44444,1.76725,1.38319,6.01569e-06,0.00245269,1.4705000000000001e-05,0.003834709897762802,1.0631200000000001e-05,0.003260552100488505,-0.36277376786699195,0.36277376786699195,10,-0.35502414654050191,0.35502414654050191,10,-0.71004829308100403,0.71004829308100403,10,5.7501500000000003e-06,0.0023979499999999998,2.7430599999999998e-06,0.0016562199999999999,6.1337100000000001e-06,0.0024766300000000001,4.74085e-07,0.00068853800000000004,2.2689699999999998e-06,0.0015063100000000001,3.4227400000000002e-28,1.85007e-14,1.85007e-14,0.45710245566981567,0.2089428242770949,2.1876933444486726,4.7859982914456261,0.41572858678194929,0.90948666239992282,1.117043629469515e-11,1.247781674480325e-22,1,1,not_skipped,success,1,5.1844800000000004e-07,0.00072003300000000002,0.43474478028281272,0.18900352161454728,,,,,,,,,,,,,,,,,,,,,,,,
inner,2d,boundary_singularity,p1,1,adaptive_g_effective_rho,g_eff_rho,production_2M,2000000,completed,24357997,20260701_225220_626532_job24357997,snellius_genoa_mem320,algorithm_data_ordered/2d/boundary_singularity/p1/production_2M/adaptive_g_effective_rho,inner_history.csv,completed,29,0,,57341,57341,73851,118092,118092,728202,39.4241,166.232,,,,,,0,,1,0.522847,1,computed,2.44444,1.53466,1.59282,5.7935100000000004e-06,0.00240697,1.4161900000000001e-05,0.0037632299956287551,8.8910800000000006e-06,0.0029817914078620589,-0.36277376786699195,0.36277376786699195,10,-0.35502414654050191,0.35502414654050191,10,-0.71004829308100403,0.71004829308100403,10,5.5733599999999996e-06,0.0023608000000000001,1.64129e-06,0.0012811299999999999,5.8913599999999998e-06,0.00242721,4.0373500000000001e-07,0.00063540199999999997,1.2375499999999999e-06,0.0011124500000000001,4.2389600000000004e-28,2.0588700000000001e-14,2.05887e-14,0.57117353588925335,0.32623732374449521,1.7507813950853162,3.0652531982612352,0.49596996401614202,0.86833498552059518,1.6070734429761228e-11,2.5827001931407614e-22,1,1,not_skipped,success,1,3.79261e-07,0.00061584200000000002,0.48070219259559926,0.23107494714523333,,,,,,,,,,,,,,,,,,,,,,,,
inner,2d,boundary_singularity,p1,1,adaptive_g_effective_rho,g_eff_rho,production_2M,2000000,completed,24357997,20260701_225220_626532_job24357997,snellius_genoa_mem320,algorithm_data_ordered/2d/boundary_singularity/p1/production_2M/adaptive_g_effective_rho,inner_history.csv,completed,30,0,,73851,73851,99969,153270,153270,945258,57.995,234.002,,,,,,0,,1,0.503973,1,computed,2.44444,1.50597,1.62317,5.0199099999999999e-06,0.0022405200000000002,1.22709e-05,0.003502984441872387,7.5598400000000003e-06,0.0027495163211008586,-0.36277376786699195,0.36277376786699195,10,-0.35502414654050191,0.35502414654050191,10,-0.71004829308100403,0.71004829308100403,10,4.8129899999999996e-06,0.0021938499999999998,1.32714e-06,0.0011520199999999999,5.1118699999999997e-06,0.0022609499999999999,3.1295899999999999e-07,0.00055942700000000004,1.01418e-06,0.0010070700000000001,5.2758899999999996e-28,2.2969299999999999e-14,2.29693e-14,0.55549961770284084,0.30858328896251158,1.8001812568932141,3.2406161829504825,0.48560528463047525,0.87417753164007583,1.9938282321487475e-11,3.9753831547538313e-22,1,1,not_skipped,success,1,2.9423299999999999e-07,0.00054243200000000003,0.47085293658096222,0.22170456771704566,,,,,,,,,,,,,,,,,,,,,,,,
inner,2d,boundary_singularity,p1,1,adaptive_g_effective_rho,g_eff_rho,production_2M,2000000,completed,24357997,20260701_225220_626532_job24357997,snellius_genoa_mem320,algorithm_data_ordered/2d/boundary_singularity/p1/production_2M/adaptive_g_effective_rho,inner_history.csv,completed,31,0,,99969,99969,135647,208784,208784,1286910,83.81,332.474,,,,,,0,,1,0.565823,1,computed,2.44444,1.60199,1.52588,3.9823400000000002e-06,0.0019955799999999998,9.7346199999999996e-06,0.0031200352562110577,6.3796699999999997e-06,0.0025258008630927339,-0.36277376786699195,0.36277376786699195,10,-0.35502414654050191,0.35502414654050191,10,-0.71004829308100403,0.71004829308100403,10,3.7952300000000001e-06,0.0019481399999999999,1.3277100000000001e-06,0.00115226,4.0655100000000001e-06,0.0020163099999999999,2.5334999999999998e-07,0.000503339,1.07436e-06,0.00103651,6.3817899999999998e-28,2.5262199999999999e-14,2.52622e-14,0.48560940077760945,0.23581481067798502,2.059268206914227,4.2406157489638847,0.43682762570947531,0.8995452415253502,2.1924044920417266e-11,4.8066143962160407e-22,1,1,not_skipped,success,1,2.4411999999999999e-07,0.00049408500000000001,0.42879645218960999,0.18386545254611322,,,,,,,,,,,,,,,,,,,,,,,,
inner,2d,boundary_singularity,p1,1,adaptive_g_effective_rho,g_eff_rho,production_2M,2000000,completed,24357997,20260701_225220_626532_job24357997,snellius_genoa_mem320,algorithm_data_ordered/2d/boundary_singularity/p1/production_2M/adaptive_g_effective_rho,inner_history.csv,completed,32,0,,135647,135647,176147,285926,285926,1759422,112.791,465.784,,,,,,0,,1,0.644969,1,computed,2.44444,1.7333,1.41028,3.0210700000000002e-06,0.0017381199999999999,7.3848400000000003e-06,0.0027175062097445149,5.2364200000000001e-06,0.0022883225297147254,-0.36277376786699195,0.36277376786699195,10,-0.35502414654050191,0.35502414654050191,10,-0.71004829308100403,0.71004829308100403,10,2.8587499999999999e-06,0.00169078,1.3082199999999999e-06,0.0011437800000000001,3.0932100000000002e-06,0.0017587499999999999,2.1428499999999999e-07,0.00046290900000000001,1.0939400000000001e-06,0.0010459200000000001,7.7934099999999998e-28,2.79167e-14,2.79167e-14,0.44258547498852679,0.19588368649103238,2.2594505615574554,5.1050703502345014,0.40471856475895712,0.91444158841735301,2.4407403521656261e-11,5.957262539939766e-22,1,1,not_skipped,success,1,2.18305e-07,0.00046723100000000003,0.40849726345975623,0.16687177997584504,,,,,,,,,,,,,,,,,,,,,,,,
inner,2d,boundary_singularity,p1,1,adaptive_g_effective_rho,g_eff_rho,production_2M,2000000,completed,24357997,20260701_225220_626532_job24357997,snellius_genoa_mem320,algorithm_data_ordered/2d/boundary_singularity/p1/production_2M/adaptive_g_effective_rho,inner_history.csv,completed,33,0,,176147,176147,230662,373474,373474,2296044,164.107,657.549,,,,,,0,,1,0.758494,1,computed,2.44444,1.93856,1.26096,2.29687e-06,0.0015155399999999999,5.6145600000000002e-06,0.0023695062776874004,4.4526100000000002e-06,0.0021101208496197557,-0.36277376786699195,0.36277376786699195,10,-0.35502414654050191,0.35502414654050191,10,-0.71004829308100403,0.71004829308100403,10,2.17083e-06,0.00147338,1.3672e-06,0.00116927,2.3528799999999998e-06,0.0015339100000000001,1.85469e-07,0.00043066099999999999,1.18173e-06,0.0010870700000000001,9.5004700000000005e-28,3.0822800000000002e-14,3.08228e-14,0.39616676019023611,0.15694701835444644,2.5241895597697495,6.3715769212105524,0.36831612886672882,0.92969972718020655,2.6360720791605021e-11,6.9488516676418958e-22,1,1,not_skipped,success,1,1.9733300000000001e-07,0.00044422199999999998,0.37991396341306966,0.14433367466354594,,,,,,,,,,,,,,,,,,,,,,,,
inner,2d,boundary_singularity,p1,1,adaptive_g_effective_rho,g_eff_rho,production_2M,2000000,completed,24357997,20260701_225220_626532_job24357997,snellius_genoa_mem320,algorithm_data_ordered/2d/boundary_singularity/p1/production_2M/adaptive_g_effective_rho,inner_history.csv,completed,34,0,,230662,230662,296617,490252,490252,3011691,237.074,930.106,,,,,,0,,1,0.882854,1,computed,2.44444,2.18702,1.1177,1.7404000000000001e-06,0.00131924,4.2543199999999998e-06,0.0020626003005914644,3.8062999999999999e-06,0.0019509741156663253,-0.36277376786699195,0.36277376786699195,10,-0.35502414654050191,0.35502414654050191,10,-0.71004829308100403,0.71004829308100403,10,1.65177e-06,0.00128521,1.3926499999999999e-06,0.0011801100000000001,1.7798000000000001e-06,0.00133409,1.6565999999999999e-07,0.00040701399999999998,1.22699e-06,0.0011077000000000001,1.16457e-27,3.41257e-14,3.41257e-14,0.36744064277331401,0.13501332529197466,2.7215280064076426,7.4066763250030183,0.34489496741829145,0.93864131309793153,2.8917389056952316e-11,8.362259002620903e-22,1,1,not_skipped,success,1,1.9012399999999999e-07,0.00043603199999999999,0.36948420062536541,0.13651958496391772,,,,,,,,,,,,,,,,,,,,,,,,
inner,2d,boundary_singularity,p1,1,adaptive_g_effective_rho,g_eff_rho,production_2M,2000000,completed,24357997,20260701_225220_626532_job24357997,snellius_genoa_mem320,algorithm_data_ordered/2d/boundary_singularity/p1/production_2M/adaptive_g_effective_rho,inner_history.csv,completed,35,0,,296617,296617,368049,634774,634774,3894300,318.875,1299.54,,,,,,0,,1,0.976524,1,computed,2.44444,2.391,1.02235,1.33834e-06,0.0011568699999999999,3.2715100000000002e-06,0.0018087315997681911,3.1999800000000002e-06,0.0017888487918211534,-0.36277376786699195,0.36277376786699195,10,-0.35502414654050191,0.35502414654050191,10,-0.71004829308100403,0.71004829308100403,10,1.26814e-06,0.00112612,1.30695e-06,0.0011432199999999999,1.3695500000000001e-06,0.0011702800000000001,1.4892099999999999e-07,0.00038590299999999999,1.1580299999999999e-06,0.0010761200000000001,1.55463e-22,1.24685e-11,1.24685e-11,0.3586059175556629,0.12859856825816257,2.7885764039149739,7.7761363407444222,0.33755795035076364,0.94130613530204177,1.0906474694284565e-08,1.18950992769425e-16,1,1,not_skipped,success,1,1.75587e-07,0.00041903200000000001,0.36653662462168263,0.13434867439458281,,,,,,,,,,,,,,,,,,,,,,,,
inner,2d,boundary_singularity,p1,1,adaptive_g_effective_rho,g_eff_rho,production_2M,2000000,completed,24357997,20260701_225220_626532_job24357997,snellius_genoa_mem320,algorithm_data_ordered/2d/boundary_singularity/p1/production_2M/adaptive_g_effective_rho,inner_history.csv,completed,36,0,,368049,368049,468070,793534,793534,4865520,433.711,1794.16,,,,,,0,,1,0.99217,1,computed,2.44444,2.42652,1.00739,1.1149300000000001e-06,0.0010559,2.7253800000000001e-06,0.001650872496590818,2.7053900000000001e-06,0.001644806979557176,-0.36277376786699195,0.36277376786699195,10,-0.35502414654050191,0.35502414654050191,10,-0.71004829308100403,0.71004829308100403,10,1.0617999999999999e-06,0.0010304400000000001,1.1210200000000001e-06,0.0010587800000000001,1.13854e-06,0.0010670199999999999,1.31217e-07,0.00036223899999999999,9.8980700000000002e-07,0.00099489099999999992,1.6888800000000001e-27,4.1095999999999997e-14,4.1096e-14,0.36409918272453967,0.13256826835938723,2.7465043797051116,7.5432832636015146,0.34212867640114092,0.93965790815844641,3.8814484595477807e-11,1.5065565288754883e-21,1,1,not_skipped,success,1,1.48655e-07,0.00038555799999999998,0.36415308184892042,0.13260691156268398,,,,,,,,,,,,,,,,,,,,,,,,
inner,2d,boundary_singularity,p1,1,adaptive_g_effective_rho,g_eff_rho,production_2M,2000000,completed,24357997,20260701_225220_626532_job24357997,snellius_genoa_mem320,algorithm_data_ordered/2d/boundary_singularity/p1/production_2M/adaptive_g_effective_rho,inner_history.csv,completed,37,0,,468070,468070,576297,1016180,1139600,6230550,779.026,2660.92,,,,,,0,,1,MISSING,0,estimator_exceeds_configured_threshold,2.44444,MISSING,MISSING,9.2045699999999999e-07,0.00095940399999999996,2.2500000000000001e-06,0.0015,,,-0.36277376786699195,0.36277376786699195,10,-0.35502414654050191,0.35502414654050191,10,-0.71004829308100403,0.71004829308100403,10,8.7887399999999999e-07,0.00093748300000000002,9.4874099999999999e-07,0.00097403300000000002,9.3893800000000001e-07,0.00096898800000000005,1.1513e-07,0.00033930800000000002,8.3361100000000004e-07,0.000913023,3.04615e-21,5.5191899999999997e-11,5.51919e-11,0.37163138278006141,0.13810998175407954,2.6908384122979712,7.2406062711717194,0.34835370054197345,0.93736351848448662,5.6663275268907723e-08,3.2107287447259054e-15,1,1,not_skipped,success,1,1.39591e-07,0.000373619,0.38357940644721483,0.14713288452802187,,,,,,,,,,,,,,,,,,,,,,,,
inner,2d,boundary_singularity,p1,1,adaptive_g_effective_rho,g_eff_rho,production_2M,2000000,completed,24357997,20260701_225220_626532_job24357997,snellius_genoa_mem320,algorithm_data_ordered/2d/boundary_singularity/p1/production_2M/adaptive_g_effective_rho,inner_history.csv,completed,37,1,,468070,468070,576297,1139600,1139600,6967461,863.398,3524.34,,,,,,0,,1,0.633051,1,computed,2.44444,1.71292,1.42707,1.2329699999999999e-06,0.0011103899999999999,3.01393e-06,0.0017360673950051594,2.1119800000000001e-06,0.0014532652889269737,-0.36277376786699195,0.36277376786699195,10,-0.35502414654050191,0.35502414654050191,10,-0.71004829308100403,0.71004829308100403,10,1.19048e-06,0.0010910900000000001,5.0738299999999996e-07,0.00071230800000000004,1.25186e-06,0.00111886,7.8256199999999994e-08,0.00027974299999999999,4.29127e-07,0.00065507800000000002,1.02378e-20,1.01182e-10,1.01182e-10,0.4270376962743368,0.18236139883997043,2.341713644309241,5.4836166335702483,0.39272758413495285,0.91965554226542445,1.4204810278699663e-07,2.0177656720859787e-14,1,1,not_skipped,success,1,8.6642000000000003e-08,0.00029435000000000003,0.41323416274982172,0.17076252062051747,,,,,,,,,,,,,,,,,,,,,,,,
inner,2d,boundary_singularity,p1,1,adaptive_g_effective_rho,g_eff_rho,production_2M,2000000,completed,24357997,20260701_225220_626532_job24357997,snellius_genoa_mem320,algorithm_data_ordered/2d/boundary_singularity/p1/production_2M/adaptive_g_effective_rho,inner_history.csv,completed,38,0,,576297,576297,753537,1245104,1245104,7625325,1049.62,4684.32,,,,,,0,,1,0.785895,1,computed,2.44444,1.99115,1.22765,9.04094e-07,0.00095083799999999997,2.2100099999999999e-06,0.0014866102380920157,1.8001900000000001e-06,0.001341711593450694,-0.36277376786699195,0.36277376786699195,10,-0.35502414654050191,0.35502414654050191,10,-0.71004829308100403,0.71004829308100403,10,8.6622799999999999e-07,0.00093071400000000002,5.7253999999999996e-07,0.00075666399999999999,9.2092300000000005e-07,0.000959647,7.38617e-08,0.00027177499999999998,4.9867800000000001e-07,0.00070617200000000003,1.0260500000000001e-21,3.2032000000000002e-11,3.2032e-11,0.38485666381561429,0.14811501610257521,2.5983699751632789,6.7515099165061194,0.35917527462651849,0.93327024941057068,4.2333188839432037e-08,1.7921018618786463e-15,1,1,not_skipped,success,1,8.5289700000000002e-08,0.00029204399999999998,0.38596259370077074,0.14896723373039439,,,,,,,,,,,,,,,,,,,,,,,,
inner,2d,boundary_singularity,p1,1,adaptive_g_effective_rho,g_eff_rho,production_2M,2000000,completed,24357997,20260701_225220_626532_job24357997,snellius_genoa_mem320,algorithm_data_ordered/2d/boundary_singularity/p1/production_2M/adaptive_g_effective_rho,inner_history.csv,completed,39,0,,753537,753537,966143,1637016,1637016,10028208,1575.73,6424.98,,,,,,0,,1,0.805789,1,computed,2.44444,2.0301,1.2041,7.4698600000000004e-07,0.00086428399999999999,1.82597e-06,0.0013512845740257676,1.5164499999999999e-06,0.0012314422438750427,-0.36277376786699195,0.36277376786699195,10,-0.35502414654050191,0.35502414654050191,10,-0.71004829308100403,0.71004829308100403,10,7.1641900000000003e-07,0.00084641499999999999,4.9665499999999997e-07,0.00070473699999999998,7.6057200000000004e-07,0.00087210800000000002,6.81821e-08,0.000261117,4.28473e-07,0.00065457799999999995,3.0346100000000001e-27,5.5087300000000002e-14,5.50873e-14,0.39890891536226397,0.15912811308997299,2.5068379308892181,6.284244691788607,0.37051694461905649,0.9288259308082305,7.8167174421096101e-11,6.1100965458920185e-21,1,1,not_skipped,success,1,7.6727499999999997e-08,0.00027699700000000002,0.39305017332707098,0.1544885282540194,,,,,,,,,,,,,,,,,,,,,,,,
inner,2d,boundary_singularity,p1,1,adaptive_g_effective_rho,g_eff_rho,production_2M,2000000,completed,24357997,20260701_225220_626532_job24357997,snellius_genoa_mem320,algorithm_data_ordered/2d/boundary_singularity/p1/production_2M/adaptive_g_effective_rho,inner_history.csv,completed,40,0,,966143,966143,1246762,2112558,2112558,12940344,2269.44,8927.12,,,,,,0,,1,0.867909,1,computed,2.44444,2.15583,1.13388,6.11719e-07,0.00078212500000000005,1.49531e-06,0.0012228286879199391,1.3187599999999999e-06,0.0011483727617807729,-0.36277376786699195,0.36277376786699195,10,-0.35502414654050191,0.35502414654050191,10,-0.71004829308100403,0.71004829308100403,10,5.8621399999999996e-07,0.00076564600000000003,4.7105500000000001e-07,0.00068633500000000005,6.2305500000000004e-07,0.00078933900000000001,5.9718500000000006e-08,0.000244374,4.11337e-07,0.00064135500000000003,1.4307300000000001e-20,1.1961299999999999e-10,1.19613e-10,0.38102766798418969,0.14518144489797905,2.6244813278008299,6.8879325502147566,0.3560564447390851,0.93446349086087699,1.742778672222748e-07,3.0372886393308641e-14,1,1,not_skipped,success,1,6.7733099999999994e-08,0.000260256,0.37919674794378833,0.14379021557992164,,,,,,,,,,,,,,,,,,,,,,,,
inner,2d,boundary_singularity,p1,1,adaptive_g_effective_rho,g_eff_rho,production_2M,2000000,completed,24357997,20260701_225220_626532_job24357997,snellius_genoa_mem320,algorithm_data_ordered/2d/boundary_singularity/p1/production_2M/adaptive_g_effective_rho,inner_history.csv,completed,41,0,,1246762,1246762,1630123,2729810,2729810,16712256,3370.75,12631,,,,,,0,,1,0.961044,1,computed,2.44444,2.35628,1.03742,4.8669600000000003e-07,0.00069763599999999996,1.1897e-06,0.0010907336980216574,1.1467899999999999e-06,0.0010708828133834253,-0.36277376786699195,0.36277376786699195,10,-0.35502414654050191,0.35502414654050191,10,-0.71004829308100403,0.71004829308100403,10,4.6487099999999998e-07,0.00068181399999999999,4.5895800000000003e-07,0.00067746400000000002,4.9639600000000002e-07,0.00070455400000000003,5.2719899999999999e-08,0.00022960799999999999,4.0623800000000001e-07,0.00063736800000000003,3.0894399999999999e-20,1.7576800000000001e-10,1.75768e-10,0.36024400346424668,0.1297758949187422,2.7758963102330934,7.7055912473278596,0.33892280623029414,0.94081456726851909,2.5944994863195686e-07,6.7314220473333068e-14,1,1,not_skipped,success,1,5.7733900000000001e-08,0.00024027900000000001,0.35467419671008349,0.12579342772105509,,,,,,,,,,,,,,,,,,,,,,,,
inner,2d,boundary_singularity,p1,1,adaptive_g_effective_rho,g_eff_rho,production_2M,2000000,completed,24357997,20260701_225220_626532_job24357997,snellius_genoa_mem320,algorithm_data_ordered/2d/boundary_singularity/p1/production_2M/adaptive_g_effective_rho,inner_history.csv,completed,42,0,,1630123,1630123,2042910,3579124,4080480,21908223,5848.23,18959.8,,,,,,0,,1,MISSING,0,estimator_exceeds_configured_threshold,2.44444,MISSING,MISSING,3.79593e-07,0.00061611100000000002,9.2789500000000001e-07,0.00096327306616556039,,,-0.36277376786699195,0.36277376786699195,10,-0.35502414654050191,0.35502414654050191,10,-0.71004829308100403,0.71004829308100403,10,3.6196899999999998e-07,0.00060163800000000004,4.4268100000000002e-07,0.00066534299999999999,3.8742600000000002e-07,0.00062243599999999997,4.6131200000000002e-08,0.000214782,3.9654999999999999e-07,0.00062972199999999999,3.3070099999999999e-19,5.7506600000000003e-10,5.75066e-10,0.34107431533279764,0.11633135796242593,2.9319123576463575,8.5961345033296332,0.3228139470919511,0.94646220069948883,8.6431509762633719e-07,7.4704132321016712e-13,1,1,not_skipped,success,1,5.1279200000000003e-08,0.00022644900000000001,0.34034926346260502,0.11583781549242005,,,,,,,,,,,,,,,,,,,,,,,,
inner,2d,boundary_singularity,p1,1,adaptive_g_effective_rho,g_eff_rho,production_2M,2000000,completed,24357997,20260701_225220_626532_job24357997,snellius_genoa_mem320,algorithm_data_ordered/2d/boundary_singularity/p1/production_2M/adaptive_g_effective_rho,inner_history.csv,completed,42,1,,1630123,1630123,2042910,4080480,4080480,24880464,7231.65,26191.5,,,,,,0,,1,0.864875,1,computed,2.44444,2.14954,1.13719,4.4708899999999999e-07,0.00066864699999999997,1.09288e-06,0.0010454090108660821,9.6103599999999992e-07,0.00098032443609246019,-0.36277376786699195,0.36277376786699195,10,-0.35502414654050191,0.35502414654050191,10,-0.71004829308100403,0.71004829308100403,10,4.2947500000000003e-07,0.00065534299999999996,3.4149900000000001e-07,0.000584379,4.5491700000000002e-07,0.00067447500000000001,3.4432199999999998e-08,0.00018555899999999999,3.07066e-07,0.00055413599999999999,5.0390700000000002e-19,7.09864e-10,7.09864e-10,0.33486183897093852,0.11213289651084782,2.986306242219456,8.917989556287429,0.31753194416637148,0.94824762696811482,1.2147322200147506e-06,1.4755738669805768e-12,1,1,not_skipped,success,1,3.6933800000000001e-08,0.000192182,0.32886534252599769,0.10815200044509647,,,,,,,,,,,,,,,,,,,,,,,,
inner_summary,2d,boundary_singularity,p1,1,adaptive_g_effective_rho,g_eff_rho,production_2M,2000000,completed,24357997,20260701_225220_626532_job24357997,snellius_genoa_mem320,algorithm_data_ordered/2d/boundary_singularity/p1/production_2M/adaptive_g_effective_rho,inner_history.csv,,0,,1,2,2,2,,,,,,,,,,,,,,,,,,,,,,,,,,-0.36277376786699195,0.36277376786699195,10,-0.35502414654050191,0.35502414654050191,10,-0.71004829308100403,0.71004829308100403,10,,,,,,,,,,,,,,,,,,,,,,,,,,,,,,,215845448518632.62,215845448518632.62,215845448518632.62,215845448518632.62,4.6329445761450749e-15,4.6329445761450749e-15,4.6329445761450749e-15,4.6329445761450749e-15,0.230089460296586,0.230089460296586,0.230089460296586,0.230089460296586,8.63250333096849e-15,8.63250333096849e-15,8.63250333096849e-15,8.63250333096849e-15,1,1,1,1,1,1,1,1
inner_summary,2d,boundary_singularity,p1,1,adaptive_g_effective_rho,g_eff_rho,production_2M,2000000,completed,24357997,20260701_225220_626532_job24357997,snellius_genoa_mem320,algorithm_data_ordered/2d/boundary_singularity/p1/production_2M/adaptive_g_effective_rho,inner_history.csv,,1,,1,2,2,3,,,,,,,,,,,,,,,,,,,,,,,,,,-0.36277376786699195,0.36277376786699195,10,-0.35502414654050191,0.35502414654050191,10,-0.71004829308100403,0.71004829308100403,10,,,,,,,,,,,,,,,,,,,,,,,,,,,,,,,36397843122541.086,36397843122541.086,36397843122541.086,36397843122541.086,2.7474155450181132e-14,2.7474155450181132e-14,2.7474155450181132e-14,2.7474155450181132e-14,0.4706741672311725,0.4706741672311725,0.4706741672311725,0.4706741672311725,1.040497157835832e-14,1.040497157835832e-14,1.040497157835832e-14,1.040497157835832e-14,1,1,1,1,1,1,1,1
inner_summary,2d,boundary_singularity,p1,1,adaptive_g_effective_rho,g_eff_rho,production_2M,2000000,completed,24357997,20260701_225220_626532_job24357997,snellius_genoa_mem320,algorithm_data_ordered/2d/boundary_singularity/p1/production_2M/adaptive_g_effective_rho,inner_history.csv,,2,,1,3,3,5,,,,,,,,,,,,,,,,,,,,,,,,,,-0.36277376786699195,0.36277376786699195,10,-0.35502414654050191,0.35502414654050191,10,-0.71004829308100403,0.71004829308100403,10,,,,,,,,,,,,,,,,,,,,,,,,,,,,,,,327031963470319.62,327031963470319.62,327031963470319.62,327031963470319.62,3.0578050823792238e-15,3.0578050823792238e-15,3.0578050823792238e-15,3.0578050823792238e-15,0.75765947261339617,0.75765947261339617,0.75765947261339617,0.75765947261339617,1.4705489288706269e-14,1.4705489288706269e-14,1.4705489288706269e-14,1.4705489288706269e-14,1,1,1,1,1,1,1,1
inner_summary,2d,boundary_singularity,p1,1,adaptive_g_effective_rho,g_eff_rho,production_2M,2000000,completed,24357997,20260701_225220_626532_job24357997,snellius_genoa_mem320,algorithm_data_ordered/2d/boundary_singularity/p1/production_2M/adaptive_g_effective_rho,inner_history.csv,,3,,1,5,5,9,,,,,,,,,,,,,,,,,,,,,,,,,,-0.36277376786699195,0.36277376786699195,10,-0.35502414654050191,0.35502414654050191,10,-0.71004829308100403,0.71004829308100403,10,,,,,,,,,,,,,,,,,,,,,,,,,,,,,,,199980813663937.03,199980813663937.03,199980813663937.03,199980813663937.03,5.0004797044204251e-15,5.0004797044204251e-15,5.0004797044204251e-15,5.0004797044204251e-15,0.8307715075987222,0.8307715075987222,0.8307715075987222,0.8307715075987222,1.8490257917674554e-14,1.8490257917674554e-14,1.8490257917674554e-14,1.8490257917674554e-14,1,1,1,1,1,1,1,1
inner_summary,2d,boundary_singularity,p1,1,adaptive_g_effective_rho,g_eff_rho,production_2M,2000000,completed,24357997,20260701_225220_626532_job24357997,snellius_genoa_mem320,algorithm_data_ordered/2d/boundary_singularity/p1/production_2M/adaptive_g_effective_rho,inner_history.csv,,4,,1,9,9,16,,,,,,,,,,,,,,,,,,,,,,,,,,-0.36277376786699195,0.36277376786699195,10,-0.35502414654050191,0.35502414654050191,10,-0.71004829308100403,0.71004829308100403,10,,,,,,,,,,,,,,,,,,,,,,,,,,,,,,,18.008562908397447,18.008562908397447,18.008562908397447,18.008562908397447,0.055529139392555139,0.055529139392555139,0.055529139392555139,0.055529139392555139,0.90880537371915471,0.90880537371915471,0.90880537371915471,0.90880537371915471,3.2806793857125827e-14,3.2806793857125827e-14,3.2806793857125827e-14,3.2806793857125827e-14,0.99846583635242225,0.99846583635242225,0.99846583635242225,0.99846583635242225,1,1,1,1
inner_summary,2d,boundary_singularity,p1,1,adaptive_g_effective_rho,g_eff_rho,production_2M,2000000,completed,24357997,20260701_225220_626532_job24357997,snellius_genoa_mem320,algorithm_data_ordered/2d/boundary_singularity/p1/production_2M/adaptive_g_effective_rho,inner_history.csv,,5,,1,16,16,22,,,,,,,,,,,,,,,,,,,,,,,,,,-0.36277376786699195,0.36277376786699195,10,-0.35502414654050191,0.35502414654050191,10,-0.71004829308100403,0.71004829308100403,10,,,,,,,,,,,,,,,,,,,,,,,,,,,,,,,2.2282208923236193,2.2282208923236193,2.2282208923236193,2.2282208923236193,0.44878853952275183,0.44878853952275183,0.44878853952275183,0.44878853952275183,0.82689204363766156,0.82689204363766156,0.82689204363766156,0.82689204363766156,3.6918220285414698e-14,3.6918220285414698e-14,3.6918220285414698e-14,3.6918220285414698e-14,0.91233425794409195,0.91233425794409195,0.91233425794409195,0.91233425794409195,1,1,1,1
inner_summary,2d,boundary_singularity,p1,1,adaptive_g_effective_rho,g_eff_rho,production_2M,2000000,completed,24357997,20260701_225220_626532_job24357997,snellius_genoa_mem320,algorithm_data_ordered/2d/boundary_singularity/p1/production_2M/adaptive_g_effective_rho,inner_history.csv,,6,,1,22,22,40,,,,,,,,,,,,,,,,,,,,,,,,,,-0.36277376786699195,0.36277376786699195,10,-0.35502414654050191,0.35502414654050191,10,-0.71004829308100403,0.71004829308100403,10,,,,,,,,,,,,,,,,,,,,,,,,,,,,,,,2.0990585381601794,2.0990585381601794,2.0990585381601794,2.0990585381601794,0.47640405535164254,0.47640405535164254,0.47640405535164254,0.47640405535164254,0.82779687476545727,0.82779687476545727,0.82779687476545727,0.82779687476545727,5.4173734219967276e-14,5.4173734219967276e-14,5.4173734219967276e-14,5.4173734219967276e-14,0.90278674252090252,0.90278674252090252,0.90278674252090252,0.90278674252090252,1,1,1,1
inner_summary,2d,boundary_singularity,p1,1,adaptive_g_effective_rho,g_eff_rho,production_2M,2000000,completed,24357997,20260701_225220_626532_job24357997,snellius_genoa_mem320,algorithm_data_ordered/2d/boundary_singularity/p1/production_2M/adaptive_g_effective_rho,inner_history.csv,,7,,1,40,40,63,,,,,,,,,,,,,,,,,,,,,,,,,,-0.36277376786699195,0.36277376786699195,10,-0.35502414654050191,0.35502414654050191,10,-0.71004829308100403,0.71004829308100403,10,,,,,,,,,,,,,,,,,,,,,,,,,,,,,,,50.052030663600114,50.052030663600114,50.052030663600114,50.052030663600114,0.019979209369565917,0.019979209369565917,0.019979209369565917,0.019979209369565917,0.944333850307986,0.944333850307986,0.944333850307986,0.944333850307986,1.1863454192038982e-13,1.1863454192038982e-13,1.1863454192038982e-13,1.1863454192038982e-13,0.99980063737404246,0.99980063737404246,0.99980063737404246,0.99980063737404246,1,1,1,1
inner_summary,2d,boundary_singularity,p1,1,adaptive_g_effective_rho,g_eff_rho,production_2M,2000000,completed,24357997,20260701_225220_626532_job24357997,snellius_genoa_mem320,algorithm_data_ordered/2d/boundary_singularity/p1/production_2M/adaptive_g_effective_rho,inner_history.csv,,8,,1,63,63,97,,,,,,,,,,,,,,,,,,,,,,,,,,-0.36277376786699195,0.36277376786699195,10,-0.35502414654050191,0.35502414654050191,10,-0.71004829308100403,0.71004829308100403,10,,,,,,,,,,,,,,,,,,,,,,,,,,,,,,,2.5058040892985378,2.5058040892985378,2.5058040892985378,2.5058040892985378,0.39907349671535369,0.39907349671535369,0.39907349671535369,0.39907349671535369,0.88219568339431809,0.88219568339431809,0.88219568339431809,0.88219568339431809,1.6599013129992483e-13,1.6599013129992483e-13,1.6599013129992483e-13,1.6599013129992483e-13,0.92877512876986401,0.92877512876986401,0.92877512876986401,0.92877512876986401,1,1,1,1
inner_summary,2d,boundary_singularity,p1,1,adaptive_g_effective_rho,g_eff_rho,production_2M,2000000,completed,24357997,20260701_225220_626532_job24357997,snellius_genoa_mem320,algorithm_data_ordered/2d/boundary_singularity/p1/production_2M/adaptive_g_effective_rho,inner_history.csv,,9,,1,97,97,133,,,,,,,,,,,,,,,,,,,,,,,,,,-0.36277376786699195,0.36277376786699195,10,-0.35502414654050191,0.35502414654050191,10,-0.71004829308100403,0.71004829308100403,10,,,,,,,,,,,,,,,,,,,,,,,,,,,,,,,1.2226181662180584,1.2226181662180584,1.2226181662180584,1.2226181662180584,0.81791685060047303,0.81791685060047303,0.81791685060047303,0.81791685060047303,0.71915275769921583,0.71915275769921583,0.71915275769921583,0.71915275769921583,2.077509090112586e-13,2.077509090112586e-13,2.077509090112586e-13,2.077509090112586e-13,0.77405703771849133,0.77405703771849133,0.77405703771849133,0.77405703771849133,1,1,1,1
inner_summary,2d,boundary_singularity,p1,1,adaptive_g_effective_rho,g_eff_rho,production_2M,2000000,completed,24357997,20260701_225220_626532_job24357997,snellius_genoa_mem320,algorithm_data_ordered/2d/boundary_singularity/p1/production_2M/adaptive_g_effective_rho,inner_history.csv,,10,,1,133,133,173,,,,,,,,,,,,,,,,,,,,,,,,,,-0.36277376786699195,0.36277376786699195,10,-0.35502414654050191,0.35502414654050191,10,-0.71004829308100403,0.71004829308100403,10,,,,,,,,,,,,,,,,,,,,,,,,,,,,,,,1.5621445900979085,1.5621445900979085,1.5621445900979085,1.5621445900979085,0.64014560901646389,0.64014560901646389,0.64014560901646389,0.64014560901646389,0.81721430768713754,0.81721430768713754,0.81721430768713754,0.81721430768713754,3.2623222460907712e-13,3.2623222460907712e-13,3.2623222460907712e-13,3.2623222460907712e-13,0.84221682810250198,0.84221682810250198,0.84221682810250198,0.84221682810250198,1,1,1,1
inner_summary,2d,boundary_singularity,p1,1,adaptive_g_effective_rho,g_eff_rho,production_2M,2000000,completed,24357997,20260701_225220_626532_job24357997,snellius_genoa_mem320,algorithm_data_ordered/2d/boundary_singularity/p1/production_2M/adaptive_g_effective_rho,inner_history.csv,,11,,1,173,173,248,,,,,,,,,,,,,,,,,,,,,,,,,,-0.36277376786699195,0.36277376786699195,10,-0.35502414654050191,0.35502414654050191,10,-0.71004829308100403,0.71004829308100403,10,,,,,,,,,,,,,,,,,,,,,,,,,,,,,,,2.9491073147918905,2.9491073147918905,2.9491073147918905,2.9491073147918905,0.33908565991623368,0.33908565991623368,0.33908565991623368,0.33908565991623368,0.89107907949174758,0.89107907949174758,0.89107907949174758,0.89107907949174758,4.4891709241891075e-13,4.4891709241891075e-13,4.4891709241891075e-13,4.4891709241891075e-13,0.94703691161530645,0.94703691161530645,0.94703691161530645,0.94703691161530645,1,1,1,1
inner_summary,2d,boundary_singularity,p1,1,adaptive_g_effective_rho,g_eff_rho,production_2M,2000000,completed,24357997,20260701_225220_626532_job24357997,snellius_genoa_mem320,algorithm_data_ordered/2d/boundary_singularity/p1/production_2M/adaptive_g_effective_rho,inner_history.csv,,12,,1,248,248,372,,,,,,,,,,,,,,,,,,,,,,,,,,-0.36277376786699195,0.36277376786699195,10,-0.35502414654050191,0.35502414654050191,10,-0.71004829308100403,0.71004829308100403,10,,,,,,,,,,,,,,,,,,,,,,,,,,,,,,,5.8926037459628491,5.8926037459628491,5.8926037459628491,5.8926037459628491,0.16970426709671796,0.16970426709671796,0.16970426709671796,0.16970426709671796,0.94224213255410882,0.94224213255410882,0.94224213255410882,0.94224213255410882,6.5391474367238194e-13,6.5391474367238194e-13,6.5391474367238194e-13,6.5391474367238194e-13,0.9859052039018521,0.9859052039018521,0.9859052039018521,0.9859052039018521,1,1,1,1
inner_summary,2d,boundary_singularity,p1,1,adaptive_g_effective_rho,g_eff_rho,production_2M,2000000,completed,24357997,20260701_225220_626532_job24357997,snellius_genoa_mem320,algorithm_data_ordered/2d/boundary_singularity/p1/production_2M/adaptive_g_effective_rho,inner_history.csv,,13,,1,372,372,569,,,,,,,,,,,,,,,,,,,,,,,,,,-0.36277376786699195,0.36277376786699195,10,-0.35502414654050191,0.35502414654050191,10,-0.71004829308100403,0.71004829308100403,10,,,,,,,,,,,,,,,,,,,,,,,,,,,,,,,1.4347914251100979,1.4347914251100979,1.4347914251100979,1.4347914251100979,0.69696541427494629,0.69696541427494629,0.69696541427494629,0.69696541427494629,0.78205688497248516,0.78205688497248516,0.78205688497248516,0.78205688497248516,6.71581000288379e-13,6.71581000288379e-13,6.71581000288379e-13,6.71581000288379e-13,0.82039938994479189,0.82039938994479189,0.82039938994479189,0.82039938994479189,1,1,1,1
inner_summary,2d,boundary_singularity,p1,1,adaptive_g_effective_rho,g_eff_rho,production_2M,2000000,completed,24357997,20260701_225220_626532_job24357997,snellius_genoa_mem320,algorithm_data_ordered/2d/boundary_singularity/p1/production_2M/adaptive_g_effective_rho,inner_history.csv,,14,,1,569,569,700,,,,,,,,,,,,,,,,,,,,,,,,,,-0.36277376786699195,0.36277376786699195,10,-0.35502414654050191,0.35502414654050191,10,-0.71004829308100403,0.71004829308100403,10,,,,,,,,,,,,,,,,,,,,,,,,,,,,,,,0.67057912236095818,0.67057912236095818,0.67057912236095818,0.67057912236095818,1.4912483354376216,1.4912483354376216,1.4912483354376216,1.4912483354376216,0.55649646269262831,0.55649646269262831,0.55649646269262831,0.55649646269262831,6.553187851326223e-13,6.553187851326223e-13,6.553187851326223e-13,6.553187851326223e-13,0.55694744266569773,0.55694744266569773,0.55694744266569773,0.55694744266569773,1,1,1,1
inner_summary,2d,boundary_singularity,p1,1,adaptive_g_effective_rho,g_eff_rho,production_2M,2000000,completed,24357997,20260701_225220_626532_job24357997,snellius_genoa_mem320,algorithm_data_ordered/2d/boundary_singularity/p1/production_2M/adaptive_g_effective_rho,inner_history.csv,,15,,1,700,700,920,,,,,,,,,,,,,,,,,,,,,,,,,,-0.36277376786699195,0.36277376786699195,10,-0.35502414654050191,0.35502414654050191,10,-0.71004829308100403,0.71004829308100403,10,,,,,,,,,,,,,,,,,,,,,,,,,,,,,,,2.3750212741816528,2.3750212741816528,2.3750212741816528,2.3750212741816528,0.4210488600126599,0.4210488600126599,0.4210488600126599,0.4210488600126599,0.86620558072978782,0.86620558072978782,0.86620558072978782,0.86620558072978782,1.290421765213084e-12,1.290421765213084e-12,1.290421765213084e-12,1.290421765213084e-12,0.92163495936450857,0.92163495936450857,0.92163495936450857,0.92163495936450857,1,1,1,1
inner_summary,2d,boundary_singularity,p1,1,adaptive_g_effective_rho,g_eff_rho,production_2M,2000000,completed,24357997,20260701_225220_626532_job24357997,snellius_genoa_mem320,algorithm_data_ordered/2d/boundary_singularity/p1/production_2M/adaptive_g_effective_rho,inner_history.csv,,16,,1,920,920,1340,,,,,,,,,,,,,,,,,,,,,,,,,,-0.36277376786699195,0.36277376786699195,10,-0.35502414654050191,0.35502414654050191,10,-0.71004829308100403,0.71004829308100403,10,,,,,,,,,,,,,,,,,,,,,,,,,,,,,,,2.0286413587913654,2.0286413587913654,2.0286413587913654,2.0286413587913654,0.49294075350794642,0.49294075350794642,0.49294075350794642,0.49294075350794642,0.86704382711951211,0.86704382711951211,0.86704382711951211,0.86704382711951211,1.9647894003053959e-12,1.9647894003053959e-12,1.9647894003053959e-12,1.9647894003053959e-12,0.89694319830799429,0.89694319830799429,0.89694319830799429,0.89694319830799429,1,1,1,1
inner_summary,2d,boundary_singularity,p1,1,adaptive_g_effective_rho,g_eff_rho,production_2M,2000000,completed,24357997,20260701_225220_626532_job24357997,snellius_genoa_mem320,algorithm_data_ordered/2d/boundary_singularity/p1/production_2M/adaptive_g_effective_rho,inner_history.csv,,17,,1,1340,1340,2030,,,,,,,,,,,,,,,,,,,,,,,,,,-0.36277376786699195,0.36277376786699195,10,-0.35502414654050191,0.35502414654050191,10,-0.71004829308100403,0.71004829308100403,10,,,,,,,,,,,,,,,,,,,,,,,,,,,,,,,1.8485937124248759,1.8485937124248759,1.8485937124248759,1.8485937124248759,0.54095174795778089,0.54095174795778089,0.54095174795778089,0.54095174795778089,0.8421105226341562,0.8421105226341562,0.8421105226341562,0.8421105226341562,2.4426401518936744e-12,2.4426401518936744e-12,2.4426401518936744e-12,2.4426401518936744e-12,0.87955431198161294,0.87955431198161294,0.87955431198161294,0.87955431198161294,1,1,1,1
inner_summary,2d,boundary_singularity,p1,1,adaptive_g_effective_rho,g_eff_rho,production_2M,2000000,completed,24357997,20260701_225220_626532_job24357997,snellius_genoa_mem320,algorithm_data_ordered/2d/boundary_singularity/p1/production_2M/adaptive_g_effective_rho,inner_history.csv,,18,,1,2030,2030,2758,,,,,,,,,,,,,,,,,,,,,,,,,,-0.36277376786699195,0.36277376786699195,10,-0.35502414654050191,0.35502414654050191,10,-0.71004829308100403,0.71004829308100403,10,,,,,,,,,,,,,,,,,,,,,,,,,,,,,,,0.74071155606772121,0.74071155606772121,0.74071155606772121,0.74071155606772121,1.3500531911622733,1.3500531911622733,1.3500531911622733,1.3500531911622733,0.57608842852698416,0.57608842852698416,0.57608842852698416,0.57608842852698416,2.1929908679977308e-12,2.1929908679977308e-12,2.1929908679977308e-12,2.1929908679977308e-12,0.59521256153578683,0.59521256153578683,0.59521256153578683,0.59521256153578683,1,1,1,1
inner_summary,2d,boundary_singularity,p1,1,adaptive_g_effective_rho,g_eff_rho,production_2M,2000000,completed,24357997,20260701_225220_626532_job24357997,snellius_genoa_mem320,algorithm_data_ordered/2d/boundary_singularity/p1/production_2M/adaptive_g_effective_rho,inner_history.csv,,19,,1,2758,2758,3466,,,,,,,,,,,,,,,,,,,,,,,,,,-0.36277376786699195,0.36277376786699195,10,-0.35502414654050191,0.35502414654050191,10,-0.71004829308100403,0.71004829308100403,10,,,,,,,,,,,,,,,,,,,,,,,,,,,,,,,0.53052803850114605,0.53052803850114605,0.53052803850114605,0.53052803850114605,1.8849145142737633,1.8849145142737633,1.8849145142737633,1.8849145142737633,0.45973578860638142,0.45973578860638142,0.45973578860638142,0.45973578860638142,2.1260471512890489e-12,2.1260471512890489e-12,2.1260471512890489e-12,2.1260471512890489e-12,0.46865820675628905,0.46865820675628905,0.46865820675628905,0.46865820675628905,1,1,1,1
inner_summary,2d,boundary_singularity,p1,1,adaptive_g_effective_rho,g_eff_rho,production_2M,2000000,completed,24357997,20260701_225220_626532_job24357997,snellius_genoa_mem320,algorithm_data_ordered/2d/boundary_singularity/p1/production_2M/adaptive_g_effective_rho,inner_history.csv,,20,,1,3466,3466,4982,,,,,,,,,,,,,,,,,,,,,,,,,,-0.36277376786699195,0.36277376786699195,10,-0.35502414654050191,0.35502414654050191,10,-0.71004829308100403,0.71004829308100403,10,,,,,,,,,,,,,,,,,,,,,,,,,,,,,,,2.0387213389729415,2.0387213389729415,2.0387213389729415,2.0387213389729415,0.49050352340147468,0.49050352340147468,0.49050352340147468,0.49050352340147468,0.85894572630484201,0.85894572630484201,0.85894572630484201,0.85894572630484201,4.9176327842185615e-12,4.9176327842185615e-12,4.9176327842185615e-12,4.9176327842185615e-12,0.89781265208434724,0.89781265208434724,0.89781265208434724,0.89781265208434724,1,1,1,1
inner_summary,2d,boundary_singularity,p1,1,adaptive_g_effective_rho,g_eff_rho,production_2M,2000000,completed,24357997,20260701_225220_626532_job24357997,snellius_genoa_mem320,algorithm_data_ordered/2d/boundary_singularity/p1/production_2M/adaptive_g_effective_rho,inner_history.csv,,21,,1,4982,4982,7723,,,,,,,,,,,,,,,,,,,,,,,,,,-0.36277376786699195,0.36277376786699195,10,-0.35502414654050191,0.35502414654050191,10,-0.71004829308100403,0.71004829308100403,10,,,,,,,,,,,,,,,,,,,,,,,,,,,,,,,2.3030856905096257,2.3030856905096257,2.3030856905096257,2.3030856905096257,0.4342000838790851,0.4342000838790851,0.4342000838790851,0.4342000838790851,0.87702334803065718,0.87702334803065718,0.87702334803065718,0.87702334803065718,6.4005341342881663e-12,6.4005341342881663e-12,6.4005341342881663e-12,6.4005341342881663e-12,0.91726097120705474,0.91726097120705474,0.91726097120705474,0.91726097120705474,1,1,1,1
inner_summary,2d,boundary_singularity,p1,1,adaptive_g_effective_rho,g_eff_rho,production_2M,2000000,completed,24357997,20260701_225220_626532_job24357997,snellius_genoa_mem320,algorithm_data_ordered/2d/boundary_singularity/p1/production_2M/adaptive_g_effective_rho,inner_history.csv,,22,,1,7723,7723,10614,,,,,,,,,,,,,,,,,,,,,,,,,,-0.36277376786699195,0.36277376786699195,10,-0.35502414654050191,0.35502414654050191,10,-0.71004829308100403,0.71004829308100403,10,,,,,,,,,,,,,,,,,,,,,,,,,,,,,,,1.0525730726476166,1.0525730726476166,1.0525730726476166,1.0525730726476166,0.95005280487047283,0.95005280487047283,0.95005280487047283,0.95005280487047283,0.69770434424541894,0.69770434424541894,0.69770434424541894,0.69770434424541894,6.4939134239242335e-12,6.4939134239242335e-12,6.4939134239242335e-12,6.4939134239242335e-12,0.7249781243565987,0.7249781243565987,0.7249781243565987,0.7249781243565987,1,1,1,1
inner_summary,2d,boundary_singularity,p1,1,adaptive_g_effective_rho,g_eff_rho,production_2M,2000000,completed,24357997,20260701_225220_626532_job24357997,snellius_genoa_mem320,algorithm_data_ordered/2d/boundary_singularity/p1/production_2M/adaptive_g_effective_rho,inner_history.csv,,23,,1,10614,10614,14843,,,,,,,,,,,,,,,,,,,,,,,,,,-0.36277376786699195,0.36277376786699195,10,-0.35502414654050191,0.35502414654050191,10,-0.71004829308100403,0.71004829308100403,10,,,,,,,,,,,,,,,,,,,,,,,,,,,,,,,0.65446877148447835,0.65446877148447835,0.65446877148447835,0.65446877148447835,1.5279567850606246,1.5279567850606246,1.5279567850606246,1.5279567850606246,0.53215405804556692,0.53215405804556692,0.53215405804556692,0.53215405804556692,6.3429190935289209e-12,6.3429190935289209e-12,6.3429190935289209e-12,6.3429190935289209e-12,0.54761517570206153,0.54761517570206153,0.54761517570206153,0.54761517570206153,1,1,1,1
inner_summary,2d,boundary_singularity,p1,1,adaptive_g_effective_rho,g_eff_rho,production_2M,2000000,completed,24357997,20260701_225220_626532_job24357997,snellius_genoa_mem320,algorithm_data_ordered/2d/boundary_singularity/p1/production_2M/adaptive_g_effective_rho,inner_history.csv,,24,,1,14843,14843,20190,,,,,,,,,,,,,,,,,,,,,,,,,,-0.36277376786699195,0.36277376786699195,10,-0.35502414654050191,0.35502414654050191,10,-0.71004829308100403,0.71004829308100403,10,,,,,,,,,,,,,,,,,,,,,,,,,,,,,,,0.51620506061289262,0.51620506061289262,0.51620506061289262,0.51620506061289262,1.9372146387187594,1.9372146387187594,1.9372146387187594,1.9372146387187594,0.44856963800463345,0.44856963800463345,0.44856963800463345,0.44856963800463345,6.4517056983320583e-12,6.4517056983320583e-12,6.4517056983320583e-12,6.4517056983320583e-12,0.45869543999876716,0.45869543999876716,0.45869543999876716,0.45869543999876716,1,1,1,1
inner_summary,2d,boundary_singularity,p1,1,adaptive_g_effective_rho,g_eff_rho,production_2M,2000000,completed,24357997,20260701_225220_626532_job24357997,snellius_genoa_mem320,algorithm_data_ordered/2d/boundary_singularity/p1/production_2M/adaptive_g_effective_rho,inner_history.csv,,25,,1,20190,20190,25666,,,,,,,,,,,,,,,,,,,,,,,,,,-0.36277376786699195,0.36277376786699195,10,-0.35502414654050191,0.35502414654050191,10,-0.71004829308100403,0.71004829308100403,10,,,,,,,,,,,,,,,,,,,,,,,,,,,,,,,0.43847725601428722,0.43847725601428722,0.43847725601428722,0.43847725601428722,2.2806200008864685,2.2806200008864685,2.2806200008864685,2.2806200008864685,0.39270722590762808,0.39270722590762808,0.39270722590762808,0.39270722590762808,6.6492685578491124e-12,6.6492685578491124e-12,6.6492685578491124e-12,6.6492685578491124e-12,0.4015706403305801,0.4015706403305801,0.4015706403305801,0.4015706403305801,1,1,1,1
inner_summary,2d,boundary_singularity,p1,1,adaptive_g_effective_rho,g_eff_rho,production_2M,2000000,completed,24357997,20260701_225220_626532_job24357997,snellius_genoa_mem320,algorithm_data_ordered/2d/boundary_singularity/p1/production_2M/adaptive_g_effective_rho,inner_history.csv,,26,,1,25666,25666,33599,,,,,,,,,,,,,,,,,,,,,,,,,,-0.36277376786699195,0.36277376786699195,10,-0.35502414654050191,0.35502414654050191,10,-0.71004829308100403,0.71004829308100403,10,,,,,,,,,,,,,,,,,,,,,,,,,,,,,,,0.44236131124937128,0.44236131124937128,0.44236131124937128,0.44236131124937128,2.2605955235453949,2.2605955235453949,2.2605955235453949,2.2605955235453949,0.39530237413566782,0.39530237413566782,0.39530237413566782,0.39530237413566782,7.8592986119006522e-12,7.8592986119006522e-12,7.8592986119006522e-12,7.8592986119006522e-12,0.40454723982181062,0.40454723982181062,0.40454723982181062,0.40454723982181062,1,1,1,1
inner_summary,2d,boundary_singularity,p1,1,adaptive_g_effective_rho,g_eff_rho,production_2M,2000000,completed,24357997,20260701_225220_626532_job24357997,snellius_genoa_mem320,algorithm_data_ordered/2d/boundary_singularity/p1/production_2M/adaptive_g_effective_rho,inner_history.csv,,27,,1,33599,33599,43944,,,,,,,,,,,,,,,,,,,,,,,,,,-0.36277376786699195,0.36277376786699195,10,-0.35502414654050191,0.35502414654050191,10,-0.71004829308100403,0.71004829308100403,10,,,,,,,,,,,,,,,,,,,,,,,,,,,,,,,0.42483332561692672,0.42483332561692672,0.42483332561692672,0.42483332561692672,2.3538643032484288,2.3538643032484288,2.3538643032484288,2.3538643032484288,0.38774681872173605,0.38774681872173605,0.38774681872173605,0.38774681872173605,8.942148408162395e-12,8.942148408162395e-12,8.942148408162395e-12,8.942148408162395e-12,0.39100985943250999,0.39100985943250999,0.39100985943250999,0.39100985943250999,1,1,1,1
inner_summary,2d,boundary_singularity,p1,1,adaptive_g_effective_rho,g_eff_rho,production_2M,2000000,completed,24357997,20260701_225220_626532_job24357997,snellius_genoa_mem320,algorithm_data_ordered/2d/boundary_singularity/p1/production_2M/adaptive_g_effective_rho,inner_history.csv,,28,,1,43944,43944,57341,,,,,,,,,,,,,,,,,,,,,,,,,,-0.36277376786699195,0.36277376786699195,10,-0.35502414654050191,0.35502414654050191,10,-0.71004829308100403,0.71004829308100403,10,,,,,,,,,,,,,,,,,,,,,,,,,,,,,,,0.45710245566981567,0.45710245566981567,0.45710245566981567,0.45710245566981567,2.1876933444486726,2.1876933444486726,2.1876933444486726,2.1876933444486726,0.43474478028281272,0.43474478028281272,0.43474478028281272,0.43474478028281272,1.117043629469515e-11,1.117043629469515e-11,1.117043629469515e-11,1.117043629469515e-11,0.41572858678194929,0.41572858678194929,0.41572858678194929,0.41572858678194929,1,1,1,1
inner_summary,2d,boundary_singularity,p1,1,adaptive_g_effective_rho,g_eff_rho,production_2M,2000000,completed,24357997,20260701_225220_626532_job24357997,snellius_genoa_mem320,algorithm_data_ordered/2d/boundary_singularity/p1/production_2M/adaptive_g_effective_rho,inner_history.csv,,29,,1,57341,57341,73851,,,,,,,,,,,,,,,,,,,,,,,,,,-0.36277376786699195,0.36277376786699195,10,-0.35502414654050191,0.35502414654050191,10,-0.71004829308100403,0.71004829308100403,10,,,,,,,,,,,,,,,,,,,,,,,,,,,,,,,0.57117353588925335,0.57117353588925335,0.57117353588925335,0.57117353588925335,1.7507813950853162,1.7507813950853162,1.7507813950853162,1.7507813950853162,0.48070219259559926,0.48070219259559926,0.48070219259559926,0.48070219259559926,1.6070734429761228e-11,1.6070734429761228e-11,1.6070734429761228e-11,1.6070734429761228e-11,0.49596996401614202,0.49596996401614202,0.49596996401614202,0.49596996401614202,1,1,1,1
inner_summary,2d,boundary_singularity,p1,1,adaptive_g_effective_rho,g_eff_rho,production_2M,2000000,completed,24357997,20260701_225220_626532_job24357997,snellius_genoa_mem320,algorithm_data_ordered/2d/boundary_singularity/p1/production_2M/adaptive_g_effective_rho,inner_history.csv,,30,,1,73851,73851,99969,,,,,,,,,,,,,,,,,,,,,,,,,,-0.36277376786699195,0.36277376786699195,10,-0.35502414654050191,0.35502414654050191,10,-0.71004829308100403,0.71004829308100403,10,,,,,,,,,,,,,,,,,,,,,,,,,,,,,,,0.55549961770284084,0.55549961770284084,0.55549961770284084,0.55549961770284084,1.8001812568932141,1.8001812568932141,1.8001812568932141,1.8001812568932141,0.47085293658096222,0.47085293658096222,0.47085293658096222,0.47085293658096222,1.9938282321487475e-11,1.9938282321487475e-11,1.9938282321487475e-11,1.9938282321487475e-11,0.48560528463047525,0.48560528463047525,0.48560528463047525,0.48560528463047525,1,1,1,1
inner_summary,2d,boundary_singularity,p1,1,adaptive_g_effective_rho,g_eff_rho,production_2M,2000000,completed,24357997,20260701_225220_626532_job24357997,snellius_genoa_mem320,algorithm_data_ordered/2d/boundary_singularity/p1/production_2M/adaptive_g_effective_rho,inner_history.csv,,31,,1,99969,99969,135647,,,,,,,,,,,,,,,,,,,,,,,,,,-0.36277376786699195,0.36277376786699195,10,-0.35502414654050191,0.35502414654050191,10,-0.71004829308100403,0.71004829308100403,10,,,,,,,,,,,,,,,,,,,,,,,,,,,,,,,0.48560940077760945,0.48560940077760945,0.48560940077760945,0.48560940077760945,2.059268206914227,2.059268206914227,2.059268206914227,2.059268206914227,0.42879645218960999,0.42879645218960999,0.42879645218960999,0.42879645218960999,2.1924044920417266e-11,2.1924044920417266e-11,2.1924044920417266e-11,2.1924044920417266e-11,0.43682762570947531,0.43682762570947531,0.43682762570947531,0.43682762570947531,1,1,1,1
inner_summary,2d,boundary_singularity,p1,1,adaptive_g_effective_rho,g_eff_rho,production_2M,2000000,completed,24357997,20260701_225220_626532_job24357997,snellius_genoa_mem320,algorithm_data_ordered/2d/boundary_singularity/p1/production_2M/adaptive_g_effective_rho,inner_history.csv,,32,,1,135647,135647,176147,,,,,,,,,,,,,,,,,,,,,,,,,,-0.36277376786699195,0.36277376786699195,10,-0.35502414654050191,0.35502414654050191,10,-0.71004829308100403,0.71004829308100403,10,,,,,,,,,,,,,,,,,,,,,,,,,,,,,,,0.44258547498852679,0.44258547498852679,0.44258547498852679,0.44258547498852679,2.2594505615574554,2.2594505615574554,2.2594505615574554,2.2594505615574554,0.40849726345975623,0.40849726345975623,0.40849726345975623,0.40849726345975623,2.4407403521656261e-11,2.4407403521656261e-11,2.4407403521656261e-11,2.4407403521656261e-11,0.40471856475895712,0.40471856475895712,0.40471856475895712,0.40471856475895712,1,1,1,1
inner_summary,2d,boundary_singularity,p1,1,adaptive_g_effective_rho,g_eff_rho,production_2M,2000000,completed,24357997,20260701_225220_626532_job24357997,snellius_genoa_mem320,algorithm_data_ordered/2d/boundary_singularity/p1/production_2M/adaptive_g_effective_rho,inner_history.csv,,33,,1,176147,176147,230662,,,,,,,,,,,,,,,,,,,,,,,,,,-0.36277376786699195,0.36277376786699195,10,-0.35502414654050191,0.35502414654050191,10,-0.71004829308100403,0.71004829308100403,10,,,,,,,,,,,,,,,,,,,,,,,,,,,,,,,0.39616676019023611,0.39616676019023611,0.39616676019023611,0.39616676019023611,2.5241895597697495,2.5241895597697495,2.5241895597697495,2.5241895597697495,0.37991396341306966,0.37991396341306966,0.37991396341306966,0.37991396341306966,2.6360720791605021e-11,2.6360720791605021e-11,2.6360720791605021e-11,2.6360720791605021e-11,0.36831612886672882,0.36831612886672882,0.36831612886672882,0.36831612886672882,1,1,1,1
inner_summary,2d,boundary_singularity,p1,1,adaptive_g_effective_rho,g_eff_rho,production_2M,2000000,completed,24357997,20260701_225220_626532_job24357997,snellius_genoa_mem320,algorithm_data_ordered/2d/boundary_singularity/p1/production_2M/adaptive_g_effective_rho,inner_history.csv,,34,,1,230662,230662,296617,,,,,,,,,,,,,,,,,,,,,,,,,,-0.36277376786699195,0.36277376786699195,10,-0.35502414654050191,0.35502414654050191,10,-0.71004829308100403,0.71004829308100403,10,,,,,,,,,,,,,,,,,,,,,,,,,,,,,,,0.36744064277331401,0.36744064277331401,0.36744064277331401,0.36744064277331401,2.7215280064076426,2.7215280064076426,2.7215280064076426,2.7215280064076426,0.36948420062536541,0.36948420062536541,0.36948420062536541,0.36948420062536541,2.8917389056952316e-11,2.8917389056952316e-11,2.8917389056952316e-11,2.8917389056952316e-11,0.34489496741829145,0.34489496741829145,0.34489496741829145,0.34489496741829145,1,1,1,1
inner_summary,2d,boundary_singularity,p1,1,adaptive_g_effective_rho,g_eff_rho,production_2M,2000000,completed,24357997,20260701_225220_626532_job24357997,snellius_genoa_mem320,algorithm_data_ordered/2d/boundary_singularity/p1/production_2M/adaptive_g_effective_rho,inner_history.csv,,35,,1,296617,296617,368049,,,,,,,,,,,,,,,,,,,,,,,,,,-0.36277376786699195,0.36277376786699195,10,-0.35502414654050191,0.35502414654050191,10,-0.71004829308100403,0.71004829308100403,10,,,,,,,,,,,,,,,,,,,,,,,,,,,,,,,0.3586059175556629,0.3586059175556629,0.3586059175556629,0.3586059175556629,2.7885764039149739,2.7885764039149739,2.7885764039149739,2.7885764039149739,0.36653662462168263,0.36653662462168263,0.36653662462168263,0.36653662462168263,1.0906474694284565e-08,1.0906474694284565e-08,1.0906474694284565e-08,1.0906474694284565e-08,0.33755795035076364,0.33755795035076364,0.33755795035076364,0.33755795035076364,1,1,1,1
inner_summary,2d,boundary_singularity,p1,1,adaptive_g_effective_rho,g_eff_rho,production_2M,2000000,completed,24357997,20260701_225220_626532_job24357997,snellius_genoa_mem320,algorithm_data_ordered/2d/boundary_singularity/p1/production_2M/adaptive_g_effective_rho,inner_history.csv,,36,,1,368049,368049,468070,,,,,,,,,,,,,,,,,,,,,,,,,,-0.36277376786699195,0.36277376786699195,10,-0.35502414654050191,0.35502414654050191,10,-0.71004829308100403,0.71004829308100403,10,,,,,,,,,,,,,,,,,,,,,,,,,,,,,,,0.36409918272453967,0.36409918272453967,0.36409918272453967,0.36409918272453967,2.7465043797051116,2.7465043797051116,2.7465043797051116,2.7465043797051116,0.36415308184892042,0.36415308184892042,0.36415308184892042,0.36415308184892042,3.8814484595477807e-11,3.8814484595477807e-11,3.8814484595477807e-11,3.8814484595477807e-11,0.34212867640114092,0.34212867640114092,0.34212867640114092,0.34212867640114092,1,1,1,1
inner_summary,2d,boundary_singularity,p1,1,adaptive_g_effective_rho,g_eff_rho,production_2M,2000000,completed,24357997,20260701_225220_626532_job24357997,snellius_genoa_mem320,algorithm_data_ordered/2d/boundary_singularity/p1/production_2M/adaptive_g_effective_rho,inner_history.csv,,37,,2,468070,468070,576297,,,,,,,,,,,,,,,,,,,,,,,,,,-0.36277376786699195,0.36277376786699195,10,-0.35502414654050191,0.35502414654050191,10,-0.71004829308100403,0.71004829308100403,10,,,,,,,,,,,,,,,,,,,,,,,,,,,,,,,0.37163138278006141,0.4270376962743368,0.39933453952719911,0.4270376962743368,2.341713644309241,2.6908384122979712,2.5162760283036061,2.341713644309241,0.38357940644721483,0.41323416274982172,0.3984067845985183,0.41323416274982172,5.6663275268907723e-08,1.4204810278699663e-07,9.9355689027952183e-08,1.4204810278699663e-07,0.34835370054197345,0.39272758413495285,0.37054064233846318,0.39272758413495285,2,2,2,2
inner_summary,2d,boundary_singularity,p1,1,adaptive_g_effective_rho,g_eff_rho,production_2M,2000000,completed,24357997,20260701_225220_626532_job24357997,snellius_genoa_mem320,algorithm_data_ordered/2d/boundary_singularity/p1/production_2M/adaptive_g_effective_rho,inner_history.csv,,38,,1,576297,576297,753537,,,,,,,,,,,,,,,,,,,,,,,,,,-0.36277376786699195,0.36277376786699195,10,-0.35502414654050191,0.35502414654050191,10,-0.71004829308100403,0.71004829308100403,10,,,,,,,,,,,,,,,,,,,,,,,,,,,,,,,0.38485666381561429,0.38485666381561429,0.38485666381561429,0.38485666381561429,2.5983699751632789,2.5983699751632789,2.5983699751632789,2.5983699751632789,0.38596259370077074,0.38596259370077074,0.38596259370077074,0.38596259370077074,4.2333188839432037e-08,4.2333188839432037e-08,4.2333188839432037e-08,4.2333188839432037e-08,0.35917527462651849,0.35917527462651849,0.35917527462651849,0.35917527462651849,1,1,1,1
inner_summary,2d,boundary_singularity,p1,1,adaptive_g_effective_rho,g_eff_rho,production_2M,2000000,completed,24357997,20260701_225220_626532_job24357997,snellius_genoa_mem320,algorithm_data_ordered/2d/boundary_singularity/p1/production_2M/adaptive_g_effective_rho,inner_history.csv,,39,,1,753537,753537,966143,,,,,,,,,,,,,,,,,,,,,,,,,,-0.36277376786699195,0.36277376786699195,10,-0.35502414654050191,0.35502414654050191,10,-0.71004829308100403,0.71004829308100403,10,,,,,,,,,,,,,,,,,,,,,,,,,,,,,,,0.39890891536226397,0.39890891536226397,0.39890891536226397,0.39890891536226397,2.5068379308892181,2.5068379308892181,2.5068379308892181,2.5068379308892181,0.39305017332707098,0.39305017332707098,0.39305017332707098,0.39305017332707098,7.8167174421096101e-11,7.8167174421096101e-11,7.8167174421096101e-11,7.8167174421096101e-11,0.37051694461905649,0.37051694461905649,0.37051694461905649,0.37051694461905649,1,1,1,1
inner_summary,2d,boundary_singularity,p1,1,adaptive_g_effective_rho,g_eff_rho,production_2M,2000000,completed,24357997,20260701_225220_626532_job24357997,snellius_genoa_mem320,algorithm_data_ordered/2d/boundary_singularity/p1/production_2M/adaptive_g_effective_rho,inner_history.csv,,40,,1,966143,966143,1246762,,,,,,,,,,,,,,,,,,,,,,,,,,-0.36277376786699195,0.36277376786699195,10,-0.35502414654050191,0.35502414654050191,10,-0.71004829308100403,0.71004829308100403,10,,,,,,,,,,,,,,,,,,,,,,,,,,,,,,,0.38102766798418969,0.38102766798418969,0.38102766798418969,0.38102766798418969,2.6244813278008299,2.6244813278008299,2.6244813278008299,2.6244813278008299,0.37919674794378833,0.37919674794378833,0.37919674794378833,0.37919674794378833,1.742778672222748e-07,1.742778672222748e-07,1.742778672222748e-07,1.742778672222748e-07,0.3560564447390851,0.3560564447390851,0.3560564447390851,0.3560564447390851,1,1,1,1
inner_summary,2d,boundary_singularity,p1,1,adaptive_g_effective_rho,g_eff_rho,production_2M,2000000,completed,24357997,20260701_225220_626532_job24357997,snellius_genoa_mem320,algorithm_data_ordered/2d/boundary_singularity/p1/production_2M/adaptive_g_effective_rho,inner_history.csv,,41,,1,1246762,1246762,1630123,,,,,,,,,,,,,,,,,,,,,,,,,,-0.36277376786699195,0.36277376786699195,10,-0.35502414654050191,0.35502414654050191,10,-0.71004829308100403,0.71004829308100403,10,,,,,,,,,,,,,,,,,,,,,,,,,,,,,,,0.36024400346424668,0.36024400346424668,0.36024400346424668,0.36024400346424668,2.7758963102330934,2.7758963102330934,2.7758963102330934,2.7758963102330934,0.35467419671008349,0.35467419671008349,0.35467419671008349,0.35467419671008349,2.5944994863195686e-07,2.5944994863195686e-07,2.5944994863195686e-07,2.5944994863195686e-07,0.33892280623029414,0.33892280623029414,0.33892280623029414,0.33892280623029414,1,1,1,1
inner_summary,2d,boundary_singularity,p1,1,adaptive_g_effective_rho,g_eff_rho,production_2M,2000000,completed,24357997,20260701_225220_626532_job24357997,snellius_genoa_mem320,algorithm_data_ordered/2d/boundary_singularity/p1/production_2M/adaptive_g_effective_rho,inner_history.csv,,42,,2,1630123,1630123,2042910,,,,,,,,,,,,,,,,,,,,,,,,,,-0.36277376786699195,0.36277376786699195,10,-0.35502414654050191,0.35502414654050191,10,-0.71004829308100403,0.71004829308100403,10,,,,,,,,,,,,,,,,,,,,,,,,,,,,,,,0.33486183897093852,0.34107431533279764,0.33796807715186805,0.33486183897093852,2.9319123576463575,2.986306242219456,2.9591092999329067,2.986306242219456,0.32886534252599769,0.34034926346260502,0.33460730299430136,0.32886534252599769,8.6431509762633719e-07,1.2147322200147506e-06,1.0395236588205439e-06,1.2147322200147506e-06,0.31753194416637148,0.3228139470919511,0.32017294562916132,0.31753194416637148,2,2,2,2
outer,2d,boundary_singularity,p1,1,uniform_standard,uniform,production_2M,2000000,completed,24339164,20260701_091325_198469_job24339164,snellius_next_mem216,algorithm_data_ordered/2d/boundary_singularity/p1/production_2M/uniform_standard,outer_history.csv,completed,0,,,2,2,27,2,2,MISSING,0.0722948,0.0723009,1,1,0,1,1,1,uniform,1,0.014894,1,computed,2.44444,1.00106,2.44186,0.00143429,0.037872099999999999,0.0035060500000000001,0.059211907586227956,0.00143581,0.037892083605945981,-0.19747113145516712,0.19747113145516712,7,-0.19563061820818456,0.19563061820818456,7,-0.39126123641636912,0.39126123641636912,7,0.000217951,0.014763099999999999,1.3359199999999999e-06,0.0011558199999999999,0.00197489,0.044439800000000002,1.3359199999999999e-06,0.0011558199999999999,2.8674500000000001e-35,5.3548499999999997e-18,9.9552900000000008e-35,9.9776199999999995e-18,9.97762e-18,215845448518632.62,4.6589129714554739e+28,4.6329445761450749e-15,2.1464234385292534e-29,1,4.6329445761450749e-15,8.63250333096849e-15,7.4520105994370936e-29,0,0,not_requested,not_requested,0,,,,,,,,,,,,,,,,,,,,,,,,,,,,
outer,2d,boundary_singularity,p1,1,uniform_standard,uniform,production_2M,2000000,completed,24339164,20260701_091325_198469_job24339164,snellius_next_mem216,algorithm_data_ordered/2d/boundary_singularity/p1/production_2M/uniform_standard,outer_history.csv,completed,1,,,27,27,245,36,36,MISSING,0.0675334,0.143326,1,1,0,1,1,1,uniform,1,0.0271596,1,computed,2.44444,1.00339,2.43618,0.0012043100000000001,0.034703100000000001,0.00294386,0.054257349732547755,0.0012083899999999999,0.0347619044357469,-0.19747113145516712,0.19747113145516712,7,-0.19563061820818456,0.19563061820818456,7,-0.39126123641636912,0.39126123641636912,7,0.00034490999999999998,0.018571799999999999,3.1694999999999999e-06,0.00178031,0.0015862599999999999,0.039827899999999999,3.1694999999999999e-06,0.00178031,8.44611e-34,2.9062200000000002e-17,2.5178500000000001e-33,5.01782e-17,5.01782e-17,61258610841574.273,3.7526151092041187e+27,1.632423566682207e-14,2.6648083293894936e-28,1,1.632423566682207e-14,2.8185091360493396e-14,7.9439974759425782e-28,0,0,not_requested,not_requested,0,,,,,,,,,,,,,,,,,,,,,,,,,,,,
outer,2d,boundary_singularity,p1,1,uniform_standard,uniform,production_2M,2000000,completed,24339164,20260701_091325_198469_job24339164,snellius_next_mem216,algorithm_data_ordered/2d/boundary_singularity/p1/production_2M/uniform_standard,outer_history.csv,completed,2,,,245,245,2025,392,392,MISSING,0.235861,0.382494,1,1,0,1,1,1,uniform,1,0.0542199,1,computed,2.44444,1.01251,2.41424,0.00075633799999999995,0.027501600000000001,0.0018488300000000001,0.042998023210375616,0.00076580099999999998,0.027673109691539906,-0.19747113145516712,0.19747113145516712,7,-0.19563061820818456,0.19563061820818456,7,-0.39126123641636912,0.39126123641636912,7,0.000413106,0.020324999999999999,5.5085200000000004e-06,0.00234702,0.00090888600000000003,0.030147699999999999,5.5085200000000004e-06,0.00234702,7.0379e-32,2.6529000000000002e-16,2.2042799999999999e-31,4.6949699999999998e-16,4.69497e-16,8846997625240.3027,7.8269370124611046e+25,1.1303269678145053e-13,1.277639002853761e-26,1,1.1303269678145053e-13,2.000396247155968e-13,4.001583002330934e-26,0,0,not_requested,not_requested,0,,,,,,,,,,,,,,,,,,,,,,,,,,,,
outer,2d,boundary_singularity,p1,1,uniform_standard,uniform,production_2M,2000000,completed,24339164,20260701_091325_198469_job24339164,snellius_next_mem216,algorithm_data_ordered/2d/boundary_singularity/p1/production_2M/uniform_standard,outer_history.csv,completed,3,,,2025,2025,16337,3600,3600,MISSING,1.68257,2.06941,1,1,0,1,1,1,uniform,1,0.0875022,1,computed,2.44444,1.02984,2.37362,0.00033401399999999999,0.0182761,0.00081647899999999995,0.028574096661136989,0.00034398099999999999,0.018546724778245888,-0.19747113145516712,0.19747113145516712,7,-0.19563061820818456,0.19563061820818456,7,-0.39126123641636912,0.39126123641636912,7,0.00026054300000000002,0.0161414,4.1872299999999999e-06,0.0020462700000000002,0.00036666800000000001,0.019148600000000002,4.1872299999999999e-06,0.0020462700000000002,3.0364299999999998e-31,5.5103800000000004e-16,4.9276399999999999e-30,2.21983e-15,2.21983e-15,3713482554742.1411,1.3789977045411883e+25,2.6928899900795103e-13,7.2516436880706331e-26,1,2.6928899900795103e-13,1.0848177415492578e-12,1.176825729658987e-24,0,0,not_requested,not_requested,0,,,,,,,,,,,,,,,,,,,,,,,,,,,,
outer,2d,boundary_singularity,p1,1,uniform_standard,uniform,production_2M,2000000,completed,24339164,20260701_091325_198469_job24339164,snellius_next_mem216,algorithm_data_ordered/2d/boundary_singularity/p1/production_2M/uniform_standard,outer_history.csv,completed,4,,,16337,16337,130977,30752,30752,MISSING,14.8481,16.9332,1,1,0,1,1,1,uniform,1,0.10687,1,computed,2.44444,1.04243,2.34494,0.000110679,0.010520399999999999,0.00027054999999999999,0.01644840417791343,0.000115376,0.010741322078775964,-0.19747113145516712,0.19747113145516712,7,-0.19563061820818456,0.19563061820818456,7,-0.39126123641636912,0.39126123641636912,7,9.8251299999999999e-05,0.0099121799999999996,1.64949e-06,0.00128432,0.000116203,0.0107797,1.64949e-06,0.00128432,1.3222199999999999e-26,1.14988e-13,2.0681900000000001e-24,1.4381199999999999e-12,1.43812e-12,11169165478.136848,1.2475155420429279e+20,8.9532203812134054e-11,8.0159321972245955e-21,1,8.9532203812134054e-11,1.1197520867073625e-09,1.2538360341681369e-18,0,0,not_requested,not_requested,0,,,,,,,,,,,,,,,,,,,,,,,,,,,,
outer,2d,boundary_singularity,p1,1,uniform_standard,uniform,production_2M,2000000,completed,24339164,20260701_091325_198469_job24339164,snellius_next_mem216,algorithm_data_ordered/2d/boundary_singularity/p1/production_2M/uniform_standard,outer_history.csv,completed,5,,,130977,130977,1048385,254016,254016,MISSING,179.201,196.238,1,1,0,1,1,1,uniform,1,0.109026,1,computed,2.44444,1.04393,2.34157,3.27576e-05,0.0057234199999999999,8.0074000000000006e-05,0.0089484076795818823,3.4196699999999997e-05,0.00584779445603212,-0.19747113145516712,0.19747113145516712,7,-0.19563061820818456,0.19563061820818456,7,-0.39126123641636912,0.39126123641636912,7,2.99626e-05,0.00547381,4.7895200000000004e-07,0.00069206400000000005,3.3999799999999999e-05,0.0058309299999999998,4.7895200000000004e-07,0.00069206400000000005,1.2696600000000001e-24,1.1267900000000001e-12,2.2861599999999999e-22,1.5119999999999999e-11,1.512e-11,614190754.26654482,3.7722854937542336e+17,1.6281586674064827e-09,2.6509128263375034e-18,1,1.6281586674064827e-09,2.1847690387016228e-08,4.7732549399522287e-16,0,0,not_requested,not_requested,0,,,,,,,,,,,,,,,,,,,,,,,,,,,,
outer,2d,boundary_singularity,p1,1,uniform_standard,uniform,production_2M,2000000,completed,24339164,20260701_091325_198469_job24339164,snellius_next_mem216,algorithm_data_ordered/2d/boundary_singularity/p1/production_2M/uniform_standard,outer_history.csv,completed,6,,,1048385,1048385,8388225,2064512,2064512,MISSING,5347.49,5544.61,1,1,0,1,1,1,uniform,1,0.103635,1,computed,2.44444,1.04022,2.34994,9.4801799999999998e-06,0.0030789900000000002,2.3173800000000002e-05,0.0048139173237603493,9.8614300000000006e-06,0.0031402913877536906,-0.19747113145516712,0.19747113145516712,7,-0.19563061820818456,0.19563061820818456,7,-0.39126123641636912,0.39126123641636912,7,8.6602700000000003e-06,0.00294283,1.25985e-07,0.000354944,9.8445799999999992e-06,0.0031376099999999999,1.25985e-07,0.000354944,2.8816700000000002e-23,5.3681200000000004e-12,9.9290200000000005e-21,9.9644500000000004e-11,9.96445e-11,66120727.554525599,4371944046334243.5,1.5123850522899387e-08,2.2873119815851096e-16,1,1.5123850522899387e-08,2.8073301703930761e-07,7.8811128308925673e-14,0,0,not_requested,not_requested,0,,,,,,,,,,,,,,,,,,,,,,,,,,,,
inner,2d,boundary_singularity,p1,1,uniform_standard,uniform,production_2M,2000000,completed,24339164,20260701_091325_198469_job24339164,snellius_next_mem216,algorithm_data_ordered/2d/boundary_singularity/p1/production_2M/uniform_standard,inner_history.csv,completed,0,0,,2,2,27,2,2,MISSING,0.0574849,0.0583967,,,,,,1,,1,0.014894,1,computed,2.44444,1.00106,2.44186,0.00143429,0.037872099999999999,0.0035060500000000001,0.059211907586227956,0.00143581,0.037892083605945981,-0.19747113145516712,0.19747113145516712,7,-0.19563061820818456,0.19563061820818456,7,-0.39126123641636912,0.39126123641636912,7,0.000217951,0.014763099999999999,1.3359199999999999e-06,0.0011558199999999999,0.00197489,0.044439800000000002,1.3359199999999999e-06,0.0011558199999999999,2.8674500000000001e-35,5.3548499999999997e-18,9.9552900000000008e-35,9.9776199999999995e-18,9.97762e-18,215845448518632.62,4.6589129714554739e+28,4.6329445761450749e-15,2.1464234385292534e-29,1,4.6329445761450749e-15,8.63250333096849e-15,7.4520105994370936e-29,0,0,not_requested,not_requested,0,,,,,,,,,,,,,,,,,,,,,,,,,,,,
inner,2d,boundary_singularity,p1,1,uniform_standard,uniform,production_2M,2000000,completed,24339164,20260701_091325_198469_job24339164,snellius_next_mem216,algorithm_data_ordered/2d/boundary_singularity/p1/production_2M/uniform_standard,inner_history.csv,completed,1,0,,27,27,245,36,36,MISSING,0.0366536,0.115754,,,,,,1,,1,0.0271596,1,computed,2.44444,1.00339,2.43618,0.0012043100000000001,0.034703100000000001,0.00294386,0.054257349732547755,0.0012083899999999999,0.0347619044357469,-0.19747113145516712,0.19747113145516712,7,-0.19563061820818456,0.19563061820818456,7,-0.39126123641636912,0.39126123641636912,7,0.00034490999999999998,0.018571799999999999,3.1694999999999999e-06,0.00178031,0.0015862599999999999,0.039827899999999999,3.1694999999999999e-06,0.00178031,8.44611e-34,2.9062200000000002e-17,2.5178500000000001e-33,5.01782e-17,5.01782e-17,61258610841574.273,3.7526151092041187e+27,1.632423566682207e-14,2.6648083293894936e-28,1,1.632423566682207e-14,2.8185091360493396e-14,7.9439974759425782e-28,0,0,not_requested,not_requested,0,,,,,,,,,,,,,,,,,,,,,,,,,,,,
inner,2d,boundary_singularity,p1,1,uniform_standard,uniform,production_2M,2000000,completed,24339164,20260701_091325_198469_job24339164,snellius_next_mem216,algorithm_data_ordered/2d/boundary_singularity/p1/production_2M/uniform_standard,inner_history.csv,completed,2,0,,245,245,2025,392,392,MISSING,0.0861295,0.236127,,,,,,1,,1,0.0542199,1,computed,2.44444,1.01251,2.41424,0.00075633799999999995,0.027501600000000001,0.0018488300000000001,0.042998023210375616,0.00076580099999999998,0.027673109691539906,-0.19747113145516712,0.19747113145516712,7,-0.19563061820818456,0.19563061820818456,7,-0.39126123641636912,0.39126123641636912,7,0.000413106,0.020324999999999999,5.5085200000000004e-06,0.00234702,0.00090888600000000003,0.030147699999999999,5.5085200000000004e-06,0.00234702,7.0379e-32,2.6529000000000002e-16,2.2042799999999999e-31,4.6949699999999998e-16,4.69497e-16,8846997625240.3027,7.8269370124611046e+25,1.1303269678145053e-13,1.277639002853761e-26,1,1.1303269678145053e-13,2.000396247155968e-13,4.001583002330934e-26,0,0,not_requested,not_requested,0,,,,,,,,,,,,,,,,,,,,,,,,,,,,
inner,2d,boundary_singularity,p1,1,uniform_standard,uniform,production_2M,2000000,completed,24339164,20260701_091325_198469_job24339164,snellius_next_mem216,algorithm_data_ordered/2d/boundary_singularity/p1/production_2M/uniform_standard,inner_history.csv,completed,3,0,,2025,2025,16337,3600,3600,MISSING,0.523395,0.913751,,,,,,1,,1,0.0875022,1,computed,2.44444,1.02984,2.37362,0.00033401399999999999,0.0182761,0.00081647899999999995,0.028574096661136989,0.00034398099999999999,0.018546724778245888,-0.19747113145516712,0.19747113145516712,7,-0.19563061820818456,0.19563061820818456,7,-0.39126123641636912,0.39126123641636912,7,0.00026054300000000002,0.0161414,4.1872299999999999e-06,0.0020462700000000002,0.00036666800000000001,0.019148600000000002,4.1872299999999999e-06,0.0020462700000000002,3.0364299999999998e-31,5.5103800000000004e-16,4.9276399999999999e-30,2.21983e-15,2.21983e-15,3713482554742.1411,1.3789977045411883e+25,2.6928899900795103e-13,7.2516436880706331e-26,1,2.6928899900795103e-13,1.0848177415492578e-12,1.176825729658987e-24,0,0,not_requested,not_requested,0,,,,,,,,,,,,,,,,,,,,,,,,,,,,
inner,2d,boundary_singularity,p1,1,uniform_standard,uniform,production_2M,2000000,completed,24339164,20260701_091325_198469_job24339164,snellius_next_mem216,algorithm_data_ordered/2d/boundary_singularity/p1/production_2M/uniform_standard,inner_history.csv,completed,4,0,,16337,16337,130977,30752,30752,MISSING,4.42914,6.51836,,,,,,1,,1,0.10687,1,computed,2.44444,1.04243,2.34494,0.000110679,0.010520399999999999,0.00027054999999999999,0.01644840417791343,0.000115376,0.010741322078775964,-0.19747113145516712,0.19747113145516712,7,-0.19563061820818456,0.19563061820818456,7,-0.39126123641636912,0.39126123641636912,7,9.8251299999999999e-05,0.0099121799999999996,1.64949e-06,0.00128432,0.000116203,0.0107797,1.64949e-06,0.00128432,1.3222199999999999e-26,1.14988e-13,2.0681900000000001e-24,1.4381199999999999e-12,1.43812e-12,11169165478.136848,1.2475155420429279e+20,8.9532203812134054e-11,8.0159321972245955e-21,1,8.9532203812134054e-11,1.1197520867073625e-09,1.2538360341681369e-18,0,0,not_requested,not_requested,0,,,,,,,,,,,,,,,,,,,,,,,,,,,,
inner,2d,boundary_singularity,p1,1,uniform_standard,uniform,production_2M,2000000,completed,24339164,20260701_091325_198469_job24339164,snellius_next_mem216,algorithm_data_ordered/2d/boundary_singularity/p1/production_2M/uniform_standard,inner_history.csv,completed,5,0,,130977,130977,1048385,254016,254016,MISSING,61.6533,78.6987,,,,,,1,,1,0.109026,1,computed,2.44444,1.04393,2.34157,3.27576e-05,0.0057234199999999999,8.0074000000000006e-05,0.0089484076795818823,3.4196699999999997e-05,0.00584779445603212,-0.19747113145516712,0.19747113145516712,7,-0.19563061820818456,0.19563061820818456,7,-0.39126123641636912,0.39126123641636912,7,2.99626e-05,0.00547381,4.7895200000000004e-07,0.00069206400000000005,3.3999799999999999e-05,0.0058309299999999998,4.7895200000000004e-07,0.00069206400000000005,1.2696600000000001e-24,1.1267900000000001e-12,2.2861599999999999e-22,1.5119999999999999e-11,1.512e-11,614190754.26654482,3.7722854937542336e+17,1.6281586674064827e-09,2.6509128263375034e-18,1,1.6281586674064827e-09,2.1847690387016228e-08,4.7732549399522287e-16,0,0,not_requested,not_requested,0,,,,,,,,,,,,,,,,,,,,,,,,,,,,
inner,2d,boundary_singularity,p1,1,uniform_standard,uniform,production_2M,2000000,completed,24339164,20260701_091325_198469_job24339164,snellius_next_mem216,algorithm_data_ordered/2d/boundary_singularity/p1/production_2M/uniform_standard,inner_history.csv,completed,6,0,,1048385,1048385,8388225,2064512,2064512,MISSING,2030.29,2227.46,,,,,,1,,1,0.103635,1,computed,2.44444,1.04022,2.34994,9.4801799999999998e-06,0.0030789900000000002,2.3173800000000002e-05,0.0048139173237603493,9.8614300000000006e-06,0.0031402913877536906,-0.19747113145516712,0.19747113145516712,7,-0.19563061820818456,0.19563061820818456,7,-0.39126123641636912,0.39126123641636912,7,8.6602700000000003e-06,0.00294283,1.25985e-07,0.000354944,9.8445799999999992e-06,0.0031376099999999999,1.25985e-07,0.000354944,2.8816700000000002e-23,5.3681200000000004e-12,9.9290200000000005e-21,9.9644500000000004e-11,9.96445e-11,66120727.554525599,4371944046334243.5,1.5123850522899387e-08,2.2873119815851096e-16,1,1.5123850522899387e-08,2.8073301703930761e-07,7.8811128308925673e-14,0,0,not_requested,not_requested,0,,,,,,,,,,,,,,,,,,,,,,,,,,,,
inner_summary,2d,boundary_singularity,p1,1,uniform_standard,uniform,production_2M,2000000,completed,24339164,20260701_091325_198469_job24339164,snellius_next_mem216,algorithm_data_ordered/2d/boundary_singularity/p1/production_2M/uniform_standard,inner_history.csv,,0,,1,2,2,27,,,,,,,,,,,,,,,,,,,,,,,,,,-0.19747113145516712,0.19747113145516712,7,-0.19563061820818456,0.19563061820818456,7,-0.39126123641636912,0.39126123641636912,7,,,,,,,,,,,,,,,,,,,,,,,,,,,,,,,215845448518632.62,215845448518632.62,215845448518632.62,215845448518632.62,4.6329445761450749e-15,4.6329445761450749e-15,4.6329445761450749e-15,4.6329445761450749e-15,,,,,8.63250333096849e-15,8.63250333096849e-15,8.63250333096849e-15,8.63250333096849e-15,1,1,1,1,0,1,1,1
inner_summary,2d,boundary_singularity,p1,1,uniform_standard,uniform,production_2M,2000000,completed,24339164,20260701_091325_198469_job24339164,snellius_next_mem216,algorithm_data_ordered/2d/boundary_singularity/p1/production_2M/uniform_standard,inner_history.csv,,1,,1,27,27,245,,,,,,,,,,,,,,,,,,,,,,,,,,-0.19747113145516712,0.19747113145516712,7,-0.19563061820818456,0.19563061820818456,7,-0.39126123641636912,0.39126123641636912,7,,,,,,,,,,,,,,,,,,,,,,,,,,,,,,,61258610841574.273,61258610841574.273,61258610841574.273,61258610841574.273,1.632423566682207e-14,1.632423566682207e-14,1.632423566682207e-14,1.632423566682207e-14,,,,,2.8185091360493396e-14,2.8185091360493396e-14,2.8185091360493396e-14,2.8185091360493396e-14,1,1,1,1,0,1,1,1
inner_summary,2d,boundary_singularity,p1,1,uniform_standard,uniform,production_2M,2000000,completed,24339164,20260701_091325_198469_job24339164,snellius_next_mem216,algorithm_data_ordered/2d/boundary_singularity/p1/production_2M/uniform_standard,inner_history.csv,,2,,1,245,245,2025,,,,,,,,,,,,,,,,,,,,,,,,,,-0.19747113145516712,0.19747113145516712,7,-0.19563061820818456,0.19563061820818456,7,-0.39126123641636912,0.39126123641636912,7,,,,,,,,,,,,,,,,,,,,,,,,,,,,,,,8846997625240.3027,8846997625240.3027,8846997625240.3027,8846997625240.3027,1.1303269678145053e-13,1.1303269678145053e-13,1.1303269678145053e-13,1.1303269678145053e-13,,,,,2.000396247155968e-13,2.000396247155968e-13,2.000396247155968e-13,2.000396247155968e-13,1,1,1,1,0,1,1,1
inner_summary,2d,boundary_singularity,p1,1,uniform_standard,uniform,production_2M,2000000,completed,24339164,20260701_091325_198469_job24339164,snellius_next_mem216,algorithm_data_ordered/2d/boundary_singularity/p1/production_2M/uniform_standard,inner_history.csv,,3,,1,2025,2025,16337,,,,,,,,,,,,,,,,,,,,,,,,,,-0.19747113145516712,0.19747113145516712,7,-0.19563061820818456,0.19563061820818456,7,-0.39126123641636912,0.39126123641636912,7,,,,,,,,,,,,,,,,,,,,,,,,,,,,,,,3713482554742.1411,3713482554742.1411,3713482554742.1411,3713482554742.1411,2.6928899900795103e-13,2.6928899900795103e-13,2.6928899900795103e-13,2.6928899900795103e-13,,,,,1.0848177415492578e-12,1.0848177415492578e-12,1.0848177415492578e-12,1.0848177415492578e-12,1,1,1,1,0,1,1,1
inner_summary,2d,boundary_singularity,p1,1,uniform_standard,uniform,production_2M,2000000,completed,24339164,20260701_091325_198469_job24339164,snellius_next_mem216,algorithm_data_ordered/2d/boundary_singularity/p1/production_2M/uniform_standard,inner_history.csv,,4,,1,16337,16337,130977,,,,,,,,,,,,,,,,,,,,,,,,,,-0.19747113145516712,0.19747113145516712,7,-0.19563061820818456,0.19563061820818456,7,-0.39126123641636912,0.39126123641636912,7,,,,,,,,,,,,,,,,,,,,,,,,,,,,,,,11169165478.136848,11169165478.136848,11169165478.136848,11169165478.136848,8.9532203812134054e-11,8.9532203812134054e-11,8.9532203812134054e-11,8.9532203812134054e-11,,,,,1.1197520867073625e-09,1.1197520867073625e-09,1.1197520867073625e-09,1.1197520867073625e-09,1,1,1,1,0,1,1,1
inner_summary,2d,boundary_singularity,p1,1,uniform_standard,uniform,production_2M,2000000,completed,24339164,20260701_091325_198469_job24339164,snellius_next_mem216,algorithm_data_ordered/2d/boundary_singularity/p1/production_2M/uniform_standard,inner_history.csv,,5,,1,130977,130977,1048385,,,,,,,,,,,,,,,,,,,,,,,,,,-0.19747113145516712,0.19747113145516712,7,-0.19563061820818456,0.19563061820818456,7,-0.39126123641636912,0.39126123641636912,7,,,,,,,,,,,,,,,,,,,,,,,,,,,,,,,614190754.26654482,614190754.26654482,614190754.26654482,614190754.26654482,1.6281586674064827e-09,1.6281586674064827e-09,1.6281586674064827e-09,1.6281586674064827e-09,,,,,2.1847690387016228e-08,2.1847690387016228e-08,2.1847690387016228e-08,2.1847690387016228e-08,1,1,1,1,0,1,1,1
inner_summary,2d,boundary_singularity,p1,1,uniform_standard,uniform,production_2M,2000000,completed,24339164,20260701_091325_198469_job24339164,snellius_next_mem216,algorithm_data_ordered/2d/boundary_singularity/p1/production_2M/uniform_standard,inner_history.csv,,6,,1,1048385,1048385,8388225,,,,,,,,,,,,,,,,,,,,,,,,,,-0.19747113145516712,0.19747113145516712,7,-0.19563061820818456,0.19563061820818456,7,-0.39126123641636912,0.39126123641636912,7,,,,,,,,,,,,,,,,,,,,,,,,,,,,,,,66120727.554525599,66120727.554525599,66120727.554525599,66120727.554525599,1.5123850522899387e-08,1.5123850522899387e-08,1.5123850522899387e-08,1.5123850522899387e-08,,,,,2.8073301703930761e-07,2.8073301703930761e-07,2.8073301703930761e-07,2.8073301703930761e-07,1,1,1,1,0,1,1,1
outer,2d,boundary_singularity,p2,2,adaptive_force_effective_rho_no_inner_refinement,force_eff_rho_no_inner,production_2M,2000000,completed,24339165,20260701_091326_075811_job24339165,snellius_next_mem216,algorithm_data_ordered/2d/boundary_singularity/p2/production_2M/adaptive_force_effective_rho_no_inner_refinement,outer_history.csv,completed,0,,,15,15,27,15,15,52,0.0630432,0.0630471,1,1,0,1,0,0,adaptive,1,0.0393676,1,computed_required,2.44444,1.00688,2.42775,0.0011099899999999999,0.033316499999999999,0.00271331,0.052089442308398737,0.0011176199999999999,0.033430824099923109,-0.46187086961036816,0.46187086961036816,10,-0.45059250829449998,0.45059250829449998,10,-0.90118501658899997,0.90118501658899997,10,0.00037882999999999998,0.019463600000000001,5.6153899999999998e-06,0.0023696799999999999,0.0014349499999999999,0.037880799999999999,5.6153899999999998e-06,0.0023696799999999999,7.42657e-34,2.7251700000000001e-17,6.0473200000000001e-33,7.7764499999999996e-17,7.77645e-17,86955309210067.625,7.5612160122371429e+27,1.1500160359204619e-14,1.3225385948260051e-28,1,1.1500160359204619e-14,3.2816456230377096e-14,1.0769189673379767e-27,1,1,not_skipped,success,1,5.3729699999999997e-06,0.0023179699999999999,0.97817848823469833,0.95682935646500067,,,,,,,,,,,,,,,,,,,,,,,,
outer,2d,boundary_singularity,p2,2,adaptive_force_effective_rho_no_inner_refinement,force_eff_rho_no_inner,production_2M,2000000,completed,24339165,20260701_091326_075811_job24339165,snellius_next_mem216,algorithm_data_ordered/2d/boundary_singularity/p2/production_2M/adaptive_force_effective_rho_no_inner_refinement,outer_history.csv,completed,1,,,27,27,45,30,30,116,0.0869168,0.155062,1,1,0,1,0,0,adaptive,1,0.0481044,1,computed_required,2.44444,1.01002,2.4202,0.00099265399999999993,0.031506399999999997,0.0024264899999999999,0.049259415343668053,0.0010026,0.031663859524701028,-0.46187086961036816,0.46187086961036816,10,-0.45059250829449998,0.45059250829449998,10,-0.90118501658899997,0.90118501658899997,10,0.00040373900000000002,0.020093300000000001,6.8332799999999997e-06,0.0026140500000000001,0.00125439,0.035417400000000002,6.0571099999999998e-06,0.0024611199999999998,7.7616899999999997e-07,0.00088100400000000001,1.5499900000000001e-32,1.2449900000000001e-16,1.24499e-16,2.7935400974342905,7.803854572908735,0.35796872968404631,0.12814180359940633,0.94149691092366239,0.33702645320479713,4.762686253132113e-14,2.2682957525522154e-27,1,1,not_skipped,success,1,5.9997700000000002e-06,0.0024494400000000002,0.93702874849371665,0.87802197480565702,,,,,,,,,,,,,,,,,,,,,,,,
outer,2d,boundary_singularity,p2,2,adaptive_force_effective_rho_no_inner_refinement,force_eff_rho_no_inner,production_2M,2000000,completed,24339165,20260701_091326_075811_job24339165,snellius_next_mem216,algorithm_data_ordered/2d/boundary_singularity/p2/production_2M/adaptive_force_effective_rho_no_inner_refinement,outer_history.csv,completed,2,,,45,45,61,54,54,200,0.101354,0.261533,1,1,0,1,0,0,adaptive,1,0.101414,1,computed_required,2.44444,1.03872,2.35332,0.00062222000000000004,0.024944299999999999,0.0015209799999999999,0.038999743588900682,0.00064631200000000001,0.025422667051275324,-0.46187086961036816,0.46187086961036816,10,-0.45059250829449998,0.45059250829449998,10,-0.90118501658899997,0.90118501658899997,10,0.00038553200000000001,0.019635,1.31296e-05,0.0036234800000000001,0.00072741500000000003,0.026970600000000001,1.31296e-05,0.0036234800000000001,1.60277e-32,1.2660099999999999e-16,6.3369299999999998e-32,2.51733e-16,2.51733e-16,28621258915806.355,8.1918179152342514e+26,3.4939064104120898e-14,1.2207302583475505e-27,1,3.4939064104120898e-14,6.9472716835749052e-14,4.8264455885937119e-27,1,1,not_skipped,success,1,1.2828499999999999e-05,0.0035816899999999998,0.98846688818483874,0.97706708505971229,,,,,,,,,,,,,,,,,,,,,,,,
outer,2d,boundary_singularity,p2,2,adaptive_force_effective_rho_no_inner_refinement,force_eff_rho_no_inner,production_2M,2000000,completed,24339165,20260701_091326_075811_job24339165,snellius_next_mem216,algorithm_data_ordered/2d/boundary_singularity/p2/production_2M/adaptive_force_effective_rho_no_inner_refinement,outer_history.csv,completed,3,,,61,61,77,78,78,272,0.110244,0.376922,1,1,0,1,0,0,adaptive,1,0.0748048,1,computed_required,2.44444,1.02253,2.39058,0.00059725700000000002,0.0244388,0.0014599599999999999,0.038209422921577862,0.00061071499999999996,0.024712648583266019,-0.46187086961036816,0.46187086961036816,10,-0.45059250829449998,0.45059250829449998,10,-0.90118501658899997,0.90118501658899997,10,0.00037997600000000002,0.019493,7.0220400000000001e-06,0.0026499100000000001,0.00069382600000000003,0.026340599999999999,7.0220400000000001e-06,0.0026499100000000001,4.6778600000000003e-33,6.8394900000000006e-17,1.5679400000000001e-31,3.9597199999999999e-16,3.95972e-16,38744263095640.172,1.5011223080639438e+27,2.5810272801717796e-14,6.6616823601118765e-28,1,2.5810272801717796e-14,1.4942847115562414e-13,2.2328838912908501e-26,1,1,not_skipped,success,1,6.7893299999999999e-06,0.0026056299999999998,0.98328999852825183,0.96686005776099249,,,,,,,,,,,,,,,,,,,,,,,,
outer,2d,boundary_singularity,p2,2,adaptive_force_effective_rho_no_inner_refinement,force_eff_rho_no_inner,production_2M,2000000,completed,24339165,20260701_091326_075811_job24339165,snellius_next_mem216,algorithm_data_ordered/2d/boundary_singularity/p2/production_2M/adaptive_force_effective_rho_no_inner_refinement,outer_history.csv,completed,4,,,77,77,127,102,102,344,0.120944,0.502911,1,1,0,1,0,0,adaptive,1,0.033426,1,computed_required,2.44444,1.00504,2.43218,0.00057929699999999999,0.024068599999999999,0.00141606,0.037630572677013564,0.00058221900000000003,0.024129214657754611,-0.46187086961036816,0.46187086961036816,10,-0.45059250829449998,0.45059250829449998,10,-0.90118501658899997,0.90118501658899997,10,0.00037410200000000002,0.0193417,1.45298e-06,0.00120539,0.00067049500000000001,0.025893900000000001,1.45298e-06,0.00120539,2.38628e-33,4.8849599999999999e-17,1.9824700000000001e-31,4.4524899999999997e-16,4.45249e-16,24675534702433.594,6.0888914963876829e+26,4.0525970847609489e-14,1.642335063111674e-27,1,4.0525970847609489e-14,3.6938169389160354e-13,1.3644165783424411e-25,1,1,not_skipped,success,1,1.3847799999999999e-06,0.0011767699999999999,0.97625664722620886,0.95306198295915978,,,,,,,,,,,,,,,,,,,,,,,,
outer,2d,boundary_singularity,p2,2,adaptive_force_effective_rho_no_inner_refinement,force_eff_rho_no_inner,production_2M,2000000,completed,24339165,20260701_091326_075811_job24339165,snellius_next_mem216,algorithm_data_ordered/2d/boundary_singularity/p2/production_2M/adaptive_force_effective_rho_no_inner_refinement,outer_history.csv,completed,5,,,127,127,199,177,177,600,0.166843,0.675193,1,1,0,1,0,0,adaptive,1,0.0695423,1,computed_required,2.44444,1.01975,2.39711,0.00049080700000000001,0.022154199999999999,0.0011997500000000001,0.03463740752423599,0.00050049800000000005,0.022371812622136812,-0.46187086961036816,0.46187086961036816,10,-0.45059250829449998,0.45059250829449998,10,-0.90118501658899997,0.90118501658899997,10,0.00033912800000000001,0.018415399999999998,4.6349700000000001e-06,0.0021529000000000001,0.00055822000000000001,0.0236267,1.4151499999999999e-06,0.0011896000000000001,3.2198300000000001e-06,0.0017943900000000001,5.1651600000000004e-31,7.1869099999999997e-16,7.18691e-16,0.66295509894727456,0.43951078162511681,1.5083977807666442,2.2752570398897647,0.55255701611779462,0.83347577685912022,3.3382460866737886e-13,1.1143890898970221e-25,1,1,not_skipped,success,1,2.6402900000000001e-06,0.0016249000000000001,0.75474940777555855,0.56964554247384558,,,,,,,,,,,,,,,,,,,,,,,,
outer,2d,boundary_singularity,p2,2,adaptive_force_effective_rho_no_inner_refinement,force_eff_rho_no_inner,production_2M,2000000,completed,24339165,20260701_091326_075811_job24339165,snellius_next_mem216,algorithm_data_ordered/2d/boundary_singularity/p2/production_2M/adaptive_force_effective_rho_no_inner_refinement,outer_history.csv,completed,6,,,199,199,279,285,285,936,0.209193,0.889628,1,1,0,1,0,0,adaptive,1,0.170583,1,computed_required,2.44444,1.09381,2.2348,0.00025040400000000002,0.0158242,0.00061209999999999997,0.024740654801358834,0.000273894,0.016549743200424592,-0.46187086961036816,0.46187086961036816,10,-0.45059250829449998,0.45059250829449998,10,-0.90118501658899997,0.90118501658899997,10,0.00019876299999999999,0.014098299999999999,1.0628100000000001e-05,0.0032600799999999998,0.00027335599999999999,0.0165335,1.75271e-06,0.0013239,8.8753999999999998e-06,0.0029791599999999998,1.1715700000000001e-30,1.08239e-15,1.08239e-15,0.44438700841848044,0.197479550217455,2.250290807462799,5.0638154629117196,0.40609432897352216,0.91383033545189074,3.3201332482638463e-13,1.102332495930599e-25,1,1,not_skipped,success,1,5.0888600000000003e-06,0.0022558500000000002,0.69196154695590306,0.47881182901929786,,,,,,,,,,,,,,,,,,,,,,,,
outer,2d,boundary_singularity,p2,2,adaptive_force_effective_rho_no_inner_refinement,force_eff_rho_no_inner,production_2M,2000000,completed,24339165,20260701_091326_075811_job24339165,snellius_next_mem216,algorithm_data_ordered/2d/boundary_singularity/p2/production_2M/adaptive_force_effective_rho_no_inner_refinement,outer_history.csv,completed,7,,,279,279,341,405,405,1320,0.254615,1.14951,1,1,0,1,0,0,adaptive,1,0.0634881,1,computed_required,2.44444,1.01673,2.40423,0.00018991599999999999,0.013781,0.00046423800000000001,0.0215461829566167,0.00019309199999999999,0.01389575474740397,-0.46187086961036816,0.46187086961036816,10,-0.45059250829449998,0.45059250829449998,10,-0.90118501658899997,0.90118501658899997,10,0.00016024100000000001,0.012658600000000001,1.1422000000000001e-06,0.0010687400000000001,0.00020310400000000001,0.0142515,1.1422000000000001e-06,0.0010687400000000001,5.7238199999999995e-32,2.3924500000000001e-16,2.27111e-30,1.50702e-15,1.50702e-15,4467136199293.6113,1.9955204740889826e+25,2.2385706532926623e-13,5.0112239537734188e-26,1,2.2385706532926623e-13,1.4100903868106368e-12,1.9883645596217825e-24,1,1,not_skipped,success,1,1.0992e-06,0.0010484299999999999,0.98099631341579785,0.96235335317807735,,,,,,,,,,,,,,,,,,,,,,,,
outer,2d,boundary_singularity,p2,2,adaptive_force_effective_rho_no_inner_refinement,force_eff_rho_no_inner,production_2M,2000000,completed,24339165,20260701_091326_075811_job24339165,snellius_next_mem216,algorithm_data_ordered/2d/boundary_singularity/p2/production_2M/adaptive_force_effective_rho_no_inner_refinement,outer_history.csv,completed,8,,,341,341,557,498,498,1624,0.327643,1.48259,1,1,0,1,0,0,adaptive,1,0.0474177,1,computed_required,2.44444,1.00975,2.42084,0.00018725099999999999,0.013684,0.00045772400000000001,0.021394485270742086,0.00018907700000000001,0.013750527262617969,-0.46187086961036816,0.46187086961036816,10,-0.45059250829449998,0.45059250829449998,10,-0.90118501658899997,0.90118501658899997,10,0.00015938700000000001,0.0126248,6.30088e-07,0.00079378100000000002,0.00019963500000000001,0.0141292,6.1847199999999995e-07,0.00078642999999999996,1.1615900000000001e-08,0.00010777699999999999,3.6700999999999997e-30,1.91575e-15,1.91575e-15,7.2968258533824475,53.243571311736488,0.13704589092481212,0.01878161016181816,0.99073925931711637,0.13577674446730267,2.4134490495489311e-12,5.8247419408082679e-24,1,1,not_skipped,success,1,6.0043500000000002e-07,0.000774878,0.97618612690402007,0.95293831972676835,,,,,,,,,,,,,,,,,,,,,,,,
outer,2d,boundary_singularity,p2,2,adaptive_force_effective_rho_no_inner_refinement,force_eff_rho_no_inner,production_2M,2000000,completed,24339165,20260701_091326_075811_job24339165,snellius_next_mem216,algorithm_data_ordered/2d/boundary_singularity/p2/production_2M/adaptive_force_effective_rho_no_inner_refinement,outer_history.csv,completed,9,,,557,557,911,822,822,2668,0.466271,1.95422,1,1,0,1,0,0,adaptive,1,0.0809893,1,computed_required,2.44444,1.02599,2.38252,0.000164234,0.012815399999999999,0.00040146099999999998,0.020036491708879577,0.000168503,0.012980870540915197,-0.46187086961036816,0.46187086961036816,10,-0.45059250829449998,0.45059250829449998,10,-0.90118501658899997,0.90118501658899997,10,0.00014518300000000001,0.012049199999999999,1.44745e-06,0.0012030999999999999,0.00017270100000000001,0.0131416,5.05202e-07,0.00071077499999999997,9.4224900000000004e-07,0.00097069500000000004,5.9565e-30,2.4405900000000001e-15,2.44059e-15,0.73223309072365672,0.53616613018427184,1.3656853434631213,1.8650935665337827,0.59078630205302973,0.80682819383259918,2.0285844900673263e-12,4.1151680541642201e-24,1,1,not_skipped,success,1,8.6286399999999999e-07,0.00092890500000000005,0.77209292660626727,0.59612698193374558,,,,,,,,,,,,,,,,,,,,,,,,
outer,2d,boundary_singularity,p2,2,adaptive_force_effective_rho_no_inner_refinement,force_eff_rho_no_inner,production_2M,2000000,completed,24339165,20260701_091326_075811_job24339165,snellius_next_mem216,algorithm_data_ordered/2d/boundary_singularity/p2/production_2M/adaptive_force_effective_rho_no_inner_refinement,outer_history.csv,completed,10,,,911,911,1235,1353,1353,4312,0.57728,2.53716,1,1,0,1,0,0,adaptive,1,0.19864,1,computed_required,2.44444,1.1203,2.18196,0.000118785,0.0108988,0.00029036300000000003,0.017040041079762692,0.00013307400000000001,0.011535770455413891,-0.46187086961036816,0.46187086961036816,10,-0.45059250829449998,0.45059250829449998,10,-0.90118501658899997,0.90118501658899997,10,0.00010597199999999999,0.0102942,5.7228100000000004e-06,0.0023922399999999999,0.00012448,0.011157,1.5379e-07,0.00039216000000000001,5.5690200000000001e-06,0.00235988,9.3888700000000003e-30,3.06413e-15,3.06413e-15,0.16617794125125007,0.027615271627683149,6.017645858833129,36.211847324273357,0.16393004046416748,0.98647292913754481,1.2808622880647428e-12,1.6406048776737302e-24,1,1,not_skipped,success,1,2.3256199999999999e-06,0.0015250000000000001,0.63747784503227112,0.40637728668259121,,,,,,,,,,,,,,,,,,,,,,,,
outer,2d,boundary_singularity,p2,2,adaptive_force_effective_rho_no_inner_refinement,force_eff_rho_no_inner,production_2M,2000000,completed,24339165,20260701_091326_075811_job24339165,snellius_next_mem216,algorithm_data_ordered/2d/boundary_singularity/p2/production_2M/adaptive_force_effective_rho_no_inner_refinement,outer_history.csv,completed,11,,,1235,1235,1587,1839,1839,5792,0.720856,3.26398,1,1,0,1,0,0,adaptive,1,0.0912504,1,computed_required,2.44444,1.03215,2.36831,3.7513399999999999e-05,0.0061248199999999996,9.1699499999999998e-05,0.0095759855889615865,3.87193e-05,0.0062224834270570781,-0.46187086961036816,0.46187086961036816,10,-0.45059250829449998,0.45059250829449998,10,-0.90118501658899997,0.90118501658899997,10,3.22386e-05,0.0056779100000000004,4.3800199999999998e-07,0.00066181699999999998,3.9857800000000003e-05,0.0063133,1.0199300000000001e-07,0.00031936300000000003,3.3600899999999997e-07,0.00057966300000000001,1.5860100000000001e-29,3.98248e-15,3.98248e-15,0.55094598068187894,0.30354246463636397,1.8150599787702395,3.2944319708215266,0.48255484522156433,0.87586598712332864,6.0174942620089848e-12,3.6210108629640968e-23,1,1,not_skipped,success,1,1.84716e-07,0.00042978599999999998,0.64940308272528513,0.42172410171643054,,,,,,,,,,,,,,,,,,,,,,,,
outer,2d,boundary_singularity,p2,2,adaptive_force_effective_rho_no_inner_refinement,force_eff_rho_no_inner,production_2M,2000000,completed,24339165,20260701_091326_075811_job24339165,snellius_next_mem216,algorithm_data_ordered/2d/boundary_singularity/p2/production_2M/adaptive_force_effective_rho_no_inner_refinement,outer_history.csv,completed,12,,,1587,1587,2201,2367,2367,7456,0.888114,4.1584,1,1,0,1,0,0,adaptive,1,0.0876677,1,computed_required,2.44444,1.02994,2.37339,3.5630599999999997e-05,0.0059691400000000004,8.7096999999999996e-05,0.0093325773503357586,3.6697399999999999e-05,0.0060578378981283416,-0.46187086961036816,0.46187086961036816,10,-0.45059250829449998,0.45059250829449998,10,-0.90118501658899997,0.90118501658899997,10,3.1491000000000001e-05,0.00561168,3.6596799999999999e-07,0.00060495299999999998,3.74704e-05,0.0061213099999999996,8.0545199999999995e-08,0.00028380499999999998,2.85423e-07,0.00053425,2.1162600000000001e-29,4.6002799999999999e-15,4.60028e-15,0.53122133832475427,0.28219589871874373,1.8824545022110253,3.5436376096899633,0.46913561880013815,0.88312645775787546,7.6043593469244724e-12,5.7826367332662975e-23,1,1,not_skipped,success,1,1.60883e-07,0.00040110200000000002,0.6630300205139904,0.43960947405237616,,,,,,,,,,,,,,,,,,,,,,,,
outer,2d,boundary_singularity,p2,2,adaptive_force_effective_rho_no_inner_refinement,force_eff_rho_no_inner,production_2M,2000000,completed,24339165,20260701_091326_075811_job24339165,snellius_next_mem216,algorithm_data_ordered/2d/boundary_singularity/p2/production_2M/adaptive_force_effective_rho_no_inner_refinement,outer_history.csv,completed,13,,,2201,2201,3299,3288,3288,10400,1.43988,5.60455,1,1,0,1,0,0,adaptive,1,0.0454429,1,computed_required,2.44444,1.00901,2.42263,3.4332000000000003e-05,0.0058593500000000001,8.3922600000000002e-05,0.0091609279006004633,3.4641200000000003e-05,0.0058856775310918968,-0.46187086961036816,0.46187086961036816,10,-0.45059250829449998,0.45059250829449998,10,-0.90118501658899997,0.90118501658899997,10,3.0725800000000003e-05,0.0055430799999999997,9.5928600000000003e-08,0.00030972299999999998,3.59347e-05,0.0059945600000000003,4.1444899999999999e-08,0.00020358,5.4483699999999997e-08,0.000233417,3.1397199999999997e-29,5.6033199999999997e-15,5.60332e-15,0.87217297797504034,0.76068438817481199,1.1465615482856863,1.314605657149613,0.65729700409720948,0.75363147070123959,1.8091391340003809e-11,3.2729759425239186e-22,1,1,not_skipped,success,1,6.2054799999999998e-08,0.000249108,0.80429286814347023,0.64688528759931863,,,,,,,,,,,,,,,,,,,,,,,,
outer,2d,boundary_singularity,p2,2,adaptive_force_effective_rho_no_inner_refinement,force_eff_rho_no_inner,production_2M,2000000,completed,24339165,20260701_091326_075811_job24339165,snellius_next_mem216,algorithm_data_ordered/2d/boundary_singularity/p2/production_2M/adaptive_force_effective_rho_no_inner_refinement,outer_history.csv,completed,14,,,3299,3299,4691,4935,4935,15484,1.91929,7.53175,1,1,0,1,0,0,adaptive,1,0.132733,1,computed_required,2.44444,1.06162,2.30255,2.7246e-05,0.0052197700000000003,6.6601300000000002e-05,0.0081609619531033233,2.8924999999999998e-05,0.0053781967238099426,-0.46187086961036816,0.46187086961036816,10,-0.45059250829449998,0.45059250829449998,10,-0.90118501658899997,0.90118501658899997,10,2.5475099999999999e-05,0.0050472900000000003,5.5795200000000005e-07,0.00074696199999999999,2.8033100000000001e-05,0.0052946299999999998,3.05171e-08,0.00017469100000000001,5.2743500000000004e-07,0.00072624699999999996,4.5602000000000001e-29,6.7529299999999999e-15,6.75293e-15,0.24053937572203399,0.057859451875586561,4.1573235026418072,17.283260860304551,0.23386865730786843,0.97226766555728394,9.04052682733526e-12,8.1731044964441375e-23,1,1,not_skipped,success,1,2.4250600000000001e-07,0.00049244899999999995,0.65926914622162835,0.43463595434732738,,,,,,,,,,,,,,,,,,,,,,,,
outer,2d,boundary_singularity,p2,2,adaptive_force_effective_rho_no_inner_refinement,force_eff_rho_no_inner,production_2M,2000000,completed,24339165,20260701_091326_075811_job24339165,snellius_next_mem216,algorithm_data_ordered/2d/boundary_singularity/p2/production_2M/adaptive_force_effective_rho_no_inner_refinement,outer_history.csv,completed,15,,,4691,4691,6603,7023,7023,21852,2.64071,10.1805,1,1,0,1,0,0,adaptive,1,0.259457,1,computed_required,2.44444,1.18403,2.06451,1.83459e-05,0.00428321,4.4845400000000003e-05,0.0066966708146660456,2.17221e-05,0.0046606973727115128,-0.46187086961036816,0.46187086961036816,10,-0.45059250829449998,0.45059250829449998,10,-0.90118501658899997,0.90118501658899997,10,1.7157399999999999e-05,0.0041421599999999998,1.3737099999999999e-06,0.00117205,1.8873999999999999e-05,0.0043444299999999998,1.42611e-08,0.00011942000000000001,1.35945e-06,0.00116595,6.7268599999999997e-29,8.2017399999999998e-15,8.20174e-15,0.10242291693468845,0.010490345360255986,9.7634399598057282,95.325746260807364,0.10188985111556674,0.99479544388038055,6.9977731325455397e-12,4.8968559594091914e-23,1,1,not_skipped,success,1,5.4282800000000005e-07,0.00073676899999999997,0.62861567339277336,0.39515472698022153,,,,,,,,,,,,,,,,,,,,,,,,
outer,2d,boundary_singularity,p2,2,adaptive_force_effective_rho_no_inner_refinement,force_eff_rho_no_inner,production_2M,2000000,completed,24339165,20260701_091326_075811_job24339165,snellius_next_mem216,algorithm_data_ordered/2d/boundary_singularity/p2/production_2M/adaptive_force_effective_rho_no_inner_refinement,outer_history.csv,completed,16,,,6603,6603,9127,9891,9891,30624,4.20199,14.392,1,1,0,1,0,0,adaptive,1,0.393593,1,computed_required,2.44444,1.34892,1.81215,1.0646600000000001e-05,0.0032629199999999999,2.6025099999999999e-05,0.0051014801773602925,1.43615e-05,0.003789656976561335,-0.46187086961036816,0.46187086961036816,10,-0.45059250829449998,0.45059250829449998,10,-0.90118501658899997,0.90118501658899997,10,9.6096899999999998e-06,0.0030999500000000002,1.85051e-06,0.0013603300000000001,1.11075e-05,0.00333279,9.4066400000000005e-09,9.69878e-05,1.8411e-06,0.00135687,9.2850399999999999e-29,9.6358900000000005e-15,9.63589e-15,0.071479065791122218,0.0051092499049481292,13.990110096321393,195.72344641657381,0.071297258753390713,0.99745649952585036,7.0834944462005542e-12,5.017557322035547e-23,1,1,not_skipped,success,1,6.8255400000000004e-07,0.00082616799999999995,0.60732910396741957,0.36884642612036683,,,,,,,,,,,,,,,,,,,,,,,,
outer,2d,boundary_singularity,p2,2,adaptive_force_effective_rho_no_inner_refinement,force_eff_rho_no_inner,production_2M,2000000,completed,24339165,20260701_091326_075811_job24339165,snellius_next_mem216,algorithm_data_ordered/2d/boundary_singularity/p2/production_2M/adaptive_force_effective_rho_no_inner_refinement,outer_history.csv,completed,17,,,9127,9127,12033,13677,13677,42332,5.52149,19.9252,1,1,0,1,0,0,adaptive,1,0.437863,1,computed_required,2.44444,1.4097,1.73402,6.4581699999999999e-06,0.0025412899999999999,1.5786599999999999e-05,0.0039732354574074768,9.1040499999999997e-06,0.0030172918320904925,-0.46187086961036816,0.46187086961036816,10,-0.45059250829449998,0.45059250829449998,10,-0.90118501658899997,0.90118501658899997,10,5.6200100000000003e-06,0.0023706600000000001,1.4208799999999999e-06,0.0011920100000000001,6.83068e-06,0.00261356,6.0482799999999997e-09,7.7770700000000004e-05,1.41483e-06,0.00118947,1.2032900000000001e-28,1.09695e-14,1.09695e-14,0.065382649415285807,0.0042749164210541197,15.294577520840109,233.92270199130994,0.065243328495566313,0.99786914539307547,9.2025234687628448e-12,8.4686250774168128e-23,1,1,not_skipped,success,1,5.4058700000000002e-07,0.00073524599999999995,0.61681193949715174,0.38045929283261082,,,,,,,,,,,,,,,,,,,,,,,,
outer,2d,boundary_singularity,p2,2,adaptive_force_effective_rho_no_inner_refinement,force_eff_rho_no_inner,production_2M,2000000,completed,24339165,20260701_091326_075811_job24339165,snellius_next_mem216,algorithm_data_ordered/2d/boundary_singularity/p2/production_2M/adaptive_force_effective_rho_no_inner_refinement,outer_history.csv,completed,18,,,12033,12033,16259,18036,18036,55612,7.05392,26.9926,1,1,0,1,0,0,adaptive,1,0.367226,1,computed_required,2.44444,1.31416,1.86007,4.7044000000000002e-06,0.0021689600000000002,1.1499600000000001e-05,0.0033911060142673218,6.1823500000000002e-06,0.0024864331883241906,-0.46187086961036816,0.46187086961036816,10,-0.45059250829449998,0.45059250829449998,10,-0.90118501658899997,0.90118501658899997,10,4.0612000000000002e-06,0.0020152400000000002,7.4974400000000005e-07,0.00086587800000000005,4.9902600000000001e-06,0.0022338900000000001,5.2786599999999996e-09,7.26544e-05,7.4446500000000002e-07,0.00086282399999999999,1.5462e-28,1.2434600000000001e-14,1.24346e-14,0.084205353583117759,0.0070905415298234296,11.875729480939901,141.03295154452078,0.083908356604510098,0.99647294422539889,1.4360683606697479e-11,2.0623039330758231e-22,1,1,not_skipped,success,1,2.7215200000000001e-07,0.00052168199999999998,0.60248903425193845,0.36299323502422159,,,,,,,,,,,,,,,,,,,,,,,,
outer,2d,boundary_singularity,p2,2,adaptive_force_effective_rho_no_inner_refinement,force_eff_rho_no_inner,production_2M,2000000,completed,24339165,20260701_091326_075811_job24339165,snellius_next_mem216,algorithm_data_ordered/2d/boundary_singularity/p2/production_2M/adaptive_force_effective_rho_no_inner_refinement,outer_history.csv,completed,19,,,16259,16259,22041,24375,24375,75116,10.7831,37.7946,1,1,0,1,0,0,adaptive,1,0.237914,1,computed_required,2.44444,1.16055,2.10627,3.2826699999999999e-06,0.0018118100000000001,8.0243000000000004e-06,0.0028327195413595041,3.80971e-06,0.0019518478424303469,-0.46187086961036816,0.46187086961036816,10,-0.45059250829449998,0.45059250829449998,10,-0.90118501658899997,0.90118501658899997,10,2.8029100000000002e-06,0.0016741900000000001,2.3568e-07,0.00048546899999999998,3.4958999999999999e-06,0.00186973,4.10782e-09,6.4092300000000003e-05,2.31572e-07,0.00048121900000000002,2.0791500000000002e-28,1.44193e-14,1.44193e-14,0.13318738453801698,0.01773884580173769,7.5082186159647879,56.373453559308828,0.13202140610420027,0.99124557901740384,2.9701793523376366e-11,8.8219195519348284e-22,1,1,not_skipped,success,1,9.0435899999999998e-08,0.00030072600000000002,0.61945458927346553,0.38372326883910385,,,,,,,,,,,,,,,,,,,,,,,,
outer,2d,boundary_singularity,p2,2,adaptive_force_effective_rho_no_inner_refinement,force_eff_rho_no_inner,production_2M,2000000,completed,24339165,20260701_091326_075811_job24339165,snellius_next_mem216,algorithm_data_ordered/2d/boundary_singularity/p2/production_2M/adaptive_force_effective_rho_no_inner_refinement,outer_history.csv,completed,20,,,22041,22041,30673,33048,33048,101728,14.0933,51.9103,1,1,0,1,0,0,adaptive,1,0.268709,1,computed_required,2.44444,1.1944,2.04659,2.7222500000000001e-06,0.00164992,6.6543799999999996e-06,0.0025796084974274683,3.2514400000000002e-06,0.0018031749776436007,-0.46187086961036816,0.46187086961036816,10,-0.45059250829449998,0.45059250829449998,10,-0.90118501658899997,0.90118501658899997,10,2.31462e-06,0.0015213900000000001,2.46368e-07,0.00049635399999999996,2.9034200000000001e-06,0.0017039399999999999,2.4510100000000002e-09,4.95077e-05,2.43917e-07,0.00049387900000000002,2.70772e-28,1.6455099999999999e-14,1.64551e-14,0.10024256953626293,0.010048541102096206,9.9758017439711395,99.516933835439261,0.099742723942992315,0.99501363945893473,3.315194397546912e-11,1.099055072087284e-21,1,1,not_skipped,success,1,9.07529e-08,0.00030125200000000001,0.60692973160284802,0.36836318028315368,,,,,,,,,,,,,,,,,,,,,,,,
outer,2d,boundary_singularity,p2,2,adaptive_force_effective_rho_no_inner_refinement,force_eff_rho_no_inner,production_2M,2000000,completed,24339165,20260701_091326_075811_job24339165,snellius_next_mem216,algorithm_data_ordered/2d/boundary_singularity/p2/production_2M/adaptive_force_effective_rho_no_inner_refinement,outer_history.csv,completed,21,,,30673,30673,44629,45996,45996,141052,19.8566,71.7993,1,1,0,1,0,0,adaptive,1,0.254669,1,computed_required,2.44444,1.17873,2.07379,2.2067200000000001e-06,0.0014855000000000001,5.3942e-06,0.0023225417111432034,2.6011299999999999e-06,0.0016128019097210915,-0.46187086961036816,0.46187086961036816,10,-0.45059250829449998,0.45059250829449998,10,-0.90118501658899997,0.90118501658899997,10,1.8850299999999999e-06,0.0013729599999999999,1.7975400000000001e-07,0.00042397399999999998,2.3496899999999999e-06,0.00153287,1.7607499999999999e-09,4.1961300000000001e-05,1.77993e-07,0.00042189199999999999,3.4928999999999998e-28,1.86893e-14,1.86893e-14,0.099459814360073201,0.009892242953374571,10.0543119493438,101.08930853329548,0.098971399189572956,0.99508932151499863,4.4081240830805663e-11,1.943155646049601e-21,1,1,not_skipped,success,1,7.0194600000000006e-08,0.00026494300000000001,0.62490388561562749,0.39050368837411131,,,,,,,,,,,,,,,,,,,,,,,,
outer,2d,boundary_singularity,p2,2,adaptive_force_effective_rho_no_inner_refinement,force_eff_rho_no_inner,production_2M,2000000,completed,24339165,20260701_091326_075811_job24339165,snellius_next_mem216,algorithm_data_ordered/2d/boundary_singularity/p2/production_2M/adaptive_force_effective_rho_no_inner_refinement,outer_history.csv,completed,22,,,44629,44629,64491,66930,66930,205424,31.7452,103.586,1,1,0,1,0,0,adaptive,1,0.284202,1,computed_required,2.44444,1.21211,2.01668,1.6848500000000001e-06,0.00129802,4.1185100000000003e-06,0.0020294112446717152,2.0422199999999998e-06,0.0014290626298381747,-0.46187086961036816,0.46187086961036816,10,-0.45059250829449998,0.45059250829449998,10,-0.90118501658899997,0.90118501658899997,10,1.4551799999999999e-06,0.0012063099999999999,1.6625e-07,0.00040773799999999999,1.7869199999999999e-06,0.00133676,1.1596399999999999e-09,3.4053500000000002e-05,1.6509100000000001e-07,0.00040631400000000001,4.7974400000000003e-28,2.19031e-14,2.19031e-14,0.083810796576047092,0.0070242472333440342,11.93163698298266,142.36400952019594,0.08351809250057636,0.99650756122804351,5.3718564372219418e-11,2.8856781954887219e-21,1,1,not_skipped,success,1,7.2484500000000003e-08,0.00026922900000000001,0.6602990155442956,0.43599699248120305,,,,,,,,,,,,,,,,,,,,,,,,
outer,2d,boundary_singularity,p2,2,adaptive_force_effective_rho_no_inner_refinement,force_eff_rho_no_inner,production_2M,2000000,completed,24339165,20260701_091326_075811_job24339165,snellius_next_mem216,algorithm_data_ordered/2d/boundary_singularity/p2/production_2M/adaptive_force_effective_rho_no_inner_refinement,outer_history.csv,completed,23,,,64491,64491,87495,96867,96867,296492,42.9105,146.562,1,1,0,1,0,0,adaptive,1,0.360815,1,computed_required,2.44444,1.30588,1.87188,1.16963e-06,0.0010814900000000001,2.85909e-06,0.0016908843839837187,1.5273899999999999e-06,0.0012358762073929573,-0.46187086961036816,0.46187086961036816,10,-0.45059250829449998,0.45059250829449998,10,-0.90118501658899997,0.90118501658899997,10,1.01094e-06,0.0010054599999999999,1.8015100000000001e-07,0.00042444200000000003,1.24016e-06,0.0011136200000000001,7.5163200000000004e-10,2.74159e-05,1.79399e-07,0.00042355600000000001,6.1861399999999996e-28,2.4871999999999999e-14,2.4872e-14,0.064727922635967855,0.0041897223507377408,15.449283080256349,238.67930050875961,0.064592806555430413,0.99791255342308249,5.8599290362405223e-11,3.4338638142447164e-21,1,1,not_skipped,success,1,8.8530600000000005e-08,0.00029754100000000002,0.70101686449503109,0.49142441618420102,,,,,,,,,,,,,,,,,,,,,,,,
outer,2d,boundary_singularity,p2,2,adaptive_force_effective_rho_no_inner_refinement,force_eff_rho_no_inner,production_2M,2000000,completed,24339165,20260701_091326_075811_job24339165,snellius_next_mem216,algorithm_data_ordered/2d/boundary_singularity/p2/production_2M/adaptive_force_effective_rho_no_inner_refinement,outer_history.csv,completed,24,,,87495,87495,114367,131463,131463,401092,57.7364,204.385,1,1,0,1,0,0,adaptive,1,0.344109,1,computed_required,2.44444,1.2846,1.90289,7.5713400000000001e-07,0.00087013499999999996,1.8507699999999999e-06,0.0013604300790558844,9.7261199999999992e-07,0.00098621093078509327,-0.46187086961036816,0.46187086961036816,10,-0.45059250829449998,0.45059250829449998,10,-0.90118501658899997,0.90118501658899997,10,6.3238300000000003e-07,0.00079522499999999999,1.1038500000000001e-07,0.00033224200000000001,8.1257900000000001e-07,0.00090143199999999997,4.60252e-10,2.1453500000000001e-05,1.09925e-07,0.00033154899999999999,7.6756100000000002e-28,2.7704899999999999e-14,2.77049e-14,0.064706875906728717,0.0041869638389811234,15.454308154846528,238.83655041151368,0.064571908428193908,0.99791417099584034,8.3387711367015604e-11,6.953490057525932e-21,1,1,not_skipped,success,1,5.8306800000000003e-08,0.000241468,0.7267834891434557,0.52821307242831905,,,,,,,,,,,,,,,,,,,,,,,,
outer,2d,boundary_singularity,p2,2,adaptive_force_effective_rho_no_inner_refinement,force_eff_rho_no_inner,production_2M,2000000,completed,24339165,20260701_091326_075811_job24339165,snellius_next_mem216,algorithm_data_ordered/2d/boundary_singularity/p2/production_2M/adaptive_force_effective_rho_no_inner_refinement,outer_history.csv,completed,25,,,114367,114367,154115,172227,172227,524188,74.8534,279.343,1,1,0,1,0,0,adaptive,1,0.342405,1,computed_required,2.44444,1.28245,1.90607,5.4143500000000003e-07,0.00073582300000000003,1.32351e-06,0.0011504390466252439,6.9436400000000004e-07,0.00083328506526878302,-0.46187086961036816,0.46187086961036816,10,-0.45059250829449998,0.45059250829449998,10,-0.90118501658899997,0.90118501658899997,10,4.57701e-07,0.00067653600000000004,7.7312300000000001e-08,0.00027805100000000003,5.7864999999999996e-07,0.00076068999999999996,3.8594600000000001e-10,1.96455e-05,7.69263e-08,0.00027735599999999998,9.5426499999999995e-28,3.08912e-14,3.08912e-14,0.070831350322329428,0.00501708778402185,14.118042299763303,199.31881662201448,0.070654304426166423,0.99750045854897107,1.1109904298132356e-10,1.2342990701350237e-20,1,1,not_skipped,success,1,3.8415200000000001e-08,0.00019599799999999999,0.70489946089026823,0.49688341958524063,,,,,,,,,,,,,,,,,,,,,,,,
outer,2d,boundary_singularity,p2,2,adaptive_force_effective_rho_no_inner_refinement,force_eff_rho_no_inner,production_2M,2000000,completed,24339165,20260701_091326_075811_job24339165,snellius_next_mem216,algorithm_data_ordered/2d/boundary_singularity/p2/production_2M/adaptive_force_effective_rho_no_inner_refinement,outer_history.csv,completed,26,,,154115,154115,210951,232347,232347,707368,115.241,394.702,1,1,0,1,0,0,adaptive,1,0.298514,1,computed_required,2.44444,1.22886,1.98919,4.49111e-07,0.00067015800000000002,1.0978300000000001e-06,0.0010477738305569575,5.5189699999999998e-07,0.00074289770493655451,-0.46187086961036816,0.46187086961036816,10,-0.45059250829449998,0.45059250829449998,10,-0.90118501658899997,0.90118501658899997,10,3.77213e-07,0.00061417700000000004,5.00687e-08,0.00022376000000000001,4.8106599999999995e-07,0.00069358899999999999,2.89659e-10,1.7019399999999998e-05,4.9778999999999999e-08,0.000223112,1.17611e-27,3.4294500000000002e-14,3.42945e-14,0.076281867402918702,0.0058188995359488944,13.109275297601561,171.8538005033505,0.076060958169467272,0.99710404004290309,1.5326465856274579e-10,2.3489924843265355e-20,1,1,not_skipped,success,1,2.5399199999999999e-08,0.000159371,0.71224079370754378,0.5072869876789291,,,,,,,,,,,,,,,,,,,,,,,,
outer,2d,boundary_singularity,p2,2,adaptive_force_effective_rho_no_inner_refinement,force_eff_rho_no_inner,production_2M,2000000,completed,24339165,20260701_091326_075811_job24339165,snellius_next_mem216,algorithm_data_ordered/2d/boundary_singularity/p2/production_2M/adaptive_force_effective_rho_no_inner_refinement,outer_history.csv,completed,27,,,210951,210951,283345,317883,317883,966504,163.992,558.892,1,1,0,1,0,0,adaptive,1,0.311509,1,computed_required,2.44444,1.24439,1.96437,3.6152599999999998e-07,0.00060127100000000001,8.8373100000000001e-07,0.0009400696782685845,4.4987899999999997e-07,0.00067073019911138637,-0.46187086961036816,0.46187086961036816,10,-0.45059250829449998,0.45059250829449998,10,-0.90118501658899997,0.90118501658899997,10,3.03349e-07,0.00055077100000000003,4.36541e-08,0.00020893600000000001,3.87383e-07,0.00062240099999999997,2.0235100000000001e-10,1.4225e-05,4.34518e-08,0.00020845099999999999,1.4743700000000001e-27,3.8397500000000001e-14,3.83975e-14,0.068241457224959348,0.0046569071937180972,14.65384885764499,214.73479251399795,0.068083049354826355,0.9976787150132097,1.8377637171191177e-10,3.3773918142854856e-20,1,1,not_skipped,success,1,1.9454599999999999e-08,0.00013948000000000001,0.66757284527319372,0.44565344377733129,,,,,,,,,,,,,,,,,,,,,,,,
outer,2d,boundary_singularity,p2,2,adaptive_force_effective_rho_no_inner_refinement,force_eff_rho_no_inner,production_2M,2000000,completed,24339165,20260701_091326_075811_job24339165,snellius_next_mem216,algorithm_data_ordered/2d/boundary_singularity/p2/production_2M/adaptive_force_effective_rho_no_inner_refinement,outer_history.csv,completed,28,,,283345,283345,383001,426672,426672,1295544,215.954,775.191,1,1,0,1,0,0,adaptive,1,0.292186,1,computed_required,2.44444,1.22141,2.00133,2.7124300000000002e-07,0.00052081000000000002,6.6303899999999996e-07,0.00081427206755481916,3.3130000000000001e-07,0.00057558665724632637,-0.46187086961036816,0.46187086961036816,10,-0.45059250829449998,0.45059250829449998,10,-0.90118501658899997,0.90118501658899997,10,2.26289e-07,0.00047569799999999998,2.9272299999999999e-08,0.00017109199999999999,2.9122300000000001e-07,0.00053965100000000004,1.4567700000000001e-10,1.2069700000000001e-05,2.91267e-08,0.00017066499999999999,1.8296100000000001e-27,4.2773900000000002e-14,4.27739e-14,0.070721589078018343,0.0050014934750589671,14.1399537685278,199.94027883605509,0.070545086853856409,0.9975042667103079,2.5000526032777691e-10,6.2503117281525548e-20,1,1,not_skipped,success,1,1.23899e-08,0.00011131,0.65058564982582479,0.42326363148778884,,,,,,,,,,,,,,,,,,,,,,,,
outer,2d,boundary_singularity,p2,2,adaptive_force_effective_rho_no_inner_refinement,force_eff_rho_no_inner,production_2M,2000000,completed,24339165,20260701_091326_075811_job24339165,snellius_next_mem216,algorithm_data_ordered/2d/boundary_singularity/p2/production_2M/adaptive_force_effective_rho_no_inner_refinement,outer_history.csv,completed,29,,,383001,383001,514717,576396,576396,1748488,325.563,1101.2,1,1,0,1,0,0,adaptive,1,0.298396,1,computed_required,2.44444,1.22873,1.98942,2.103e-07,0.00045858500000000001,5.1406800000000005e-07,0.0007169853554989809,2.5840100000000001e-07,0.00050833158469644599,-0.46187086961036816,0.46187086961036816,10,-0.45059250829449998,0.45059250829449998,10,-0.90118501658899997,0.90118501658899997,10,1.77929e-07,0.00042181599999999999,2.3247e-08,0.00015247000000000001,2.2468800000000001e-07,0.000474012,1.04566e-10,1.02258e-05,2.3142400000000001e-08,0.00015212599999999999,1.03562e-22,1.01765e-11,1.01765e-11,0.067219278755768247,0.004518373202433628,14.87668446478515,221.3185930417153,0.067067619859644517,0.99774381845608962,6.6744277562799227e-08,4.4548543898137391e-15,1,1,not_skipped,success,1,9.0779900000000004e-09,9.5278499999999999e-05,0.62489998032399807,0.39050157009506603,,,,,,,,,,,,,,,,,,,,,,,,
outer,2d,boundary_singularity,p2,2,adaptive_force_effective_rho_no_inner_refinement,force_eff_rho_no_inner,production_2M,2000000,completed,24339165,20260701_091326_075811_job24339165,snellius_next_mem216,algorithm_data_ordered/2d/boundary_singularity/p2/production_2M/adaptive_force_effective_rho_no_inner_refinement,outer_history.csv,completed,30,,,514717,514717,675905,775095,775095,2348792,429.042,1530.94,1,1,0,1,0,0,adaptive,1,0.303097,1,computed_required,2.44444,1.23431,1.98042,1.5139699999999999e-07,0.00038909799999999999,3.7008199999999999e-07,0.00060834365288050802,1.8687000000000001e-07,0.00043228462845676114,-0.46187086961036816,0.46187086961036816,10,-0.45059250829449998,0.45059250829449998,10,-0.90118501658899997,0.90118501658899997,10,1.25912e-07,0.00035483999999999998,1.7538699999999999e-08,0.00013243400000000001,1.62724e-07,0.00040339,6.7450100000000003e-11,8.2128000000000004e-06,1.7471199999999999e-08,0.00013217900000000001,5.9243899999999998e-22,2.43401e-11,2.43401e-11,0.062133924450933957,0.0038606449471129635,16.094267484901618,259.02407854102512,0.062014286361508374,0.99807451258740199,1.8379041635833695e-07,3.3778957391368802e-14,1,1,not_skipped,success,1,5.4065200000000001e-09,7.35291e-05,0.55521316278297106,0.30826229994241305,,,,,,,,,,,,,,,,,,,,,,,,
outer,2d,boundary_singularity,p2,2,adaptive_force_effective_rho_no_inner_refinement,force_eff_rho_no_inner,production_2M,2000000,completed,24339165,20260701_091326_075811_job24339165,snellius_next_mem216,algorithm_data_ordered/2d/boundary_singularity/p2/production_2M/adaptive_force_effective_rho_no_inner_refinement,outer_history.csv,completed,31,,,675905,675905,881237,1017795,1017795,3081912,607.92,2139.78,1,1,0,1,0,0,adaptive,1,0.321401,1,computed_required,2.44444,1.2564,1.94559,1.2006999999999999e-07,0.00034651199999999999,2.9350500000000001e-07,0.00054176101742373453,1.5085700000000001e-07,0.00038840314107895679,-0.46187086961036816,0.46187086961036816,10,-0.45059250829449998,0.45059250829449998,10,-0.90118501658899997,0.90118501658899997,10,9.9146200000000004e-08,0.000314875,1.5606699999999999e-08,0.00012492699999999999,1.2937e-07,0.00035968000000000003,5.2633000000000003e-11,7.2548600000000004e-06,1.5554000000000002e-08,0.000124716,1.3286099999999999e-20,1.15266e-10,1.15266e-10,0.058171044613361561,0.0033838883888388837,17.19068321097857,295.51802101343264,0.058072794511995013,0.99831101363196117,9.22666837433061e-07,8.513074512869473e-13,1,1,not_skipped,success,1,3.4576400000000001e-09,5.8801700000000003e-05,0.47068848207353098,0.2215484375300352,,,,,,,,,,,,,,,,,,,,,,,,
outer,2d,boundary_singularity,p2,2,adaptive_force_effective_rho_no_inner_refinement,force_eff_rho_no_inner,production_2M,2000000,completed,24339165,20260701_091326_075811_job24339165,snellius_next_mem216,algorithm_data_ordered/2d/boundary_singularity/p2/production_2M/adaptive_force_effective_rho_no_inner_refinement,outer_history.csv,completed,32,,,881237,881237,1198011,1326825,1326825,4014684,796.284,2937.35,1,1,0,1,0,0,adaptive,1,0.31244,1,computed_required,2.44444,1.24551,1.9626,9.7755000000000004e-08,0.000312658,2.3895699999999999e-07,0.00048883228207637845,1.2175499999999999e-07,0.00034893409119775038,-0.46187086961036816,0.46187086961036816,10,-0.45059250829449998,0.45059250829449998,10,-0.90118501658899997,0.90118501658899997,10,8.1054099999999998e-08,0.00028469999999999998,1.20127e-08,0.000109602,1.05178e-07,0.00032431099999999998,4.2441199999999999e-11,6.5146899999999998e-06,1.19702e-08,0.00010940799999999999,4.0323100000000003e-27,6.3500500000000005e-14,6.35005e-14,0.059544914448669203,0.0035455715025647025,16.794045457266577,282.04197807790541,0.059439517527052427,0.99822995930731184,5.79373551577526e-10,3.3567058196741784e-19,1,1,not_skipped,success,1,2.88902e-09,5.3749599999999998e-05,0.49040710935931825,0.24049714052627635,,,,,,,,,,,,,,,,,,,,,,,,
outer,2d,boundary_singularity,p2,2,adaptive_force_effective_rho_no_inner_refinement,force_eff_rho_no_inner,production_2M,2000000,completed,24339165,20260701_091326_075811_job24339165,snellius_next_mem216,algorithm_data_ordered/2d/boundary_singularity/p2/production_2M/adaptive_force_effective_rho_no_inner_refinement,outer_history.csv,completed,33,,,1198011,1198011,1560625,1804230,1804230,5457600,1246.52,4185.45,1,1,0,1,0,0,adaptive,1,0.340125,1,computed_required,2.44444,1.27959,1.91034,7.1110900000000002e-08,0.00026666599999999998,1.7382700000000001e-07,0.00041692565284472485,9.0992699999999997e-08,0.00030164996270511953,-0.46187086961036816,0.46187086961036816,10,-0.45059250829449998,0.45059250829449998,10,-0.90118501658899997,0.90118501658899997,10,5.9135599999999999e-08,0.00024317800000000001,1.01892e-08,0.000100942,7.6433200000000004e-08,0.00027646600000000001,3.5832299999999997e-11,5.9860099999999998e-06,1.01534e-08,0.000100764,3.5136100000000001e-20,1.87446e-10,1.87446e-10,0.059406236354253503,0.0035290937026020838,16.833249526813354,283.35886895343032,0.059301480057855009,0.99823661112321926,1.8569673673991006e-06,3.4483668982844581e-12,1,1,not_skipped,success,1,3.0982399999999998e-09,5.5661800000000003e-05,0.55142358978423256,0.30407097711302161,,,,,,,,,,,,,,,,,,,,,,,,
outer,2d,boundary_singularity,p2,2,adaptive_force_effective_rho_no_inner_refinement,force_eff_rho_no_inner,production_2M,2000000,completed,24339165,20260701_091326_075811_job24339165,snellius_next_mem216,algorithm_data_ordered/2d/boundary_singularity/p2/production_2M/adaptive_force_effective_rho_no_inner_refinement,outer_history.csv,completed,34,,,1560625,1560625,1992327,2351802,2351802,7108264,1769.67,5957.54,1,1,0,1,0,0,adaptive,1,0.339978,1,computed_required,2.44444,1.27941,1.91061,5.40607e-08,0.00023250899999999999,1.32148e-07,0.00036352166372858718,6.9165499999999998e-08,0.00026299334592342824,-0.46187086961036816,0.46187086961036816,10,-0.45059250829449998,0.45059250829449998,10,-0.90118501658899997,0.90118501658899997,10,4.4485999999999999e-08,0.000210917,7.8171499999999996e-09,8.8414599999999999e-05,5.8316100000000003e-08,0.000241487,2.8520799999999999e-11,5.3404800000000002e-06,7.7886300000000006e-09,8.8253199999999997e-05,3.3461000000000001e-20,1.8292400000000001e-10,1.82924e-10,0.060513159862758521,0.0036618506720694135,16.525331056384445,273.08595831813977,0.060402693672764456,0.99817450963981058,2.0689343162780811e-06,4.2804602700472685e-12,1,1,not_skipped,success,1,1.55275e-09,3.9405e-05,0.44568431005738873,0.19863377317820435,,,,,,,,,,,,,,,,,,,,,,,,
outer,2d,boundary_singularity,p2,2,adaptive_force_effective_rho_no_inner_refinement,force_eff_rho_no_inner,production_2M,2000000,completed,24339165,20260701_091326_075811_job24339165,snellius_next_mem216,algorithm_data_ordered/2d/boundary_singularity/p2/production_2M/adaptive_force_effective_rho_no_inner_refinement,outer_history.csv,completed,35,,,1992327,1992327,2620297,3002220,3002220,9068884,2269.22,8230.34,1,1,0,1,0,0,adaptive,1,0.365356,1,computed_required,2.44444,1.31174,1.86351,4.3910799999999998e-08,0.00020954900000000001,1.07338e-07,0.00032762478538718649,5.7599599999999998e-08,0.00023999916666521989,-0.46187086961036816,0.46187086961036816,10,-0.45059250829449998,0.45059250829449998,10,-0.90118501658899997,0.90118501658899997,10,3.6215100000000002e-08,0.00019030300000000001,7.2332299999999998e-09,8.5048400000000004e-05,4.7331100000000001e-08,0.000217557,2.2330100000000002e-11,4.7254700000000003e-06,7.2109000000000004e-09,8.4917e-05,1.77118e-19,4.2085399999999998e-10,4.20854e-10,0.055648103442184724,0.0030967146958077356,17.97006435338707,322.9228709231038,0.055562126977109508,0.99845499738972154,4.9484058489048582e-06,2.4486709257136856e-11,1,1,not_skipped,success,1,1.1100700000000001e-09,3.3317800000000001e-05,0.39175104999035842,0.15346809101881181,,,,,,,,,,,,,,,,,,,,,,,,
inner,2d,boundary_singularity,p2,2,adaptive_force_effective_rho_no_inner_refinement,force_eff_rho_no_inner,production_2M,2000000,completed,24339165,20260701_091326_075811_job24339165,snellius_next_mem216,algorithm_data_ordered/2d/boundary_singularity/p2/production_2M/adaptive_force_effective_rho_no_inner_refinement,inner_history.csv,completed,0,0,,15,15,27,15,15,52,0.044811,0.0457322,,,,,,0,,1,0.0393676,1,computed_required,2.44444,1.00688,2.42775,0.0011099899999999999,0.033316499999999999,0.00271331,0.052089442308398737,0.0011176199999999999,0.033430824099923109,-0.46187086961036816,0.46187086961036816,10,-0.45059250829449998,0.45059250829449998,10,-0.90118501658899997,0.90118501658899997,10,0.00037882999999999998,0.019463600000000001,5.6153899999999998e-06,0.0023696799999999999,0.0014349499999999999,0.037880799999999999,5.6153899999999998e-06,0.0023696799999999999,7.42657e-34,2.7251700000000001e-17,6.0473200000000001e-33,7.7764499999999996e-17,7.77645e-17,86955309210067.625,7.5612160122371429e+27,1.1500160359204619e-14,1.3225385948260051e-28,1,1.1500160359204619e-14,3.2816456230377096e-14,1.0769189673379767e-27,1,1,not_skipped,success,1,5.3729699999999997e-06,0.0023179699999999999,0.97817848823469833,0.95682935646500067,,,,,,,,,,,,,,,,,,,,,,,,
inner,2d,boundary_singularity,p2,2,adaptive_force_effective_rho_no_inner_refinement,force_eff_rho_no_inner,production_2M,2000000,completed,24339165,20260701_091326_075811_job24339165,snellius_next_mem216,algorithm_data_ordered/2d/boundary_singularity/p2/production_2M/adaptive_force_effective_rho_no_inner_refinement,inner_history.csv,completed,1,0,,27,27,45,30,30,116,0.0626552,0.136302,,,,,,0,,1,0.0481044,1,computed_required,2.44444,1.01002,2.4202,0.00099265399999999993,0.031506399999999997,0.0024264899999999999,0.049259415343668053,0.0010026,0.031663859524701028,-0.46187086961036816,0.46187086961036816,10,-0.45059250829449998,0.45059250829449998,10,-0.90118501658899997,0.90118501658899997,10,0.00040373900000000002,0.020093300000000001,6.8332799999999997e-06,0.0026140500000000001,0.00125439,0.035417400000000002,6.0571099999999998e-06,0.0024611199999999998,7.7616899999999997e-07,0.00088100400000000001,1.5499900000000001e-32,1.2449900000000001e-16,1.24499e-16,2.7935400974342905,7.803854572908735,0.35796872968404631,0.12814180359940633,0.94149691092366239,0.33702645320479713,4.762686253132113e-14,2.2682957525522154e-27,1,1,not_skipped,success,1,5.9997700000000002e-06,0.0024494400000000002,0.93702874849371665,0.87802197480565702,,,,,,,,,,,,,,,,,,,,,,,,
inner,2d,boundary_singularity,p2,2,adaptive_force_effective_rho_no_inner_refinement,force_eff_rho_no_inner,production_2M,2000000,completed,24339165,20260701_091326_075811_job24339165,snellius_next_mem216,algorithm_data_ordered/2d/boundary_singularity/p2/production_2M/adaptive_force_effective_rho_no_inner_refinement,inner_history.csv,completed,2,0,,45,45,61,54,54,200,0.0743053,0.242386,,,,,,0,,1,0.101414,1,computed_required,2.44444,1.03872,2.35332,0.00062222000000000004,0.024944299999999999,0.0015209799999999999,0.038999743588900682,0.00064631200000000001,0.025422667051275324,-0.46187086961036816,0.46187086961036816,10,-0.45059250829449998,0.45059250829449998,10,-0.90118501658899997,0.90118501658899997,10,0.00038553200000000001,0.019635,1.31296e-05,0.0036234800000000001,0.00072741500000000003,0.026970600000000001,1.31296e-05,0.0036234800000000001,1.60277e-32,1.2660099999999999e-16,6.3369299999999998e-32,2.51733e-16,2.51733e-16,28621258915806.355,8.1918179152342514e+26,3.4939064104120898e-14,1.2207302583475505e-27,1,3.4939064104120898e-14,6.9472716835749052e-14,4.8264455885937119e-27,1,1,not_skipped,success,1,1.2828499999999999e-05,0.0035816899999999998,0.98846688818483874,0.97706708505971229,,,,,,,,,,,,,,,,,,,,,,,,
inner,2d,boundary_singularity,p2,2,adaptive_force_effective_rho_no_inner_refinement,force_eff_rho_no_inner,production_2M,2000000,completed,24339165,20260701_091326_075811_job24339165,snellius_next_mem216,algorithm_data_ordered/2d/boundary_singularity/p2/production_2M/adaptive_force_effective_rho_no_inner_refinement,inner_history.csv,completed,3,0,,61,61,77,78,78,272,0.0852539,0.357205,,,,,,0,,1,0.0748048,1,computed_required,2.44444,1.02253,2.39058,0.00059725700000000002,0.0244388,0.0014599599999999999,0.038209422921577862,0.00061071499999999996,0.024712648583266019,-0.46187086961036816,0.46187086961036816,10,-0.45059250829449998,0.45059250829449998,10,-0.90118501658899997,0.90118501658899997,10,0.00037997600000000002,0.019493,7.0220400000000001e-06,0.0026499100000000001,0.00069382600000000003,0.026340599999999999,7.0220400000000001e-06,0.0026499100000000001,4.6778600000000003e-33,6.8394900000000006e-17,1.5679400000000001e-31,3.9597199999999999e-16,3.95972e-16,38744263095640.172,1.5011223080639438e+27,2.5810272801717796e-14,6.6616823601118765e-28,1,2.5810272801717796e-14,1.4942847115562414e-13,2.2328838912908501e-26,1,1,not_skipped,success,1,6.7893299999999999e-06,0.0026056299999999998,0.98328999852825183,0.96686005776099249,,,,,,,,,,,,,,,,,,,,,,,,
inner,2d,boundary_singularity,p2,2,adaptive_force_effective_rho_no_inner_refinement,force_eff_rho_no_inner,production_2M,2000000,completed,24339165,20260701_091326_075811_job24339165,snellius_next_mem216,algorithm_data_ordered/2d/boundary_singularity/p2/production_2M/adaptive_force_effective_rho_no_inner_refinement,inner_history.csv,completed,4,0,,77,77,127,102,102,344,0.0913011,0.478414,,,,,,0,,1,0.033426,1,computed_required,2.44444,1.00504,2.43218,0.00057929699999999999,0.024068599999999999,0.00141606,0.037630572677013564,0.00058221900000000003,0.024129214657754611,-0.46187086961036816,0.46187086961036816,10,-0.45059250829449998,0.45059250829449998,10,-0.90118501658899997,0.90118501658899997,10,0.00037410200000000002,0.0193417,1.45298e-06,0.00120539,0.00067049500000000001,0.025893900000000001,1.45298e-06,0.00120539,2.38628e-33,4.8849599999999999e-17,1.9824700000000001e-31,4.4524899999999997e-16,4.45249e-16,24675534702433.594,6.0888914963876829e+26,4.0525970847609489e-14,1.642335063111674e-27,1,4.0525970847609489e-14,3.6938169389160354e-13,1.3644165783424411e-25,1,1,not_skipped,success,1,1.3847799999999999e-06,0.0011767699999999999,0.97625664722620886,0.95306198295915978,,,,,,,,,,,,,,,,,,,,,,,,
inner,2d,boundary_singularity,p2,2,adaptive_force_effective_rho_no_inner_refinement,force_eff_rho_no_inner,production_2M,2000000,completed,24339165,20260701_091326_075811_job24339165,snellius_next_mem216,algorithm_data_ordered/2d/boundary_singularity/p2/production_2M/adaptive_force_effective_rho_no_inner_refinement,inner_history.csv,completed,5,0,,127,127,199,177,177,600,0.139166,0.652741,,,,,,0,,1,0.0695423,1,computed_required,2.44444,1.01975,2.39711,0.00049080700000000001,0.022154199999999999,0.0011997500000000001,0.03463740752423599,0.00050049800000000005,0.022371812622136812,-0.46187086961036816,0.46187086961036816,10,-0.45059250829449998,0.45059250829449998,10,-0.90118501658899997,0.90118501658899997,10,0.00033912800000000001,0.018415399999999998,4.6349700000000001e-06,0.0021529000000000001,0.00055822000000000001,0.0236267,1.4151499999999999e-06,0.0011896000000000001,3.2198300000000001e-06,0.0017943900000000001,5.1651600000000004e-31,7.1869099999999997e-16,7.18691e-16,0.66295509894727456,0.43951078162511681,1.5083977807666442,2.2752570398897647,0.55255701611779462,0.83347577685912022,3.3382460866737886e-13,1.1143890898970221e-25,1,1,not_skipped,success,1,2.6402900000000001e-06,0.0016249000000000001,0.75474940777555855,0.56964554247384558,,,,,,,,,,,,,,,,,,,,,,,,
inner,2d,boundary_singularity,p2,2,adaptive_force_effective_rho_no_inner_refinement,force_eff_rho_no_inner,production_2M,2000000,completed,24339165,20260701_091326_075811_job24339165,snellius_next_mem216,algorithm_data_ordered/2d/boundary_singularity/p2/production_2M/adaptive_force_effective_rho_no_inner_refinement,inner_history.csv,completed,6,0,,199,199,279,285,285,936,0.180329,0.866008,,,,,,0,,1,0.170583,1,computed_required,2.44444,1.09381,2.2348,0.00025040400000000002,0.0158242,0.00061209999999999997,0.024740654801358834,0.000273894,0.016549743200424592,-0.46187086961036816,0.46187086961036816,10,-0.45059250829449998,0.45059250829449998,10,-0.90118501658899997,0.90118501658899997,10,0.00019876299999999999,0.014098299999999999,1.0628100000000001e-05,0.0032600799999999998,0.00027335599999999999,0.0165335,1.75271e-06,0.0013239,8.8753999999999998e-06,0.0029791599999999998,1.1715700000000001e-30,1.08239e-15,1.08239e-15,0.44438700841848044,0.197479550217455,2.250290807462799,5.0638154629117196,0.40609432897352216,0.91383033545189074,3.3201332482638463e-13,1.102332495930599e-25,1,1,not_skipped,success,1,5.0888600000000003e-06,0.0022558500000000002,0.69196154695590306,0.47881182901929786,,,,,,,,,,,,,,,,,,,,,,,,
inner,2d,boundary_singularity,p2,2,adaptive_force_effective_rho_no_inner_refinement,force_eff_rho_no_inner,production_2M,2000000,completed,24339165,20260701_091326_075811_job24339165,snellius_next_mem216,algorithm_data_ordered/2d/boundary_singularity/p2/production_2M/adaptive_force_effective_rho_no_inner_refinement,inner_history.csv,completed,7,0,,279,279,341,405,405,1320,0.221378,1.12159,,,,,,0,,1,0.0634881,1,computed_required,2.44444,1.01673,2.40423,0.00018991599999999999,0.013781,0.00046423800000000001,0.0215461829566167,0.00019309199999999999,0.01389575474740397,-0.46187086961036816,0.46187086961036816,10,-0.45059250829449998,0.45059250829449998,10,-0.90118501658899997,0.90118501658899997,10,0.00016024100000000001,0.012658600000000001,1.1422000000000001e-06,0.0010687400000000001,0.00020310400000000001,0.0142515,1.1422000000000001e-06,0.0010687400000000001,5.7238199999999995e-32,2.3924500000000001e-16,2.27111e-30,1.50702e-15,1.50702e-15,4467136199293.6113,1.9955204740889826e+25,2.2385706532926623e-13,5.0112239537734188e-26,1,2.2385706532926623e-13,1.4100903868106368e-12,1.9883645596217825e-24,1,1,not_skipped,success,1,1.0992e-06,0.0010484299999999999,0.98099631341579785,0.96235335317807735,,,,,,,,,,,,,,,,,,,,,,,,
inner,2d,boundary_singularity,p2,2,adaptive_force_effective_rho_no_inner_refinement,force_eff_rho_no_inner,production_2M,2000000,completed,24339165,20260701_091326_075811_job24339165,snellius_next_mem216,algorithm_data_ordered/2d/boundary_singularity/p2/production_2M/adaptive_force_effective_rho_no_inner_refinement,inner_history.csv,completed,8,0,,341,341,557,498,498,1624,0.290924,1.45126,,,,,,0,,1,0.0474177,1,computed_required,2.44444,1.00975,2.42084,0.00018725099999999999,0.013684,0.00045772400000000001,0.021394485270742086,0.00018907700000000001,0.013750527262617969,-0.46187086961036816,0.46187086961036816,10,-0.45059250829449998,0.45059250829449998,10,-0.90118501658899997,0.90118501658899997,10,0.00015938700000000001,0.0126248,6.30088e-07,0.00079378100000000002,0.00019963500000000001,0.0141292,6.1847199999999995e-07,0.00078642999999999996,1.1615900000000001e-08,0.00010777699999999999,3.6700999999999997e-30,1.91575e-15,1.91575e-15,7.2968258533824475,53.243571311736488,0.13704589092481212,0.01878161016181816,0.99073925931711637,0.13577674446730267,2.4134490495489311e-12,5.8247419408082679e-24,1,1,not_skipped,success,1,6.0043500000000002e-07,0.000774878,0.97618612690402007,0.95293831972676835,,,,,,,,,,,,,,,,,,,,,,,,
inner,2d,boundary_singularity,p2,2,adaptive_force_effective_rho_no_inner_refinement,force_eff_rho_no_inner,production_2M,2000000,completed,24339165,20260701_091326_075811_job24339165,snellius_next_mem216,algorithm_data_ordered/2d/boundary_singularity/p2/production_2M/adaptive_force_effective_rho_no_inner_refinement,inner_history.csv,completed,9,0,,557,557,911,822,822,2668,0.422876,1.916,,,,,,0,,1,0.0809893,1,computed_required,2.44444,1.02599,2.38252,0.000164234,0.012815399999999999,0.00040146099999999998,0.020036491708879577,0.000168503,0.012980870540915197,-0.46187086961036816,0.46187086961036816,10,-0.45059250829449998,0.45059250829449998,10,-0.90118501658899997,0.90118501658899997,10,0.00014518300000000001,0.012049199999999999,1.44745e-06,0.0012030999999999999,0.00017270100000000001,0.0131416,5.05202e-07,0.00071077499999999997,9.4224900000000004e-07,0.00097069500000000004,5.9565e-30,2.4405900000000001e-15,2.44059e-15,0.73223309072365672,0.53616613018427184,1.3656853434631213,1.8650935665337827,0.59078630205302973,0.80682819383259918,2.0285844900673263e-12,4.1151680541642201e-24,1,1,not_skipped,success,1,8.6286399999999999e-07,0.00092890500000000005,0.77209292660626727,0.59612698193374558,,,,,,,,,,,,,,,,,,,,,,,,
inner,2d,boundary_singularity,p2,2,adaptive_force_effective_rho_no_inner_refinement,force_eff_rho_no_inner,production_2M,2000000,completed,24339165,20260701_091326_075811_job24339165,snellius_next_mem216,algorithm_data_ordered/2d/boundary_singularity/p2/production_2M/adaptive_force_effective_rho_no_inner_refinement,inner_history.csv,completed,10,0,,911,911,1235,1353,1353,4312,0.529958,2.49506,,,,,,0,,1,0.19864,1,computed_required,2.44444,1.1203,2.18196,0.000118785,0.0108988,0.00029036300000000003,0.017040041079762692,0.00013307400000000001,0.011535770455413891,-0.46187086961036816,0.46187086961036816,10,-0.45059250829449998,0.45059250829449998,10,-0.90118501658899997,0.90118501658899997,10,0.00010597199999999999,0.0102942,5.7228100000000004e-06,0.0023922399999999999,0.00012448,0.011157,1.5379e-07,0.00039216000000000001,5.5690200000000001e-06,0.00235988,9.3888700000000003e-30,3.06413e-15,3.06413e-15,0.16617794125125007,0.027615271627683149,6.017645858833129,36.211847324273357,0.16393004046416748,0.98647292913754481,1.2808622880647428e-12,1.6406048776737302e-24,1,1,not_skipped,success,1,2.3256199999999999e-06,0.0015250000000000001,0.63747784503227112,0.40637728668259121,,,,,,,,,,,,,,,,,,,,,,,,
inner,2d,boundary_singularity,p2,2,adaptive_force_effective_rho_no_inner_refinement,force_eff_rho_no_inner,production_2M,2000000,completed,24339165,20260701_091326_075811_job24339165,snellius_next_mem216,algorithm_data_ordered/2d/boundary_singularity/p2/production_2M/adaptive_force_effective_rho_no_inner_refinement,inner_history.csv,completed,11,0,,1235,1235,1587,1839,1839,5792,0.663052,3.21148,,,,,,0,,1,0.0912504,1,computed_required,2.44444,1.03215,2.36831,3.7513399999999999e-05,0.0061248199999999996,9.1699499999999998e-05,0.0095759855889615865,3.87193e-05,0.0062224834270570781,-0.46187086961036816,0.46187086961036816,10,-0.45059250829449998,0.45059250829449998,10,-0.90118501658899997,0.90118501658899997,10,3.22386e-05,0.0056779100000000004,4.3800199999999998e-07,0.00066181699999999998,3.9857800000000003e-05,0.0063133,1.0199300000000001e-07,0.00031936300000000003,3.3600899999999997e-07,0.00057966300000000001,1.5860100000000001e-29,3.98248e-15,3.98248e-15,0.55094598068187894,0.30354246463636397,1.8150599787702395,3.2944319708215266,0.48255484522156433,0.87586598712332864,6.0174942620089848e-12,3.6210108629640968e-23,1,1,not_skipped,success,1,1.84716e-07,0.00042978599999999998,0.64940308272528513,0.42172410171643054,,,,,,,,,,,,,,,,,,,,,,,,
inner,2d,boundary_singularity,p2,2,adaptive_force_effective_rho_no_inner_refinement,force_eff_rho_no_inner,production_2M,2000000,completed,24339165,20260701_091326_075811_job24339165,snellius_next_mem216,algorithm_data_ordered/2d/boundary_singularity/p2/production_2M/adaptive_force_effective_rho_no_inner_refinement,inner_history.csv,completed,12,0,,1587,1587,2201,2367,2367,7456,0.816145,4.09163,,,,,,0,,1,0.0876677,1,computed_required,2.44444,1.02994,2.37339,3.5630599999999997e-05,0.0059691400000000004,8.7096999999999996e-05,0.0093325773503357586,3.6697399999999999e-05,0.0060578378981283416,-0.46187086961036816,0.46187086961036816,10,-0.45059250829449998,0.45059250829449998,10,-0.90118501658899997,0.90118501658899997,10,3.1491000000000001e-05,0.00561168,3.6596799999999999e-07,0.00060495299999999998,3.74704e-05,0.0061213099999999996,8.0545199999999995e-08,0.00028380499999999998,2.85423e-07,0.00053425,2.1162600000000001e-29,4.6002799999999999e-15,4.60028e-15,0.53122133832475427,0.28219589871874373,1.8824545022110253,3.5436376096899633,0.46913561880013815,0.88312645775787546,7.6043593469244724e-12,5.7826367332662975e-23,1,1,not_skipped,success,1,1.60883e-07,0.00040110200000000002,0.6630300205139904,0.43960947405237616,,,,,,,,,,,,,,,,,,,,,,,,
inner,2d,boundary_singularity,p2,2,adaptive_force_effective_rho_no_inner_refinement,force_eff_rho_no_inner,production_2M,2000000,completed,24339165,20260701_091326_075811_job24339165,snellius_next_mem216,algorithm_data_ordered/2d/boundary_singularity/p2/production_2M/adaptive_force_effective_rho_no_inner_refinement,inner_history.csv,completed,13,0,,2201,2201,3299,3288,3288,10400,1.3422,5.5121,,,,,,0,,1,0.0454429,1,computed_required,2.44444,1.00901,2.42263,3.4332000000000003e-05,0.0058593500000000001,8.3922600000000002e-05,0.0091609279006004633,3.4641200000000003e-05,0.0058856775310918968,-0.46187086961036816,0.46187086961036816,10,-0.45059250829449998,0.45059250829449998,10,-0.90118501658899997,0.90118501658899997,10,3.0725800000000003e-05,0.0055430799999999997,9.5928600000000003e-08,0.00030972299999999998,3.59347e-05,0.0059945600000000003,4.1444899999999999e-08,0.00020358,5.4483699999999997e-08,0.000233417,3.1397199999999997e-29,5.6033199999999997e-15,5.60332e-15,0.87217297797504034,0.76068438817481199,1.1465615482856863,1.314605657149613,0.65729700409720948,0.75363147070123959,1.8091391340003809e-11,3.2729759425239186e-22,1,1,not_skipped,success,1,6.2054799999999998e-08,0.000249108,0.80429286814347023,0.64688528759931863,,,,,,,,,,,,,,,,,,,,,,,,
inner,2d,boundary_singularity,p2,2,adaptive_force_effective_rho_no_inner_refinement,force_eff_rho_no_inner,production_2M,2000000,completed,24339165,20260701_091326_075811_job24339165,snellius_next_mem216,algorithm_data_ordered/2d/boundary_singularity/p2/production_2M/adaptive_force_effective_rho_no_inner_refinement,inner_history.csv,completed,14,0,,3299,3299,4691,4935,4935,15484,1.79124,7.40912,,,,,,0,,1,0.132733,1,computed_required,2.44444,1.06162,2.30255,2.7246e-05,0.0052197700000000003,6.6601300000000002e-05,0.0081609619531033233,2.8924999999999998e-05,0.0053781967238099426,-0.46187086961036816,0.46187086961036816,10,-0.45059250829449998,0.45059250829449998,10,-0.90118501658899997,0.90118501658899997,10,2.5475099999999999e-05,0.0050472900000000003,5.5795200000000005e-07,0.00074696199999999999,2.8033100000000001e-05,0.0052946299999999998,3.05171e-08,0.00017469100000000001,5.2743500000000004e-07,0.00072624699999999996,4.5602000000000001e-29,6.7529299999999999e-15,6.75293e-15,0.24053937572203399,0.057859451875586561,4.1573235026418072,17.283260860304551,0.23386865730786843,0.97226766555728394,9.04052682733526e-12,8.1731044964441375e-23,1,1,not_skipped,success,1,2.4250600000000001e-07,0.00049244899999999995,0.65926914622162835,0.43463595434732738,,,,,,,,,,,,,,,,,,,,,,,,
inner,2d,boundary_singularity,p2,2,adaptive_force_effective_rho_no_inner_refinement,force_eff_rho_no_inner,production_2M,2000000,completed,24339165,20260701_091326_075811_job24339165,snellius_next_mem216,algorithm_data_ordered/2d/boundary_singularity/p2/production_2M/adaptive_force_effective_rho_no_inner_refinement,inner_history.csv,completed,15,0,,4691,4691,6603,7023,7023,21852,2.47032,10.0155,,,,,,0,,1,0.259457,1,computed_required,2.44444,1.18403,2.06451,1.83459e-05,0.00428321,4.4845400000000003e-05,0.0066966708146660456,2.17221e-05,0.0046606973727115128,-0.46187086961036816,0.46187086961036816,10,-0.45059250829449998,0.45059250829449998,10,-0.90118501658899997,0.90118501658899997,10,1.7157399999999999e-05,0.0041421599999999998,1.3737099999999999e-06,0.00117205,1.8873999999999999e-05,0.0043444299999999998,1.42611e-08,0.00011942000000000001,1.35945e-06,0.00116595,6.7268599999999997e-29,8.2017399999999998e-15,8.20174e-15,0.10242291693468845,0.010490345360255986,9.7634399598057282,95.325746260807364,0.10188985111556674,0.99479544388038055,6.9977731325455397e-12,4.8968559594091914e-23,1,1,not_skipped,success,1,5.4282800000000005e-07,0.00073676899999999997,0.62861567339277336,0.39515472698022153,,,,,,,,,,,,,,,,,,,,,,,,
inner,2d,boundary_singularity,p2,2,adaptive_force_effective_rho_no_inner_refinement,force_eff_rho_no_inner,production_2M,2000000,completed,24339165,20260701_091326_075811_job24339165,snellius_next_mem216,algorithm_data_ordered/2d/boundary_singularity/p2/production_2M/adaptive_force_effective_rho_no_inner_refinement,inner_history.csv,completed,16,0,,6603,6603,9127,9891,9891,30624,3.97348,14.1694,,,,,,0,,1,0.393593,1,computed_required,2.44444,1.34892,1.81215,1.0646600000000001e-05,0.0032629199999999999,2.6025099999999999e-05,0.0051014801773602925,1.43615e-05,0.003789656976561335,-0.46187086961036816,0.46187086961036816,10,-0.45059250829449998,0.45059250829449998,10,-0.90118501658899997,0.90118501658899997,10,9.6096899999999998e-06,0.0030999500000000002,1.85051e-06,0.0013603300000000001,1.11075e-05,0.00333279,9.4066400000000005e-09,9.69878e-05,1.8411e-06,0.00135687,9.2850399999999999e-29,9.6358900000000005e-15,9.63589e-15,0.071479065791122218,0.0051092499049481292,13.990110096321393,195.72344641657381,0.071297258753390713,0.99745649952585036,7.0834944462005542e-12,5.017557322035547e-23,1,1,not_skipped,success,1,6.8255400000000004e-07,0.00082616799999999995,0.60732910396741957,0.36884642612036683,,,,,,,,,,,,,,,,,,,,,,,,
inner,2d,boundary_singularity,p2,2,adaptive_force_effective_rho_no_inner_refinement,force_eff_rho_no_inner,production_2M,2000000,completed,24339165,20260701_091326_075811_job24339165,snellius_next_mem216,algorithm_data_ordered/2d/boundary_singularity/p2/production_2M/adaptive_force_effective_rho_no_inner_refinement,inner_history.csv,completed,17,0,,9127,9127,12033,13677,13677,42332,5.24078,19.651,,,,,,0,,1,0.437863,1,computed_required,2.44444,1.4097,1.73402,6.4581699999999999e-06,0.0025412899999999999,1.5786599999999999e-05,0.0039732354574074768,9.1040499999999997e-06,0.0030172918320904925,-0.46187086961036816,0.46187086961036816,10,-0.45059250829449998,0.45059250829449998,10,-0.90118501658899997,0.90118501658899997,10,5.6200100000000003e-06,0.0023706600000000001,1.4208799999999999e-06,0.0011920100000000001,6.83068e-06,0.00261356,6.0482799999999997e-09,7.7770700000000004e-05,1.41483e-06,0.00118947,1.2032900000000001e-28,1.09695e-14,1.09695e-14,0.065382649415285807,0.0042749164210541197,15.294577520840109,233.92270199130994,0.065243328495566313,0.99786914539307547,9.2025234687628448e-12,8.4686250774168128e-23,1,1,not_skipped,success,1,5.4058700000000002e-07,0.00073524599999999995,0.61681193949715174,0.38045929283261082,,,,,,,,,,,,,,,,,,,,,,,,
inner,2d,boundary_singularity,p2,2,adaptive_force_effective_rho_no_inner_refinement,force_eff_rho_no_inner,production_2M,2000000,completed,24339165,20260701_091326_075811_job24339165,snellius_next_mem216,algorithm_data_ordered/2d/boundary_singularity/p2/production_2M/adaptive_force_effective_rho_no_inner_refinement,inner_history.csv,completed,18,0,,12033,12033,16259,18036,18036,55612,6.65575,26.6007,,,,,,0,,1,0.367226,1,computed_required,2.44444,1.31416,1.86007,4.7044000000000002e-06,0.0021689600000000002,1.1499600000000001e-05,0.0033911060142673218,6.1823500000000002e-06,0.0024864331883241906,-0.46187086961036816,0.46187086961036816,10,-0.45059250829449998,0.45059250829449998,10,-0.90118501658899997,0.90118501658899997,10,4.0612000000000002e-06,0.0020152400000000002,7.4974400000000005e-07,0.00086587800000000005,4.9902600000000001e-06,0.0022338900000000001,5.2786599999999996e-09,7.26544e-05,7.4446500000000002e-07,0.00086282399999999999,1.5462e-28,1.2434600000000001e-14,1.24346e-14,0.084205353583117759,0.0070905415298234296,11.875729480939901,141.03295154452078,0.083908356604510098,0.99647294422539889,1.4360683606697479e-11,2.0623039330758231e-22,1,1,not_skipped,success,1,2.7215200000000001e-07,0.00052168199999999998,0.60248903425193845,0.36299323502422159,,,,,,,,,,,,,,,,,,,,,,,,
inner,2d,boundary_singularity,p2,2,adaptive_force_effective_rho_no_inner_refinement,force_eff_rho_no_inner,production_2M,2000000,completed,24339165,20260701_091326_075811_job24339165,snellius_next_mem216,algorithm_data_ordered/2d/boundary_singularity/p2/production_2M/adaptive_force_effective_rho_no_inner_refinement,inner_history.csv,completed,19,0,,16259,16259,22041,24375,24375,75116,10.2564,37.2743,,,,,,0,,1,0.237914,1,computed_required,2.44444,1.16055,2.10627,3.2826699999999999e-06,0.0018118100000000001,8.0243000000000004e-06,0.0028327195413595041,3.80971e-06,0.0019518478424303469,-0.46187086961036816,0.46187086961036816,10,-0.45059250829449998,0.45059250829449998,10,-0.90118501658899997,0.90118501658899997,10,2.8029100000000002e-06,0.0016741900000000001,2.3568e-07,0.00048546899999999998,3.4958999999999999e-06,0.00186973,4.10782e-09,6.4092300000000003e-05,2.31572e-07,0.00048121900000000002,2.0791500000000002e-28,1.44193e-14,1.44193e-14,0.13318738453801698,0.01773884580173769,7.5082186159647879,56.373453559308828,0.13202140610420027,0.99124557901740384,2.9701793523376366e-11,8.8219195519348284e-22,1,1,not_skipped,success,1,9.0435899999999998e-08,0.00030072600000000002,0.61945458927346553,0.38372326883910385,,,,,,,,,,,,,,,,,,,,,,,,
inner,2d,boundary_singularity,p2,2,adaptive_force_effective_rho_no_inner_refinement,force_eff_rho_no_inner,production_2M,2000000,completed,24339165,20260701_091326_075811_job24339165,snellius_next_mem216,algorithm_data_ordered/2d/boundary_singularity/p2/production_2M/adaptive_force_effective_rho_no_inner_refinement,inner_history.csv,completed,20,0,,22041,22041,30673,33048,33048,101728,13.3399,51.1634,,,,,,0,,1,0.268709,1,computed_required,2.44444,1.1944,2.04659,2.7222500000000001e-06,0.00164992,6.6543799999999996e-06,0.0025796084974274683,3.2514400000000002e-06,0.0018031749776436007,-0.46187086961036816,0.46187086961036816,10,-0.45059250829449998,0.45059250829449998,10,-0.90118501658899997,0.90118501658899997,10,2.31462e-06,0.0015213900000000001,2.46368e-07,0.00049635399999999996,2.9034200000000001e-06,0.0017039399999999999,2.4510100000000002e-09,4.95077e-05,2.43917e-07,0.00049387900000000002,2.70772e-28,1.6455099999999999e-14,1.64551e-14,0.10024256953626293,0.010048541102096206,9.9758017439711395,99.516933835439261,0.099742723942992315,0.99501363945893473,3.315194397546912e-11,1.099055072087284e-21,1,1,not_skipped,success,1,9.07529e-08,0.00030125200000000001,0.60692973160284802,0.36836318028315368,,,,,,,,,,,,,,,,,,,,,,,,
inner,2d,boundary_singularity,p2,2,adaptive_force_effective_rho_no_inner_refinement,force_eff_rho_no_inner,production_2M,2000000,completed,24339165,20260701_091326_075811_job24339165,snellius_next_mem216,algorithm_data_ordered/2d/boundary_singularity/p2/production_2M/adaptive_force_effective_rho_no_inner_refinement,inner_history.csv,completed,21,0,,30673,30673,44629,45996,45996,141052,18.6762,70.6258,,,,,,0,,1,0.254669,1,computed_required,2.44444,1.17873,2.07379,2.2067200000000001e-06,0.0014855000000000001,5.3942e-06,0.0023225417111432034,2.6011299999999999e-06,0.0016128019097210915,-0.46187086961036816,0.46187086961036816,10,-0.45059250829449998,0.45059250829449998,10,-0.90118501658899997,0.90118501658899997,10,1.8850299999999999e-06,0.0013729599999999999,1.7975400000000001e-07,0.00042397399999999998,2.3496899999999999e-06,0.00153287,1.7607499999999999e-09,4.1961300000000001e-05,1.77993e-07,0.00042189199999999999,3.4928999999999998e-28,1.86893e-14,1.86893e-14,0.099459814360073201,0.009892242953374571,10.0543119493438,101.08930853329548,0.098971399189572956,0.99508932151499863,4.4081240830805663e-11,1.943155646049601e-21,1,1,not_skipped,success,1,7.0194600000000006e-08,0.00026494300000000001,0.62490388561562749,0.39050368837411131,,,,,,,,,,,,,,,,,,,,,,,,
inner,2d,boundary_singularity,p2,2,adaptive_force_effective_rho_no_inner_refinement,force_eff_rho_no_inner,production_2M,2000000,completed,24339165,20260701_091326_075811_job24339165,snellius_next_mem216,algorithm_data_ordered/2d/boundary_singularity/p2/production_2M/adaptive_force_effective_rho_no_inner_refinement,inner_history.csv,completed,22,0,,44629,44629,64491,66930,66930,205424,30.0831,101.931,,,,,,0,,1,0.284202,1,computed_required,2.44444,1.21211,2.01668,1.6848500000000001e-06,0.00129802,4.1185100000000003e-06,0.0020294112446717152,2.0422199999999998e-06,0.0014290626298381747,-0.46187086961036816,0.46187086961036816,10,-0.45059250829449998,0.45059250829449998,10,-0.90118501658899997,0.90118501658899997,10,1.4551799999999999e-06,0.0012063099999999999,1.6625e-07,0.00040773799999999999,1.7869199999999999e-06,0.00133676,1.1596399999999999e-09,3.4053500000000002e-05,1.6509100000000001e-07,0.00040631400000000001,4.7974400000000003e-28,2.19031e-14,2.19031e-14,0.083810796576047092,0.0070242472333440342,11.93163698298266,142.36400952019594,0.08351809250057636,0.99650756122804351,5.3718564372219418e-11,2.8856781954887219e-21,1,1,not_skipped,success,1,7.2484500000000003e-08,0.00026922900000000001,0.6602990155442956,0.43599699248120305,,,,,,,,,,,,,,,,,,,,,,,,
inner,2d,boundary_singularity,p2,2,adaptive_force_effective_rho_no_inner_refinement,force_eff_rho_no_inner,production_2M,2000000,completed,24339165,20260701_091326_075811_job24339165,snellius_next_mem216,algorithm_data_ordered/2d/boundary_singularity/p2/production_2M/adaptive_force_effective_rho_no_inner_refinement,inner_history.csv,completed,23,0,,64491,64491,87495,96867,96867,296492,40.7162,144.378,,,,,,0,,1,0.360815,1,computed_required,2.44444,1.30588,1.87188,1.16963e-06,0.0010814900000000001,2.85909e-06,0.0016908843839837187,1.5273899999999999e-06,0.0012358762073929573,-0.46187086961036816,0.46187086961036816,10,-0.45059250829449998,0.45059250829449998,10,-0.90118501658899997,0.90118501658899997,10,1.01094e-06,0.0010054599999999999,1.8015100000000001e-07,0.00042444200000000003,1.24016e-06,0.0011136200000000001,7.5163200000000004e-10,2.74159e-05,1.79399e-07,0.00042355600000000001,6.1861399999999996e-28,2.4871999999999999e-14,2.4872e-14,0.064727922635967855,0.0041897223507377408,15.449283080256349,238.67930050875961,0.064592806555430413,0.99791255342308249,5.8599290362405223e-11,3.4338638142447164e-21,1,1,not_skipped,success,1,8.8530600000000005e-08,0.00029754100000000002,0.70101686449503109,0.49142441618420102,,,,,,,,,,,,,,,,,,,,,,,,
inner,2d,boundary_singularity,p2,2,adaptive_force_effective_rho_no_inner_refinement,force_eff_rho_no_inner,production_2M,2000000,completed,24339165,20260701_091326_075811_job24339165,snellius_next_mem216,algorithm_data_ordered/2d/boundary_singularity/p2/production_2M/adaptive_force_effective_rho_no_inner_refinement,inner_history.csv,completed,24,0,,87495,87495,114367,131463,131463,401092,54.7723,201.433,,,,,,0,,1,0.344109,1,computed_required,2.44444,1.2846,1.90289,7.5713400000000001e-07,0.00087013499999999996,1.8507699999999999e-06,0.0013604300790558844,9.7261199999999992e-07,0.00098621093078509327,-0.46187086961036816,0.46187086961036816,10,-0.45059250829449998,0.45059250829449998,10,-0.90118501658899997,0.90118501658899997,10,6.3238300000000003e-07,0.00079522499999999999,1.1038500000000001e-07,0.00033224200000000001,8.1257900000000001e-07,0.00090143199999999997,4.60252e-10,2.1453500000000001e-05,1.09925e-07,0.00033154899999999999,7.6756100000000002e-28,2.7704899999999999e-14,2.77049e-14,0.064706875906728717,0.0041869638389811234,15.454308154846528,238.83655041151368,0.064571908428193908,0.99791417099584034,8.3387711367015604e-11,6.953490057525932e-21,1,1,not_skipped,success,1,5.8306800000000003e-08,0.000241468,0.7267834891434557,0.52821307242831905,,,,,,,,,,,,,,,,,,,,,,,,
inner,2d,boundary_singularity,p2,2,adaptive_force_effective_rho_no_inner_refinement,force_eff_rho_no_inner,production_2M,2000000,completed,24339165,20260701_091326_075811_job24339165,snellius_next_mem216,algorithm_data_ordered/2d/boundary_singularity/p2/production_2M/adaptive_force_effective_rho_no_inner_refinement,inner_history.csv,completed,25,0,,114367,114367,154115,172227,172227,524188,70.639,275.145,,,,,,0,,1,0.342405,1,computed_required,2.44444,1.28245,1.90607,5.4143500000000003e-07,0.00073582300000000003,1.32351e-06,0.0011504390466252439,6.9436400000000004e-07,0.00083328506526878302,-0.46187086961036816,0.46187086961036816,10,-0.45059250829449998,0.45059250829449998,10,-0.90118501658899997,0.90118501658899997,10,4.57701e-07,0.00067653600000000004,7.7312300000000001e-08,0.00027805100000000003,5.7864999999999996e-07,0.00076068999999999996,3.8594600000000001e-10,1.96455e-05,7.69263e-08,0.00027735599999999998,9.5426499999999995e-28,3.08912e-14,3.08912e-14,0.070831350322329428,0.00501708778402185,14.118042299763303,199.31881662201448,0.070654304426166423,0.99750045854897107,1.1109904298132356e-10,1.2342990701350237e-20,1,1,not_skipped,success,1,3.8415200000000001e-08,0.00019599799999999999,0.70489946089026823,0.49688341958524063,,,,,,,,,,,,,,,,,,,,,,,,
inner,2d,boundary_singularity,p2,2,adaptive_force_effective_rho_no_inner_refinement,force_eff_rho_no_inner,production_2M,2000000,completed,24339165,20260701_091326_075811_job24339165,snellius_next_mem216,algorithm_data_ordered/2d/boundary_singularity/p2/production_2M/adaptive_force_effective_rho_no_inner_refinement,inner_history.csv,completed,26,0,,154115,154115,210951,232347,232347,707368,109.115,388.596,,,,,,0,,1,0.298514,1,computed_required,2.44444,1.22886,1.98919,4.49111e-07,0.00067015800000000002,1.0978300000000001e-06,0.0010477738305569575,5.5189699999999998e-07,0.00074289770493655451,-0.46187086961036816,0.46187086961036816,10,-0.45059250829449998,0.45059250829449998,10,-0.90118501658899997,0.90118501658899997,10,3.77213e-07,0.00061417700000000004,5.00687e-08,0.00022376000000000001,4.8106599999999995e-07,0.00069358899999999999,2.89659e-10,1.7019399999999998e-05,4.9778999999999999e-08,0.000223112,1.17611e-27,3.4294500000000002e-14,3.42945e-14,0.076281867402918702,0.0058188995359488944,13.109275297601561,171.8538005033505,0.076060958169467272,0.99710404004290309,1.5326465856274579e-10,2.3489924843265355e-20,1,1,not_skipped,success,1,2.5399199999999999e-08,0.000159371,0.71224079370754378,0.5072869876789291,,,,,,,,,,,,,,,,,,,,,,,,
inner,2d,boundary_singularity,p2,2,adaptive_force_effective_rho_no_inner_refinement,force_eff_rho_no_inner,production_2M,2000000,completed,24339165,20260701_091326_075811_job24339165,snellius_next_mem216,algorithm_data_ordered/2d/boundary_singularity/p2/production_2M/adaptive_force_effective_rho_no_inner_refinement,inner_history.csv,completed,27,0,,210951,210951,283345,317883,317883,966504,155.175,550.1,,,,,,0,,1,0.311509,1,computed_required,2.44444,1.24439,1.96437,3.6152599999999998e-07,0.00060127100000000001,8.8373100000000001e-07,0.0009400696782685845,4.4987899999999997e-07,0.00067073019911138637,-0.46187086961036816,0.46187086961036816,10,-0.45059250829449998,0.45059250829449998,10,-0.90118501658899997,0.90118501658899997,10,3.03349e-07,0.00055077100000000003,4.36541e-08,0.00020893600000000001,3.87383e-07,0.00062240099999999997,2.0235100000000001e-10,1.4225e-05,4.34518e-08,0.00020845099999999999,1.4743700000000001e-27,3.8397500000000001e-14,3.83975e-14,0.068241457224959348,0.0046569071937180972,14.65384885764499,214.73479251399795,0.068083049354826355,0.9976787150132097,1.8377637171191177e-10,3.3773918142854856e-20,1,1,not_skipped,success,1,1.9454599999999999e-08,0.00013948000000000001,0.66757284527319372,0.44565344377733129,,,,,,,,,,,,,,,,,,,,,,,,
inner,2d,boundary_singularity,p2,2,adaptive_force_effective_rho_no_inner_refinement,force_eff_rho_no_inner,production_2M,2000000,completed,24339165,20260701_091326_075811_job24339165,snellius_next_mem216,algorithm_data_ordered/2d/boundary_singularity/p2/production_2M/adaptive_force_effective_rho_no_inner_refinement,inner_history.csv,completed,28,0,,283345,283345,383001,426672,426672,1295544,203.942,763.213,,,,,,0,,1,0.292186,1,computed_required,2.44444,1.22141,2.00133,2.7124300000000002e-07,0.00052081000000000002,6.6303899999999996e-07,0.00081427206755481916,3.3130000000000001e-07,0.00057558665724632637,-0.46187086961036816,0.46187086961036816,10,-0.45059250829449998,0.45059250829449998,10,-0.90118501658899997,0.90118501658899997,10,2.26289e-07,0.00047569799999999998,2.9272299999999999e-08,0.00017109199999999999,2.9122300000000001e-07,0.00053965100000000004,1.4567700000000001e-10,1.2069700000000001e-05,2.91267e-08,0.00017066499999999999,1.8296100000000001e-27,4.2773900000000002e-14,4.27739e-14,0.070721589078018343,0.0050014934750589671,14.1399537685278,199.94027883605509,0.070545086853856409,0.9975042667103079,2.5000526032777691e-10,6.2503117281525548e-20,1,1,not_skipped,success,1,1.23899e-08,0.00011131,0.65058564982582479,0.42326363148778884,,,,,,,,,,,,,,,,,,,,,,,,
inner,2d,boundary_singularity,p2,2,adaptive_force_effective_rho_no_inner_refinement,force_eff_rho_no_inner,production_2M,2000000,completed,24339165,20260701_091326_075811_job24339165,snellius_next_mem216,algorithm_data_ordered/2d/boundary_singularity/p2/production_2M/adaptive_force_effective_rho_no_inner_refinement,inner_history.csv,completed,29,0,,383001,383001,514717,576396,576396,1748488,308.645,1084.33,,,,,,0,,1,0.298396,1,computed_required,2.44444,1.22873,1.98942,2.103e-07,0.00045858500000000001,5.1406800000000005e-07,0.0007169853554989809,2.5840100000000001e-07,0.00050833158469644599,-0.46187086961036816,0.46187086961036816,10,-0.45059250829449998,0.45059250829449998,10,-0.90118501658899997,0.90118501658899997,10,1.77929e-07,0.00042181599999999999,2.3247e-08,0.00015247000000000001,2.2468800000000001e-07,0.000474012,1.04566e-10,1.02258e-05,2.3142400000000001e-08,0.00015212599999999999,1.03562e-22,1.01765e-11,1.01765e-11,0.067219278755768247,0.004518373202433628,14.87668446478515,221.3185930417153,0.067067619859644517,0.99774381845608962,6.6744277562799227e-08,4.4548543898137391e-15,1,1,not_skipped,success,1,9.0779900000000004e-09,9.5278499999999999e-05,0.62489998032399807,0.39050157009506603,,,,,,,,,,,,,,,,,,,,,,,,
inner,2d,boundary_singularity,p2,2,adaptive_force_effective_rho_no_inner_refinement,force_eff_rho_no_inner,production_2M,2000000,completed,24339165,20260701_091326_075811_job24339165,snellius_next_mem216,algorithm_data_ordered/2d/boundary_singularity/p2/production_2M/adaptive_force_effective_rho_no_inner_refinement,inner_history.csv,completed,30,0,,514717,514717,675905,775095,775095,2348792,406.85,1508.82,,,,,,0,,1,0.303097,1,computed_required,2.44444,1.23431,1.98042,1.5139699999999999e-07,0.00038909799999999999,3.7008199999999999e-07,0.00060834365288050802,1.8687000000000001e-07,0.00043228462845676114,-0.46187086961036816,0.46187086961036816,10,-0.45059250829449998,0.45059250829449998,10,-0.90118501658899997,0.90118501658899997,10,1.25912e-07,0.00035483999999999998,1.7538699999999999e-08,0.00013243400000000001,1.62724e-07,0.00040339,6.7450100000000003e-11,8.2128000000000004e-06,1.7471199999999999e-08,0.00013217900000000001,5.9243899999999998e-22,2.43401e-11,2.43401e-11,0.062133924450933957,0.0038606449471129635,16.094267484901618,259.02407854102512,0.062014286361508374,0.99807451258740199,1.8379041635833695e-07,3.3778957391368802e-14,1,1,not_skipped,success,1,5.4065200000000001e-09,7.35291e-05,0.55521316278297106,0.30826229994241305,,,,,,,,,,,,,,,,,,,,,,,,
inner,2d,boundary_singularity,p2,2,adaptive_force_effective_rho_no_inner_refinement,force_eff_rho_no_inner,production_2M,2000000,completed,24339165,20260701_091326_075811_job24339165,snellius_next_mem216,algorithm_data_ordered/2d/boundary_singularity/p2/production_2M/adaptive_force_effective_rho_no_inner_refinement,inner_history.csv,completed,31,0,,675905,675905,881237,1017795,1017795,3081912,578.325,2110.26,,,,,,0,,1,0.321401,1,computed_required,2.44444,1.2564,1.94559,1.2006999999999999e-07,0.00034651199999999999,2.9350500000000001e-07,0.00054176101742373453,1.5085700000000001e-07,0.00038840314107895679,-0.46187086961036816,0.46187086961036816,10,-0.45059250829449998,0.45059250829449998,10,-0.90118501658899997,0.90118501658899997,10,9.9146200000000004e-08,0.000314875,1.5606699999999999e-08,0.00012492699999999999,1.2937e-07,0.00035968000000000003,5.2633000000000003e-11,7.2548600000000004e-06,1.5554000000000002e-08,0.000124716,1.3286099999999999e-20,1.15266e-10,1.15266e-10,0.058171044613361561,0.0033838883888388837,17.19068321097857,295.51802101343264,0.058072794511995013,0.99831101363196117,9.22666837433061e-07,8.513074512869473e-13,1,1,not_skipped,success,1,3.4576400000000001e-09,5.8801700000000003e-05,0.47068848207353098,0.2215484375300352,,,,,,,,,,,,,,,,,,,,,,,,
inner,2d,boundary_singularity,p2,2,adaptive_force_effective_rho_no_inner_refinement,force_eff_rho_no_inner,production_2M,2000000,completed,24339165,20260701_091326_075811_job24339165,snellius_next_mem216,algorithm_data_ordered/2d/boundary_singularity/p2/production_2M/adaptive_force_effective_rho_no_inner_refinement,inner_history.csv,completed,32,0,,881237,881237,1198011,1326825,1326825,4014684,753.826,2894.99,,,,,,0,,1,0.31244,1,computed_required,2.44444,1.24551,1.9626,9.7755000000000004e-08,0.000312658,2.3895699999999999e-07,0.00048883228207637845,1.2175499999999999e-07,0.00034893409119775038,-0.46187086961036816,0.46187086961036816,10,-0.45059250829449998,0.45059250829449998,10,-0.90118501658899997,0.90118501658899997,10,8.1054099999999998e-08,0.00028469999999999998,1.20127e-08,0.000109602,1.05178e-07,0.00032431099999999998,4.2441199999999999e-11,6.5146899999999998e-06,1.19702e-08,0.00010940799999999999,4.0323100000000003e-27,6.3500500000000005e-14,6.35005e-14,0.059544914448669203,0.0035455715025647025,16.794045457266577,282.04197807790541,0.059439517527052427,0.99822995930731184,5.79373551577526e-10,3.3567058196741784e-19,1,1,not_skipped,success,1,2.88902e-09,5.3749599999999998e-05,0.49040710935931825,0.24049714052627635,,,,,,,,,,,,,,,,,,,,,,,,
inner,2d,boundary_singularity,p2,2,adaptive_force_effective_rho_no_inner_refinement,force_eff_rho_no_inner,production_2M,2000000,completed,24339165,20260701_091326_075811_job24339165,snellius_next_mem216,algorithm_data_ordered/2d/boundary_singularity/p2/production_2M/adaptive_force_effective_rho_no_inner_refinement,inner_history.csv,completed,33,0,,1198011,1198011,1560625,1804230,1804230,5457600,1189.66,4128.72,,,,,,0,,1,0.340125,1,computed_required,2.44444,1.27959,1.91034,7.1110900000000002e-08,0.00026666599999999998,1.7382700000000001e-07,0.00041692565284472485,9.0992699999999997e-08,0.00030164996270511953,-0.46187086961036816,0.46187086961036816,10,-0.45059250829449998,0.45059250829449998,10,-0.90118501658899997,0.90118501658899997,10,5.9135599999999999e-08,0.00024317800000000001,1.01892e-08,0.000100942,7.6433200000000004e-08,0.00027646600000000001,3.5832299999999997e-11,5.9860099999999998e-06,1.01534e-08,0.000100764,3.5136100000000001e-20,1.87446e-10,1.87446e-10,0.059406236354253503,0.0035290937026020838,16.833249526813354,283.35886895343032,0.059301480057855009,0.99823661112321926,1.8569673673991006e-06,3.4483668982844581e-12,1,1,not_skipped,success,1,3.0982399999999998e-09,5.5661800000000003e-05,0.55142358978423256,0.30407097711302161,,,,,,,,,,,,,,,,,,,,,,,,
inner,2d,boundary_singularity,p2,2,adaptive_force_effective_rho_no_inner_refinement,force_eff_rho_no_inner,production_2M,2000000,completed,24339165,20260701_091326_075811_job24339165,snellius_next_mem216,algorithm_data_ordered/2d/boundary_singularity/p2/production_2M/adaptive_force_effective_rho_no_inner_refinement,inner_history.csv,completed,34,0,,1560625,1560625,1992327,2351802,2351802,7108264,1695.3,5883.35,,,,,,0,,1,0.339978,1,computed_required,2.44444,1.27941,1.91061,5.40607e-08,0.00023250899999999999,1.32148e-07,0.00036352166372858718,6.9165499999999998e-08,0.00026299334592342824,-0.46187086961036816,0.46187086961036816,10,-0.45059250829449998,0.45059250829449998,10,-0.90118501658899997,0.90118501658899997,10,4.4485999999999999e-08,0.000210917,7.8171499999999996e-09,8.8414599999999999e-05,5.8316100000000003e-08,0.000241487,2.8520799999999999e-11,5.3404800000000002e-06,7.7886300000000006e-09,8.8253199999999997e-05,3.3461000000000001e-20,1.8292400000000001e-10,1.82924e-10,0.060513159862758521,0.0036618506720694135,16.525331056384445,273.08595831813977,0.060402693672764456,0.99817450963981058,2.0689343162780811e-06,4.2804602700472685e-12,1,1,not_skipped,success,1,1.55275e-09,3.9405e-05,0.44568431005738873,0.19863377317820435,,,,,,,,,,,,,,,,,,,,,,,,
inner,2d,boundary_singularity,p2,2,adaptive_force_effective_rho_no_inner_refinement,force_eff_rho_no_inner,production_2M,2000000,completed,24339165,20260701_091326_075811_job24339165,snellius_next_mem216,algorithm_data_ordered/2d/boundary_singularity/p2/production_2M/adaptive_force_effective_rho_no_inner_refinement,inner_history.csv,completed,35,0,,1992327,1992327,2620297,3002220,3002220,9068884,2163.53,8124.88,,,,,,0,,1,0.365356,1,computed_required,2.44444,1.31174,1.86351,4.3910799999999998e-08,0.00020954900000000001,1.07338e-07,0.00032762478538718649,5.7599599999999998e-08,0.00023999916666521989,-0.46187086961036816,0.46187086961036816,10,-0.45059250829449998,0.45059250829449998,10,-0.90118501658899997,0.90118501658899997,10,3.6215100000000002e-08,0.00019030300000000001,7.2332299999999998e-09,8.5048400000000004e-05,4.7331100000000001e-08,0.000217557,2.2330100000000002e-11,4.7254700000000003e-06,7.2109000000000004e-09,8.4917e-05,1.77118e-19,4.2085399999999998e-10,4.20854e-10,0.055648103442184724,0.0030967146958077356,17.97006435338707,322.9228709231038,0.055562126977109508,0.99845499738972154,4.9484058489048582e-06,2.4486709257136856e-11,1,1,not_skipped,success,1,1.1100700000000001e-09,3.3317800000000001e-05,0.39175104999035842,0.15346809101881181,,,,,,,,,,,,,,,,,,,,,,,,
inner_summary,2d,boundary_singularity,p2,2,adaptive_force_effective_rho_no_inner_refinement,force_eff_rho_no_inner,production_2M,2000000,completed,24339165,20260701_091326_075811_job24339165,snellius_next_mem216,algorithm_data_ordered/2d/boundary_singularity/p2/production_2M/adaptive_force_effective_rho_no_inner_refinement,inner_history.csv,,0,,1,15,15,27,,,,,,,,,,,,,,,,,,,,,,,,,,-0.46187086961036816,0.46187086961036816,10,-0.45059250829449998,0.45059250829449998,10,-0.90118501658899997,0.90118501658899997,10,,,,,,,,,,,,,,,,,,,,,,,,,,,,,,,86955309210067.625,86955309210067.625,86955309210067.625,86955309210067.625,1.1500160359204619e-14,1.1500160359204619e-14,1.1500160359204619e-14,1.1500160359204619e-14,0.97817848823469833,0.97817848823469833,0.97817848823469833,0.97817848823469833,3.2816456230377096e-14,3.2816456230377096e-14,3.2816456230377096e-14,3.2816456230377096e-14,1,1,1,1,1,1,1,1
inner_summary,2d,boundary_singularity,p2,2,adaptive_force_effective_rho_no_inner_refinement,force_eff_rho_no_inner,production_2M,2000000,completed,24339165,20260701_091326_075811_job24339165,snellius_next_mem216,algorithm_data_ordered/2d/boundary_singularity/p2/production_2M/adaptive_force_effective_rho_no_inner_refinement,inner_history.csv,,1,,1,27,27,45,,,,,,,,,,,,,,,,,,,,,,,,,,-0.46187086961036816,0.46187086961036816,10,-0.45059250829449998,0.45059250829449998,10,-0.90118501658899997,0.90118501658899997,10,,,,,,,,,,,,,,,,,,,,,,,,,,,,,,,2.7935400974342905,2.7935400974342905,2.7935400974342905,2.7935400974342905,0.35796872968404631,0.35796872968404631,0.35796872968404631,0.35796872968404631,0.93702874849371665,0.93702874849371665,0.93702874849371665,0.93702874849371665,4.762686253132113e-14,4.762686253132113e-14,4.762686253132113e-14,4.762686253132113e-14,0.94149691092366239,0.94149691092366239,0.94149691092366239,0.94149691092366239,1,1,1,1
inner_summary,2d,boundary_singularity,p2,2,adaptive_force_effective_rho_no_inner_refinement,force_eff_rho_no_inner,production_2M,2000000,completed,24339165,20260701_091326_075811_job24339165,snellius_next_mem216,algorithm_data_ordered/2d/boundary_singularity/p2/production_2M/adaptive_force_effective_rho_no_inner_refinement,inner_history.csv,,2,,1,45,45,61,,,,,,,,,,,,,,,,,,,,,,,,,,-0.46187086961036816,0.46187086961036816,10,-0.45059250829449998,0.45059250829449998,10,-0.90118501658899997,0.90118501658899997,10,,,,,,,,,,,,,,,,,,,,,,,,,,,,,,,28621258915806.355,28621258915806.355,28621258915806.355,28621258915806.355,3.4939064104120898e-14,3.4939064104120898e-14,3.4939064104120898e-14,3.4939064104120898e-14,0.98846688818483874,0.98846688818483874,0.98846688818483874,0.98846688818483874,6.9472716835749052e-14,6.9472716835749052e-14,6.9472716835749052e-14,6.9472716835749052e-14,1,1,1,1,1,1,1,1
inner_summary,2d,boundary_singularity,p2,2,adaptive_force_effective_rho_no_inner_refinement,force_eff_rho_no_inner,production_2M,2000000,completed,24339165,20260701_091326_075811_job24339165,snellius_next_mem216,algorithm_data_ordered/2d/boundary_singularity/p2/production_2M/adaptive_force_effective_rho_no_inner_refinement,inner_history.csv,,3,,1,61,61,77,,,,,,,,,,,,,,,,,,,,,,,,,,-0.46187086961036816,0.46187086961036816,10,-0.45059250829449998,0.45059250829449998,10,-0.90118501658899997,0.90118501658899997,10,,,,,,,,,,,,,,,,,,,,,,,,,,,,,,,38744263095640.172,38744263095640.172,38744263095640.172,38744263095640.172,2.5810272801717796e-14,2.5810272801717796e-14,2.5810272801717796e-14,2.5810272801717796e-14,0.98328999852825183,0.98328999852825183,0.98328999852825183,0.98328999852825183,1.4942847115562414e-13,1.4942847115562414e-13,1.4942847115562414e-13,1.4942847115562414e-13,1,1,1,1,1,1,1,1
inner_summary,2d,boundary_singularity,p2,2,adaptive_force_effective_rho_no_inner_refinement,force_eff_rho_no_inner,production_2M,2000000,completed,24339165,20260701_091326_075811_job24339165,snellius_next_mem216,algorithm_data_ordered/2d/boundary_singularity/p2/production_2M/adaptive_force_effective_rho_no_inner_refinement,inner_history.csv,,4,,1,77,77,127,,,,,,,,,,,,,,,,,,,,,,,,,,-0.46187086961036816,0.46187086961036816,10,-0.45059250829449998,0.45059250829449998,10,-0.90118501658899997,0.90118501658899997,10,,,,,,,,,,,,,,,,,,,,,,,,,,,,,,,24675534702433.594,24675534702433.594,24675534702433.594,24675534702433.594,4.0525970847609489e-14,4.0525970847609489e-14,4.0525970847609489e-14,4.0525970847609489e-14,0.97625664722620886,0.97625664722620886,0.97625664722620886,0.97625664722620886,3.6938169389160354e-13,3.6938169389160354e-13,3.6938169389160354e-13,3.6938169389160354e-13,1,1,1,1,1,1,1,1
inner_summary,2d,boundary_singularity,p2,2,adaptive_force_effective_rho_no_inner_refinement,force_eff_rho_no_inner,production_2M,2000000,completed,24339165,20260701_091326_075811_job24339165,snellius_next_mem216,algorithm_data_ordered/2d/boundary_singularity/p2/production_2M/adaptive_force_effective_rho_no_inner_refinement,inner_history.csv,,5,,1,127,127,199,,,,,,,,,,,,,,,,,,,,,,,,,,-0.46187086961036816,0.46187086961036816,10,-0.45059250829449998,0.45059250829449998,10,-0.90118501658899997,0.90118501658899997,10,,,,,,,,,,,,,,,,,,,,,,,,,,,,,,,0.66295509894727456,0.66295509894727456,0.66295509894727456,0.66295509894727456,1.5083977807666442,1.5083977807666442,1.5083977807666442,1.5083977807666442,0.75474940777555855,0.75474940777555855,0.75474940777555855,0.75474940777555855,3.3382460866737886e-13,3.3382460866737886e-13,3.3382460866737886e-13,3.3382460866737886e-13,0.55255701611779462,0.55255701611779462,0.55255701611779462,0.55255701611779462,1,1,1,1
inner_summary,2d,boundary_singularity,p2,2,adaptive_force_effective_rho_no_inner_refinement,force_eff_rho_no_inner,production_2M,2000000,completed,24339165,20260701_091326_075811_job24339165,snellius_next_mem216,algorithm_data_ordered/2d/boundary_singularity/p2/production_2M/adaptive_force_effective_rho_no_inner_refinement,inner_history.csv,,6,,1,199,199,279,,,,,,,,,,,,,,,,,,,,,,,,,,-0.46187086961036816,0.46187086961036816,10,-0.45059250829449998,0.45059250829449998,10,-0.90118501658899997,0.90118501658899997,10,,,,,,,,,,,,,,,,,,,,,,,,,,,,,,,0.44438700841848044,0.44438700841848044,0.44438700841848044,0.44438700841848044,2.250290807462799,2.250290807462799,2.250290807462799,2.250290807462799,0.69196154695590306,0.69196154695590306,0.69196154695590306,0.69196154695590306,3.3201332482638463e-13,3.3201332482638463e-13,3.3201332482638463e-13,3.3201332482638463e-13,0.40609432897352216,0.40609432897352216,0.40609432897352216,0.40609432897352216,1,1,1,1
inner_summary,2d,boundary_singularity,p2,2,adaptive_force_effective_rho_no_inner_refinement,force_eff_rho_no_inner,production_2M,2000000,completed,24339165,20260701_091326_075811_job24339165,snellius_next_mem216,algorithm_data_ordered/2d/boundary_singularity/p2/production_2M/adaptive_force_effective_rho_no_inner_refinement,inner_history.csv,,7,,1,279,279,341,,,,,,,,,,,,,,,,,,,,,,,,,,-0.46187086961036816,0.46187086961036816,10,-0.45059250829449998,0.45059250829449998,10,-0.90118501658899997,0.90118501658899997,10,,,,,,,,,,,,,,,,,,,,,,,,,,,,,,,4467136199293.6113,4467136199293.6113,4467136199293.6113,4467136199293.6113,2.2385706532926623e-13,2.2385706532926623e-13,2.2385706532926623e-13,2.2385706532926623e-13,0.98099631341579785,0.98099631341579785,0.98099631341579785,0.98099631341579785,1.4100903868106368e-12,1.4100903868106368e-12,1.4100903868106368e-12,1.4100903868106368e-12,1,1,1,1,1,1,1,1
inner_summary,2d,boundary_singularity,p2,2,adaptive_force_effective_rho_no_inner_refinement,force_eff_rho_no_inner,production_2M,2000000,completed,24339165,20260701_091326_075811_job24339165,snellius_next_mem216,algorithm_data_ordered/2d/boundary_singularity/p2/production_2M/adaptive_force_effective_rho_no_inner_refinement,inner_history.csv,,8,,1,341,341,557,,,,,,,,,,,,,,,,,,,,,,,,,,-0.46187086961036816,0.46187086961036816,10,-0.45059250829449998,0.45059250829449998,10,-0.90118501658899997,0.90118501658899997,10,,,,,,,,,,,,,,,,,,,,,,,,,,,,,,,7.2968258533824475,7.2968258533824475,7.2968258533824475,7.2968258533824475,0.13704589092481212,0.13704589092481212,0.13704589092481212,0.13704589092481212,0.97618612690402007,0.97618612690402007,0.97618612690402007,0.97618612690402007,2.4134490495489311e-12,2.4134490495489311e-12,2.4134490495489311e-12,2.4134490495489311e-12,0.99073925931711637,0.99073925931711637,0.99073925931711637,0.99073925931711637,1,1,1,1
inner_summary,2d,boundary_singularity,p2,2,adaptive_force_effective_rho_no_inner_refinement,force_eff_rho_no_inner,production_2M,2000000,completed,24339165,20260701_091326_075811_job24339165,snellius_next_mem216,algorithm_data_ordered/2d/boundary_singularity/p2/production_2M/adaptive_force_effective_rho_no_inner_refinement,inner_history.csv,,9,,1,557,557,911,,,,,,,,,,,,,,,,,,,,,,,,,,-0.46187086961036816,0.46187086961036816,10,-0.45059250829449998,0.45059250829449998,10,-0.90118501658899997,0.90118501658899997,10,,,,,,,,,,,,,,,,,,,,,,,,,,,,,,,0.73223309072365672,0.73223309072365672,0.73223309072365672,0.73223309072365672,1.3656853434631213,1.3656853434631213,1.3656853434631213,1.3656853434631213,0.77209292660626727,0.77209292660626727,0.77209292660626727,0.77209292660626727,2.0285844900673263e-12,2.0285844900673263e-12,2.0285844900673263e-12,2.0285844900673263e-12,0.59078630205302973,0.59078630205302973,0.59078630205302973,0.59078630205302973,1,1,1,1
inner_summary,2d,boundary_singularity,p2,2,adaptive_force_effective_rho_no_inner_refinement,force_eff_rho_no_inner,production_2M,2000000,completed,24339165,20260701_091326_075811_job24339165,snellius_next_mem216,algorithm_data_ordered/2d/boundary_singularity/p2/production_2M/adaptive_force_effective_rho_no_inner_refinement,inner_history.csv,,10,,1,911,911,1235,,,,,,,,,,,,,,,,,,,,,,,,,,-0.46187086961036816,0.46187086961036816,10,-0.45059250829449998,0.45059250829449998,10,-0.90118501658899997,0.90118501658899997,10,,,,,,,,,,,,,,,,,,,,,,,,,,,,,,,0.16617794125125007,0.16617794125125007,0.16617794125125007,0.16617794125125007,6.017645858833129,6.017645858833129,6.017645858833129,6.017645858833129,0.63747784503227112,0.63747784503227112,0.63747784503227112,0.63747784503227112,1.2808622880647428e-12,1.2808622880647428e-12,1.2808622880647428e-12,1.2808622880647428e-12,0.16393004046416748,0.16393004046416748,0.16393004046416748,0.16393004046416748,1,1,1,1
inner_summary,2d,boundary_singularity,p2,2,adaptive_force_effective_rho_no_inner_refinement,force_eff_rho_no_inner,production_2M,2000000,completed,24339165,20260701_091326_075811_job24339165,snellius_next_mem216,algorithm_data_ordered/2d/boundary_singularity/p2/production_2M/adaptive_force_effective_rho_no_inner_refinement,inner_history.csv,,11,,1,1235,1235,1587,,,,,,,,,,,,,,,,,,,,,,,,,,-0.46187086961036816,0.46187086961036816,10,-0.45059250829449998,0.45059250829449998,10,-0.90118501658899997,0.90118501658899997,10,,,,,,,,,,,,,,,,,,,,,,,,,,,,,,,0.55094598068187894,0.55094598068187894,0.55094598068187894,0.55094598068187894,1.8150599787702395,1.8150599787702395,1.8150599787702395,1.8150599787702395,0.64940308272528513,0.64940308272528513,0.64940308272528513,0.64940308272528513,6.0174942620089848e-12,6.0174942620089848e-12,6.0174942620089848e-12,6.0174942620089848e-12,0.48255484522156433,0.48255484522156433,0.48255484522156433,0.48255484522156433,1,1,1,1
inner_summary,2d,boundary_singularity,p2,2,adaptive_force_effective_rho_no_inner_refinement,force_eff_rho_no_inner,production_2M,2000000,completed,24339165,20260701_091326_075811_job24339165,snellius_next_mem216,algorithm_data_ordered/2d/boundary_singularity/p2/production_2M/adaptive_force_effective_rho_no_inner_refinement,inner_history.csv,,12,,1,1587,1587,2201,,,,,,,,,,,,,,,,,,,,,,,,,,-0.46187086961036816,0.46187086961036816,10,-0.45059250829449998,0.45059250829449998,10,-0.90118501658899997,0.90118501658899997,10,,,,,,,,,,,,,,,,,,,,,,,,,,,,,,,0.53122133832475427,0.53122133832475427,0.53122133832475427,0.53122133832475427,1.8824545022110253,1.8824545022110253,1.8824545022110253,1.8824545022110253,0.6630300205139904,0.6630300205139904,0.6630300205139904,0.6630300205139904,7.6043593469244724e-12,7.6043593469244724e-12,7.6043593469244724e-12,7.6043593469244724e-12,0.46913561880013815,0.46913561880013815,0.46913561880013815,0.46913561880013815,1,1,1,1
inner_summary,2d,boundary_singularity,p2,2,adaptive_force_effective_rho_no_inner_refinement,force_eff_rho_no_inner,production_2M,2000000,completed,24339165,20260701_091326_075811_job24339165,snellius_next_mem216,algorithm_data_ordered/2d/boundary_singularity/p2/production_2M/adaptive_force_effective_rho_no_inner_refinement,inner_history.csv,,13,,1,2201,2201,3299,,,,,,,,,,,,,,,,,,,,,,,,,,-0.46187086961036816,0.46187086961036816,10,-0.45059250829449998,0.45059250829449998,10,-0.90118501658899997,0.90118501658899997,10,,,,,,,,,,,,,,,,,,,,,,,,,,,,,,,0.87217297797504034,0.87217297797504034,0.87217297797504034,0.87217297797504034,1.1465615482856863,1.1465615482856863,1.1465615482856863,1.1465615482856863,0.80429286814347023,0.80429286814347023,0.80429286814347023,0.80429286814347023,1.8091391340003809e-11,1.8091391340003809e-11,1.8091391340003809e-11,1.8091391340003809e-11,0.65729700409720948,0.65729700409720948,0.65729700409720948,0.65729700409720948,1,1,1,1
inner_summary,2d,boundary_singularity,p2,2,adaptive_force_effective_rho_no_inner_refinement,force_eff_rho_no_inner,production_2M,2000000,completed,24339165,20260701_091326_075811_job24339165,snellius_next_mem216,algorithm_data_ordered/2d/boundary_singularity/p2/production_2M/adaptive_force_effective_rho_no_inner_refinement,inner_history.csv,,14,,1,3299,3299,4691,,,,,,,,,,,,,,,,,,,,,,,,,,-0.46187086961036816,0.46187086961036816,10,-0.45059250829449998,0.45059250829449998,10,-0.90118501658899997,0.90118501658899997,10,,,,,,,,,,,,,,,,,,,,,,,,,,,,,,,0.24053937572203399,0.24053937572203399,0.24053937572203399,0.24053937572203399,4.1573235026418072,4.1573235026418072,4.1573235026418072,4.1573235026418072,0.65926914622162835,0.65926914622162835,0.65926914622162835,0.65926914622162835,9.04052682733526e-12,9.04052682733526e-12,9.04052682733526e-12,9.04052682733526e-12,0.23386865730786843,0.23386865730786843,0.23386865730786843,0.23386865730786843,1,1,1,1
inner_summary,2d,boundary_singularity,p2,2,adaptive_force_effective_rho_no_inner_refinement,force_eff_rho_no_inner,production_2M,2000000,completed,24339165,20260701_091326_075811_job24339165,snellius_next_mem216,algorithm_data_ordered/2d/boundary_singularity/p2/production_2M/adaptive_force_effective_rho_no_inner_refinement,inner_history.csv,,15,,1,4691,4691,6603,,,,,,,,,,,,,,,,,,,,,,,,,,-0.46187086961036816,0.46187086961036816,10,-0.45059250829449998,0.45059250829449998,10,-0.90118501658899997,0.90118501658899997,10,,,,,,,,,,,,,,,,,,,,,,,,,,,,,,,0.10242291693468845,0.10242291693468845,0.10242291693468845,0.10242291693468845,9.7634399598057282,9.7634399598057282,9.7634399598057282,9.7634399598057282,0.62861567339277336,0.62861567339277336,0.62861567339277336,0.62861567339277336,6.9977731325455397e-12,6.9977731325455397e-12,6.9977731325455397e-12,6.9977731325455397e-12,0.10188985111556674,0.10188985111556674,0.10188985111556674,0.10188985111556674,1,1,1,1
inner_summary,2d,boundary_singularity,p2,2,adaptive_force_effective_rho_no_inner_refinement,force_eff_rho_no_inner,production_2M,2000000,completed,24339165,20260701_091326_075811_job24339165,snellius_next_mem216,algorithm_data_ordered/2d/boundary_singularity/p2/production_2M/adaptive_force_effective_rho_no_inner_refinement,inner_history.csv,,16,,1,6603,6603,9127,,,,,,,,,,,,,,,,,,,,,,,,,,-0.46187086961036816,0.46187086961036816,10,-0.45059250829449998,0.45059250829449998,10,-0.90118501658899997,0.90118501658899997,10,,,,,,,,,,,,,,,,,,,,,,,,,,,,,,,0.071479065791122218,0.071479065791122218,0.071479065791122218,0.071479065791122218,13.990110096321393,13.990110096321393,13.990110096321393,13.990110096321393,0.60732910396741957,0.60732910396741957,0.60732910396741957,0.60732910396741957,7.0834944462005542e-12,7.0834944462005542e-12,7.0834944462005542e-12,7.0834944462005542e-12,0.071297258753390713,0.071297258753390713,0.071297258753390713,0.071297258753390713,1,1,1,1
inner_summary,2d,boundary_singularity,p2,2,adaptive_force_effective_rho_no_inner_refinement,force_eff_rho_no_inner,production_2M,2000000,completed,24339165,20260701_091326_075811_job24339165,snellius_next_mem216,algorithm_data_ordered/2d/boundary_singularity/p2/production_2M/adaptive_force_effective_rho_no_inner_refinement,inner_history.csv,,17,,1,9127,9127,12033,,,,,,,,,,,,,,,,,,,,,,,,,,-0.46187086961036816,0.46187086961036816,10,-0.45059250829449998,0.45059250829449998,10,-0.90118501658899997,0.90118501658899997,10,,,,,,,,,,,,,,,,,,,,,,,,,,,,,,,0.065382649415285807,0.065382649415285807,0.065382649415285807,0.065382649415285807,15.294577520840109,15.294577520840109,15.294577520840109,15.294577520840109,0.61681193949715174,0.61681193949715174,0.61681193949715174,0.61681193949715174,9.2025234687628448e-12,9.2025234687628448e-12,9.2025234687628448e-12,9.2025234687628448e-12,0.065243328495566313,0.065243328495566313,0.065243328495566313,0.065243328495566313,1,1,1,1
inner_summary,2d,boundary_singularity,p2,2,adaptive_force_effective_rho_no_inner_refinement,force_eff_rho_no_inner,production_2M,2000000,completed,24339165,20260701_091326_075811_job24339165,snellius_next_mem216,algorithm_data_ordered/2d/boundary_singularity/p2/production_2M/adaptive_force_effective_rho_no_inner_refinement,inner_history.csv,,18,,1,12033,12033,16259,,,,,,,,,,,,,,,,,,,,,,,,,,-0.46187086961036816,0.46187086961036816,10,-0.45059250829449998,0.45059250829449998,10,-0.90118501658899997,0.90118501658899997,10,,,,,,,,,,,,,,,,,,,,,,,,,,,,,,,0.084205353583117759,0.084205353583117759,0.084205353583117759,0.084205353583117759,11.875729480939901,11.875729480939901,11.875729480939901,11.875729480939901,0.60248903425193845,0.60248903425193845,0.60248903425193845,0.60248903425193845,1.4360683606697479e-11,1.4360683606697479e-11,1.4360683606697479e-11,1.4360683606697479e-11,0.083908356604510098,0.083908356604510098,0.083908356604510098,0.083908356604510098,1,1,1,1
inner_summary,2d,boundary_singularity,p2,2,adaptive_force_effective_rho_no_inner_refinement,force_eff_rho_no_inner,production_2M,2000000,completed,24339165,20260701_091326_075811_job24339165,snellius_next_mem216,algorithm_data_ordered/2d/boundary_singularity/p2/production_2M/adaptive_force_effective_rho_no_inner_refinement,inner_history.csv,,19,,1,16259,16259,22041,,,,,,,,,,,,,,,,,,,,,,,,,,-0.46187086961036816,0.46187086961036816,10,-0.45059250829449998,0.45059250829449998,10,-0.90118501658899997,0.90118501658899997,10,,,,,,,,,,,,,,,,,,,,,,,,,,,,,,,0.13318738453801698,0.13318738453801698,0.13318738453801698,0.13318738453801698,7.5082186159647879,7.5082186159647879,7.5082186159647879,7.5082186159647879,0.61945458927346553,0.61945458927346553,0.61945458927346553,0.61945458927346553,2.9701793523376366e-11,2.9701793523376366e-11,2.9701793523376366e-11,2.9701793523376366e-11,0.13202140610420027,0.13202140610420027,0.13202140610420027,0.13202140610420027,1,1,1,1
inner_summary,2d,boundary_singularity,p2,2,adaptive_force_effective_rho_no_inner_refinement,force_eff_rho_no_inner,production_2M,2000000,completed,24339165,20260701_091326_075811_job24339165,snellius_next_mem216,algorithm_data_ordered/2d/boundary_singularity/p2/production_2M/adaptive_force_effective_rho_no_inner_refinement,inner_history.csv,,20,,1,22041,22041,30673,,,,,,,,,,,,,,,,,,,,,,,,,,-0.46187086961036816,0.46187086961036816,10,-0.45059250829449998,0.45059250829449998,10,-0.90118501658899997,0.90118501658899997,10,,,,,,,,,,,,,,,,,,,,,,,,,,,,,,,0.10024256953626293,0.10024256953626293,0.10024256953626293,0.10024256953626293,9.9758017439711395,9.9758017439711395,9.9758017439711395,9.9758017439711395,0.60692973160284802,0.60692973160284802,0.60692973160284802,0.60692973160284802,3.315194397546912e-11,3.315194397546912e-11,3.315194397546912e-11,3.315194397546912e-11,0.099742723942992315,0.099742723942992315,0.099742723942992315,0.099742723942992315,1,1,1,1
inner_summary,2d,boundary_singularity,p2,2,adaptive_force_effective_rho_no_inner_refinement,force_eff_rho_no_inner,production_2M,2000000,completed,24339165,20260701_091326_075811_job24339165,snellius_next_mem216,algorithm_data_ordered/2d/boundary_singularity/p2/production_2M/adaptive_force_effective_rho_no_inner_refinement,inner_history.csv,,21,,1,30673,30673,44629,,,,,,,,,,,,,,,,,,,,,,,,,,-0.46187086961036816,0.46187086961036816,10,-0.45059250829449998,0.45059250829449998,10,-0.90118501658899997,0.90118501658899997,10,,,,,,,,,,,,,,,,,,,,,,,,,,,,,,,0.099459814360073201,0.099459814360073201,0.099459814360073201,0.099459814360073201,10.0543119493438,10.0543119493438,10.0543119493438,10.0543119493438,0.62490388561562749,0.62490388561562749,0.62490388561562749,0.62490388561562749,4.4081240830805663e-11,4.4081240830805663e-11,4.4081240830805663e-11,4.4081240830805663e-11,0.098971399189572956,0.098971399189572956,0.098971399189572956,0.098971399189572956,1,1,1,1
inner_summary,2d,boundary_singularity,p2,2,adaptive_force_effective_rho_no_inner_refinement,force_eff_rho_no_inner,production_2M,2000000,completed,24339165,20260701_091326_075811_job24339165,snellius_next_mem216,algorithm_data_ordered/2d/boundary_singularity/p2/production_2M/adaptive_force_effective_rho_no_inner_refinement,inner_history.csv,,22,,1,44629,44629,64491,,,,,,,,,,,,,,,,,,,,,,,,,,-0.46187086961036816,0.46187086961036816,10,-0.45059250829449998,0.45059250829449998,10,-0.90118501658899997,0.90118501658899997,10,,,,,,,,,,,,,,,,,,,,,,,,,,,,,,,0.083810796576047092,0.083810796576047092,0.083810796576047092,0.083810796576047092,11.93163698298266,11.93163698298266,11.93163698298266,11.93163698298266,0.6602990155442956,0.6602990155442956,0.6602990155442956,0.6602990155442956,5.3718564372219418e-11,5.3718564372219418e-11,5.3718564372219418e-11,5.3718564372219418e-11,0.08351809250057636,0.08351809250057636,0.08351809250057636,0.08351809250057636,1,1,1,1
inner_summary,2d,boundary_singularity,p2,2,adaptive_force_effective_rho_no_inner_refinement,force_eff_rho_no_inner,production_2M,2000000,completed,24339165,20260701_091326_075811_job24339165,snellius_next_mem216,algorithm_data_ordered/2d/boundary_singularity/p2/production_2M/adaptive_force_effective_rho_no_inner_refinement,inner_history.csv,,23,,1,64491,64491,87495,,,,,,,,,,,,,,,,,,,,,,,,,,-0.46187086961036816,0.46187086961036816,10,-0.45059250829449998,0.45059250829449998,10,-0.90118501658899997,0.90118501658899997,10,,,,,,,,,,,,,,,,,,,,,,,,,,,,,,,0.064727922635967855,0.064727922635967855,0.064727922635967855,0.064727922635967855,15.449283080256349,15.449283080256349,15.449283080256349,15.449283080256349,0.70101686449503109,0.70101686449503109,0.70101686449503109,0.70101686449503109,5.8599290362405223e-11,5.8599290362405223e-11,5.8599290362405223e-11,5.8599290362405223e-11,0.064592806555430413,0.064592806555430413,0.064592806555430413,0.064592806555430413,1,1,1,1
inner_summary,2d,boundary_singularity,p2,2,adaptive_force_effective_rho_no_inner_refinement,force_eff_rho_no_inner,production_2M,2000000,completed,24339165,20260701_091326_075811_job24339165,snellius_next_mem216,algorithm_data_ordered/2d/boundary_singularity/p2/production_2M/adaptive_force_effective_rho_no_inner_refinement,inner_history.csv,,24,,1,87495,87495,114367,,,,,,,,,,,,,,,,,,,,,,,,,,-0.46187086961036816,0.46187086961036816,10,-0.45059250829449998,0.45059250829449998,10,-0.90118501658899997,0.90118501658899997,10,,,,,,,,,,,,,,,,,,,,,,,,,,,,,,,0.064706875906728717,0.064706875906728717,0.064706875906728717,0.064706875906728717,15.454308154846528,15.454308154846528,15.454308154846528,15.454308154846528,0.7267834891434557,0.7267834891434557,0.7267834891434557,0.7267834891434557,8.3387711367015604e-11,8.3387711367015604e-11,8.3387711367015604e-11,8.3387711367015604e-11,0.064571908428193908,0.064571908428193908,0.064571908428193908,0.064571908428193908,1,1,1,1
inner_summary,2d,boundary_singularity,p2,2,adaptive_force_effective_rho_no_inner_refinement,force_eff_rho_no_inner,production_2M,2000000,completed,24339165,20260701_091326_075811_job24339165,snellius_next_mem216,algorithm_data_ordered/2d/boundary_singularity/p2/production_2M/adaptive_force_effective_rho_no_inner_refinement,inner_history.csv,,25,,1,114367,114367,154115,,,,,,,,,,,,,,,,,,,,,,,,,,-0.46187086961036816,0.46187086961036816,10,-0.45059250829449998,0.45059250829449998,10,-0.90118501658899997,0.90118501658899997,10,,,,,,,,,,,,,,,,,,,,,,,,,,,,,,,0.070831350322329428,0.070831350322329428,0.070831350322329428,0.070831350322329428,14.118042299763303,14.118042299763303,14.118042299763303,14.118042299763303,0.70489946089026823,0.70489946089026823,0.70489946089026823,0.70489946089026823,1.1109904298132356e-10,1.1109904298132356e-10,1.1109904298132356e-10,1.1109904298132356e-10,0.070654304426166423,0.070654304426166423,0.070654304426166423,0.070654304426166423,1,1,1,1
inner_summary,2d,boundary_singularity,p2,2,adaptive_force_effective_rho_no_inner_refinement,force_eff_rho_no_inner,production_2M,2000000,completed,24339165,20260701_091326_075811_job24339165,snellius_next_mem216,algorithm_data_ordered/2d/boundary_singularity/p2/production_2M/adaptive_force_effective_rho_no_inner_refinement,inner_history.csv,,26,,1,154115,154115,210951,,,,,,,,,,,,,,,,,,,,,,,,,,-0.46187086961036816,0.46187086961036816,10,-0.45059250829449998,0.45059250829449998,10,-0.90118501658899997,0.90118501658899997,10,,,,,,,,,,,,,,,,,,,,,,,,,,,,,,,0.076281867402918702,0.076281867402918702,0.076281867402918702,0.076281867402918702,13.109275297601561,13.109275297601561,13.109275297601561,13.109275297601561,0.71224079370754378,0.71224079370754378,0.71224079370754378,0.71224079370754378,1.5326465856274579e-10,1.5326465856274579e-10,1.5326465856274579e-10,1.5326465856274579e-10,0.076060958169467272,0.076060958169467272,0.076060958169467272,0.076060958169467272,1,1,1,1
inner_summary,2d,boundary_singularity,p2,2,adaptive_force_effective_rho_no_inner_refinement,force_eff_rho_no_inner,production_2M,2000000,completed,24339165,20260701_091326_075811_job24339165,snellius_next_mem216,algorithm_data_ordered/2d/boundary_singularity/p2/production_2M/adaptive_force_effective_rho_no_inner_refinement,inner_history.csv,,27,,1,210951,210951,283345,,,,,,,,,,,,,,,,,,,,,,,,,,-0.46187086961036816,0.46187086961036816,10,-0.45059250829449998,0.45059250829449998,10,-0.90118501658899997,0.90118501658899997,10,,,,,,,,,,,,,,,,,,,,,,,,,,,,,,,0.068241457224959348,0.068241457224959348,0.068241457224959348,0.068241457224959348,14.65384885764499,14.65384885764499,14.65384885764499,14.65384885764499,0.66757284527319372,0.66757284527319372,0.66757284527319372,0.66757284527319372,1.8377637171191177e-10,1.8377637171191177e-10,1.8377637171191177e-10,1.8377637171191177e-10,0.068083049354826355,0.068083049354826355,0.068083049354826355,0.068083049354826355,1,1,1,1
inner_summary,2d,boundary_singularity,p2,2,adaptive_force_effective_rho_no_inner_refinement,force_eff_rho_no_inner,production_2M,2000000,completed,24339165,20260701_091326_075811_job24339165,snellius_next_mem216,algorithm_data_ordered/2d/boundary_singularity/p2/production_2M/adaptive_force_effective_rho_no_inner_refinement,inner_history.csv,,28,,1,283345,283345,383001,,,,,,,,,,,,,,,,,,,,,,,,,,-0.46187086961036816,0.46187086961036816,10,-0.45059250829449998,0.45059250829449998,10,-0.90118501658899997,0.90118501658899997,10,,,,,,,,,,,,,,,,,,,,,,,,,,,,,,,0.070721589078018343,0.070721589078018343,0.070721589078018343,0.070721589078018343,14.1399537685278,14.1399537685278,14.1399537685278,14.1399537685278,0.65058564982582479,0.65058564982582479,0.65058564982582479,0.65058564982582479,2.5000526032777691e-10,2.5000526032777691e-10,2.5000526032777691e-10,2.5000526032777691e-10,0.070545086853856409,0.070545086853856409,0.070545086853856409,0.070545086853856409,1,1,1,1
inner_summary,2d,boundary_singularity,p2,2,adaptive_force_effective_rho_no_inner_refinement,force_eff_rho_no_inner,production_2M,2000000,completed,24339165,20260701_091326_075811_job24339165,snellius_next_mem216,algorithm_data_ordered/2d/boundary_singularity/p2/production_2M/adaptive_force_effective_rho_no_inner_refinement,inner_history.csv,,29,,1,383001,383001,514717,,,,,,,,,,,,,,,,,,,,,,,,,,-0.46187086961036816,0.46187086961036816,10,-0.45059250829449998,0.45059250829449998,10,-0.90118501658899997,0.90118501658899997,10,,,,,,,,,,,,,,,,,,,,,,,,,,,,,,,0.067219278755768247,0.067219278755768247,0.067219278755768247,0.067219278755768247,14.87668446478515,14.87668446478515,14.87668446478515,14.87668446478515,0.62489998032399807,0.62489998032399807,0.62489998032399807,0.62489998032399807,6.6744277562799227e-08,6.6744277562799227e-08,6.6744277562799227e-08,6.6744277562799227e-08,0.067067619859644517,0.067067619859644517,0.067067619859644517,0.067067619859644517,1,1,1,1
inner_summary,2d,boundary_singularity,p2,2,adaptive_force_effective_rho_no_inner_refinement,force_eff_rho_no_inner,production_2M,2000000,completed,24339165,20260701_091326_075811_job24339165,snellius_next_mem216,algorithm_data_ordered/2d/boundary_singularity/p2/production_2M/adaptive_force_effective_rho_no_inner_refinement,inner_history.csv,,30,,1,514717,514717,675905,,,,,,,,,,,,,,,,,,,,,,,,,,-0.46187086961036816,0.46187086961036816,10,-0.45059250829449998,0.45059250829449998,10,-0.90118501658899997,0.90118501658899997,10,,,,,,,,,,,,,,,,,,,,,,,,,,,,,,,0.062133924450933957,0.062133924450933957,0.062133924450933957,0.062133924450933957,16.094267484901618,16.094267484901618,16.094267484901618,16.094267484901618,0.55521316278297106,0.55521316278297106,0.55521316278297106,0.55521316278297106,1.8379041635833695e-07,1.8379041635833695e-07,1.8379041635833695e-07,1.8379041635833695e-07,0.062014286361508374,0.062014286361508374,0.062014286361508374,0.062014286361508374,1,1,1,1
inner_summary,2d,boundary_singularity,p2,2,adaptive_force_effective_rho_no_inner_refinement,force_eff_rho_no_inner,production_2M,2000000,completed,24339165,20260701_091326_075811_job24339165,snellius_next_mem216,algorithm_data_ordered/2d/boundary_singularity/p2/production_2M/adaptive_force_effective_rho_no_inner_refinement,inner_history.csv,,31,,1,675905,675905,881237,,,,,,,,,,,,,,,,,,,,,,,,,,-0.46187086961036816,0.46187086961036816,10,-0.45059250829449998,0.45059250829449998,10,-0.90118501658899997,0.90118501658899997,10,,,,,,,,,,,,,,,,,,,,,,,,,,,,,,,0.058171044613361561,0.058171044613361561,0.058171044613361561,0.058171044613361561,17.19068321097857,17.19068321097857,17.19068321097857,17.19068321097857,0.47068848207353098,0.47068848207353098,0.47068848207353098,0.47068848207353098,9.22666837433061e-07,9.22666837433061e-07,9.22666837433061e-07,9.22666837433061e-07,0.058072794511995013,0.058072794511995013,0.058072794511995013,0.058072794511995013,1,1,1,1
inner_summary,2d,boundary_singularity,p2,2,adaptive_force_effective_rho_no_inner_refinement,force_eff_rho_no_inner,production_2M,2000000,completed,24339165,20260701_091326_075811_job24339165,snellius_next_mem216,algorithm_data_ordered/2d/boundary_singularity/p2/production_2M/adaptive_force_effective_rho_no_inner_refinement,inner_history.csv,,32,,1,881237,881237,1198011,,,,,,,,,,,,,,,,,,,,,,,,,,-0.46187086961036816,0.46187086961036816,10,-0.45059250829449998,0.45059250829449998,10,-0.90118501658899997,0.90118501658899997,10,,,,,,,,,,,,,,,,,,,,,,,,,,,,,,,0.059544914448669203,0.059544914448669203,0.059544914448669203,0.059544914448669203,16.794045457266577,16.794045457266577,16.794045457266577,16.794045457266577,0.49040710935931825,0.49040710935931825,0.49040710935931825,0.49040710935931825,5.79373551577526e-10,5.79373551577526e-10,5.79373551577526e-10,5.79373551577526e-10,0.059439517527052427,0.059439517527052427,0.059439517527052427,0.059439517527052427,1,1,1,1
inner_summary,2d,boundary_singularity,p2,2,adaptive_force_effective_rho_no_inner_refinement,force_eff_rho_no_inner,production_2M,2000000,completed,24339165,20260701_091326_075811_job24339165,snellius_next_mem216,algorithm_data_ordered/2d/boundary_singularity/p2/production_2M/adaptive_force_effective_rho_no_inner_refinement,inner_history.csv,,33,,1,1198011,1198011,1560625,,,,,,,,,,,,,,,,,,,,,,,,,,-0.46187086961036816,0.46187086961036816,10,-0.45059250829449998,0.45059250829449998,10,-0.90118501658899997,0.90118501658899997,10,,,,,,,,,,,,,,,,,,,,,,,,,,,,,,,0.059406236354253503,0.059406236354253503,0.059406236354253503,0.059406236354253503,16.833249526813354,16.833249526813354,16.833249526813354,16.833249526813354,0.55142358978423256,0.55142358978423256,0.55142358978423256,0.55142358978423256,1.8569673673991006e-06,1.8569673673991006e-06,1.8569673673991006e-06,1.8569673673991006e-06,0.059301480057855009,0.059301480057855009,0.059301480057855009,0.059301480057855009,1,1,1,1
inner_summary,2d,boundary_singularity,p2,2,adaptive_force_effective_rho_no_inner_refinement,force_eff_rho_no_inner,production_2M,2000000,completed,24339165,20260701_091326_075811_job24339165,snellius_next_mem216,algorithm_data_ordered/2d/boundary_singularity/p2/production_2M/adaptive_force_effective_rho_no_inner_refinement,inner_history.csv,,34,,1,1560625,1560625,1992327,,,,,,,,,,,,,,,,,,,,,,,,,,-0.46187086961036816,0.46187086961036816,10,-0.45059250829449998,0.45059250829449998,10,-0.90118501658899997,0.90118501658899997,10,,,,,,,,,,,,,,,,,,,,,,,,,,,,,,,0.060513159862758521,0.060513159862758521,0.060513159862758521,0.060513159862758521,16.525331056384445,16.525331056384445,16.525331056384445,16.525331056384445,0.44568431005738873,0.44568431005738873,0.44568431005738873,0.44568431005738873,2.0689343162780811e-06,2.0689343162780811e-06,2.0689343162780811e-06,2.0689343162780811e-06,0.060402693672764456,0.060402693672764456,0.060402693672764456,0.060402693672764456,1,1,1,1
inner_summary,2d,boundary_singularity,p2,2,adaptive_force_effective_rho_no_inner_refinement,force_eff_rho_no_inner,production_2M,2000000,completed,24339165,20260701_091326_075811_job24339165,snellius_next_mem216,algorithm_data_ordered/2d/boundary_singularity/p2/production_2M/adaptive_force_effective_rho_no_inner_refinement,inner_history.csv,,35,,1,1992327,1992327,2620297,,,,,,,,,,,,,,,,,,,,,,,,,,-0.46187086961036816,0.46187086961036816,10,-0.45059250829449998,0.45059250829449998,10,-0.90118501658899997,0.90118501658899997,10,,,,,,,,,,,,,,,,,,,,,,,,,,,,,,,0.055648103442184724,0.055648103442184724,0.055648103442184724,0.055648103442184724,17.97006435338707,17.97006435338707,17.97006435338707,17.97006435338707,0.39175104999035842,0.39175104999035842,0.39175104999035842,0.39175104999035842,4.9484058489048582e-06,4.9484058489048582e-06,4.9484058489048582e-06,4.9484058489048582e-06,0.055562126977109508,0.055562126977109508,0.055562126977109508,0.055562126977109508,1,1,1,1
outer,2d,boundary_singularity,p2,2,adaptive_g_effective_rho,g_eff_rho,production_2M,2000000,completed,24339166,20260701_091327_190259_job24339166,snellius_next_mem216,algorithm_data_ordered/2d/boundary_singularity/p2/production_2M/adaptive_g_effective_rho,outer_history.csv,completed,0,,,15,15,27,15,15,52,0.0633732,0.0633753,1,1,0,1,0,0,adaptive,1,0.0393676,1,computed,2.44444,1.00688,2.42775,0.0011099899999999999,0.033316499999999999,0.00271331,0.052089442308398737,0.0011176199999999999,0.033430824099923109,-0.46187086961036816,0.46187086961036816,10,-0.45059250829449998,0.45059250829449998,10,-0.90118501658899997,0.90118501658899997,10,0.00037882999999999998,0.019463600000000001,5.6153899999999998e-06,0.0023696799999999999,0.0014349499999999999,0.037880799999999999,5.6153899999999998e-06,0.0023696799999999999,7.42657e-34,2.7251700000000001e-17,6.0473200000000001e-33,7.7764499999999996e-17,7.77645e-17,86955309210067.625,7.5612160122371429e+27,1.1500160359204619e-14,1.3225385948260051e-28,1,1.1500160359204619e-14,3.2816456230377096e-14,1.0769189673379767e-27,1,1,not_skipped,success,1,5.3729699999999997e-06,0.0023179699999999999,0.97817848823469833,0.95682935646500067,,,,,,,,,,,,,,,,,,,,,,,,
outer,2d,boundary_singularity,p2,2,adaptive_g_effective_rho,g_eff_rho,production_2M,2000000,completed,24339166,20260701_091327_190259_job24339166,snellius_next_mem216,algorithm_data_ordered/2d/boundary_singularity/p2/production_2M/adaptive_g_effective_rho,outer_history.csv,completed,1,,,27,27,45,30,30,116,0.0872161,0.15571,1,1,0,1,0,0,adaptive,1,0.0481044,1,computed,2.44444,1.01002,2.4202,0.00099265399999999993,0.031506399999999997,0.0024264899999999999,0.049259415343668053,0.0010026,0.031663859524701028,-0.46187086961036816,0.46187086961036816,10,-0.45059250829449998,0.45059250829449998,10,-0.90118501658899997,0.90118501658899997,10,0.00040373900000000002,0.020093300000000001,6.8332799999999997e-06,0.0026140500000000001,0.00125439,0.035417400000000002,6.0571099999999998e-06,0.0024611199999999998,7.7616899999999997e-07,0.00088100400000000001,1.5499900000000001e-32,1.2449900000000001e-16,1.24499e-16,2.7935400974342905,7.803854572908735,0.35796872968404631,0.12814180359940633,0.94149691092366239,0.33702645320479713,4.762686253132113e-14,2.2682957525522154e-27,1,1,not_skipped,success,1,5.9997700000000002e-06,0.0024494400000000002,0.93702874849371665,0.87802197480565702,,,,,,,,,,,,,,,,,,,,,,,,
outer,2d,boundary_singularity,p2,2,adaptive_g_effective_rho,g_eff_rho,production_2M,2000000,completed,24339166,20260701_091327_190259_job24339166,snellius_next_mem216,algorithm_data_ordered/2d/boundary_singularity/p2/production_2M/adaptive_g_effective_rho,outer_history.csv,completed,2,,,45,45,61,54,54,200,0.101316,0.262079,1,1,0,1,0,0,adaptive,1,0.101414,1,computed,2.44444,1.03872,2.35332,0.00062222000000000004,0.024944299999999999,0.0015209799999999999,0.038999743588900682,0.00064631200000000001,0.025422667051275324,-0.46187086961036816,0.46187086961036816,10,-0.45059250829449998,0.45059250829449998,10,-0.90118501658899997,0.90118501658899997,10,0.00038553200000000001,0.019635,1.31296e-05,0.0036234800000000001,0.00072741500000000003,0.026970600000000001,1.31296e-05,0.0036234800000000001,1.60277e-32,1.2660099999999999e-16,6.3369299999999998e-32,2.51733e-16,2.51733e-16,28621258915806.355,8.1918179152342514e+26,3.4939064104120898e-14,1.2207302583475505e-27,1,3.4939064104120898e-14,6.9472716835749052e-14,4.8264455885937119e-27,1,1,not_skipped,success,1,1.2828499999999999e-05,0.0035816899999999998,0.98846688818483874,0.97706708505971229,,,,,,,,,,,,,,,,,,,,,,,,
outer,2d,boundary_singularity,p2,2,adaptive_g_effective_rho,g_eff_rho,production_2M,2000000,completed,24339166,20260701_091327_190259_job24339166,snellius_next_mem216,algorithm_data_ordered/2d/boundary_singularity/p2/production_2M/adaptive_g_effective_rho,outer_history.csv,completed,3,,,61,61,77,78,78,272,0.109484,0.376657,1,1,0,1,0,0,adaptive,1,0.0748048,1,computed,2.44444,1.02253,2.39058,0.00059725700000000002,0.0244388,0.0014599599999999999,0.038209422921577862,0.00061071499999999996,0.024712648583266019,-0.46187086961036816,0.46187086961036816,10,-0.45059250829449998,0.45059250829449998,10,-0.90118501658899997,0.90118501658899997,10,0.00037997600000000002,0.019493,7.0220400000000001e-06,0.0026499100000000001,0.00069382600000000003,0.026340599999999999,7.0220400000000001e-06,0.0026499100000000001,4.6778600000000003e-33,6.8394900000000006e-17,1.5679400000000001e-31,3.9597199999999999e-16,3.95972e-16,38744263095640.172,1.5011223080639438e+27,2.5810272801717796e-14,6.6616823601118765e-28,1,2.5810272801717796e-14,1.4942847115562414e-13,2.2328838912908501e-26,1,1,not_skipped,success,1,6.7893299999999999e-06,0.0026056299999999998,0.98328999852825183,0.96686005776099249,,,,,,,,,,,,,,,,,,,,,,,,
outer,2d,boundary_singularity,p2,2,adaptive_g_effective_rho,g_eff_rho,production_2M,2000000,completed,24339166,20260701_091327_190259_job24339166,snellius_next_mem216,algorithm_data_ordered/2d/boundary_singularity/p2/production_2M/adaptive_g_effective_rho,outer_history.csv,completed,4,,,77,77,127,102,102,344,0.120826,0.502799,1,1,0,1,0,0,adaptive,1,0.033426,1,computed,2.44444,1.00504,2.43218,0.00057929699999999999,0.024068599999999999,0.00141606,0.037630572677013564,0.00058221900000000003,0.024129214657754611,-0.46187086961036816,0.46187086961036816,10,-0.45059250829449998,0.45059250829449998,10,-0.90118501658899997,0.90118501658899997,10,0.00037410200000000002,0.0193417,1.45298e-06,0.00120539,0.00067049500000000001,0.025893900000000001,1.45298e-06,0.00120539,2.38628e-33,4.8849599999999999e-17,1.9824700000000001e-31,4.4524899999999997e-16,4.45249e-16,24675534702433.594,6.0888914963876829e+26,4.0525970847609489e-14,1.642335063111674e-27,1,4.0525970847609489e-14,3.6938169389160354e-13,1.3644165783424411e-25,1,1,not_skipped,success,1,1.3847799999999999e-06,0.0011767699999999999,0.97625664722620886,0.95306198295915978,,,,,,,,,,,,,,,,,,,,,,,,
outer,2d,boundary_singularity,p2,2,adaptive_g_effective_rho,g_eff_rho,production_2M,2000000,completed,24339166,20260701_091327_190259_job24339166,snellius_next_mem216,algorithm_data_ordered/2d/boundary_singularity/p2/production_2M/adaptive_g_effective_rho,outer_history.csv,completed,5,,,127,127,199,177,177,600,0.167313,0.675668,1,1,0,1,0,0,adaptive,1,0.0695423,1,computed,2.44444,1.01975,2.39711,0.00049080700000000001,0.022154199999999999,0.0011997500000000001,0.03463740752423599,0.00050049800000000005,0.022371812622136812,-0.46187086961036816,0.46187086961036816,10,-0.45059250829449998,0.45059250829449998,10,-0.90118501658899997,0.90118501658899997,10,0.00033912800000000001,0.018415399999999998,4.6349700000000001e-06,0.0021529000000000001,0.00055822000000000001,0.0236267,1.4151499999999999e-06,0.0011896000000000001,3.2198300000000001e-06,0.0017943900000000001,5.1651600000000004e-31,7.1869099999999997e-16,7.18691e-16,0.66295509894727456,0.43951078162511681,1.5083977807666442,2.2752570398897647,0.55255701611779462,0.83347577685912022,3.3382460866737886e-13,1.1143890898970221e-25,1,1,not_skipped,success,1,2.6402900000000001e-06,0.0016249000000000001,0.75474940777555855,0.56964554247384558,,,,,,,,,,,,,,,,,,,,,,,,
outer,2d,boundary_singularity,p2,2,adaptive_g_effective_rho,g_eff_rho,production_2M,2000000,completed,24339166,20260701_091327_190259_job24339166,snellius_next_mem216,algorithm_data_ordered/2d/boundary_singularity/p2/production_2M/adaptive_g_effective_rho,outer_history.csv,completed,6,,,199,199,279,285,285,936,0.209738,0.89059,1,1,0,1,0,0,adaptive,1,0.170583,1,computed,2.44444,1.09381,2.2348,0.00025040400000000002,0.0158242,0.00061209999999999997,0.024740654801358834,0.000273894,0.016549743200424592,-0.46187086961036816,0.46187086961036816,10,-0.45059250829449998,0.45059250829449998,10,-0.90118501658899997,0.90118501658899997,10,0.00019876299999999999,0.014098299999999999,1.0628100000000001e-05,0.0032600799999999998,0.00027335599999999999,0.0165335,1.75271e-06,0.0013239,8.8753999999999998e-06,0.0029791599999999998,1.1715700000000001e-30,1.08239e-15,1.08239e-15,0.44438700841848044,0.197479550217455,2.250290807462799,5.0638154629117196,0.40609432897352216,0.91383033545189074,3.3201332482638463e-13,1.102332495930599e-25,1,1,not_skipped,success,1,5.0888600000000003e-06,0.0022558500000000002,0.69196154695590306,0.47881182901929786,,,,,,,,,,,,,,,,,,,,,,,,
outer,2d,boundary_singularity,p2,2,adaptive_g_effective_rho,g_eff_rho,production_2M,2000000,completed,24339166,20260701_091327_190259_job24339166,snellius_next_mem216,algorithm_data_ordered/2d/boundary_singularity/p2/production_2M/adaptive_g_effective_rho,outer_history.csv,completed,7,,,279,279,341,405,405,1320,0.255577,1.15143,1,1,0,1,0,0,adaptive,1,0.0634881,1,computed,2.44444,1.01673,2.40423,0.00018991599999999999,0.013781,0.00046423800000000001,0.0215461829566167,0.00019309199999999999,0.01389575474740397,-0.46187086961036816,0.46187086961036816,10,-0.45059250829449998,0.45059250829449998,10,-0.90118501658899997,0.90118501658899997,10,0.00016024100000000001,0.012658600000000001,1.1422000000000001e-06,0.0010687400000000001,0.00020310400000000001,0.0142515,1.1422000000000001e-06,0.0010687400000000001,5.7238199999999995e-32,2.3924500000000001e-16,2.27111e-30,1.50702e-15,1.50702e-15,4467136199293.6113,1.9955204740889826e+25,2.2385706532926623e-13,5.0112239537734188e-26,1,2.2385706532926623e-13,1.4100903868106368e-12,1.9883645596217825e-24,1,1,not_skipped,success,1,1.0992e-06,0.0010484299999999999,0.98099631341579785,0.96235335317807735,,,,,,,,,,,,,,,,,,,,,,,,
outer,2d,boundary_singularity,p2,2,adaptive_g_effective_rho,g_eff_rho,production_2M,2000000,completed,24339166,20260701_091327_190259_job24339166,snellius_next_mem216,algorithm_data_ordered/2d/boundary_singularity/p2/production_2M/adaptive_g_effective_rho,outer_history.csv,completed,8,,,341,341,557,498,498,1624,0.327753,1.48437,1,1,0,1,0,0,adaptive,1,0.0474177,1,computed,2.44444,1.00975,2.42084,0.00018725099999999999,0.013684,0.00045772400000000001,0.021394485270742086,0.00018907700000000001,0.013750527262617969,-0.46187086961036816,0.46187086961036816,10,-0.45059250829449998,0.45059250829449998,10,-0.90118501658899997,0.90118501658899997,10,0.00015938700000000001,0.0126248,6.30088e-07,0.00079378100000000002,0.00019963500000000001,0.0141292,6.1847199999999995e-07,0.00078642999999999996,1.1615900000000001e-08,0.00010777699999999999,3.6700999999999997e-30,1.91575e-15,1.91575e-15,7.2968258533824475,53.243571311736488,0.13704589092481212,0.01878161016181816,0.99073925931711637,0.13577674446730267,2.4134490495489311e-12,5.8247419408082679e-24,1,1,not_skipped,success,1,6.0043500000000002e-07,0.000774878,0.97618612690402007,0.95293831972676835,,,,,,,,,,,,,,,,,,,,,,,,
outer,2d,boundary_singularity,p2,2,adaptive_g_effective_rho,g_eff_rho,production_2M,2000000,completed,24339166,20260701_091327_190259_job24339166,snellius_next_mem216,algorithm_data_ordered/2d/boundary_singularity/p2/production_2M/adaptive_g_effective_rho,outer_history.csv,completed,9,,,557,557,911,822,822,2668,0.467077,1.95706,1,1,0,1,0,0,adaptive,1,0.0809893,1,computed,2.44444,1.02599,2.38252,0.000164234,0.012815399999999999,0.00040146099999999998,0.020036491708879577,0.000168503,0.012980870540915197,-0.46187086961036816,0.46187086961036816,10,-0.45059250829449998,0.45059250829449998,10,-0.90118501658899997,0.90118501658899997,10,0.00014518300000000001,0.012049199999999999,1.44745e-06,0.0012030999999999999,0.00017270100000000001,0.0131416,5.05202e-07,0.00071077499999999997,9.4224900000000004e-07,0.00097069500000000004,5.9565e-30,2.4405900000000001e-15,2.44059e-15,0.73223309072365672,0.53616613018427184,1.3656853434631213,1.8650935665337827,0.59078630205302973,0.80682819383259918,2.0285844900673263e-12,4.1151680541642201e-24,1,1,not_skipped,success,1,8.6286399999999999e-07,0.00092890500000000005,0.77209292660626727,0.59612698193374558,,,,,,,,,,,,,,,,,,,,,,,,
outer,2d,boundary_singularity,p2,2,adaptive_g_effective_rho,g_eff_rho,production_2M,2000000,completed,24339166,20260701_091327_190259_job24339166,snellius_next_mem216,algorithm_data_ordered/2d/boundary_singularity/p2/production_2M/adaptive_g_effective_rho,outer_history.csv,completed,10,,,911,911,1235,1353,1353,4312,0.580143,2.54262,1,1,0,1,0,0,adaptive,1,0.19864,1,computed,2.44444,1.1203,2.18196,0.000118785,0.0108988,0.00029036300000000003,0.017040041079762692,0.00013307400000000001,0.011535770455413891,-0.46187086961036816,0.46187086961036816,10,-0.45059250829449998,0.45059250829449998,10,-0.90118501658899997,0.90118501658899997,10,0.00010597199999999999,0.0102942,5.7228100000000004e-06,0.0023922399999999999,0.00012448,0.011157,1.5379e-07,0.00039216000000000001,5.5690200000000001e-06,0.00235988,9.41545e-30,3.0684600000000002e-15,3.06846e-15,0.16617794125125007,0.027615271627683149,6.017645858833129,36.211847324273357,0.16393004046416748,0.98647292913754481,1.2826723071263754e-12,1.6452494491342539e-24,1,1,not_skipped,success,1,2.3256199999999999e-06,0.0015250000000000001,0.63747784503227112,0.40637728668259121,,,,,,,,,,,,,,,,,,,,,,,,
outer,2d,boundary_singularity,p2,2,adaptive_g_effective_rho,g_eff_rho,production_2M,2000000,completed,24339166,20260701_091327_190259_job24339166,snellius_next_mem216,algorithm_data_ordered/2d/boundary_singularity/p2/production_2M/adaptive_g_effective_rho,outer_history.csv,completed,11,,,1235,1235,1587,1839,1839,5792,0.722814,3.27138,1,1,0,1,0,0,adaptive,1,0.0912504,1,computed,2.44444,1.03215,2.36831,3.7513399999999999e-05,0.0061248199999999996,9.1699499999999998e-05,0.0095759855889615865,3.87193e-05,0.0062224834270570781,-0.46187086961036816,0.46187086961036816,10,-0.45059250829449998,0.45059250829449998,10,-0.90118501658899997,0.90118501658899997,10,3.22386e-05,0.0056779100000000004,4.3800199999999998e-07,0.00066181699999999998,3.9857800000000003e-05,0.0063133,1.0199300000000001e-07,0.00031936300000000003,3.3600899999999997e-07,0.00057966300000000001,1.58113e-29,3.97635e-15,3.97635e-15,0.55094598068187894,0.30354246463636397,1.8150599787702395,3.2944319708215266,0.48255484522156433,0.87586598712332864,6.0082318828316588e-12,3.6098693613271175e-23,1,1,not_skipped,success,1,1.84716e-07,0.00042978599999999998,0.64940308272528513,0.42172410171643054,,,,,,,,,,,,,,,,,,,,,,,,
outer,2d,boundary_singularity,p2,2,adaptive_g_effective_rho,g_eff_rho,production_2M,2000000,completed,24339166,20260701_091327_190259_job24339166,snellius_next_mem216,algorithm_data_ordered/2d/boundary_singularity/p2/production_2M/adaptive_g_effective_rho,outer_history.csv,completed,12,,,1587,1587,2201,2367,2367,7456,0.890802,4.16866,1,1,0,1,0,0,adaptive,1,0.0876677,1,computed,2.44444,1.02994,2.37339,3.5630599999999997e-05,0.0059691400000000004,8.7096999999999996e-05,0.0093325773503357586,3.6697399999999999e-05,0.0060578378981283416,-0.46187086961036816,0.46187086961036816,10,-0.45059250829449998,0.45059250829449998,10,-0.90118501658899997,0.90118501658899997,10,3.1491000000000001e-05,0.00561168,3.6596799999999999e-07,0.00060495299999999998,3.74704e-05,0.0061213099999999996,8.0545199999999995e-08,0.00028380499999999998,2.85423e-07,0.00053425,2.1810299999999999e-29,4.6701500000000004e-15,4.67015e-15,0.53122133832475427,0.28219589871874373,1.8824545022110253,3.5436376096899633,0.46913561880013815,0.88312645775787546,7.7198559226915153e-12,5.9596194202771825e-23,1,1,not_skipped,success,1,1.60883e-07,0.00040110200000000002,0.6630300205139904,0.43960947405237616,,,,,,,,,,,,,,,,,,,,,,,,
outer,2d,boundary_singularity,p2,2,adaptive_g_effective_rho,g_eff_rho,production_2M,2000000,completed,24339166,20260701_091327_190259_job24339166,snellius_next_mem216,algorithm_data_ordered/2d/boundary_singularity/p2/production_2M/adaptive_g_effective_rho,outer_history.csv,completed,13,,,2201,2201,3299,3288,3288,10400,1.451,5.62598,1,1,0,1,0,0,adaptive,1,0.0454429,1,computed,2.44444,1.00901,2.42263,3.4332000000000003e-05,0.0058593500000000001,8.3922600000000002e-05,0.0091609279006004633,3.4641200000000003e-05,0.0058856775310918968,-0.46187086961036816,0.46187086961036816,10,-0.45059250829449998,0.45059250829449998,10,-0.90118501658899997,0.90118501658899997,10,3.0725800000000003e-05,0.0055430799999999997,9.5928600000000003e-08,0.00030972299999999998,3.59347e-05,0.0059945600000000003,4.1444899999999999e-08,0.00020358,5.4483699999999997e-08,0.000233417,3.1397199999999997e-29,5.6033199999999997e-15,5.60332e-15,0.87217297797504034,0.76068438817481199,1.1465615482856863,1.314605657149613,0.65729700409720948,0.75363147070123959,1.8091391340003809e-11,3.2729759425239186e-22,1,1,not_skipped,success,1,6.2054799999999998e-08,0.000249108,0.80429286814347023,0.64688528759931863,,,,,,,,,,,,,,,,,,,,,,,,
outer,2d,boundary_singularity,p2,2,adaptive_g_effective_rho,g_eff_rho,production_2M,2000000,completed,24339166,20260701_091327_190259_job24339166,snellius_next_mem216,algorithm_data_ordered/2d/boundary_singularity/p2/production_2M/adaptive_g_effective_rho,outer_history.csv,completed,14,,,3299,3299,4691,4935,4935,15484,1.92575,7.55985,1,1,0,1,0,0,adaptive,1,0.132733,1,computed,2.44444,1.06162,2.30255,2.7246e-05,0.0052197700000000003,6.6601300000000002e-05,0.0081609619531033233,2.8924999999999998e-05,0.0053781967238099426,-0.46187086961036816,0.46187086961036816,10,-0.45059250829449998,0.45059250829449998,10,-0.90118501658899997,0.90118501658899997,10,2.5475099999999999e-05,0.0050472900000000003,5.5795200000000005e-07,0.00074696199999999999,2.8033100000000001e-05,0.0052946299999999998,3.05171e-08,0.00017469100000000001,5.2743500000000004e-07,0.00072624699999999996,4.595e-29,6.7786499999999998e-15,6.77865e-15,0.24053937572203399,0.057859451875586561,4.1573235026418072,17.283260860304551,0.23386865730786843,0.97226766555728394,9.074959636500919e-12,8.2354754530855692e-23,1,1,not_skipped,success,1,2.4250600000000001e-07,0.00049244899999999995,0.65926914622162835,0.43463595434732738,,,,,,,,,,,,,,,,,,,,,,,,
outer,2d,boundary_singularity,p2,2,adaptive_g_effective_rho,g_eff_rho,production_2M,2000000,completed,24339166,20260701_091327_190259_job24339166,snellius_next_mem216,algorithm_data_ordered/2d/boundary_singularity/p2/production_2M/adaptive_g_effective_rho,outer_history.csv,completed,15,,,4691,4691,6603,7023,7023,21852,2.64446,10.2123,1,1,0,1,0,0,adaptive,1,0.259457,1,computed,2.44444,1.18403,2.06451,1.83459e-05,0.00428321,4.4845400000000003e-05,0.0066966708146660456,2.17221e-05,0.0046606973727115128,-0.46187086961036816,0.46187086961036816,10,-0.45059250829449998,0.45059250829449998,10,-0.90118501658899997,0.90118501658899997,10,1.7157399999999999e-05,0.0041421599999999998,1.3737099999999999e-06,0.00117205,1.8873999999999999e-05,0.0043444299999999998,1.42611e-08,0.00011942000000000001,1.35945e-06,0.00116595,6.6895400000000002e-29,8.1789600000000007e-15,8.17896e-15,0.10242291693468845,0.010490345360255986,9.7634399598057282,95.325746260807364,0.10188985111556674,0.99479544388038055,6.9783371016594861e-12,4.8696886533547842e-23,1,1,not_skipped,success,1,5.4282800000000005e-07,0.00073676899999999997,0.62861567339277336,0.39515472698022153,,,,,,,,,,,,,,,,,,,,,,,,
outer,2d,boundary_singularity,p2,2,adaptive_g_effective_rho,g_eff_rho,production_2M,2000000,completed,24339166,20260701_091327_190259_job24339166,snellius_next_mem216,algorithm_data_ordered/2d/boundary_singularity/p2/production_2M/adaptive_g_effective_rho,outer_history.csv,completed,16,,,6603,6603,9127,9891,9891,30624,4.19906,14.4208,1,1,0,1,0,0,adaptive,1,0.393593,1,computed,2.44444,1.34892,1.81215,1.0646600000000001e-05,0.0032629199999999999,2.6025099999999999e-05,0.0051014801773602925,1.43615e-05,0.003789656976561335,-0.46187086961036816,0.46187086961036816,10,-0.45059250829449998,0.45059250829449998,10,-0.90118501658899997,0.90118501658899997,10,9.6096899999999998e-06,0.0030999500000000002,1.85051e-06,0.0013603300000000001,1.11075e-05,0.00333279,9.4066400000000005e-09,9.69878e-05,1.8411e-06,0.00135687,9.3303400000000005e-29,9.6593699999999998e-15,9.65937e-15,0.071479065791122218,0.0051092499049481292,13.990110096321393,195.72344641657381,0.071297258753390713,0.99745649952585036,7.1007549638690607e-12,5.0420370600537153e-23,1,1,not_skipped,success,1,6.8255400000000004e-07,0.00082616799999999995,0.60732910396741957,0.36884642612036683,,,,,,,,,,,,,,,,,,,,,,,,
outer,2d,boundary_singularity,p2,2,adaptive_g_effective_rho,g_eff_rho,production_2M,2000000,completed,24339166,20260701_091327_190259_job24339166,snellius_next_mem216,algorithm_data_ordered/2d/boundary_singularity/p2/production_2M/adaptive_g_effective_rho,outer_history.csv,completed,17,,,9127,9127,12033,13677,13677,42332,5.55127,19.984,1,1,0,1,0,0,adaptive,1,0.437863,1,computed,2.44444,1.4097,1.73402,6.4581699999999999e-06,0.0025412899999999999,1.5786599999999999e-05,0.0039732354574074768,9.1040499999999997e-06,0.0030172918320904925,-0.46187086961036816,0.46187086961036816,10,-0.45059250829449998,0.45059250829449998,10,-0.90118501658899997,0.90118501658899997,10,5.6200100000000003e-06,0.0023706600000000001,1.4208799999999999e-06,0.0011920100000000001,6.83068e-06,0.00261356,6.0482799999999997e-09,7.7770700000000004e-05,1.41483e-06,0.00118947,1.2032900000000001e-28,1.09695e-14,1.09695e-14,0.065382649415285807,0.0042749164210541197,15.294577520840109,233.92270199130994,0.065243328495566313,0.99786914539307547,9.2025234687628448e-12,8.4686250774168128e-23,1,1,not_skipped,success,1,5.4058700000000002e-07,0.00073524599999999995,0.61681193949715174,0.38045929283261082,,,,,,,,,,,,,,,,,,,,,,,,
outer,2d,boundary_singularity,p2,2,adaptive_g_effective_rho,g_eff_rho,production_2M,2000000,completed,24339166,20260701_091327_190259_job24339166,snellius_next_mem216,algorithm_data_ordered/2d/boundary_singularity/p2/production_2M/adaptive_g_effective_rho,outer_history.csv,completed,18,,,12033,12033,16259,18036,18036,55612,7.04955,27.0473,1,1,0,1,0,0,adaptive,1,0.367226,1,computed,2.44444,1.31416,1.86007,4.7044000000000002e-06,0.0021689600000000002,1.1499600000000001e-05,0.0033911060142673218,6.1823500000000002e-06,0.0024864331883241906,-0.46187086961036816,0.46187086961036816,10,-0.45059250829449998,0.45059250829449998,10,-0.90118501658899997,0.90118501658899997,10,4.0612000000000002e-06,0.0020152400000000002,7.4974400000000005e-07,0.00086587800000000005,4.9902600000000001e-06,0.0022338900000000001,5.2786599999999996e-09,7.26544e-05,7.4446500000000002e-07,0.00086282399999999999,1.5389800000000001e-28,1.2405599999999999e-14,1.24056e-14,0.084205353583117759,0.0070905415298234296,11.875729480939901,141.03295154452078,0.083908356604510098,0.99647294422539889,1.43271915905012e-11,2.0526739793849633e-22,1,1,not_skipped,success,1,2.7215200000000001e-07,0.00052168199999999998,0.60248903425193845,0.36299323502422159,,,,,,,,,,,,,,,,,,,,,,,,
outer,2d,boundary_singularity,p2,2,adaptive_g_effective_rho,g_eff_rho,production_2M,2000000,completed,24339166,20260701_091327_190259_job24339166,snellius_next_mem216,algorithm_data_ordered/2d/boundary_singularity/p2/production_2M/adaptive_g_effective_rho,outer_history.csv,completed,19,,,16259,16259,22041,24375,24375,75116,10.7888,37.8521,1,1,0,1,0,0,adaptive,1,0.237914,1,computed,2.44444,1.16055,2.10627,3.2826699999999999e-06,0.0018118100000000001,8.0243000000000004e-06,0.0028327195413595041,3.80971e-06,0.0019518478424303469,-0.46187086961036816,0.46187086961036816,10,-0.45059250829449998,0.45059250829449998,10,-0.90118501658899997,0.90118501658899997,10,2.8029100000000002e-06,0.0016741900000000001,2.3568e-07,0.00048546899999999998,3.4958999999999999e-06,0.00186973,4.10782e-09,6.4092300000000003e-05,2.31572e-07,0.00048121900000000002,2.0886999999999999e-28,1.44523e-14,1.44523e-14,0.13318738453801698,0.01773884580173769,7.5082186159647879,56.373453559308828,0.13202140610420027,0.99124557901740384,2.9769769027476523e-11,8.8624405974202302e-22,1,1,not_skipped,success,1,9.0435899999999998e-08,0.00030072600000000002,0.61945458927346553,0.38372326883910385,,,,,,,,,,,,,,,,,,,,,,,,
outer,2d,boundary_singularity,p2,2,adaptive_g_effective_rho,g_eff_rho,production_2M,2000000,completed,24339166,20260701_091327_190259_job24339166,snellius_next_mem216,algorithm_data_ordered/2d/boundary_singularity/p2/production_2M/adaptive_g_effective_rho,outer_history.csv,completed,20,,,22041,22041,30673,33048,33048,101728,14.0917,51.9665,1,1,0,1,0,0,adaptive,1,0.268709,1,computed,2.44444,1.1944,2.04659,2.7222500000000001e-06,0.00164992,6.6543799999999996e-06,0.0025796084974274683,3.2514400000000002e-06,0.0018031749776436007,-0.46187086961036816,0.46187086961036816,10,-0.45059250829449998,0.45059250829449998,10,-0.90118501658899997,0.90118501658899997,10,2.31462e-06,0.0015213900000000001,2.46368e-07,0.00049635399999999996,2.9034200000000001e-06,0.0017039399999999999,2.4510100000000002e-09,4.95077e-05,2.43917e-07,0.00049387900000000002,2.7057400000000001e-28,1.64491e-14,1.64491e-14,0.10024256953626293,0.010048541102096206,9.9758017439711395,99.516933835439261,0.099742723942992315,0.99501363945893473,3.3139855828702904e-11,1.0982513962852319e-21,1,1,not_skipped,success,1,9.07529e-08,0.00030125200000000001,0.60692973160284802,0.36836318028315368,,,,,,,,,,,,,,,,,,,,,,,,
outer,2d,boundary_singularity,p2,2,adaptive_g_effective_rho,g_eff_rho,production_2M,2000000,completed,24339166,20260701_091327_190259_job24339166,snellius_next_mem216,algorithm_data_ordered/2d/boundary_singularity/p2/production_2M/adaptive_g_effective_rho,outer_history.csv,completed,21,,,30673,30673,44629,45996,45996,141052,19.8695,71.8638,1,1,0,1,0,0,adaptive,1,0.254669,1,computed,2.44444,1.17873,2.07379,2.2067200000000001e-06,0.0014855000000000001,5.3942e-06,0.0023225417111432034,2.6011299999999999e-06,0.0016128019097210915,-0.46187086961036816,0.46187086961036816,10,-0.45059250829449998,0.45059250829449998,10,-0.90118501658899997,0.90118501658899997,10,1.8850299999999999e-06,0.0013729599999999999,1.7975400000000001e-07,0.00042397399999999998,2.3496899999999999e-06,0.00153287,1.7607499999999999e-09,4.1961300000000001e-05,1.77993e-07,0.00042189199999999999,3.4916800000000002e-28,1.8686000000000001e-14,1.8686e-14,0.099459814360073201,0.009892242953374571,10.0543119493438,101.08930853329548,0.098971399189572956,0.99508932151499863,4.4073457334647886e-11,1.9424769407078562e-21,1,1,not_skipped,success,1,7.0194600000000006e-08,0.00026494300000000001,0.62490388561562749,0.39050368837411131,,,,,,,,,,,,,,,,,,,,,,,,
outer,2d,boundary_singularity,p2,2,adaptive_g_effective_rho,g_eff_rho,production_2M,2000000,completed,24339166,20260701_091327_190259_job24339166,snellius_next_mem216,algorithm_data_ordered/2d/boundary_singularity/p2/production_2M/adaptive_g_effective_rho,outer_history.csv,completed,22,,,44629,44629,64491,66930,66930,205424,31.8484,103.747,1,1,0,1,0,0,adaptive,1,0.284202,1,computed,2.44444,1.21211,2.01668,1.6848500000000001e-06,0.00129802,4.1185100000000003e-06,0.0020294112446717152,2.0422199999999998e-06,0.0014290626298381747,-0.46187086961036816,0.46187086961036816,10,-0.45059250829449998,0.45059250829449998,10,-0.90118501658899997,0.90118501658899997,10,1.4551799999999999e-06,0.0012063099999999999,1.6625e-07,0.00040773799999999999,1.7869199999999999e-06,0.00133676,1.1596399999999999e-09,3.4053500000000002e-05,1.6509100000000001e-07,0.00040631400000000001,4.7899699999999996e-28,2.1885999999999999e-14,2.1886e-14,0.083810796576047092,0.0070242472333440342,11.93163698298266,142.36400952019594,0.08351809250057636,0.99650756122804351,5.3676625676292128e-11,2.881184962406015e-21,1,1,not_skipped,success,1,7.2484500000000003e-08,0.00026922900000000001,0.6602990155442956,0.43599699248120305,,,,,,,,,,,,,,,,,,,,,,,,
outer,2d,boundary_singularity,p2,2,adaptive_g_effective_rho,g_eff_rho,production_2M,2000000,completed,24339166,20260701_091327_190259_job24339166,snellius_next_mem216,algorithm_data_ordered/2d/boundary_singularity/p2/production_2M/adaptive_g_effective_rho,outer_history.csv,completed,23,,,64491,64491,87495,96867,96867,296492,43.0202,146.844,1,1,0,1,0,0,adaptive,1,0.360815,1,computed,2.44444,1.30588,1.87188,1.16963e-06,0.0010814900000000001,2.85909e-06,0.0016908843839837187,1.5273899999999999e-06,0.0012358762073929573,-0.46187086961036816,0.46187086961036816,10,-0.45059250829449998,0.45059250829449998,10,-0.90118501658899997,0.90118501658899997,10,1.01094e-06,0.0010054599999999999,1.8015100000000001e-07,0.00042444200000000003,1.24016e-06,0.0011136200000000001,7.5163200000000004e-10,2.74159e-05,1.79399e-07,0.00042355600000000001,6.1858999999999999e-28,2.48715e-14,2.48715e-14,0.064727922635967855,0.0041897223507377408,15.449283080256349,238.67930050875961,0.064592806555430413,0.99791255342308249,5.8598112345149633e-11,3.4337305926694828e-21,1,1,not_skipped,success,1,8.8530600000000005e-08,0.00029754100000000002,0.70101686449503109,0.49142441618420102,,,,,,,,,,,,,,,,,,,,,,,,
outer,2d,boundary_singularity,p2,2,adaptive_g_effective_rho,g_eff_rho,production_2M,2000000,completed,24339166,20260701_091327_190259_job24339166,snellius_next_mem216,algorithm_data_ordered/2d/boundary_singularity/p2/production_2M/adaptive_g_effective_rho,outer_history.csv,completed,24,,,87495,87495,114367,131463,131463,401092,57.9231,204.848,1,1,0,1,0,0,adaptive,1,0.344109,1,computed,2.44444,1.2846,1.90289,7.5713400000000001e-07,0.00087013499999999996,1.8507699999999999e-06,0.0013604300790558844,9.7261199999999992e-07,0.00098621093078509327,-0.46187086961036816,0.46187086961036816,10,-0.45059250829449998,0.45059250829449998,10,-0.90118501658899997,0.90118501658899997,10,6.3238300000000003e-07,0.00079522499999999999,1.1038500000000001e-07,0.00033224200000000001,8.1257900000000001e-07,0.00090143199999999997,4.60252e-10,2.1453500000000001e-05,1.09925e-07,0.00033154899999999999,7.6911000000000002e-28,2.77328e-14,2.77328e-14,0.064706875906728717,0.0041869638389811234,15.454308154846528,238.83655041151368,0.064571908428193908,0.99791417099584034,8.3471686300949311e-11,6.9675227612447335e-21,1,1,not_skipped,success,1,5.8306800000000003e-08,0.000241468,0.7267834891434557,0.52821307242831905,,,,,,,,,,,,,,,,,,,,,,,,
outer,2d,boundary_singularity,p2,2,adaptive_g_effective_rho,g_eff_rho,production_2M,2000000,completed,24339166,20260701_091327_190259_job24339166,snellius_next_mem216,algorithm_data_ordered/2d/boundary_singularity/p2/production_2M/adaptive_g_effective_rho,outer_history.csv,completed,25,,,114367,114367,154115,172227,172227,524188,74.9689,279.923,1,1,0,1,0,0,adaptive,1,0.342405,1,computed,2.44444,1.28245,1.90607,5.4143500000000003e-07,0.00073582300000000003,1.32351e-06,0.0011504390466252439,6.9436400000000004e-07,0.00083328506526878302,-0.46187086961036816,0.46187086961036816,10,-0.45059250829449998,0.45059250829449998,10,-0.90118501658899997,0.90118501658899997,10,4.57701e-07,0.00067653600000000004,7.7312300000000001e-08,0.00027805100000000003,5.7864999999999996e-07,0.00076068999999999996,3.8594600000000001e-10,1.96455e-05,7.69263e-08,0.00027735599999999998,9.5317099999999997e-28,3.08735e-14,3.08735e-14,0.070831350322329428,0.00501708778402185,14.118042299763303,199.31881662201448,0.070654304426166423,0.99750045854897107,1.1103538559472901e-10,1.2328840300961166e-20,1,1,not_skipped,success,1,3.8415200000000001e-08,0.00019599799999999999,0.70489946089026823,0.49688341958524063,,,,,,,,,,,,,,,,,,,,,,,,
outer,2d,boundary_singularity,p2,2,adaptive_g_effective_rho,g_eff_rho,production_2M,2000000,completed,24339166,20260701_091327_190259_job24339166,snellius_next_mem216,algorithm_data_ordered/2d/boundary_singularity/p2/production_2M/adaptive_g_effective_rho,outer_history.csv,completed,26,,,154115,154115,210951,232347,232347,707368,114.747,394.785,1,1,0,1,0,0,adaptive,1,0.298514,1,computed,2.44444,1.22886,1.98919,4.49111e-07,0.00067015800000000002,1.0978300000000001e-06,0.0010477738305569575,5.5189699999999998e-07,0.00074289770493655451,-0.46187086961036816,0.46187086961036816,10,-0.45059250829449998,0.45059250829449998,10,-0.90118501658899997,0.90118501658899997,10,3.77213e-07,0.00061417700000000004,5.00687e-08,0.00022376000000000001,4.8106599999999995e-07,0.00069358899999999999,2.89659e-10,1.7019399999999998e-05,4.9778999999999999e-08,0.000223112,1.1750600000000001e-27,3.4279099999999998e-14,3.42791e-14,0.076281867402918702,0.0058188995359488944,13.109275297601561,171.8538005033505,0.076060958169467272,0.99710404004290309,1.5319583482302466e-10,2.3468953657674357e-20,1,1,not_skipped,success,1,2.5399199999999999e-08,0.000159371,0.71224079370754378,0.5072869876789291,,,,,,,,,,,,,,,,,,,,,,,,
outer,2d,boundary_singularity,p2,2,adaptive_g_effective_rho,g_eff_rho,production_2M,2000000,completed,24339166,20260701_091327_190259_job24339166,snellius_next_mem216,algorithm_data_ordered/2d/boundary_singularity/p2/production_2M/adaptive_g_effective_rho,outer_history.csv,completed,27,,,210951,210951,283345,317883,317883,966504,164.118,559.148,1,1,0,1,0,0,adaptive,1,0.311509,1,computed,2.44444,1.24439,1.96437,3.6152599999999998e-07,0.00060127100000000001,8.8373100000000001e-07,0.0009400696782685845,4.4987899999999997e-07,0.00067073019911138637,-0.46187086961036816,0.46187086961036816,10,-0.45059250829449998,0.45059250829449998,10,-0.90118501658899997,0.90118501658899997,10,3.03349e-07,0.00055077100000000003,4.36541e-08,0.00020893600000000001,3.87383e-07,0.00062240099999999997,2.0235100000000001e-10,1.4225e-05,4.34518e-08,0.00020845099999999999,1.47258e-27,3.8374199999999999e-14,3.83742e-14,0.068241457224959348,0.0046569071937180972,14.65384885764499,214.73479251399795,0.068083049354826355,0.9976787150132097,1.836648543094536e-10,3.3732913976006836e-20,1,1,not_skipped,success,1,1.9454599999999999e-08,0.00013948000000000001,0.66757284527319372,0.44565344377733129,,,,,,,,,,,,,,,,,,,,,,,,
outer,2d,boundary_singularity,p2,2,adaptive_g_effective_rho,g_eff_rho,production_2M,2000000,completed,24339166,20260701_091327_190259_job24339166,snellius_next_mem216,algorithm_data_ordered/2d/boundary_singularity/p2/production_2M/adaptive_g_effective_rho,outer_history.csv,completed,28,,,283345,283345,383001,426672,426672,1295544,215.371,774.886,1,1,0,1,0,0,adaptive,1,0.292186,1,computed,2.44444,1.22141,2.00133,2.7124300000000002e-07,0.00052081000000000002,6.6303899999999996e-07,0.00081427206755481916,3.3130000000000001e-07,0.00057558665724632637,-0.46187086961036816,0.46187086961036816,10,-0.45059250829449998,0.45059250829449998,10,-0.90118501658899997,0.90118501658899997,10,2.26289e-07,0.00047569799999999998,2.9272299999999999e-08,0.00017109199999999999,2.9122300000000001e-07,0.00053965100000000004,1.4567700000000001e-10,1.2069700000000001e-05,2.91267e-08,0.00017066499999999999,1.8287600000000001e-27,4.2763999999999998e-14,4.2764e-14,0.070721589078018343,0.0050014934750589671,14.1399537685278,199.94027883605509,0.070545086853856409,0.9975042667103079,2.4994739672223132e-10,6.2474079590602724e-20,1,1,not_skipped,success,1,1.23899e-08,0.00011131,0.65058564982582479,0.42326363148778884,,,,,,,,,,,,,,,,,,,,,,,,
outer,2d,boundary_singularity,p2,2,adaptive_g_effective_rho,g_eff_rho,production_2M,2000000,completed,24339166,20260701_091327_190259_job24339166,snellius_next_mem216,algorithm_data_ordered/2d/boundary_singularity/p2/production_2M/adaptive_g_effective_rho,outer_history.csv,completed,29,,,383001,383001,514717,576396,576396,1748488,325.426,1100.79,1,1,0,1,0,0,adaptive,1,0.298396,1,computed,2.44444,1.22873,1.98942,2.103e-07,0.00045858500000000001,5.1406800000000005e-07,0.0007169853554989809,2.5840100000000001e-07,0.00050833158469644599,-0.46187086961036816,0.46187086961036816,10,-0.45059250829449998,0.45059250829449998,10,-0.90118501658899997,0.90118501658899997,10,1.77929e-07,0.00042181599999999999,2.3247e-08,0.00015247000000000001,2.2468800000000001e-07,0.000474012,1.04566e-10,1.02258e-05,2.3142400000000001e-08,0.00015212599999999999,1.03562e-22,1.01765e-11,1.01765e-11,0.067219278755768247,0.004518373202433628,14.87668446478515,221.3185930417153,0.067067619859644517,0.99774381845608962,6.6744277562799227e-08,4.4548543898137391e-15,1,1,not_skipped,success,1,9.0779900000000004e-09,9.5278499999999999e-05,0.62489998032399807,0.39050157009506603,,,,,,,,,,,,,,,,,,,,,,,,
outer,2d,boundary_singularity,p2,2,adaptive_g_effective_rho,g_eff_rho,production_2M,2000000,completed,24339166,20260701_091327_190259_job24339166,snellius_next_mem216,algorithm_data_ordered/2d/boundary_singularity/p2/production_2M/adaptive_g_effective_rho,outer_history.csv,completed,30,,,514717,514717,675905,775095,775095,2348792,430.439,1531.98,1,1,0,1,0,0,adaptive,1,0.303097,1,computed,2.44444,1.23431,1.98042,1.5139699999999999e-07,0.00038909799999999999,3.7008199999999999e-07,0.00060834365288050802,1.8687000000000001e-07,0.00043228462845676114,-0.46187086961036816,0.46187086961036816,10,-0.45059250829449998,0.45059250829449998,10,-0.90118501658899997,0.90118501658899997,10,1.25912e-07,0.00035483999999999998,1.7538699999999999e-08,0.00013243400000000001,1.62724e-07,0.00040339,6.7450100000000003e-11,8.2128000000000004e-06,1.7471199999999999e-08,0.00013217900000000001,5.9243800000000001e-22,2.43401e-11,2.43401e-11,0.062133924450933957,0.0038606449471129635,16.094267484901618,259.02407854102512,0.062014286361508374,0.99807451258740199,1.8379041635833695e-07,3.3778900374600173e-14,1,1,not_skipped,success,1,5.4065200000000001e-09,7.35291e-05,0.55521316278297106,0.30826229994241305,,,,,,,,,,,,,,,,,,,,,,,,
outer,2d,boundary_singularity,p2,2,adaptive_g_effective_rho,g_eff_rho,production_2M,2000000,completed,24339166,20260701_091327_190259_job24339166,snellius_next_mem216,algorithm_data_ordered/2d/boundary_singularity/p2/production_2M/adaptive_g_effective_rho,outer_history.csv,completed,31,,,675905,675905,881237,1017795,1017795,3081912,607.043,2139.97,1,1,0,1,0,0,adaptive,1,0.321401,1,computed,2.44444,1.2564,1.94559,1.2006999999999999e-07,0.00034651199999999999,2.9350500000000001e-07,0.00054176101742373453,1.5085700000000001e-07,0.00038840314107895679,-0.46187086961036816,0.46187086961036816,10,-0.45059250829449998,0.45059250829449998,10,-0.90118501658899997,0.90118501658899997,10,9.9146200000000004e-08,0.000314875,1.5606699999999999e-08,0.00012492699999999999,1.2937e-07,0.00035968000000000003,5.2633000000000003e-11,7.2548600000000004e-06,1.5554000000000002e-08,0.000124716,1.3286099999999999e-20,1.15266e-10,1.15266e-10,0.058171044613361561,0.0033838883888388837,17.19068321097857,295.51802101343264,0.058072794511995013,0.99831101363196117,9.22666837433061e-07,8.513074512869473e-13,1,1,not_skipped,success,1,3.4576400000000001e-09,5.8801700000000003e-05,0.47068848207353098,0.2215484375300352,,,,,,,,,,,,,,,,,,,,,,,,
outer,2d,boundary_singularity,p2,2,adaptive_g_effective_rho,g_eff_rho,production_2M,2000000,completed,24339166,20260701_091327_190259_job24339166,snellius_next_mem216,algorithm_data_ordered/2d/boundary_singularity/p2/production_2M/adaptive_g_effective_rho,outer_history.csv,completed,32,,,881237,881237,1198011,1326825,1326825,4014684,800.43,2941.72,1,1,0,1,0,0,adaptive,1,0.31244,1,computed,2.44444,1.24551,1.9626,9.7755000000000004e-08,0.000312658,2.3895699999999999e-07,0.00048883228207637845,1.2175499999999999e-07,0.00034893409119775038,-0.46187086961036816,0.46187086961036816,10,-0.45059250829449998,0.45059250829449998,10,-0.90118501658899997,0.90118501658899997,10,8.1054099999999998e-08,0.00028469999999999998,1.20127e-08,0.000109602,1.05178e-07,0.00032431099999999998,4.2441199999999999e-11,6.5146899999999998e-06,1.19702e-08,0.00010940799999999999,4.0322000000000002e-27,6.3499600000000003e-14,6.34996e-14,0.059544914448669203,0.0035455715025647025,16.794045457266577,282.04197807790541,0.059439517527052427,0.99822995930731184,5.7936534004853933e-10,3.3566142499188362e-19,1,1,not_skipped,success,1,2.88902e-09,5.3749599999999998e-05,0.49040710935931825,0.24049714052627635,,,,,,,,,,,,,,,,,,,,,,,,
outer,2d,boundary_singularity,p2,2,adaptive_g_effective_rho,g_eff_rho,production_2M,2000000,completed,24339166,20260701_091327_190259_job24339166,snellius_next_mem216,algorithm_data_ordered/2d/boundary_singularity/p2/production_2M/adaptive_g_effective_rho,outer_history.csv,completed,33,,,1198011,1198011,1560625,1804230,1804230,5457600,1246.2,4189.55,1,1,0,1,0,0,adaptive,1,0.340125,1,computed,2.44444,1.27959,1.91034,7.1110900000000002e-08,0.00026666599999999998,1.7382700000000001e-07,0.00041692565284472485,9.0992699999999997e-08,0.00030164996270511953,-0.46187086961036816,0.46187086961036816,10,-0.45059250829449998,0.45059250829449998,10,-0.90118501658899997,0.90118501658899997,10,5.9135599999999999e-08,0.00024317800000000001,1.01892e-08,0.000100942,7.6433200000000004e-08,0.00027646600000000001,3.5832299999999997e-11,5.9860099999999998e-06,1.01534e-08,0.000100764,3.5136100000000001e-20,1.87446e-10,1.87446e-10,0.059406236354253503,0.0035290937026020838,16.833249526813354,283.35886895343032,0.059301480057855009,0.99823661112321926,1.8569673673991006e-06,3.4483668982844581e-12,1,1,not_skipped,success,1,3.0982399999999998e-09,5.5661800000000003e-05,0.55142358978423256,0.30407097711302161,,,,,,,,,,,,,,,,,,,,,,,,
outer,2d,boundary_singularity,p2,2,adaptive_g_effective_rho,g_eff_rho,production_2M,2000000,completed,24339166,20260701_091327_190259_job24339166,snellius_next_mem216,algorithm_data_ordered/2d/boundary_singularity/p2/production_2M/adaptive_g_effective_rho,outer_history.csv,completed,34,,,1560625,1560625,1992327,2351802,2351802,7108264,1745.77,5937.86,1,1,0,1,0,0,adaptive,1,0.339978,1,computed,2.44444,1.27941,1.91061,5.40607e-08,0.00023250899999999999,1.32148e-07,0.00036352166372858718,6.9165499999999998e-08,0.00026299334592342824,-0.46187086961036816,0.46187086961036816,10,-0.45059250829449998,0.45059250829449998,10,-0.90118501658899997,0.90118501658899997,10,4.4485999999999999e-08,0.000210917,7.8171499999999996e-09,8.8414599999999999e-05,5.8316100000000003e-08,0.000241487,2.8520799999999999e-11,5.3404800000000002e-06,7.7886300000000006e-09,8.8253199999999997e-05,3.3461000000000001e-20,1.8292400000000001e-10,1.82924e-10,0.060513159862758521,0.0036618506720694135,16.525331056384445,273.08595831813977,0.060402693672764456,0.99817450963981058,2.0689343162780811e-06,4.2804602700472685e-12,1,1,not_skipped,success,1,1.55275e-09,3.9405e-05,0.44568431005738873,0.19863377317820435,,,,,,,,,,,,,,,,,,,,,,,,
outer,2d,boundary_singularity,p2,2,adaptive_g_effective_rho,g_eff_rho,production_2M,2000000,completed,24339166,20260701_091327_190259_job24339166,snellius_next_mem216,algorithm_data_ordered/2d/boundary_singularity/p2/production_2M/adaptive_g_effective_rho,outer_history.csv,completed,35,,,1992327,1992327,2620297,3002220,3002220,9068884,2265.08,8206.53,1,1,0,1,0,0,adaptive,1,0.365356,1,computed,2.44444,1.31174,1.86351,4.3910799999999998e-08,0.00020954900000000001,1.07338e-07,0.00032762478538718649,5.7599599999999998e-08,0.00023999916666521989,-0.46187086961036816,0.46187086961036816,10,-0.45059250829449998,0.45059250829449998,10,-0.90118501658899997,0.90118501658899997,10,3.6215100000000002e-08,0.00019030300000000001,7.2332299999999998e-09,8.5048400000000004e-05,4.7331100000000001e-08,0.000217557,2.2330100000000002e-11,4.7254700000000003e-06,7.2109000000000004e-09,8.4917e-05,1.77118e-19,4.2085399999999998e-10,4.20854e-10,0.055648103442184724,0.0030967146958077356,17.97006435338707,322.9228709231038,0.055562126977109508,0.99845499738972154,4.9484058489048582e-06,2.4486709257136856e-11,1,1,not_skipped,success,1,1.1100700000000001e-09,3.3317800000000001e-05,0.39175104999035842,0.15346809101881181,,,,,,,,,,,,,,,,,,,,,,,,
inner,2d,boundary_singularity,p2,2,adaptive_g_effective_rho,g_eff_rho,production_2M,2000000,completed,24339166,20260701_091327_190259_job24339166,snellius_next_mem216,algorithm_data_ordered/2d/boundary_singularity/p2/production_2M/adaptive_g_effective_rho,inner_history.csv,completed,0,0,,15,15,27,15,15,52,0.0452186,0.0460627,,,,,,0,,1,0.0393676,1,computed,2.44444,1.00688,2.42775,0.0011099899999999999,0.033316499999999999,0.00271331,0.052089442308398737,0.0011176199999999999,0.033430824099923109,-0.46187086961036816,0.46187086961036816,10,-0.45059250829449998,0.45059250829449998,10,-0.90118501658899997,0.90118501658899997,10,0.00037882999999999998,0.019463600000000001,5.6153899999999998e-06,0.0023696799999999999,0.0014349499999999999,0.037880799999999999,5.6153899999999998e-06,0.0023696799999999999,7.42657e-34,2.7251700000000001e-17,6.0473200000000001e-33,7.7764499999999996e-17,7.77645e-17,86955309210067.625,7.5612160122371429e+27,1.1500160359204619e-14,1.3225385948260051e-28,1,1.1500160359204619e-14,3.2816456230377096e-14,1.0769189673379767e-27,1,1,not_skipped,success,1,5.3729699999999997e-06,0.0023179699999999999,0.97817848823469833,0.95682935646500067,,,,,,,,,,,,,,,,,,,,,,,,
inner,2d,boundary_singularity,p2,2,adaptive_g_effective_rho,g_eff_rho,production_2M,2000000,completed,24339166,20260701_091327_190259_job24339166,snellius_next_mem216,algorithm_data_ordered/2d/boundary_singularity/p2/production_2M/adaptive_g_effective_rho,inner_history.csv,completed,1,0,,27,27,45,30,30,116,0.0629256,0.137061,,,,,,0,,1,0.0481044,1,computed,2.44444,1.01002,2.4202,0.00099265399999999993,0.031506399999999997,0.0024264899999999999,0.049259415343668053,0.0010026,0.031663859524701028,-0.46187086961036816,0.46187086961036816,10,-0.45059250829449998,0.45059250829449998,10,-0.90118501658899997,0.90118501658899997,10,0.00040373900000000002,0.020093300000000001,6.8332799999999997e-06,0.0026140500000000001,0.00125439,0.035417400000000002,6.0571099999999998e-06,0.0024611199999999998,7.7616899999999997e-07,0.00088100400000000001,1.5499900000000001e-32,1.2449900000000001e-16,1.24499e-16,2.7935400974342905,7.803854572908735,0.35796872968404631,0.12814180359940633,0.94149691092366239,0.33702645320479713,4.762686253132113e-14,2.2682957525522154e-27,1,1,not_skipped,success,1,5.9997700000000002e-06,0.0024494400000000002,0.93702874849371665,0.87802197480565702,,,,,,,,,,,,,,,,,,,,,,,,
inner,2d,boundary_singularity,p2,2,adaptive_g_effective_rho,g_eff_rho,production_2M,2000000,completed,24339166,20260701_091327_190259_job24339166,snellius_next_mem216,algorithm_data_ordered/2d/boundary_singularity/p2/production_2M/adaptive_g_effective_rho,inner_history.csv,completed,2,0,,45,45,61,54,54,200,0.0732427,0.243084,,,,,,0,,1,0.101414,1,computed,2.44444,1.03872,2.35332,0.00062222000000000004,0.024944299999999999,0.0015209799999999999,0.038999743588900682,0.00064631200000000001,0.025422667051275324,-0.46187086961036816,0.46187086961036816,10,-0.45059250829449998,0.45059250829449998,10,-0.90118501658899997,0.90118501658899997,10,0.00038553200000000001,0.019635,1.31296e-05,0.0036234800000000001,0.00072741500000000003,0.026970600000000001,1.31296e-05,0.0036234800000000001,1.60277e-32,1.2660099999999999e-16,6.3369299999999998e-32,2.51733e-16,2.51733e-16,28621258915806.355,8.1918179152342514e+26,3.4939064104120898e-14,1.2207302583475505e-27,1,3.4939064104120898e-14,6.9472716835749052e-14,4.8264455885937119e-27,1,1,not_skipped,success,1,1.2828499999999999e-05,0.0035816899999999998,0.98846688818483874,0.97706708505971229,,,,,,,,,,,,,,,,,,,,,,,,
inner,2d,boundary_singularity,p2,2,adaptive_g_effective_rho,g_eff_rho,production_2M,2000000,completed,24339166,20260701_091327_190259_job24339166,snellius_next_mem216,algorithm_data_ordered/2d/boundary_singularity/p2/production_2M/adaptive_g_effective_rho,inner_history.csv,completed,3,0,,61,61,77,78,78,272,0.0849235,0.357326,,,,,,0,,1,0.0748048,1,computed,2.44444,1.02253,2.39058,0.00059725700000000002,0.0244388,0.0014599599999999999,0.038209422921577862,0.00061071499999999996,0.024712648583266019,-0.46187086961036816,0.46187086961036816,10,-0.45059250829449998,0.45059250829449998,10,-0.90118501658899997,0.90118501658899997,10,0.00037997600000000002,0.019493,7.0220400000000001e-06,0.0026499100000000001,0.00069382600000000003,0.026340599999999999,7.0220400000000001e-06,0.0026499100000000001,4.6778600000000003e-33,6.8394900000000006e-17,1.5679400000000001e-31,3.9597199999999999e-16,3.95972e-16,38744263095640.172,1.5011223080639438e+27,2.5810272801717796e-14,6.6616823601118765e-28,1,2.5810272801717796e-14,1.4942847115562414e-13,2.2328838912908501e-26,1,1,not_skipped,success,1,6.7893299999999999e-06,0.0026056299999999998,0.98328999852825183,0.96686005776099249,,,,,,,,,,,,,,,,,,,,,,,,
inner,2d,boundary_singularity,p2,2,adaptive_g_effective_rho,g_eff_rho,production_2M,2000000,completed,24339166,20260701_091327_190259_job24339166,snellius_next_mem216,algorithm_data_ordered/2d/boundary_singularity/p2/production_2M/adaptive_g_effective_rho,inner_history.csv,completed,4,0,,77,77,127,102,102,344,0.0917535,0.478824,,,,,,0,,1,0.033426,1,computed,2.44444,1.00504,2.43218,0.00057929699999999999,0.024068599999999999,0.00141606,0.037630572677013564,0.00058221900000000003,0.024129214657754611,-0.46187086961036816,0.46187086961036816,10,-0.45059250829449998,0.45059250829449998,10,-0.90118501658899997,0.90118501658899997,10,0.00037410200000000002,0.0193417,1.45298e-06,0.00120539,0.00067049500000000001,0.025893900000000001,1.45298e-06,0.00120539,2.38628e-33,4.8849599999999999e-17,1.9824700000000001e-31,4.4524899999999997e-16,4.45249e-16,24675534702433.594,6.0888914963876829e+26,4.0525970847609489e-14,1.642335063111674e-27,1,4.0525970847609489e-14,3.6938169389160354e-13,1.3644165783424411e-25,1,1,not_skipped,success,1,1.3847799999999999e-06,0.0011767699999999999,0.97625664722620886,0.95306198295915978,,,,,,,,,,,,,,,,,,,,,,,,
inner,2d,boundary_singularity,p2,2,adaptive_g_effective_rho,g_eff_rho,production_2M,2000000,completed,24339166,20260701_091327_190259_job24339166,snellius_next_mem216,algorithm_data_ordered/2d/boundary_singularity/p2/production_2M/adaptive_g_effective_rho,inner_history.csv,completed,5,0,,127,127,199,177,177,600,0.139718,0.65327,,,,,,0,,1,0.0695423,1,computed,2.44444,1.01975,2.39711,0.00049080700000000001,0.022154199999999999,0.0011997500000000001,0.03463740752423599,0.00050049800000000005,0.022371812622136812,-0.46187086961036816,0.46187086961036816,10,-0.45059250829449998,0.45059250829449998,10,-0.90118501658899997,0.90118501658899997,10,0.00033912800000000001,0.018415399999999998,4.6349700000000001e-06,0.0021529000000000001,0.00055822000000000001,0.0236267,1.4151499999999999e-06,0.0011896000000000001,3.2198300000000001e-06,0.0017943900000000001,5.1651600000000004e-31,7.1869099999999997e-16,7.18691e-16,0.66295509894727456,0.43951078162511681,1.5083977807666442,2.2752570398897647,0.55255701611779462,0.83347577685912022,3.3382460866737886e-13,1.1143890898970221e-25,1,1,not_skipped,success,1,2.6402900000000001e-06,0.0016249000000000001,0.75474940777555855,0.56964554247384558,,,,,,,,,,,,,,,,,,,,,,,,
inner,2d,boundary_singularity,p2,2,adaptive_g_effective_rho,g_eff_rho,production_2M,2000000,completed,24339166,20260701_091327_190259_job24339166,snellius_next_mem216,algorithm_data_ordered/2d/boundary_singularity/p2/production_2M/adaptive_g_effective_rho,inner_history.csv,completed,6,0,,199,199,279,285,285,936,0.180982,0.867029,,,,,,0,,1,0.170583,1,computed,2.44444,1.09381,2.2348,0.00025040400000000002,0.0158242,0.00061209999999999997,0.024740654801358834,0.000273894,0.016549743200424592,-0.46187086961036816,0.46187086961036816,10,-0.45059250829449998,0.45059250829449998,10,-0.90118501658899997,0.90118501658899997,10,0.00019876299999999999,0.014098299999999999,1.0628100000000001e-05,0.0032600799999999998,0.00027335599999999999,0.0165335,1.75271e-06,0.0013239,8.8753999999999998e-06,0.0029791599999999998,1.1715700000000001e-30,1.08239e-15,1.08239e-15,0.44438700841848044,0.197479550217455,2.250290807462799,5.0638154629117196,0.40609432897352216,0.91383033545189074,3.3201332482638463e-13,1.102332495930599e-25,1,1,not_skipped,success,1,5.0888600000000003e-06,0.0022558500000000002,0.69196154695590306,0.47881182901929786,,,,,,,,,,,,,,,,,,,,,,,,
inner,2d,boundary_singularity,p2,2,adaptive_g_effective_rho,g_eff_rho,production_2M,2000000,completed,24339166,20260701_091327_190259_job24339166,snellius_next_mem216,algorithm_data_ordered/2d/boundary_singularity/p2/production_2M/adaptive_g_effective_rho,inner_history.csv,completed,7,0,,279,279,341,405,405,1320,0.222533,1.12371,,,,,,0,,1,0.0634881,1,computed,2.44444,1.01673,2.40423,0.00018991599999999999,0.013781,0.00046423800000000001,0.0215461829566167,0.00019309199999999999,0.01389575474740397,-0.46187086961036816,0.46187086961036816,10,-0.45059250829449998,0.45059250829449998,10,-0.90118501658899997,0.90118501658899997,10,0.00016024100000000001,0.012658600000000001,1.1422000000000001e-06,0.0010687400000000001,0.00020310400000000001,0.0142515,1.1422000000000001e-06,0.0010687400000000001,5.7238199999999995e-32,2.3924500000000001e-16,2.27111e-30,1.50702e-15,1.50702e-15,4467136199293.6113,1.9955204740889826e+25,2.2385706532926623e-13,5.0112239537734188e-26,1,2.2385706532926623e-13,1.4100903868106368e-12,1.9883645596217825e-24,1,1,not_skipped,success,1,1.0992e-06,0.0010484299999999999,0.98099631341579785,0.96235335317807735,,,,,,,,,,,,,,,,,,,,,,,,
inner,2d,boundary_singularity,p2,2,adaptive_g_effective_rho,g_eff_rho,production_2M,2000000,completed,24339166,20260701_091327_190259_job24339166,snellius_next_mem216,algorithm_data_ordered/2d/boundary_singularity/p2/production_2M/adaptive_g_effective_rho,inner_history.csv,completed,8,0,,341,341,557,498,498,1624,0.29139,1.45322,,,,,,0,,1,0.0474177,1,computed,2.44444,1.00975,2.42084,0.00018725099999999999,0.013684,0.00045772400000000001,0.021394485270742086,0.00018907700000000001,0.013750527262617969,-0.46187086961036816,0.46187086961036816,10,-0.45059250829449998,0.45059250829449998,10,-0.90118501658899997,0.90118501658899997,10,0.00015938700000000001,0.0126248,6.30088e-07,0.00079378100000000002,0.00019963500000000001,0.0141292,6.1847199999999995e-07,0.00078642999999999996,1.1615900000000001e-08,0.00010777699999999999,3.6700999999999997e-30,1.91575e-15,1.91575e-15,7.2968258533824475,53.243571311736488,0.13704589092481212,0.01878161016181816,0.99073925931711637,0.13577674446730267,2.4134490495489311e-12,5.8247419408082679e-24,1,1,not_skipped,success,1,6.0043500000000002e-07,0.000774878,0.97618612690402007,0.95293831972676835,,,,,,,,,,,,,,,,,,,,,,,,
inner,2d,boundary_singularity,p2,2,adaptive_g_effective_rho,g_eff_rho,production_2M,2000000,completed,24339166,20260701_091327_190259_job24339166,snellius_next_mem216,algorithm_data_ordered/2d/boundary_singularity/p2/production_2M/adaptive_g_effective_rho,inner_history.csv,completed,9,0,,557,557,911,822,822,2668,0.423258,1.91841,,,,,,0,,1,0.0809893,1,computed,2.44444,1.02599,2.38252,0.000164234,0.012815399999999999,0.00040146099999999998,0.020036491708879577,0.000168503,0.012980870540915197,-0.46187086961036816,0.46187086961036816,10,-0.45059250829449998,0.45059250829449998,10,-0.90118501658899997,0.90118501658899997,10,0.00014518300000000001,0.012049199999999999,1.44745e-06,0.0012030999999999999,0.00017270100000000001,0.0131416,5.05202e-07,0.00071077499999999997,9.4224900000000004e-07,0.00097069500000000004,5.9565e-30,2.4405900000000001e-15,2.44059e-15,0.73223309072365672,0.53616613018427184,1.3656853434631213,1.8650935665337827,0.59078630205302973,0.80682819383259918,2.0285844900673263e-12,4.1151680541642201e-24,1,1,not_skipped,success,1,8.6286399999999999e-07,0.00092890500000000005,0.77209292660626727,0.59612698193374558,,,,,,,,,,,,,,,,,,,,,,,,
inner,2d,boundary_singularity,p2,2,adaptive_g_effective_rho,g_eff_rho,production_2M,2000000,completed,24339166,20260701_091327_190259_job24339166,snellius_next_mem216,algorithm_data_ordered/2d/boundary_singularity/p2/production_2M/adaptive_g_effective_rho,inner_history.csv,completed,10,0,,911,911,1235,1353,1353,4312,0.532892,2.50059,,,,,,0,,1,0.19864,1,computed,2.44444,1.1203,2.18196,0.000118785,0.0108988,0.00029036300000000003,0.017040041079762692,0.00013307400000000001,0.011535770455413891,-0.46187086961036816,0.46187086961036816,10,-0.45059250829449998,0.45059250829449998,10,-0.90118501658899997,0.90118501658899997,10,0.00010597199999999999,0.0102942,5.7228100000000004e-06,0.0023922399999999999,0.00012448,0.011157,1.5379e-07,0.00039216000000000001,5.5690200000000001e-06,0.00235988,9.41545e-30,3.0684600000000002e-15,3.06846e-15,0.16617794125125007,0.027615271627683149,6.017645858833129,36.211847324273357,0.16393004046416748,0.98647292913754481,1.2826723071263754e-12,1.6452494491342539e-24,1,1,not_skipped,success,1,2.3256199999999999e-06,0.0015250000000000001,0.63747784503227112,0.40637728668259121,,,,,,,,,,,,,,,,,,,,,,,,
inner,2d,boundary_singularity,p2,2,adaptive_g_effective_rho,g_eff_rho,production_2M,2000000,completed,24339166,20260701_091327_190259_job24339166,snellius_next_mem216,algorithm_data_ordered/2d/boundary_singularity/p2/production_2M/adaptive_g_effective_rho,inner_history.csv,completed,11,0,,1235,1235,1587,1839,1839,5792,0.665238,3.21902,,,,,,0,,1,0.0912504,1,computed,2.44444,1.03215,2.36831,3.7513399999999999e-05,0.0061248199999999996,9.1699499999999998e-05,0.0095759855889615865,3.87193e-05,0.0062224834270570781,-0.46187086961036816,0.46187086961036816,10,-0.45059250829449998,0.45059250829449998,10,-0.90118501658899997,0.90118501658899997,10,3.22386e-05,0.0056779100000000004,4.3800199999999998e-07,0.00066181699999999998,3.9857800000000003e-05,0.0063133,1.0199300000000001e-07,0.00031936300000000003,3.3600899999999997e-07,0.00057966300000000001,1.58113e-29,3.97635e-15,3.97635e-15,0.55094598068187894,0.30354246463636397,1.8150599787702395,3.2944319708215266,0.48255484522156433,0.87586598712332864,6.0082318828316588e-12,3.6098693613271175e-23,1,1,not_skipped,success,1,1.84716e-07,0.00042978599999999998,0.64940308272528513,0.42172410171643054,,,,,,,,,,,,,,,,,,,,,,,,
inner,2d,boundary_singularity,p2,2,adaptive_g_effective_rho,g_eff_rho,production_2M,2000000,completed,24339166,20260701_091327_190259_job24339166,snellius_next_mem216,algorithm_data_ordered/2d/boundary_singularity/p2/production_2M/adaptive_g_effective_rho,inner_history.csv,completed,12,0,,1587,1587,2201,2367,2367,7456,0.818798,4.10206,,,,,,0,,1,0.0876677,1,computed,2.44444,1.02994,2.37339,3.5630599999999997e-05,0.0059691400000000004,8.7096999999999996e-05,0.0093325773503357586,3.6697399999999999e-05,0.0060578378981283416,-0.46187086961036816,0.46187086961036816,10,-0.45059250829449998,0.45059250829449998,10,-0.90118501658899997,0.90118501658899997,10,3.1491000000000001e-05,0.00561168,3.6596799999999999e-07,0.00060495299999999998,3.74704e-05,0.0061213099999999996,8.0545199999999995e-08,0.00028380499999999998,2.85423e-07,0.00053425,2.1810299999999999e-29,4.6701500000000004e-15,4.67015e-15,0.53122133832475427,0.28219589871874373,1.8824545022110253,3.5436376096899633,0.46913561880013815,0.88312645775787546,7.7198559226915153e-12,5.9596194202771825e-23,1,1,not_skipped,success,1,1.60883e-07,0.00040110200000000002,0.6630300205139904,0.43960947405237616,,,,,,,,,,,,,,,,,,,,,,,,
inner,2d,boundary_singularity,p2,2,adaptive_g_effective_rho,g_eff_rho,production_2M,2000000,completed,24339166,20260701_091327_190259_job24339166,snellius_next_mem216,algorithm_data_ordered/2d/boundary_singularity/p2/production_2M/adaptive_g_effective_rho,inner_history.csv,completed,13,0,,2201,2201,3299,3288,3288,10400,1.35209,5.53237,,,,,,0,,1,0.0454429,1,computed,2.44444,1.00901,2.42263,3.4332000000000003e-05,0.0058593500000000001,8.3922600000000002e-05,0.0091609279006004633,3.4641200000000003e-05,0.0058856775310918968,-0.46187086961036816,0.46187086961036816,10,-0.45059250829449998,0.45059250829449998,10,-0.90118501658899997,0.90118501658899997,10,3.0725800000000003e-05,0.0055430799999999997,9.5928600000000003e-08,0.00030972299999999998,3.59347e-05,0.0059945600000000003,4.1444899999999999e-08,0.00020358,5.4483699999999997e-08,0.000233417,3.1397199999999997e-29,5.6033199999999997e-15,5.60332e-15,0.87217297797504034,0.76068438817481199,1.1465615482856863,1.314605657149613,0.65729700409720948,0.75363147070123959,1.8091391340003809e-11,3.2729759425239186e-22,1,1,not_skipped,success,1,6.2054799999999998e-08,0.000249108,0.80429286814347023,0.64688528759931863,,,,,,,,,,,,,,,,,,,,,,,,
inner,2d,boundary_singularity,p2,2,adaptive_g_effective_rho,g_eff_rho,production_2M,2000000,completed,24339166,20260701_091327_190259_job24339166,snellius_next_mem216,algorithm_data_ordered/2d/boundary_singularity/p2/production_2M/adaptive_g_effective_rho,inner_history.csv,completed,14,0,,3299,3299,4691,4935,4935,15484,1.7978,7.43728,,,,,,0,,1,0.132733,1,computed,2.44444,1.06162,2.30255,2.7246e-05,0.0052197700000000003,6.6601300000000002e-05,0.0081609619531033233,2.8924999999999998e-05,0.0053781967238099426,-0.46187086961036816,0.46187086961036816,10,-0.45059250829449998,0.45059250829449998,10,-0.90118501658899997,0.90118501658899997,10,2.5475099999999999e-05,0.0050472900000000003,5.5795200000000005e-07,0.00074696199999999999,2.8033100000000001e-05,0.0052946299999999998,3.05171e-08,0.00017469100000000001,5.2743500000000004e-07,0.00072624699999999996,4.595e-29,6.7786499999999998e-15,6.77865e-15,0.24053937572203399,0.057859451875586561,4.1573235026418072,17.283260860304551,0.23386865730786843,0.97226766555728394,9.074959636500919e-12,8.2354754530855692e-23,1,1,not_skipped,success,1,2.4250600000000001e-07,0.00049244899999999995,0.65926914622162835,0.43463595434732738,,,,,,,,,,,,,,,,,,,,,,,,
inner,2d,boundary_singularity,p2,2,adaptive_g_effective_rho,g_eff_rho,production_2M,2000000,completed,24339166,20260701_091327_190259_job24339166,snellius_next_mem216,algorithm_data_ordered/2d/boundary_singularity/p2/production_2M/adaptive_g_effective_rho,inner_history.csv,completed,15,0,,4691,4691,6603,7023,7023,21852,2.47208,10.0453,,,,,,0,,1,0.259457,1,computed,2.44444,1.18403,2.06451,1.83459e-05,0.00428321,4.4845400000000003e-05,0.0066966708146660456,2.17221e-05,0.0046606973727115128,-0.46187086961036816,0.46187086961036816,10,-0.45059250829449998,0.45059250829449998,10,-0.90118501658899997,0.90118501658899997,10,1.7157399999999999e-05,0.0041421599999999998,1.3737099999999999e-06,0.00117205,1.8873999999999999e-05,0.0043444299999999998,1.42611e-08,0.00011942000000000001,1.35945e-06,0.00116595,6.6895400000000002e-29,8.1789600000000007e-15,8.17896e-15,0.10242291693468845,0.010490345360255986,9.7634399598057282,95.325746260807364,0.10188985111556674,0.99479544388038055,6.9783371016594861e-12,4.8696886533547842e-23,1,1,not_skipped,success,1,5.4282800000000005e-07,0.00073676899999999997,0.62861567339277336,0.39515472698022153,,,,,,,,,,,,,,,,,,,,,,,,
inner,2d,boundary_singularity,p2,2,adaptive_g_effective_rho,g_eff_rho,production_2M,2000000,completed,24339166,20260701_091327_190259_job24339166,snellius_next_mem216,algorithm_data_ordered/2d/boundary_singularity/p2/production_2M/adaptive_g_effective_rho,inner_history.csv,completed,16,0,,6603,6603,9127,9891,9891,30624,3.96868,14.1962,,,,,,0,,1,0.393593,1,computed,2.44444,1.34892,1.81215,1.0646600000000001e-05,0.0032629199999999999,2.6025099999999999e-05,0.0051014801773602925,1.43615e-05,0.003789656976561335,-0.46187086961036816,0.46187086961036816,10,-0.45059250829449998,0.45059250829449998,10,-0.90118501658899997,0.90118501658899997,10,9.6096899999999998e-06,0.0030999500000000002,1.85051e-06,0.0013603300000000001,1.11075e-05,0.00333279,9.4066400000000005e-09,9.69878e-05,1.8411e-06,0.00135687,9.3303400000000005e-29,9.6593699999999998e-15,9.65937e-15,0.071479065791122218,0.0051092499049481292,13.990110096321393,195.72344641657381,0.071297258753390713,0.99745649952585036,7.1007549638690607e-12,5.0420370600537153e-23,1,1,not_skipped,success,1,6.8255400000000004e-07,0.00082616799999999995,0.60732910396741957,0.36884642612036683,,,,,,,,,,,,,,,,,,,,,,,,
inner,2d,boundary_singularity,p2,2,adaptive_g_effective_rho,g_eff_rho,production_2M,2000000,completed,24339166,20260701_091327_190259_job24339166,snellius_next_mem216,algorithm_data_ordered/2d/boundary_singularity/p2/production_2M/adaptive_g_effective_rho,inner_history.csv,completed,17,0,,9127,9127,12033,13677,13677,42332,5.26866,19.7073,,,,,,0,,1,0.437863,1,computed,2.44444,1.4097,1.73402,6.4581699999999999e-06,0.0025412899999999999,1.5786599999999999e-05,0.0039732354574074768,9.1040499999999997e-06,0.0030172918320904925,-0.46187086961036816,0.46187086961036816,10,-0.45059250829449998,0.45059250829449998,10,-0.90118501658899997,0.90118501658899997,10,5.6200100000000003e-06,0.0023706600000000001,1.4208799999999999e-06,0.0011920100000000001,6.83068e-06,0.00261356,6.0482799999999997e-09,7.7770700000000004e-05,1.41483e-06,0.00118947,1.2032900000000001e-28,1.09695e-14,1.09695e-14,0.065382649415285807,0.0042749164210541197,15.294577520840109,233.92270199130994,0.065243328495566313,0.99786914539307547,9.2025234687628448e-12,8.4686250774168128e-23,1,1,not_skipped,success,1,5.4058700000000002e-07,0.00073524599999999995,0.61681193949715174,0.38045929283261082,,,,,,,,,,,,,,,,,,,,,,,,
inner,2d,boundary_singularity,p2,2,adaptive_g_effective_rho,g_eff_rho,production_2M,2000000,completed,24339166,20260701_091327_190259_job24339166,snellius_next_mem216,algorithm_data_ordered/2d/boundary_singularity/p2/production_2M/adaptive_g_effective_rho,inner_history.csv,completed,18,0,,12033,12033,16259,18036,18036,55612,6.65416,26.6581,,,,,,0,,1,0.367226,1,computed,2.44444,1.31416,1.86007,4.7044000000000002e-06,0.0021689600000000002,1.1499600000000001e-05,0.0033911060142673218,6.1823500000000002e-06,0.0024864331883241906,-0.46187086961036816,0.46187086961036816,10,-0.45059250829449998,0.45059250829449998,10,-0.90118501658899997,0.90118501658899997,10,4.0612000000000002e-06,0.0020152400000000002,7.4974400000000005e-07,0.00086587800000000005,4.9902600000000001e-06,0.0022338900000000001,5.2786599999999996e-09,7.26544e-05,7.4446500000000002e-07,0.00086282399999999999,1.5389800000000001e-28,1.2405599999999999e-14,1.24056e-14,0.084205353583117759,0.0070905415298234296,11.875729480939901,141.03295154452078,0.083908356604510098,0.99647294422539889,1.43271915905012e-11,2.0526739793849633e-22,1,1,not_skipped,success,1,2.7215200000000001e-07,0.00052168199999999998,0.60248903425193845,0.36299323502422159,,,,,,,,,,,,,,,,,,,,,,,,
inner,2d,boundary_singularity,p2,2,adaptive_g_effective_rho,g_eff_rho,production_2M,2000000,completed,24339166,20260701_091327_190259_job24339166,snellius_next_mem216,algorithm_data_ordered/2d/boundary_singularity/p2/production_2M/adaptive_g_effective_rho,inner_history.csv,completed,19,0,,16259,16259,22041,24375,24375,75116,10.2598,37.3293,,,,,,0,,1,0.237914,1,computed,2.44444,1.16055,2.10627,3.2826699999999999e-06,0.0018118100000000001,8.0243000000000004e-06,0.0028327195413595041,3.80971e-06,0.0019518478424303469,-0.46187086961036816,0.46187086961036816,10,-0.45059250829449998,0.45059250829449998,10,-0.90118501658899997,0.90118501658899997,10,2.8029100000000002e-06,0.0016741900000000001,2.3568e-07,0.00048546899999999998,3.4958999999999999e-06,0.00186973,4.10782e-09,6.4092300000000003e-05,2.31572e-07,0.00048121900000000002,2.0886999999999999e-28,1.44523e-14,1.44523e-14,0.13318738453801698,0.01773884580173769,7.5082186159647879,56.373453559308828,0.13202140610420027,0.99124557901740384,2.9769769027476523e-11,8.8624405974202302e-22,1,1,not_skipped,success,1,9.0435899999999998e-08,0.00030072600000000002,0.61945458927346553,0.38372326883910385,,,,,,,,,,,,,,,,,,,,,,,,
inner,2d,boundary_singularity,p2,2,adaptive_g_effective_rho,g_eff_rho,production_2M,2000000,completed,24339166,20260701_091327_190259_job24339166,snellius_next_mem216,algorithm_data_ordered/2d/boundary_singularity/p2/production_2M/adaptive_g_effective_rho,inner_history.csv,completed,20,0,,22041,22041,30673,33048,33048,101728,13.3472,51.2285,,,,,,0,,1,0.268709,1,computed,2.44444,1.1944,2.04659,2.7222500000000001e-06,0.00164992,6.6543799999999996e-06,0.0025796084974274683,3.2514400000000002e-06,0.0018031749776436007,-0.46187086961036816,0.46187086961036816,10,-0.45059250829449998,0.45059250829449998,10,-0.90118501658899997,0.90118501658899997,10,2.31462e-06,0.0015213900000000001,2.46368e-07,0.00049635399999999996,2.9034200000000001e-06,0.0017039399999999999,2.4510100000000002e-09,4.95077e-05,2.43917e-07,0.00049387900000000002,2.7057400000000001e-28,1.64491e-14,1.64491e-14,0.10024256953626293,0.010048541102096206,9.9758017439711395,99.516933835439261,0.099742723942992315,0.99501363945893473,3.3139855828702904e-11,1.0982513962852319e-21,1,1,not_skipped,success,1,9.07529e-08,0.00030125200000000001,0.60692973160284802,0.36836318028315368,,,,,,,,,,,,,,,,,,,,,,,,
inner,2d,boundary_singularity,p2,2,adaptive_g_effective_rho,g_eff_rho,production_2M,2000000,completed,24339166,20260701_091327_190259_job24339166,snellius_next_mem216,algorithm_data_ordered/2d/boundary_singularity/p2/production_2M/adaptive_g_effective_rho,inner_history.csv,completed,21,0,,30673,30673,44629,45996,45996,141052,18.7005,70.7016,,,,,,0,,1,0.254669,1,computed,2.44444,1.17873,2.07379,2.2067200000000001e-06,0.0014855000000000001,5.3942e-06,0.0023225417111432034,2.6011299999999999e-06,0.0016128019097210915,-0.46187086961036816,0.46187086961036816,10,-0.45059250829449998,0.45059250829449998,10,-0.90118501658899997,0.90118501658899997,10,1.8850299999999999e-06,0.0013729599999999999,1.7975400000000001e-07,0.00042397399999999998,2.3496899999999999e-06,0.00153287,1.7607499999999999e-09,4.1961300000000001e-05,1.77993e-07,0.00042189199999999999,3.4916800000000002e-28,1.8686000000000001e-14,1.8686e-14,0.099459814360073201,0.009892242953374571,10.0543119493438,101.08930853329548,0.098971399189572956,0.99508932151499863,4.4073457334647886e-11,1.9424769407078562e-21,1,1,not_skipped,success,1,7.0194600000000006e-08,0.00026494300000000001,0.62490388561562749,0.39050368837411131,,,,,,,,,,,,,,,,,,,,,,,,
inner,2d,boundary_singularity,p2,2,adaptive_g_effective_rho,g_eff_rho,production_2M,2000000,completed,24339166,20260701_091327_190259_job24339166,snellius_next_mem216,algorithm_data_ordered/2d/boundary_singularity/p2/production_2M/adaptive_g_effective_rho,inner_history.csv,completed,22,0,,44629,44629,64491,66930,66930,205424,30.1469,102.054,,,,,,0,,1,0.284202,1,computed,2.44444,1.21211,2.01668,1.6848500000000001e-06,0.00129802,4.1185100000000003e-06,0.0020294112446717152,2.0422199999999998e-06,0.0014290626298381747,-0.46187086961036816,0.46187086961036816,10,-0.45059250829449998,0.45059250829449998,10,-0.90118501658899997,0.90118501658899997,10,1.4551799999999999e-06,0.0012063099999999999,1.6625e-07,0.00040773799999999999,1.7869199999999999e-06,0.00133676,1.1596399999999999e-09,3.4053500000000002e-05,1.6509100000000001e-07,0.00040631400000000001,4.7899699999999996e-28,2.1885999999999999e-14,2.1886e-14,0.083810796576047092,0.0070242472333440342,11.93163698298266,142.36400952019594,0.08351809250057636,0.99650756122804351,5.3676625676292128e-11,2.881184962406015e-21,1,1,not_skipped,success,1,7.2484500000000003e-08,0.00026922900000000001,0.6602990155442956,0.43599699248120305,,,,,,,,,,,,,,,,,,,,,,,,
inner,2d,boundary_singularity,p2,2,adaptive_g_effective_rho,g_eff_rho,production_2M,2000000,completed,24339166,20260701_091327_190259_job24339166,snellius_next_mem216,algorithm_data_ordered/2d/boundary_singularity/p2/production_2M/adaptive_g_effective_rho,inner_history.csv,completed,23,0,,64491,64491,87495,96867,96867,296492,40.7696,144.603,,,,,,0,,1,0.360815,1,computed,2.44444,1.30588,1.87188,1.16963e-06,0.0010814900000000001,2.85909e-06,0.0016908843839837187,1.5273899999999999e-06,0.0012358762073929573,-0.46187086961036816,0.46187086961036816,10,-0.45059250829449998,0.45059250829449998,10,-0.90118501658899997,0.90118501658899997,10,1.01094e-06,0.0010054599999999999,1.8015100000000001e-07,0.00042444200000000003,1.24016e-06,0.0011136200000000001,7.5163200000000004e-10,2.74159e-05,1.79399e-07,0.00042355600000000001,6.1858999999999999e-28,2.48715e-14,2.48715e-14,0.064727922635967855,0.0041897223507377408,15.449283080256349,238.67930050875961,0.064592806555430413,0.99791255342308249,5.8598112345149633e-11,3.4337305926694828e-21,1,1,not_skipped,success,1,8.8530600000000005e-08,0.00029754100000000002,0.70101686449503109,0.49142441618420102,,,,,,,,,,,,,,,,,,,,,,,,
inner,2d,boundary_singularity,p2,2,adaptive_g_effective_rho,g_eff_rho,production_2M,2000000,completed,24339166,20260701_091327_190259_job24339166,snellius_next_mem216,algorithm_data_ordered/2d/boundary_singularity/p2/production_2M/adaptive_g_effective_rho,inner_history.csv,completed,24,0,,87495,87495,114367,131463,131463,401092,54.9203,201.857,,,,,,0,,1,0.344109,1,computed,2.44444,1.2846,1.90289,7.5713400000000001e-07,0.00087013499999999996,1.8507699999999999e-06,0.0013604300790558844,9.7261199999999992e-07,0.00098621093078509327,-0.46187086961036816,0.46187086961036816,10,-0.45059250829449998,0.45059250829449998,10,-0.90118501658899997,0.90118501658899997,10,6.3238300000000003e-07,0.00079522499999999999,1.1038500000000001e-07,0.00033224200000000001,8.1257900000000001e-07,0.00090143199999999997,4.60252e-10,2.1453500000000001e-05,1.09925e-07,0.00033154899999999999,7.6911000000000002e-28,2.77328e-14,2.77328e-14,0.064706875906728717,0.0041869638389811234,15.454308154846528,238.83655041151368,0.064571908428193908,0.99791417099584034,8.3471686300949311e-11,6.9675227612447335e-21,1,1,not_skipped,success,1,5.8306800000000003e-08,0.000241468,0.7267834891434557,0.52821307242831905,,,,,,,,,,,,,,,,,,,,,,,,
inner,2d,boundary_singularity,p2,2,adaptive_g_effective_rho,g_eff_rho,production_2M,2000000,completed,24339166,20260701_091327_190259_job24339166,snellius_next_mem216,algorithm_data_ordered/2d/boundary_singularity/p2/production_2M/adaptive_g_effective_rho,inner_history.csv,completed,25,0,,114367,114367,154115,172227,172227,524188,70.7058,275.676,,,,,,0,,1,0.342405,1,computed,2.44444,1.28245,1.90607,5.4143500000000003e-07,0.00073582300000000003,1.32351e-06,0.0011504390466252439,6.9436400000000004e-07,0.00083328506526878302,-0.46187086961036816,0.46187086961036816,10,-0.45059250829449998,0.45059250829449998,10,-0.90118501658899997,0.90118501658899997,10,4.57701e-07,0.00067653600000000004,7.7312300000000001e-08,0.00027805100000000003,5.7864999999999996e-07,0.00076068999999999996,3.8594600000000001e-10,1.96455e-05,7.69263e-08,0.00027735599999999998,9.5317099999999997e-28,3.08735e-14,3.08735e-14,0.070831350322329428,0.00501708778402185,14.118042299763303,199.31881662201448,0.070654304426166423,0.99750045854897107,1.1103538559472901e-10,1.2328840300961166e-20,1,1,not_skipped,success,1,3.8415200000000001e-08,0.00019599799999999999,0.70489946089026823,0.49688341958524063,,,,,,,,,,,,,,,,,,,,,,,,
inner,2d,boundary_singularity,p2,2,adaptive_g_effective_rho,g_eff_rho,production_2M,2000000,completed,24339166,20260701_091327_190259_job24339166,snellius_next_mem216,algorithm_data_ordered/2d/boundary_singularity/p2/production_2M/adaptive_g_effective_rho,inner_history.csv,completed,26,0,,154115,154115,210951,232347,232347,707368,108.529,388.588,,,,,,0,,1,0.298514,1,computed,2.44444,1.22886,1.98919,4.49111e-07,0.00067015800000000002,1.0978300000000001e-06,0.0010477738305569575,5.5189699999999998e-07,0.00074289770493655451,-0.46187086961036816,0.46187086961036816,10,-0.45059250829449998,0.45059250829449998,10,-0.90118501658899997,0.90118501658899997,10,3.77213e-07,0.00061417700000000004,5.00687e-08,0.00022376000000000001,4.8106599999999995e-07,0.00069358899999999999,2.89659e-10,1.7019399999999998e-05,4.9778999999999999e-08,0.000223112,1.1750600000000001e-27,3.4279099999999998e-14,3.42791e-14,0.076281867402918702,0.0058188995359488944,13.109275297601561,171.8538005033505,0.076060958169467272,0.99710404004290309,1.5319583482302466e-10,2.3468953657674357e-20,1,1,not_skipped,success,1,2.5399199999999999e-08,0.000159371,0.71224079370754378,0.5072869876789291,,,,,,,,,,,,,,,,,,,,,,,,
inner,2d,boundary_singularity,p2,2,adaptive_g_effective_rho,g_eff_rho,production_2M,2000000,completed,24339166,20260701_091327_190259_job24339166,snellius_next_mem216,algorithm_data_ordered/2d/boundary_singularity/p2/production_2M/adaptive_g_effective_rho,inner_history.csv,completed,27,0,,210951,210951,283345,317883,317883,966504,155.262,550.317,,,,,,0,,1,0.311509,1,computed,2.44444,1.24439,1.96437,3.6152599999999998e-07,0.00060127100000000001,8.8373100000000001e-07,0.0009400696782685845,4.4987899999999997e-07,0.00067073019911138637,-0.46187086961036816,0.46187086961036816,10,-0.45059250829449998,0.45059250829449998,10,-0.90118501658899997,0.90118501658899997,10,3.03349e-07,0.00055077100000000003,4.36541e-08,0.00020893600000000001,3.87383e-07,0.00062240099999999997,2.0235100000000001e-10,1.4225e-05,4.34518e-08,0.00020845099999999999,1.47258e-27,3.8374199999999999e-14,3.83742e-14,0.068241457224959348,0.0046569071937180972,14.65384885764499,214.73479251399795,0.068083049354826355,0.9976787150132097,1.836648543094536e-10,3.3732913976006836e-20,1,1,not_skipped,success,1,1.9454599999999999e-08,0.00013948000000000001,0.66757284527319372,0.44565344377733129,,,,,,,,,,,,,,,,,,,,,,,,
inner,2d,boundary_singularity,p2,2,adaptive_g_effective_rho,g_eff_rho,production_2M,2000000,completed,24339166,20260701_091327_190259_job24339166,snellius_next_mem216,algorithm_data_ordered/2d/boundary_singularity/p2/production_2M/adaptive_g_effective_rho,inner_history.csv,completed,28,0,,283345,283345,383001,426672,426672,1295544,203.351,762.901,,,,,,0,,1,0.292186,1,computed,2.44444,1.22141,2.00133,2.7124300000000002e-07,0.00052081000000000002,6.6303899999999996e-07,0.00081427206755481916,3.3130000000000001e-07,0.00057558665724632637,-0.46187086961036816,0.46187086961036816,10,-0.45059250829449998,0.45059250829449998,10,-0.90118501658899997,0.90118501658899997,10,2.26289e-07,0.00047569799999999998,2.9272299999999999e-08,0.00017109199999999999,2.9122300000000001e-07,0.00053965100000000004,1.4567700000000001e-10,1.2069700000000001e-05,2.91267e-08,0.00017066499999999999,1.8287600000000001e-27,4.2763999999999998e-14,4.2764e-14,0.070721589078018343,0.0050014934750589671,14.1399537685278,199.94027883605509,0.070545086853856409,0.9975042667103079,2.4994739672223132e-10,6.2474079590602724e-20,1,1,not_skipped,success,1,1.23899e-08,0.00011131,0.65058564982582479,0.42326363148778884,,,,,,,,,,,,,,,,,,,,,,,,
inner,2d,boundary_singularity,p2,2,adaptive_g_effective_rho,g_eff_rho,production_2M,2000000,completed,24339166,20260701_091327_190259_job24339166,snellius_next_mem216,algorithm_data_ordered/2d/boundary_singularity/p2/production_2M/adaptive_g_effective_rho,inner_history.csv,completed,29,0,,383001,383001,514717,576396,576396,1748488,308.456,1083.87,,,,,,0,,1,0.298396,1,computed,2.44444,1.22873,1.98942,2.103e-07,0.00045858500000000001,5.1406800000000005e-07,0.0007169853554989809,2.5840100000000001e-07,0.00050833158469644599,-0.46187086961036816,0.46187086961036816,10,-0.45059250829449998,0.45059250829449998,10,-0.90118501658899997,0.90118501658899997,10,1.77929e-07,0.00042181599999999999,2.3247e-08,0.00015247000000000001,2.2468800000000001e-07,0.000474012,1.04566e-10,1.02258e-05,2.3142400000000001e-08,0.00015212599999999999,1.03562e-22,1.01765e-11,1.01765e-11,0.067219278755768247,0.004518373202433628,14.87668446478515,221.3185930417153,0.067067619859644517,0.99774381845608962,6.6744277562799227e-08,4.4548543898137391e-15,1,1,not_skipped,success,1,9.0779900000000004e-09,9.5278499999999999e-05,0.62489998032399807,0.39050157009506603,,,,,,,,,,,,,,,,,,,,,,,,
inner,2d,boundary_singularity,p2,2,adaptive_g_effective_rho,g_eff_rho,production_2M,2000000,completed,24339166,20260701_091327_190259_job24339166,snellius_next_mem216,algorithm_data_ordered/2d/boundary_singularity/p2/production_2M/adaptive_g_effective_rho,inner_history.csv,completed,30,0,,514717,514717,675905,775095,775095,2348792,408.42,1510.02,,,,,,0,,1,0.303097,1,computed,2.44444,1.23431,1.98042,1.5139699999999999e-07,0.00038909799999999999,3.7008199999999999e-07,0.00060834365288050802,1.8687000000000001e-07,0.00043228462845676114,-0.46187086961036816,0.46187086961036816,10,-0.45059250829449998,0.45059250829449998,10,-0.90118501658899997,0.90118501658899997,10,1.25912e-07,0.00035483999999999998,1.7538699999999999e-08,0.00013243400000000001,1.62724e-07,0.00040339,6.7450100000000003e-11,8.2128000000000004e-06,1.7471199999999999e-08,0.00013217900000000001,5.9243800000000001e-22,2.43401e-11,2.43401e-11,0.062133924450933957,0.0038606449471129635,16.094267484901618,259.02407854102512,0.062014286361508374,0.99807451258740199,1.8379041635833695e-07,3.3778900374600173e-14,1,1,not_skipped,success,1,5.4065200000000001e-09,7.35291e-05,0.55521316278297106,0.30826229994241305,,,,,,,,,,,,,,,,,,,,,,,,
inner,2d,boundary_singularity,p2,2,adaptive_g_effective_rho,g_eff_rho,production_2M,2000000,completed,24339166,20260701_091327_190259_job24339166,snellius_next_mem216,algorithm_data_ordered/2d/boundary_singularity/p2/production_2M/adaptive_g_effective_rho,inner_history.csv,completed,31,0,,675905,675905,881237,1017795,1017795,3081912,577.12,2110.13,,,,,,0,,1,0.321401,1,computed,2.44444,1.2564,1.94559,1.2006999999999999e-07,0.00034651199999999999,2.9350500000000001e-07,0.00054176101742373453,1.5085700000000001e-07,0.00038840314107895679,-0.46187086961036816,0.46187086961036816,10,-0.45059250829449998,0.45059250829449998,10,-0.90118501658899997,0.90118501658899997,10,9.9146200000000004e-08,0.000314875,1.5606699999999999e-08,0.00012492699999999999,1.2937e-07,0.00035968000000000003,5.2633000000000003e-11,7.2548600000000004e-06,1.5554000000000002e-08,0.000124716,1.3286099999999999e-20,1.15266e-10,1.15266e-10,0.058171044613361561,0.0033838883888388837,17.19068321097857,295.51802101343264,0.058072794511995013,0.99831101363196117,9.22666837433061e-07,8.513074512869473e-13,1,1,not_skipped,success,1,3.4576400000000001e-09,5.8801700000000003e-05,0.47068848207353098,0.2215484375300352,,,,,,,,,,,,,,,,,,,,,,,,
inner,2d,boundary_singularity,p2,2,adaptive_g_effective_rho,g_eff_rho,production_2M,2000000,completed,24339166,20260701_091327_190259_job24339166,snellius_next_mem216,algorithm_data_ordered/2d/boundary_singularity/p2/production_2M/adaptive_g_effective_rho,inner_history.csv,completed,32,0,,881237,881237,1198011,1326825,1326825,4014684,757.721,2899.12,,,,,,0,,1,0.31244,1,computed,2.44444,1.24551,1.9626,9.7755000000000004e-08,0.000312658,2.3895699999999999e-07,0.00048883228207637845,1.2175499999999999e-07,0.00034893409119775038,-0.46187086961036816,0.46187086961036816,10,-0.45059250829449998,0.45059250829449998,10,-0.90118501658899997,0.90118501658899997,10,8.1054099999999998e-08,0.00028469999999999998,1.20127e-08,0.000109602,1.05178e-07,0.00032431099999999998,4.2441199999999999e-11,6.5146899999999998e-06,1.19702e-08,0.00010940799999999999,4.0322000000000002e-27,6.3499600000000003e-14,6.34996e-14,0.059544914448669203,0.0035455715025647025,16.794045457266577,282.04197807790541,0.059439517527052427,0.99822995930731184,5.7936534004853933e-10,3.3566142499188362e-19,1,1,not_skipped,success,1,2.88902e-09,5.3749599999999998e-05,0.49040710935931825,0.24049714052627635,,,,,,,,,,,,,,,,,,,,,,,,
inner,2d,boundary_singularity,p2,2,adaptive_g_effective_rho,g_eff_rho,production_2M,2000000,completed,24339166,20260701_091327_190259_job24339166,snellius_next_mem216,algorithm_data_ordered/2d/boundary_singularity/p2/production_2M/adaptive_g_effective_rho,inner_history.csv,completed,33,0,,1198011,1198011,1560625,1804230,1804230,5457600,1188.62,4132.12,,,,,,0,,1,0.340125,1,computed,2.44444,1.27959,1.91034,7.1110900000000002e-08,0.00026666599999999998,1.7382700000000001e-07,0.00041692565284472485,9.0992699999999997e-08,0.00030164996270511953,-0.46187086961036816,0.46187086961036816,10,-0.45059250829449998,0.45059250829449998,10,-0.90118501658899997,0.90118501658899997,10,5.9135599999999999e-08,0.00024317800000000001,1.01892e-08,0.000100942,7.6433200000000004e-08,0.00027646600000000001,3.5832299999999997e-11,5.9860099999999998e-06,1.01534e-08,0.000100764,3.5136100000000001e-20,1.87446e-10,1.87446e-10,0.059406236354253503,0.0035290937026020838,16.833249526813354,283.35886895343032,0.059301480057855009,0.99823661112321926,1.8569673673991006e-06,3.4483668982844581e-12,1,1,not_skipped,success,1,3.0982399999999998e-09,5.5661800000000003e-05,0.55142358978423256,0.30407097711302161,,,,,,,,,,,,,,,,,,,,,,,,
inner,2d,boundary_singularity,p2,2,adaptive_g_effective_rho,g_eff_rho,production_2M,2000000,completed,24339166,20260701_091327_190259_job24339166,snellius_next_mem216,algorithm_data_ordered/2d/boundary_singularity/p2/production_2M/adaptive_g_effective_rho,inner_history.csv,completed,34,0,,1560625,1560625,1992327,2351802,2351802,7108264,1671.54,5863.82,,,,,,0,,1,0.339978,1,computed,2.44444,1.27941,1.91061,5.40607e-08,0.00023250899999999999,1.32148e-07,0.00036352166372858718,6.9165499999999998e-08,0.00026299334592342824,-0.46187086961036816,0.46187086961036816,10,-0.45059250829449998,0.45059250829449998,10,-0.90118501658899997,0.90118501658899997,10,4.4485999999999999e-08,0.000210917,7.8171499999999996e-09,8.8414599999999999e-05,5.8316100000000003e-08,0.000241487,2.8520799999999999e-11,5.3404800000000002e-06,7.7886300000000006e-09,8.8253199999999997e-05,3.3461000000000001e-20,1.8292400000000001e-10,1.82924e-10,0.060513159862758521,0.0036618506720694135,16.525331056384445,273.08595831813977,0.060402693672764456,0.99817450963981058,2.0689343162780811e-06,4.2804602700472685e-12,1,1,not_skipped,success,1,1.55275e-09,3.9405e-05,0.44568431005738873,0.19863377317820435,,,,,,,,,,,,,,,,,,,,,,,,
inner,2d,boundary_singularity,p2,2,adaptive_g_effective_rho,g_eff_rho,production_2M,2000000,completed,24339166,20260701_091327_190259_job24339166,snellius_next_mem216,algorithm_data_ordered/2d/boundary_singularity/p2/production_2M/adaptive_g_effective_rho,inner_history.csv,completed,35,0,,1992327,1992327,2620297,3002220,3002220,9068884,2159.3,8101.01,,,,,,0,,1,0.365356,1,computed,2.44444,1.31174,1.86351,4.3910799999999998e-08,0.00020954900000000001,1.07338e-07,0.00032762478538718649,5.7599599999999998e-08,0.00023999916666521989,-0.46187086961036816,0.46187086961036816,10,-0.45059250829449998,0.45059250829449998,10,-0.90118501658899997,0.90118501658899997,10,3.6215100000000002e-08,0.00019030300000000001,7.2332299999999998e-09,8.5048400000000004e-05,4.7331100000000001e-08,0.000217557,2.2330100000000002e-11,4.7254700000000003e-06,7.2109000000000004e-09,8.4917e-05,1.77118e-19,4.2085399999999998e-10,4.20854e-10,0.055648103442184724,0.0030967146958077356,17.97006435338707,322.9228709231038,0.055562126977109508,0.99845499738972154,4.9484058489048582e-06,2.4486709257136856e-11,1,1,not_skipped,success,1,1.1100700000000001e-09,3.3317800000000001e-05,0.39175104999035842,0.15346809101881181,,,,,,,,,,,,,,,,,,,,,,,,
inner_summary,2d,boundary_singularity,p2,2,adaptive_g_effective_rho,g_eff_rho,production_2M,2000000,completed,24339166,20260701_091327_190259_job24339166,snellius_next_mem216,algorithm_data_ordered/2d/boundary_singularity/p2/production_2M/adaptive_g_effective_rho,inner_history.csv,,0,,1,15,15,27,,,,,,,,,,,,,,,,,,,,,,,,,,-0.46187086961036816,0.46187086961036816,10,-0.45059250829449998,0.45059250829449998,10,-0.90118501658899997,0.90118501658899997,10,,,,,,,,,,,,,,,,,,,,,,,,,,,,,,,86955309210067.625,86955309210067.625,86955309210067.625,86955309210067.625,1.1500160359204619e-14,1.1500160359204619e-14,1.1500160359204619e-14,1.1500160359204619e-14,0.97817848823469833,0.97817848823469833,0.97817848823469833,0.97817848823469833,3.2816456230377096e-14,3.2816456230377096e-14,3.2816456230377096e-14,3.2816456230377096e-14,1,1,1,1,1,1,1,1
inner_summary,2d,boundary_singularity,p2,2,adaptive_g_effective_rho,g_eff_rho,production_2M,2000000,completed,24339166,20260701_091327_190259_job24339166,snellius_next_mem216,algorithm_data_ordered/2d/boundary_singularity/p2/production_2M/adaptive_g_effective_rho,inner_history.csv,,1,,1,27,27,45,,,,,,,,,,,,,,,,,,,,,,,,,,-0.46187086961036816,0.46187086961036816,10,-0.45059250829449998,0.45059250829449998,10,-0.90118501658899997,0.90118501658899997,10,,,,,,,,,,,,,,,,,,,,,,,,,,,,,,,2.7935400974342905,2.7935400974342905,2.7935400974342905,2.7935400974342905,0.35796872968404631,0.35796872968404631,0.35796872968404631,0.35796872968404631,0.93702874849371665,0.93702874849371665,0.93702874849371665,0.93702874849371665,4.762686253132113e-14,4.762686253132113e-14,4.762686253132113e-14,4.762686253132113e-14,0.94149691092366239,0.94149691092366239,0.94149691092366239,0.94149691092366239,1,1,1,1
inner_summary,2d,boundary_singularity,p2,2,adaptive_g_effective_rho,g_eff_rho,production_2M,2000000,completed,24339166,20260701_091327_190259_job24339166,snellius_next_mem216,algorithm_data_ordered/2d/boundary_singularity/p2/production_2M/adaptive_g_effective_rho,inner_history.csv,,2,,1,45,45,61,,,,,,,,,,,,,,,,,,,,,,,,,,-0.46187086961036816,0.46187086961036816,10,-0.45059250829449998,0.45059250829449998,10,-0.90118501658899997,0.90118501658899997,10,,,,,,,,,,,,,,,,,,,,,,,,,,,,,,,28621258915806.355,28621258915806.355,28621258915806.355,28621258915806.355,3.4939064104120898e-14,3.4939064104120898e-14,3.4939064104120898e-14,3.4939064104120898e-14,0.98846688818483874,0.98846688818483874,0.98846688818483874,0.98846688818483874,6.9472716835749052e-14,6.9472716835749052e-14,6.9472716835749052e-14,6.9472716835749052e-14,1,1,1,1,1,1,1,1
inner_summary,2d,boundary_singularity,p2,2,adaptive_g_effective_rho,g_eff_rho,production_2M,2000000,completed,24339166,20260701_091327_190259_job24339166,snellius_next_mem216,algorithm_data_ordered/2d/boundary_singularity/p2/production_2M/adaptive_g_effective_rho,inner_history.csv,,3,,1,61,61,77,,,,,,,,,,,,,,,,,,,,,,,,,,-0.46187086961036816,0.46187086961036816,10,-0.45059250829449998,0.45059250829449998,10,-0.90118501658899997,0.90118501658899997,10,,,,,,,,,,,,,,,,,,,,,,,,,,,,,,,38744263095640.172,38744263095640.172,38744263095640.172,38744263095640.172,2.5810272801717796e-14,2.5810272801717796e-14,2.5810272801717796e-14,2.5810272801717796e-14,0.98328999852825183,0.98328999852825183,0.98328999852825183,0.98328999852825183,1.4942847115562414e-13,1.4942847115562414e-13,1.4942847115562414e-13,1.4942847115562414e-13,1,1,1,1,1,1,1,1
inner_summary,2d,boundary_singularity,p2,2,adaptive_g_effective_rho,g_eff_rho,production_2M,2000000,completed,24339166,20260701_091327_190259_job24339166,snellius_next_mem216,algorithm_data_ordered/2d/boundary_singularity/p2/production_2M/adaptive_g_effective_rho,inner_history.csv,,4,,1,77,77,127,,,,,,,,,,,,,,,,,,,,,,,,,,-0.46187086961036816,0.46187086961036816,10,-0.45059250829449998,0.45059250829449998,10,-0.90118501658899997,0.90118501658899997,10,,,,,,,,,,,,,,,,,,,,,,,,,,,,,,,24675534702433.594,24675534702433.594,24675534702433.594,24675534702433.594,4.0525970847609489e-14,4.0525970847609489e-14,4.0525970847609489e-14,4.0525970847609489e-14,0.97625664722620886,0.97625664722620886,0.97625664722620886,0.97625664722620886,3.6938169389160354e-13,3.6938169389160354e-13,3.6938169389160354e-13,3.6938169389160354e-13,1,1,1,1,1,1,1,1
inner_summary,2d,boundary_singularity,p2,2,adaptive_g_effective_rho,g_eff_rho,production_2M,2000000,completed,24339166,20260701_091327_190259_job24339166,snellius_next_mem216,algorithm_data_ordered/2d/boundary_singularity/p2/production_2M/adaptive_g_effective_rho,inner_history.csv,,5,,1,127,127,199,,,,,,,,,,,,,,,,,,,,,,,,,,-0.46187086961036816,0.46187086961036816,10,-0.45059250829449998,0.45059250829449998,10,-0.90118501658899997,0.90118501658899997,10,,,,,,,,,,,,,,,,,,,,,,,,,,,,,,,0.66295509894727456,0.66295509894727456,0.66295509894727456,0.66295509894727456,1.5083977807666442,1.5083977807666442,1.5083977807666442,1.5083977807666442,0.75474940777555855,0.75474940777555855,0.75474940777555855,0.75474940777555855,3.3382460866737886e-13,3.3382460866737886e-13,3.3382460866737886e-13,3.3382460866737886e-13,0.55255701611779462,0.55255701611779462,0.55255701611779462,0.55255701611779462,1,1,1,1
inner_summary,2d,boundary_singularity,p2,2,adaptive_g_effective_rho,g_eff_rho,production_2M,2000000,completed,24339166,20260701_091327_190259_job24339166,snellius_next_mem216,algorithm_data_ordered/2d/boundary_singularity/p2/production_2M/adaptive_g_effective_rho,inner_history.csv,,6,,1,199,199,279,,,,,,,,,,,,,,,,,,,,,,,,,,-0.46187086961036816,0.46187086961036816,10,-0.45059250829449998,0.45059250829449998,10,-0.90118501658899997,0.90118501658899997,10,,,,,,,,,,,,,,,,,,,,,,,,,,,,,,,0.44438700841848044,0.44438700841848044,0.44438700841848044,0.44438700841848044,2.250290807462799,2.250290807462799,2.250290807462799,2.250290807462799,0.69196154695590306,0.69196154695590306,0.69196154695590306,0.69196154695590306,3.3201332482638463e-13,3.3201332482638463e-13,3.3201332482638463e-13,3.3201332482638463e-13,0.40609432897352216,0.40609432897352216,0.40609432897352216,0.40609432897352216,1,1,1,1
inner_summary,2d,boundary_singularity,p2,2,adaptive_g_effective_rho,g_eff_rho,production_2M,2000000,completed,24339166,20260701_091327_190259_job24339166,snellius_next_mem216,algorithm_data_ordered/2d/boundary_singularity/p2/production_2M/adaptive_g_effective_rho,inner_history.csv,,7,,1,279,279,341,,,,,,,,,,,,,,,,,,,,,,,,,,-0.46187086961036816,0.46187086961036816,10,-0.45059250829449998,0.45059250829449998,10,-0.90118501658899997,0.90118501658899997,10,,,,,,,,,,,,,,,,,,,,,,,,,,,,,,,4467136199293.6113,4467136199293.6113,4467136199293.6113,4467136199293.6113,2.2385706532926623e-13,2.2385706532926623e-13,2.2385706532926623e-13,2.2385706532926623e-13,0.98099631341579785,0.98099631341579785,0.98099631341579785,0.98099631341579785,1.4100903868106368e-12,1.4100903868106368e-12,1.4100903868106368e-12,1.4100903868106368e-12,1,1,1,1,1,1,1,1
inner_summary,2d,boundary_singularity,p2,2,adaptive_g_effective_rho,g_eff_rho,production_2M,2000000,completed,24339166,20260701_091327_190259_job24339166,snellius_next_mem216,algorithm_data_ordered/2d/boundary_singularity/p2/production_2M/adaptive_g_effective_rho,inner_history.csv,,8,,1,341,341,557,,,,,,,,,,,,,,,,,,,,,,,,,,-0.46187086961036816,0.46187086961036816,10,-0.45059250829449998,0.45059250829449998,10,-0.90118501658899997,0.90118501658899997,10,,,,,,,,,,,,,,,,,,,,,,,,,,,,,,,7.2968258533824475,7.2968258533824475,7.2968258533824475,7.2968258533824475,0.13704589092481212,0.13704589092481212,0.13704589092481212,0.13704589092481212,0.97618612690402007,0.97618612690402007,0.97618612690402007,0.97618612690402007,2.4134490495489311e-12,2.4134490495489311e-12,2.4134490495489311e-12,2.4134490495489311e-12,0.99073925931711637,0.99073925931711637,0.99073925931711637,0.99073925931711637,1,1,1,1
inner_summary,2d,boundary_singularity,p2,2,adaptive_g_effective_rho,g_eff_rho,production_2M,2000000,completed,24339166,20260701_091327_190259_job24339166,snellius_next_mem216,algorithm_data_ordered/2d/boundary_singularity/p2/production_2M/adaptive_g_effective_rho,inner_history.csv,,9,,1,557,557,911,,,,,,,,,,,,,,,,,,,,,,,,,,-0.46187086961036816,0.46187086961036816,10,-0.45059250829449998,0.45059250829449998,10,-0.90118501658899997,0.90118501658899997,10,,,,,,,,,,,,,,,,,,,,,,,,,,,,,,,0.73223309072365672,0.73223309072365672,0.73223309072365672,0.73223309072365672,1.3656853434631213,1.3656853434631213,1.3656853434631213,1.3656853434631213,0.77209292660626727,0.77209292660626727,0.77209292660626727,0.77209292660626727,2.0285844900673263e-12,2.0285844900673263e-12,2.0285844900673263e-12,2.0285844900673263e-12,0.59078630205302973,0.59078630205302973,0.59078630205302973,0.59078630205302973,1,1,1,1
inner_summary,2d,boundary_singularity,p2,2,adaptive_g_effective_rho,g_eff_rho,production_2M,2000000,completed,24339166,20260701_091327_190259_job24339166,snellius_next_mem216,algorithm_data_ordered/2d/boundary_singularity/p2/production_2M/adaptive_g_effective_rho,inner_history.csv,,10,,1,911,911,1235,,,,,,,,,,,,,,,,,,,,,,,,,,-0.46187086961036816,0.46187086961036816,10,-0.45059250829449998,0.45059250829449998,10,-0.90118501658899997,0.90118501658899997,10,,,,,,,,,,,,,,,,,,,,,,,,,,,,,,,0.16617794125125007,0.16617794125125007,0.16617794125125007,0.16617794125125007,6.017645858833129,6.017645858833129,6.017645858833129,6.017645858833129,0.63747784503227112,0.63747784503227112,0.63747784503227112,0.63747784503227112,1.2826723071263754e-12,1.2826723071263754e-12,1.2826723071263754e-12,1.2826723071263754e-12,0.16393004046416748,0.16393004046416748,0.16393004046416748,0.16393004046416748,1,1,1,1
inner_summary,2d,boundary_singularity,p2,2,adaptive_g_effective_rho,g_eff_rho,production_2M,2000000,completed,24339166,20260701_091327_190259_job24339166,snellius_next_mem216,algorithm_data_ordered/2d/boundary_singularity/p2/production_2M/adaptive_g_effective_rho,inner_history.csv,,11,,1,1235,1235,1587,,,,,,,,,,,,,,,,,,,,,,,,,,-0.46187086961036816,0.46187086961036816,10,-0.45059250829449998,0.45059250829449998,10,-0.90118501658899997,0.90118501658899997,10,,,,,,,,,,,,,,,,,,,,,,,,,,,,,,,0.55094598068187894,0.55094598068187894,0.55094598068187894,0.55094598068187894,1.8150599787702395,1.8150599787702395,1.8150599787702395,1.8150599787702395,0.64940308272528513,0.64940308272528513,0.64940308272528513,0.64940308272528513,6.0082318828316588e-12,6.0082318828316588e-12,6.0082318828316588e-12,6.0082318828316588e-12,0.48255484522156433,0.48255484522156433,0.48255484522156433,0.48255484522156433,1,1,1,1
inner_summary,2d,boundary_singularity,p2,2,adaptive_g_effective_rho,g_eff_rho,production_2M,2000000,completed,24339166,20260701_091327_190259_job24339166,snellius_next_mem216,algorithm_data_ordered/2d/boundary_singularity/p2/production_2M/adaptive_g_effective_rho,inner_history.csv,,12,,1,1587,1587,2201,,,,,,,,,,,,,,,,,,,,,,,,,,-0.46187086961036816,0.46187086961036816,10,-0.45059250829449998,0.45059250829449998,10,-0.90118501658899997,0.90118501658899997,10,,,,,,,,,,,,,,,,,,,,,,,,,,,,,,,0.53122133832475427,0.53122133832475427,0.53122133832475427,0.53122133832475427,1.8824545022110253,1.8824545022110253,1.8824545022110253,1.8824545022110253,0.6630300205139904,0.6630300205139904,0.6630300205139904,0.6630300205139904,7.7198559226915153e-12,7.7198559226915153e-12,7.7198559226915153e-12,7.7198559226915153e-12,0.46913561880013815,0.46913561880013815,0.46913561880013815,0.46913561880013815,1,1,1,1
inner_summary,2d,boundary_singularity,p2,2,adaptive_g_effective_rho,g_eff_rho,production_2M,2000000,completed,24339166,20260701_091327_190259_job24339166,snellius_next_mem216,algorithm_data_ordered/2d/boundary_singularity/p2/production_2M/adaptive_g_effective_rho,inner_history.csv,,13,,1,2201,2201,3299,,,,,,,,,,,,,,,,,,,,,,,,,,-0.46187086961036816,0.46187086961036816,10,-0.45059250829449998,0.45059250829449998,10,-0.90118501658899997,0.90118501658899997,10,,,,,,,,,,,,,,,,,,,,,,,,,,,,,,,0.87217297797504034,0.87217297797504034,0.87217297797504034,0.87217297797504034,1.1465615482856863,1.1465615482856863,1.1465615482856863,1.1465615482856863,0.80429286814347023,0.80429286814347023,0.80429286814347023,0.80429286814347023,1.8091391340003809e-11,1.8091391340003809e-11,1.8091391340003809e-11,1.8091391340003809e-11,0.65729700409720948,0.65729700409720948,0.65729700409720948,0.65729700409720948,1,1,1,1
inner_summary,2d,boundary_singularity,p2,2,adaptive_g_effective_rho,g_eff_rho,production_2M,2000000,completed,24339166,20260701_091327_190259_job24339166,snellius_next_mem216,algorithm_data_ordered/2d/boundary_singularity/p2/production_2M/adaptive_g_effective_rho,inner_history.csv,,14,,1,3299,3299,4691,,,,,,,,,,,,,,,,,,,,,,,,,,-0.46187086961036816,0.46187086961036816,10,-0.45059250829449998,0.45059250829449998,10,-0.90118501658899997,0.90118501658899997,10,,,,,,,,,,,,,,,,,,,,,,,,,,,,,,,0.24053937572203399,0.24053937572203399,0.24053937572203399,0.24053937572203399,4.1573235026418072,4.1573235026418072,4.1573235026418072,4.1573235026418072,0.65926914622162835,0.65926914622162835,0.65926914622162835,0.65926914622162835,9.074959636500919e-12,9.074959636500919e-12,9.074959636500919e-12,9.074959636500919e-12,0.23386865730786843,0.23386865730786843,0.23386865730786843,0.23386865730786843,1,1,1,1
inner_summary,2d,boundary_singularity,p2,2,adaptive_g_effective_rho,g_eff_rho,production_2M,2000000,completed,24339166,20260701_091327_190259_job24339166,snellius_next_mem216,algorithm_data_ordered/2d/boundary_singularity/p2/production_2M/adaptive_g_effective_rho,inner_history.csv,,15,,1,4691,4691,6603,,,,,,,,,,,,,,,,,,,,,,,,,,-0.46187086961036816,0.46187086961036816,10,-0.45059250829449998,0.45059250829449998,10,-0.90118501658899997,0.90118501658899997,10,,,,,,,,,,,,,,,,,,,,,,,,,,,,,,,0.10242291693468845,0.10242291693468845,0.10242291693468845,0.10242291693468845,9.7634399598057282,9.7634399598057282,9.7634399598057282,9.7634399598057282,0.62861567339277336,0.62861567339277336,0.62861567339277336,0.62861567339277336,6.9783371016594861e-12,6.9783371016594861e-12,6.9783371016594861e-12,6.9783371016594861e-12,0.10188985111556674,0.10188985111556674,0.10188985111556674,0.10188985111556674,1,1,1,1
inner_summary,2d,boundary_singularity,p2,2,adaptive_g_effective_rho,g_eff_rho,production_2M,2000000,completed,24339166,20260701_091327_190259_job24339166,snellius_next_mem216,algorithm_data_ordered/2d/boundary_singularity/p2/production_2M/adaptive_g_effective_rho,inner_history.csv,,16,,1,6603,6603,9127,,,,,,,,,,,,,,,,,,,,,,,,,,-0.46187086961036816,0.46187086961036816,10,-0.45059250829449998,0.45059250829449998,10,-0.90118501658899997,0.90118501658899997,10,,,,,,,,,,,,,,,,,,,,,,,,,,,,,,,0.071479065791122218,0.071479065791122218,0.071479065791122218,0.071479065791122218,13.990110096321393,13.990110096321393,13.990110096321393,13.990110096321393,0.60732910396741957,0.60732910396741957,0.60732910396741957,0.60732910396741957,7.1007549638690607e-12,7.1007549638690607e-12,7.1007549638690607e-12,7.1007549638690607e-12,0.071297258753390713,0.071297258753390713,0.071297258753390713,0.071297258753390713,1,1,1,1
inner_summary,2d,boundary_singularity,p2,2,adaptive_g_effective_rho,g_eff_rho,production_2M,2000000,completed,24339166,20260701_091327_190259_job24339166,snellius_next_mem216,algorithm_data_ordered/2d/boundary_singularity/p2/production_2M/adaptive_g_effective_rho,inner_history.csv,,17,,1,9127,9127,12033,,,,,,,,,,,,,,,,,,,,,,,,,,-0.46187086961036816,0.46187086961036816,10,-0.45059250829449998,0.45059250829449998,10,-0.90118501658899997,0.90118501658899997,10,,,,,,,,,,,,,,,,,,,,,,,,,,,,,,,0.065382649415285807,0.065382649415285807,0.065382649415285807,0.065382649415285807,15.294577520840109,15.294577520840109,15.294577520840109,15.294577520840109,0.61681193949715174,0.61681193949715174,0.61681193949715174,0.61681193949715174,9.2025234687628448e-12,9.2025234687628448e-12,9.2025234687628448e-12,9.2025234687628448e-12,0.065243328495566313,0.065243328495566313,0.065243328495566313,0.065243328495566313,1,1,1,1
inner_summary,2d,boundary_singularity,p2,2,adaptive_g_effective_rho,g_eff_rho,production_2M,2000000,completed,24339166,20260701_091327_190259_job24339166,snellius_next_mem216,algorithm_data_ordered/2d/boundary_singularity/p2/production_2M/adaptive_g_effective_rho,inner_history.csv,,18,,1,12033,12033,16259,,,,,,,,,,,,,,,,,,,,,,,,,,-0.46187086961036816,0.46187086961036816,10,-0.45059250829449998,0.45059250829449998,10,-0.90118501658899997,0.90118501658899997,10,,,,,,,,,,,,,,,,,,,,,,,,,,,,,,,0.084205353583117759,0.084205353583117759,0.084205353583117759,0.084205353583117759,11.875729480939901,11.875729480939901,11.875729480939901,11.875729480939901,0.60248903425193845,0.60248903425193845,0.60248903425193845,0.60248903425193845,1.43271915905012e-11,1.43271915905012e-11,1.43271915905012e-11,1.43271915905012e-11,0.083908356604510098,0.083908356604510098,0.083908356604510098,0.083908356604510098,1,1,1,1
inner_summary,2d,boundary_singularity,p2,2,adaptive_g_effective_rho,g_eff_rho,production_2M,2000000,completed,24339166,20260701_091327_190259_job24339166,snellius_next_mem216,algorithm_data_ordered/2d/boundary_singularity/p2/production_2M/adaptive_g_effective_rho,inner_history.csv,,19,,1,16259,16259,22041,,,,,,,,,,,,,,,,,,,,,,,,,,-0.46187086961036816,0.46187086961036816,10,-0.45059250829449998,0.45059250829449998,10,-0.90118501658899997,0.90118501658899997,10,,,,,,,,,,,,,,,,,,,,,,,,,,,,,,,0.13318738453801698,0.13318738453801698,0.13318738453801698,0.13318738453801698,7.5082186159647879,7.5082186159647879,7.5082186159647879,7.5082186159647879,0.61945458927346553,0.61945458927346553,0.61945458927346553,0.61945458927346553,2.9769769027476523e-11,2.9769769027476523e-11,2.9769769027476523e-11,2.9769769027476523e-11,0.13202140610420027,0.13202140610420027,0.13202140610420027,0.13202140610420027,1,1,1,1
inner_summary,2d,boundary_singularity,p2,2,adaptive_g_effective_rho,g_eff_rho,production_2M,2000000,completed,24339166,20260701_091327_190259_job24339166,snellius_next_mem216,algorithm_data_ordered/2d/boundary_singularity/p2/production_2M/adaptive_g_effective_rho,inner_history.csv,,20,,1,22041,22041,30673,,,,,,,,,,,,,,,,,,,,,,,,,,-0.46187086961036816,0.46187086961036816,10,-0.45059250829449998,0.45059250829449998,10,-0.90118501658899997,0.90118501658899997,10,,,,,,,,,,,,,,,,,,,,,,,,,,,,,,,0.10024256953626293,0.10024256953626293,0.10024256953626293,0.10024256953626293,9.9758017439711395,9.9758017439711395,9.9758017439711395,9.9758017439711395,0.60692973160284802,0.60692973160284802,0.60692973160284802,0.60692973160284802,3.3139855828702904e-11,3.3139855828702904e-11,3.3139855828702904e-11,3.3139855828702904e-11,0.099742723942992315,0.099742723942992315,0.099742723942992315,0.099742723942992315,1,1,1,1
inner_summary,2d,boundary_singularity,p2,2,adaptive_g_effective_rho,g_eff_rho,production_2M,2000000,completed,24339166,20260701_091327_190259_job24339166,snellius_next_mem216,algorithm_data_ordered/2d/boundary_singularity/p2/production_2M/adaptive_g_effective_rho,inner_history.csv,,21,,1,30673,30673,44629,,,,,,,,,,,,,,,,,,,,,,,,,,-0.46187086961036816,0.46187086961036816,10,-0.45059250829449998,0.45059250829449998,10,-0.90118501658899997,0.90118501658899997,10,,,,,,,,,,,,,,,,,,,,,,,,,,,,,,,0.099459814360073201,0.099459814360073201,0.099459814360073201,0.099459814360073201,10.0543119493438,10.0543119493438,10.0543119493438,10.0543119493438,0.62490388561562749,0.62490388561562749,0.62490388561562749,0.62490388561562749,4.4073457334647886e-11,4.4073457334647886e-11,4.4073457334647886e-11,4.4073457334647886e-11,0.098971399189572956,0.098971399189572956,0.098971399189572956,0.098971399189572956,1,1,1,1
inner_summary,2d,boundary_singularity,p2,2,adaptive_g_effective_rho,g_eff_rho,production_2M,2000000,completed,24339166,20260701_091327_190259_job24339166,snellius_next_mem216,algorithm_data_ordered/2d/boundary_singularity/p2/production_2M/adaptive_g_effective_rho,inner_history.csv,,22,,1,44629,44629,64491,,,,,,,,,,,,,,,,,,,,,,,,,,-0.46187086961036816,0.46187086961036816,10,-0.45059250829449998,0.45059250829449998,10,-0.90118501658899997,0.90118501658899997,10,,,,,,,,,,,,,,,,,,,,,,,,,,,,,,,0.083810796576047092,0.083810796576047092,0.083810796576047092,0.083810796576047092,11.93163698298266,11.93163698298266,11.93163698298266,11.93163698298266,0.6602990155442956,0.6602990155442956,0.6602990155442956,0.6602990155442956,5.3676625676292128e-11,5.3676625676292128e-11,5.3676625676292128e-11,5.3676625676292128e-11,0.08351809250057636,0.08351809250057636,0.08351809250057636,0.08351809250057636,1,1,1,1
inner_summary,2d,boundary_singularity,p2,2,adaptive_g_effective_rho,g_eff_rho,production_2M,2000000,completed,24339166,20260701_091327_190259_job24339166,snellius_next_mem216,algorithm_data_ordered/2d/boundary_singularity/p2/production_2M/adaptive_g_effective_rho,inner_history.csv,,23,,1,64491,64491,87495,,,,,,,,,,,,,,,,,,,,,,,,,,-0.46187086961036816,0.46187086961036816,10,-0.45059250829449998,0.45059250829449998,10,-0.90118501658899997,0.90118501658899997,10,,,,,,,,,,,,,,,,,,,,,,,,,,,,,,,0.064727922635967855,0.064727922635967855,0.064727922635967855,0.064727922635967855,15.449283080256349,15.449283080256349,15.449283080256349,15.449283080256349,0.70101686449503109,0.70101686449503109,0.70101686449503109,0.70101686449503109,5.8598112345149633e-11,5.8598112345149633e-11,5.8598112345149633e-11,5.8598112345149633e-11,0.064592806555430413,0.064592806555430413,0.064592806555430413,0.064592806555430413,1,1,1,1
inner_summary,2d,boundary_singularity,p2,2,adaptive_g_effective_rho,g_eff_rho,production_2M,2000000,completed,24339166,20260701_091327_190259_job24339166,snellius_next_mem216,algorithm_data_ordered/2d/boundary_singularity/p2/production_2M/adaptive_g_effective_rho,inner_history.csv,,24,,1,87495,87495,114367,,,,,,,,,,,,,,,,,,,,,,,,,,-0.46187086961036816,0.46187086961036816,10,-0.45059250829449998,0.45059250829449998,10,-0.90118501658899997,0.90118501658899997,10,,,,,,,,,,,,,,,,,,,,,,,,,,,,,,,0.064706875906728717,0.064706875906728717,0.064706875906728717,0.064706875906728717,15.454308154846528,15.454308154846528,15.454308154846528,15.454308154846528,0.7267834891434557,0.7267834891434557,0.7267834891434557,0.7267834891434557,8.3471686300949311e-11,8.3471686300949311e-11,8.3471686300949311e-11,8.3471686300949311e-11,0.064571908428193908,0.064571908428193908,0.064571908428193908,0.064571908428193908,1,1,1,1
inner_summary,2d,boundary_singularity,p2,2,adaptive_g_effective_rho,g_eff_rho,production_2M,2000000,completed,24339166,20260701_091327_190259_job24339166,snellius_next_mem216,algorithm_data_ordered/2d/boundary_singularity/p2/production_2M/adaptive_g_effective_rho,inner_history.csv,,25,,1,114367,114367,154115,,,,,,,,,,,,,,,,,,,,,,,,,,-0.46187086961036816,0.46187086961036816,10,-0.45059250829449998,0.45059250829449998,10,-0.90118501658899997,0.90118501658899997,10,,,,,,,,,,,,,,,,,,,,,,,,,,,,,,,0.070831350322329428,0.070831350322329428,0.070831350322329428,0.070831350322329428,14.118042299763303,14.118042299763303,14.118042299763303,14.118042299763303,0.70489946089026823,0.70489946089026823,0.70489946089026823,0.70489946089026823,1.1103538559472901e-10,1.1103538559472901e-10,1.1103538559472901e-10,1.1103538559472901e-10,0.070654304426166423,0.070654304426166423,0.070654304426166423,0.070654304426166423,1,1,1,1
inner_summary,2d,boundary_singularity,p2,2,adaptive_g_effective_rho,g_eff_rho,production_2M,2000000,completed,24339166,20260701_091327_190259_job24339166,snellius_next_mem216,algorithm_data_ordered/2d/boundary_singularity/p2/production_2M/adaptive_g_effective_rho,inner_history.csv,,26,,1,154115,154115,210951,,,,,,,,,,,,,,,,,,,,,,,,,,-0.46187086961036816,0.46187086961036816,10,-0.45059250829449998,0.45059250829449998,10,-0.90118501658899997,0.90118501658899997,10,,,,,,,,,,,,,,,,,,,,,,,,,,,,,,,0.076281867402918702,0.076281867402918702,0.076281867402918702,0.076281867402918702,13.109275297601561,13.109275297601561,13.109275297601561,13.109275297601561,0.71224079370754378,0.71224079370754378,0.71224079370754378,0.71224079370754378,1.5319583482302466e-10,1.5319583482302466e-10,1.5319583482302466e-10,1.5319583482302466e-10,0.076060958169467272,0.076060958169467272,0.076060958169467272,0.076060958169467272,1,1,1,1
inner_summary,2d,boundary_singularity,p2,2,adaptive_g_effective_rho,g_eff_rho,production_2M,2000000,completed,24339166,20260701_091327_190259_job24339166,snellius_next_mem216,algorithm_data_ordered/2d/boundary_singularity/p2/production_2M/adaptive_g_effective_rho,inner_history.csv,,27,,1,210951,210951,283345,,,,,,,,,,,,,,,,,,,,,,,,,,-0.46187086961036816,0.46187086961036816,10,-0.45059250829449998,0.45059250829449998,10,-0.90118501658899997,0.90118501658899997,10,,,,,,,,,,,,,,,,,,,,,,,,,,,,,,,0.068241457224959348,0.068241457224959348,0.068241457224959348,0.068241457224959348,14.65384885764499,14.65384885764499,14.65384885764499,14.65384885764499,0.66757284527319372,0.66757284527319372,0.66757284527319372,0.66757284527319372,1.836648543094536e-10,1.836648543094536e-10,1.836648543094536e-10,1.836648543094536e-10,0.068083049354826355,0.068083049354826355,0.068083049354826355,0.068083049354826355,1,1,1,1
inner_summary,2d,boundary_singularity,p2,2,adaptive_g_effective_rho,g_eff_rho,production_2M,2000000,completed,24339166,20260701_091327_190259_job24339166,snellius_next_mem216,algorithm_data_ordered/2d/boundary_singularity/p2/production_2M/adaptive_g_effective_rho,inner_history.csv,,28,,1,283345,283345,383001,,,,,,,,,,,,,,,,,,,,,,,,,,-0.46187086961036816,0.46187086961036816,10,-0.45059250829449998,0.45059250829449998,10,-0.90118501658899997,0.90118501658899997,10,,,,,,,,,,,,,,,,,,,,,,,,,,,,,,,0.070721589078018343,0.070721589078018343,0.070721589078018343,0.070721589078018343,14.1399537685278,14.1399537685278,14.1399537685278,14.1399537685278,0.65058564982582479,0.65058564982582479,0.65058564982582479,0.65058564982582479,2.4994739672223132e-10,2.4994739672223132e-10,2.4994739672223132e-10,2.4994739672223132e-10,0.070545086853856409,0.070545086853856409,0.070545086853856409,0.070545086853856409,1,1,1,1
inner_summary,2d,boundary_singularity,p2,2,adaptive_g_effective_rho,g_eff_rho,production_2M,2000000,completed,24339166,20260701_091327_190259_job24339166,snellius_next_mem216,algorithm_data_ordered/2d/boundary_singularity/p2/production_2M/adaptive_g_effective_rho,inner_history.csv,,29,,1,383001,383001,514717,,,,,,,,,,,,,,,,,,,,,,,,,,-0.46187086961036816,0.46187086961036816,10,-0.45059250829449998,0.45059250829449998,10,-0.90118501658899997,0.90118501658899997,10,,,,,,,,,,,,,,,,,,,,,,,,,,,,,,,0.067219278755768247,0.067219278755768247,0.067219278755768247,0.067219278755768247,14.87668446478515,14.87668446478515,14.87668446478515,14.87668446478515,0.62489998032399807,0.62489998032399807,0.62489998032399807,0.62489998032399807,6.6744277562799227e-08,6.6744277562799227e-08,6.6744277562799227e-08,6.6744277562799227e-08,0.067067619859644517,0.067067619859644517,0.067067619859644517,0.067067619859644517,1,1,1,1
inner_summary,2d,boundary_singularity,p2,2,adaptive_g_effective_rho,g_eff_rho,production_2M,2000000,completed,24339166,20260701_091327_190259_job24339166,snellius_next_mem216,algorithm_data_ordered/2d/boundary_singularity/p2/production_2M/adaptive_g_effective_rho,inner_history.csv,,30,,1,514717,514717,675905,,,,,,,,,,,,,,,,,,,,,,,,,,-0.46187086961036816,0.46187086961036816,10,-0.45059250829449998,0.45059250829449998,10,-0.90118501658899997,0.90118501658899997,10,,,,,,,,,,,,,,,,,,,,,,,,,,,,,,,0.062133924450933957,0.062133924450933957,0.062133924450933957,0.062133924450933957,16.094267484901618,16.094267484901618,16.094267484901618,16.094267484901618,0.55521316278297106,0.55521316278297106,0.55521316278297106,0.55521316278297106,1.8379041635833695e-07,1.8379041635833695e-07,1.8379041635833695e-07,1.8379041635833695e-07,0.062014286361508374,0.062014286361508374,0.062014286361508374,0.062014286361508374,1,1,1,1
inner_summary,2d,boundary_singularity,p2,2,adaptive_g_effective_rho,g_eff_rho,production_2M,2000000,completed,24339166,20260701_091327_190259_job24339166,snellius_next_mem216,algorithm_data_ordered/2d/boundary_singularity/p2/production_2M/adaptive_g_effective_rho,inner_history.csv,,31,,1,675905,675905,881237,,,,,,,,,,,,,,,,,,,,,,,,,,-0.46187086961036816,0.46187086961036816,10,-0.45059250829449998,0.45059250829449998,10,-0.90118501658899997,0.90118501658899997,10,,,,,,,,,,,,,,,,,,,,,,,,,,,,,,,0.058171044613361561,0.058171044613361561,0.058171044613361561,0.058171044613361561,17.19068321097857,17.19068321097857,17.19068321097857,17.19068321097857,0.47068848207353098,0.47068848207353098,0.47068848207353098,0.47068848207353098,9.22666837433061e-07,9.22666837433061e-07,9.22666837433061e-07,9.22666837433061e-07,0.058072794511995013,0.058072794511995013,0.058072794511995013,0.058072794511995013,1,1,1,1
inner_summary,2d,boundary_singularity,p2,2,adaptive_g_effective_rho,g_eff_rho,production_2M,2000000,completed,24339166,20260701_091327_190259_job24339166,snellius_next_mem216,algorithm_data_ordered/2d/boundary_singularity/p2/production_2M/adaptive_g_effective_rho,inner_history.csv,,32,,1,881237,881237,1198011,,,,,,,,,,,,,,,,,,,,,,,,,,-0.46187086961036816,0.46187086961036816,10,-0.45059250829449998,0.45059250829449998,10,-0.90118501658899997,0.90118501658899997,10,,,,,,,,,,,,,,,,,,,,,,,,,,,,,,,0.059544914448669203,0.059544914448669203,0.059544914448669203,0.059544914448669203,16.794045457266577,16.794045457266577,16.794045457266577,16.794045457266577,0.49040710935931825,0.49040710935931825,0.49040710935931825,0.49040710935931825,5.7936534004853933e-10,5.7936534004853933e-10,5.7936534004853933e-10,5.7936534004853933e-10,0.059439517527052427,0.059439517527052427,0.059439517527052427,0.059439517527052427,1,1,1,1
inner_summary,2d,boundary_singularity,p2,2,adaptive_g_effective_rho,g_eff_rho,production_2M,2000000,completed,24339166,20260701_091327_190259_job24339166,snellius_next_mem216,algorithm_data_ordered/2d/boundary_singularity/p2/production_2M/adaptive_g_effective_rho,inner_history.csv,,33,,1,1198011,1198011,1560625,,,,,,,,,,,,,,,,,,,,,,,,,,-0.46187086961036816,0.46187086961036816,10,-0.45059250829449998,0.45059250829449998,10,-0.90118501658899997,0.90118501658899997,10,,,,,,,,,,,,,,,,,,,,,,,,,,,,,,,0.059406236354253503,0.059406236354253503,0.059406236354253503,0.059406236354253503,16.833249526813354,16.833249526813354,16.833249526813354,16.833249526813354,0.55142358978423256,0.55142358978423256,0.55142358978423256,0.55142358978423256,1.8569673673991006e-06,1.8569673673991006e-06,1.8569673673991006e-06,1.8569673673991006e-06,0.059301480057855009,0.059301480057855009,0.059301480057855009,0.059301480057855009,1,1,1,1
inner_summary,2d,boundary_singularity,p2,2,adaptive_g_effective_rho,g_eff_rho,production_2M,2000000,completed,24339166,20260701_091327_190259_job24339166,snellius_next_mem216,algorithm_data_ordered/2d/boundary_singularity/p2/production_2M/adaptive_g_effective_rho,inner_history.csv,,34,,1,1560625,1560625,1992327,,,,,,,,,,,,,,,,,,,,,,,,,,-0.46187086961036816,0.46187086961036816,10,-0.45059250829449998,0.45059250829449998,10,-0.90118501658899997,0.90118501658899997,10,,,,,,,,,,,,,,,,,,,,,,,,,,,,,,,0.060513159862758521,0.060513159862758521,0.060513159862758521,0.060513159862758521,16.525331056384445,16.525331056384445,16.525331056384445,16.525331056384445,0.44568431005738873,0.44568431005738873,0.44568431005738873,0.44568431005738873,2.0689343162780811e-06,2.0689343162780811e-06,2.0689343162780811e-06,2.0689343162780811e-06,0.060402693672764456,0.060402693672764456,0.060402693672764456,0.060402693672764456,1,1,1,1
inner_summary,2d,boundary_singularity,p2,2,adaptive_g_effective_rho,g_eff_rho,production_2M,2000000,completed,24339166,20260701_091327_190259_job24339166,snellius_next_mem216,algorithm_data_ordered/2d/boundary_singularity/p2/production_2M/adaptive_g_effective_rho,inner_history.csv,,35,,1,1992327,1992327,2620297,,,,,,,,,,,,,,,,,,,,,,,,,,-0.46187086961036816,0.46187086961036816,10,-0.45059250829449998,0.45059250829449998,10,-0.90118501658899997,0.90118501658899997,10,,,,,,,,,,,,,,,,,,,,,,,,,,,,,,,0.055648103442184724,0.055648103442184724,0.055648103442184724,0.055648103442184724,17.97006435338707,17.97006435338707,17.97006435338707,17.97006435338707,0.39175104999035842,0.39175104999035842,0.39175104999035842,0.39175104999035842,4.9484058489048582e-06,4.9484058489048582e-06,4.9484058489048582e-06,4.9484058489048582e-06,0.055562126977109508,0.055562126977109508,0.055562126977109508,0.055562126977109508,1,1,1,1
outer,2d,boundary_singularity,p2,2,uniform_standard,uniform,production_2M,2000000,completed,24339167,20260701_091328_123770_job24339167,snellius_next_mem216,algorithm_data_ordered/2d/boundary_singularity/p2/production_2M/uniform_standard,outer_history.csv,completed,0,,,15,15,245,15,15,MISSING,0.0953495,0.0953556,1,1,0,1,1,1,uniform,1,0.0393676,1,computed,2.44444,1.00688,2.42775,0.0011099899999999999,0.033316499999999999,0.00271331,0.052089442308398737,0.0011176199999999999,0.033430824099923109,-0.30551670787648672,0.30551670787648672,6,-0.30579124726004786,0.30579124726004786,6,-0.61158249452009572,0.61158249452009572,6,0.00037882999999999998,0.019463600000000001,5.6153899999999998e-06,0.0023696799999999999,0.0014349499999999999,0.037880799999999999,5.6153899999999998e-06,0.0023696799999999999,7.42657e-34,2.7251700000000001e-17,6.0473200000000001e-33,7.7764499999999996e-17,7.77645e-17,86955309210067.625,7.5612160122371429e+27,1.1500160359204619e-14,1.3225385948260051e-28,1,1.1500160359204619e-14,3.2816456230377096e-14,1.0769189673379767e-27,0,0,not_requested,not_requested,0,,,,,,,,,,,,,,,,,,,,,,,,,,,,
outer,2d,boundary_singularity,p2,2,uniform_standard,uniform,production_2M,2000000,completed,24339167,20260701_091328_123770_job24339167,snellius_next_mem216,algorithm_data_ordered/2d/boundary_singularity/p2/production_2M/uniform_standard,outer_history.csv,completed,1,,,245,245,2025,294,294,MISSING,0.144332,0.243196,1,1,0,1,1,1,uniform,1,0.022532,1,computed,2.44444,1.00237,2.43867,0.00057592799999999997,0.023998499999999999,0.0014078199999999999,0.037520927493866672,0.00057729099999999996,0.024026880779660101,-0.30551670787648672,0.30551670787648672,6,-0.30579124726004786,0.30579124726004786,6,-0.61158249452009572,0.61158249452009572,6,0.00037328699999999998,0.0193206,6.6918600000000002e-07,0.00081803799999999999,0.000665991,0.025806800000000001,6.6918600000000002e-07,0.00081803799999999999,5.3451099999999999e-32,2.31195e-16,5.3490399999999999e-31,7.3137100000000001e-16,7.31371e-16,3538303163995.7612,1.2519592674425785e+25,2.8262134521868178e-13,7.9874803119013245e-26,1,2.8262134521868178e-13,8.9405504389771626e-13,7.9933531185649423e-25,0,0,not_requested,not_requested,0,,,,,,,,,,,,,,,,,,,,,,,,,,,,
outer,2d,boundary_singularity,p2,2,uniform_standard,uniform,production_2M,2000000,completed,24339167,20260701_091328_123770_job24339167,snellius_next_mem216,algorithm_data_ordered/2d/boundary_singularity/p2/production_2M/uniform_standard,outer_history.csv,completed,2,,,2025,2025,16337,2700,2700,MISSING,0.828143,1.07489,1,1,0,1,1,1,uniform,1,0.020078,1,computed,2.44444,1.00189,2.43982,0.00018877499999999999,0.0137395,0.00046145099999999998,0.021481410568209899,0.00018913299999999999,0.013752563397417952,-0.30551670787648672,0.30551670787648672,6,-0.30579124726004786,0.30579124726004786,6,-0.61158249452009572,0.61158249452009572,6,0.000159727,0.0126383,1.1939399999999999e-07,0.000345535,0.00020168599999999999,0.0142016,1.1939399999999999e-07,0.000345535,1.6461300000000001e-31,4.05725e-16,6.6673199999999997e-30,2.5821199999999998e-15,2.58212e-15,851648283936.1637,7.2530116090466722e+23,1.1741936417439622e-12,1.3787376250062819e-24,1,1.1741936417439622e-12,7.4728175148682474e-12,5.5843007186290772e-23,0,0,not_requested,not_requested,0,,,,,,,,,,,,,,,,,,,,,,,,,,,,
outer,2d,boundary_singularity,p2,2,uniform_standard,uniform,production_2M,2000000,completed,24339167,20260701_091328_123770_job24339167,snellius_next_mem216,algorithm_data_ordered/2d/boundary_singularity/p2/production_2M/uniform_standard,outer_history.csv,completed,3,,,16337,16337,130977,23064,23064,MISSING,6.64383,7.72433,1,1,0,1,1,1,uniform,1,0.0140301,1,computed,2.44444,1.00094,2.44214,3.6941499999999999e-05,0.0060779500000000004,9.0301400000000002e-05,0.0095027048780860282,3.69763e-05,0.0060808140902349579,-0.30551670787648672,0.30551670787648672,6,-0.30579124726004786,0.30579124726004786,6,-0.61158249452009572,0.61158249452009572,6,3.1812500000000001e-05,0.0056402600000000002,1.1092700000000001e-08,0.00010532200000000001,3.9221000000000003e-05,0.0062626699999999997,1.1092700000000001e-08,0.00010532200000000001,7.3370099999999997e-28,2.7086900000000001e-14,7.2447100000000003e-26,2.6915999999999999e-13,2.6916e-13,3888300248.4595876,1.5118829059794115e+19,2.5718178538197146e-10,6.6142688434736352e-20,1,2.5718178538197146e-10,2.5555914243937638e-09,6.5310609680240159e-18,0,0,not_requested,not_requested,0,,,,,,,,,,,,,,,,,,,,,,,,,,,,
outer,2d,boundary_singularity,p2,2,uniform_standard,uniform,production_2M,2000000,completed,24339167,20260701_091328_123770_job24339167,snellius_next_mem216,algorithm_data_ordered/2d/boundary_singularity/p2/production_2M/uniform_standard,outer_history.csv,completed,4,,,130977,130977,1048385,190512,190512,MISSING,64.5664,72.3094,1,1,0,1,1,1,uniform,1,0.00792855,1,computed,2.44444,1.00031,2.4437,6.8448099999999999e-06,0.00261626,1.6731800000000001e-05,0.0040904522977294336,6.8469100000000003e-06,0.0026166600849174123,-0.30551670787648672,0.30551670787648672,6,-0.30579124726004786,0.30579124726004786,6,-0.61158249452009572,0.61158249452009572,6,5.3302199999999999e-06,0.0023087300000000002,7.9931899999999998e-10,2.82722e-05,7.5179599999999996e-06,0.0027418899999999999,7.9931899999999998e-10,2.82722e-05,7.6087399999999998e-25,8.7228099999999997e-13,5.1749299999999998e-23,7.1936999999999999e-12,7.1937e-12,32411803.077219382,1050527419783039,3.0852958029442347e-08,9.5190280726468401e-16,1,3.0852958029442347e-08,2.5444429510260963e-07,6.4741736403113148e-14,0,0,not_requested,not_requested,0,,,,,,,,,,,,,,,,,,,,,,,,,,,,
outer,2d,boundary_singularity,p2,2,uniform_standard,uniform,production_2M,2000000,completed,24339167,20260701_091328_123770_job24339167,snellius_next_mem216,algorithm_data_ordered/2d/boundary_singularity/p2/production_2M/uniform_standard,outer_history.csv,completed,5,,,1048385,1048385,8388225,1548384,1548384,MISSING,1424.52,1496.92,1,1,0,1,1,1,uniform,1,0.00385001,1,computed,2.44444,1.00007,2.44427,1.7037099999999999e-06,0.0013052599999999999,4.1646199999999996e-06,0.0020407400618403116,1.7038300000000001e-06,0.0013053083926796764,-0.30551670787648672,0.30551670787648672,6,-0.30579124726004786,0.30579124726004786,6,-0.61158249452009572,0.61158249452009572,6,1.19527e-06,0.0010932800000000001,5.49399e-11,7.4121499999999998e-06,1.9296799999999998e-06,0.0013891299999999999,5.49399e-11,7.4121499999999998e-06,1.03604e-23,3.2187599999999999e-12,1.4453000000000001e-21,3.8017100000000001e-11,3.80171e-11,2302796.7291752105,5302874406393.5752,4.3425456851250985e-07,1.885769722915404e-13,1,4.3425456851250985e-07,5.1290246419729769e-06,2.6306928115995842e-11,0,0,not_requested,not_requested,0,,,,,,,,,,,,,,,,,,,,,,,,,,,,
inner,2d,boundary_singularity,p2,2,uniform_standard,uniform,production_2M,2000000,completed,24339167,20260701_091328_123770_job24339167,snellius_next_mem216,algorithm_data_ordered/2d/boundary_singularity/p2/production_2M/uniform_standard,inner_history.csv,completed,0,0,,15,15,245,15,15,MISSING,0.0782099,0.0801554,,,,,,1,,1,0.0393676,1,computed,2.44444,1.00688,2.42775,0.0011099899999999999,0.033316499999999999,0.00271331,0.052089442308398737,0.0011176199999999999,0.033430824099923109,-0.30551670787648672,0.30551670787648672,6,-0.30579124726004786,0.30579124726004786,6,-0.61158249452009572,0.61158249452009572,6,0.00037882999999999998,0.019463600000000001,5.6153899999999998e-06,0.0023696799999999999,0.0014349499999999999,0.037880799999999999,5.6153899999999998e-06,0.0023696799999999999,7.42657e-34,2.7251700000000001e-17,6.0473200000000001e-33,7.7764499999999996e-17,7.77645e-17,86955309210067.625,7.5612160122371429e+27,1.1500160359204619e-14,1.3225385948260051e-28,1,1.1500160359204619e-14,3.2816456230377096e-14,1.0769189673379767e-27,0,0,not_requested,not_requested,0,,,,,,,,,,,,,,,,,,,,,,,,,,,,
inner,2d,boundary_singularity,p2,2,uniform_standard,uniform,production_2M,2000000,completed,24339167,20260701_091328_123770_job24339167,snellius_next_mem216,algorithm_data_ordered/2d/boundary_singularity/p2/production_2M/uniform_standard,inner_history.csv,completed,1,0,,245,245,2025,294,294,MISSING,0.101425,0.203689,,,,,,1,,1,0.022532,1,computed,2.44444,1.00237,2.43867,0.00057592799999999997,0.023998499999999999,0.0014078199999999999,0.037520927493866672,0.00057729099999999996,0.024026880779660101,-0.30551670787648672,0.30551670787648672,6,-0.30579124726004786,0.30579124726004786,6,-0.61158249452009572,0.61158249452009572,6,0.00037328699999999998,0.0193206,6.6918600000000002e-07,0.00081803799999999999,0.000665991,0.025806800000000001,6.6918600000000002e-07,0.00081803799999999999,5.3451099999999999e-32,2.31195e-16,5.3490399999999999e-31,7.3137100000000001e-16,7.31371e-16,3538303163995.7612,1.2519592674425785e+25,2.8262134521868178e-13,7.9874803119013245e-26,1,2.8262134521868178e-13,8.9405504389771626e-13,7.9933531185649423e-25,0,0,not_requested,not_requested,0,,,,,,,,,,,,,,,,,,,,,,,,,,,,
inner,2d,boundary_singularity,p2,2,uniform_standard,uniform,production_2M,2000000,completed,24339167,20260701_091328_123770_job24339167,snellius_next_mem216,algorithm_data_ordered/2d/boundary_singularity/p2/production_2M/uniform_standard,inner_history.csv,completed,2,0,,2025,2025,16337,2700,2700,MISSING,0.571357,0.82157,,,,,,1,,1,0.020078,1,computed,2.44444,1.00189,2.43982,0.00018877499999999999,0.0137395,0.00046145099999999998,0.021481410568209899,0.00018913299999999999,0.013752563397417952,-0.30551670787648672,0.30551670787648672,6,-0.30579124726004786,0.30579124726004786,6,-0.61158249452009572,0.61158249452009572,6,0.000159727,0.0126383,1.1939399999999999e-07,0.000345535,0.00020168599999999999,0.0142016,1.1939399999999999e-07,0.000345535,1.6461300000000001e-31,4.05725e-16,6.6673199999999997e-30,2.5821199999999998e-15,2.58212e-15,851648283936.1637,7.2530116090466722e+23,1.1741936417439622e-12,1.3787376250062819e-24,1,1.1741936417439622e-12,7.4728175148682474e-12,5.5843007186290772e-23,0,0,not_requested,not_requested,0,,,,,,,,,,,,,,,,,,,,,,,,,,,,
inner,2d,boundary_singularity,p2,2,uniform_standard,uniform,production_2M,2000000,completed,24339167,20260701_091328_123770_job24339167,snellius_next_mem216,algorithm_data_ordered/2d/boundary_singularity/p2/production_2M/uniform_standard,inner_history.csv,completed,3,0,,16337,16337,130977,23064,23064,MISSING,4.48366,5.56776,,,,,,1,,1,0.0140301,1,computed,2.44444,1.00094,2.44214,3.6941499999999999e-05,0.0060779500000000004,9.0301400000000002e-05,0.0095027048780860282,3.69763e-05,0.0060808140902349579,-0.30551670787648672,0.30551670787648672,6,-0.30579124726004786,0.30579124726004786,6,-0.61158249452009572,0.61158249452009572,6,3.1812500000000001e-05,0.0056402600000000002,1.1092700000000001e-08,0.00010532200000000001,3.9221000000000003e-05,0.0062626699999999997,1.1092700000000001e-08,0.00010532200000000001,7.3370099999999997e-28,2.7086900000000001e-14,7.2447100000000003e-26,2.6915999999999999e-13,2.6916e-13,3888300248.4595876,1.5118829059794115e+19,2.5718178538197146e-10,6.6142688434736352e-20,1,2.5718178538197146e-10,2.5555914243937638e-09,6.5310609680240159e-18,0,0,not_requested,not_requested,0,,,,,,,,,,,,,,,,,,,,,,,,,,,,
inner,2d,boundary_singularity,p2,2,uniform_standard,uniform,production_2M,2000000,completed,24339167,20260701_091328_123770_job24339167,snellius_next_mem216,algorithm_data_ordered/2d/boundary_singularity/p2/production_2M/uniform_standard,inner_history.csv,completed,4,0,,130977,130977,1048385,190512,190512,MISSING,44.5638,52.3112,,,,,,1,,1,0.00792855,1,computed,2.44444,1.00031,2.4437,6.8448099999999999e-06,0.00261626,1.6731800000000001e-05,0.0040904522977294336,6.8469100000000003e-06,0.0026166600849174123,-0.30551670787648672,0.30551670787648672,6,-0.30579124726004786,0.30579124726004786,6,-0.61158249452009572,0.61158249452009572,6,5.3302199999999999e-06,0.0023087300000000002,7.9931899999999998e-10,2.82722e-05,7.5179599999999996e-06,0.0027418899999999999,7.9931899999999998e-10,2.82722e-05,7.6087399999999998e-25,8.7228099999999997e-13,5.1749299999999998e-23,7.1936999999999999e-12,7.1937e-12,32411803.077219382,1050527419783039,3.0852958029442347e-08,9.5190280726468401e-16,1,3.0852958029442347e-08,2.5444429510260963e-07,6.4741736403113148e-14,0,0,not_requested,not_requested,0,,,,,,,,,,,,,,,,,,,,,,,,,,,,
inner,2d,boundary_singularity,p2,2,uniform_standard,uniform,production_2M,2000000,completed,24339167,20260701_091328_123770_job24339167,snellius_next_mem216,algorithm_data_ordered/2d/boundary_singularity/p2/production_2M/uniform_standard,inner_history.csv,completed,5,0,,1048385,1048385,8388225,1548384,1548384,MISSING,1187.73,1260.15,,,,,,1,,1,0.00385001,1,computed,2.44444,1.00007,2.44427,1.7037099999999999e-06,0.0013052599999999999,4.1646199999999996e-06,0.0020407400618403116,1.7038300000000001e-06,0.0013053083926796764,-0.30551670787648672,0.30551670787648672,6,-0.30579124726004786,0.30579124726004786,6,-0.61158249452009572,0.61158249452009572,6,1.19527e-06,0.0010932800000000001,5.49399e-11,7.4121499999999998e-06,1.9296799999999998e-06,0.0013891299999999999,5.49399e-11,7.4121499999999998e-06,1.03604e-23,3.2187599999999999e-12,1.4453000000000001e-21,3.8017100000000001e-11,3.80171e-11,2302796.7291752105,5302874406393.5752,4.3425456851250985e-07,1.885769722915404e-13,1,4.3425456851250985e-07,5.1290246419729769e-06,2.6306928115995842e-11,0,0,not_requested,not_requested,0,,,,,,,,,,,,,,,,,,,,,,,,,,,,
inner_summary,2d,boundary_singularity,p2,2,uniform_standard,uniform,production_2M,2000000,completed,24339167,20260701_091328_123770_job24339167,snellius_next_mem216,algorithm_data_ordered/2d/boundary_singularity/p2/production_2M/uniform_standard,inner_history.csv,,0,,1,15,15,245,,,,,,,,,,,,,,,,,,,,,,,,,,-0.30551670787648672,0.30551670787648672,6,-0.30579124726004786,0.30579124726004786,6,-0.61158249452009572,0.61158249452009572,6,,,,,,,,,,,,,,,,,,,,,,,,,,,,,,,86955309210067.625,86955309210067.625,86955309210067.625,86955309210067.625,1.1500160359204619e-14,1.1500160359204619e-14,1.1500160359204619e-14,1.1500160359204619e-14,,,,,3.2816456230377096e-14,3.2816456230377096e-14,3.2816456230377096e-14,3.2816456230377096e-14,1,1,1,1,0,1,1,1
inner_summary,2d,boundary_singularity,p2,2,uniform_standard,uniform,production_2M,2000000,completed,24339167,20260701_091328_123770_job24339167,snellius_next_mem216,algorithm_data_ordered/2d/boundary_singularity/p2/production_2M/uniform_standard,inner_history.csv,,1,,1,245,245,2025,,,,,,,,,,,,,,,,,,,,,,,,,,-0.30551670787648672,0.30551670787648672,6,-0.30579124726004786,0.30579124726004786,6,-0.61158249452009572,0.61158249452009572,6,,,,,,,,,,,,,,,,,,,,,,,,,,,,,,,3538303163995.7612,3538303163995.7612,3538303163995.7612,3538303163995.7612,2.8262134521868178e-13,2.8262134521868178e-13,2.8262134521868178e-13,2.8262134521868178e-13,,,,,8.9405504389771626e-13,8.9405504389771626e-13,8.9405504389771626e-13,8.9405504389771626e-13,1,1,1,1,0,1,1,1
inner_summary,2d,boundary_singularity,p2,2,uniform_standard,uniform,production_2M,2000000,completed,24339167,20260701_091328_123770_job24339167,snellius_next_mem216,algorithm_data_ordered/2d/boundary_singularity/p2/production_2M/uniform_standard,inner_history.csv,,2,,1,2025,2025,16337,,,,,,,,,,,,,,,,,,,,,,,,,,-0.30551670787648672,0.30551670787648672,6,-0.30579124726004786,0.30579124726004786,6,-0.61158249452009572,0.61158249452009572,6,,,,,,,,,,,,,,,,,,,,,,,,,,,,,,,851648283936.1637,851648283936.1637,851648283936.1637,851648283936.1637,1.1741936417439622e-12,1.1741936417439622e-12,1.1741936417439622e-12,1.1741936417439622e-12,,,,,7.4728175148682474e-12,7.4728175148682474e-12,7.4728175148682474e-12,7.4728175148682474e-12,1,1,1,1,0,1,1,1
inner_summary,2d,boundary_singularity,p2,2,uniform_standard,uniform,production_2M,2000000,completed,24339167,20260701_091328_123770_job24339167,snellius_next_mem216,algorithm_data_ordered/2d/boundary_singularity/p2/production_2M/uniform_standard,inner_history.csv,,3,,1,16337,16337,130977,,,,,,,,,,,,,,,,,,,,,,,,,,-0.30551670787648672,0.30551670787648672,6,-0.30579124726004786,0.30579124726004786,6,-0.61158249452009572,0.61158249452009572,6,,,,,,,,,,,,,,,,,,,,,,,,,,,,,,,3888300248.4595876,3888300248.4595876,3888300248.4595876,3888300248.4595876,2.5718178538197146e-10,2.5718178538197146e-10,2.5718178538197146e-10,2.5718178538197146e-10,,,,,2.5555914243937638e-09,2.5555914243937638e-09,2.5555914243937638e-09,2.5555914243937638e-09,1,1,1,1,0,1,1,1
inner_summary,2d,boundary_singularity,p2,2,uniform_standard,uniform,production_2M,2000000,completed,24339167,20260701_091328_123770_job24339167,snellius_next_mem216,algorithm_data_ordered/2d/boundary_singularity/p2/production_2M/uniform_standard,inner_history.csv,,4,,1,130977,130977,1048385,,,,,,,,,,,,,,,,,,,,,,,,,,-0.30551670787648672,0.30551670787648672,6,-0.30579124726004786,0.30579124726004786,6,-0.61158249452009572,0.61158249452009572,6,,,,,,,,,,,,,,,,,,,,,,,,,,,,,,,32411803.077219382,32411803.077219382,32411803.077219382,32411803.077219382,3.0852958029442347e-08,3.0852958029442347e-08,3.0852958029442347e-08,3.0852958029442347e-08,,,,,2.5444429510260963e-07,2.5444429510260963e-07,2.5444429510260963e-07,2.5444429510260963e-07,1,1,1,1,0,1,1,1
inner_summary,2d,boundary_singularity,p2,2,uniform_standard,uniform,production_2M,2000000,completed,24339167,20260701_091328_123770_job24339167,snellius_next_mem216,algorithm_data_ordered/2d/boundary_singularity/p2/production_2M/uniform_standard,inner_history.csv,,5,,1,1048385,1048385,8388225,,,,,,,,,,,,,,,,,,,,,,,,,,-0.30551670787648672,0.30551670787648672,6,-0.30579124726004786,0.30579124726004786,6,-0.61158249452009572,0.61158249452009572,6,,,,,,,,,,,,,,,,,,,,,,,,,,,,,,,2302796.7291752105,2302796.7291752105,2302796.7291752105,2302796.7291752105,4.3425456851250985e-07,4.3425456851250985e-07,4.3425456851250985e-07,4.3425456851250985e-07,,,,,5.1290246419729769e-06,5.1290246419729769e-06,5.1290246419729769e-06,5.1290246419729769e-06,1,1,1,1,0,1,1,1
outer,2d,boundary_singularity,p3,3,adaptive_force_effective_rho_no_inner_refinement,force_eff_rho_no_inner,production_2M,2000000,completed,24339168,20260701_091329_023258_job24339168,snellius_next_mem216,algorithm_data_ordered/2d/boundary_singularity/p3/production_2M/adaptive_force_effective_rho_no_inner_refinement,outer_history.csv,completed,0,,,52,52,106,52,52,125,0.150939,0.150948,1,1,0,1,0,0,adaptive,1,0.0099239,1,computed_required,2.44444,1.00048,2.44328,0.00061923299999999996,0.024884400000000001,0.0015136800000000001,0.038906040662087422,0.00061952800000000005,0.024890319403334301,-0.45527787354996957,0.45527787354996957,10,-0.43711273054504263,0.43711273054504263,10,-0.87422546109008525,0.87422546109008525,10,0.00038589700000000001,0.019644200000000001,1.4936100000000001e-07,0.00038647200000000001,0.00072293800000000001,0.026887500000000002,1.4936100000000001e-07,0.00038647200000000001,4.4918700000000001e-33,6.7021399999999997e-17,5.0741900000000003e-31,7.1233300000000003e-16,7.12333e-16,5766397001554.7275,3.3251407542960952e+25,1.7341851414850233e-13,3.007391487737763e-26,1,1.7341851414850233e-13,1.8431684572232917e-12,3.3972656851520815e-24,1,1,not_skipped,success,1,4.2572099999999998e-08,0.00020633000000000001,0.53388085035914634,0.28502822021812918,,,,,,,,,,,,,,,,,,,,,,,,
outer,2d,boundary_singularity,p3,3,adaptive_force_effective_rho_no_inner_refinement,force_eff_rho_no_inner,production_2M,2000000,completed,24339168,20260701_091329_023258_job24339168,snellius_next_mem216,algorithm_data_ordered/2d/boundary_singularity/p3/production_2M/adaptive_force_effective_rho_no_inner_refinement,outer_history.csv,completed,1,,,106,106,175,116,116,290,0.234377,0.390461,1,1,0,1,0,0,adaptive,1,0.057551,1,computed_required,2.44444,1.01397,2.41077,0.00048883100000000001,0.022109500000000001,0.0011949199999999999,0.034567614901812357,0.00049565799999999995,0.022263378000653897,-0.45527787354996957,0.45527787354996957,10,-0.43711273054504263,0.43711273054504263,10,-0.87422546109008525,0.87422546109008525,10,0.00033569200000000001,0.018321899999999999,3.2507000000000001e-06,0.0018029700000000001,0.00055689300000000004,0.023598600000000001,4.5874399999999999e-07,0.00067730600000000002,2.7919599999999999e-06,0.0016709100000000001,1.2377099999999999e-30,1.11252e-15,1.11252e-15,0.40535157489032925,0.16430894425421569,2.4669942389407447,6.0860959489388415,0.37566127001558541,0.92675418892161265,6.1704853658130743e-13,3.8075183806564736e-25,1,1,not_skipped,success,1,1.36983e-06,0.0011704,0.64915112286948751,0.42139539176177437,,,,,,,,,,,,,,,,,,,,,,,,
outer,2d,boundary_singularity,p3,3,adaptive_force_effective_rho_no_inner_refinement,force_eff_rho_no_inner,production_2M,2000000,completed,24339168,20260701_091329_023258_job24339168,snellius_next_mem216,algorithm_data_ordered/2d/boundary_singularity/p3/production_2M/adaptive_force_effective_rho_no_inner_refinement,outer_history.csv,completed,2,,,175,175,229,200,200,490,0.332505,0.731171,1,1,0,1,0,0,adaptive,1,0.0221322,1,computed_required,2.44444,1.00229,2.43887,0.00020052700000000001,0.0141607,0.00049017699999999995,0.022139941282668298,0.00020098499999999999,0.014176917859675987,-0.45527787354996957,0.45527787354996957,10,-0.43711273054504263,0.43711273054504263,10,-0.87422546109008525,0.87422546109008525,10,0.000167682,0.012949199999999999,1.5724e-07,0.000396535,0.00021512500000000001,0.014667100000000001,1.5724e-07,0.000396535,1.8468700000000001e-32,1.359e-16,3.3576599999999998e-30,1.8323900000000002e-15,1.83239e-15,2917844002943.3408,8.513863996924526e+24,3.4271880161902479e-13,1.1745548206563216e-25,1,3.4271880161902479e-13,4.6210044510572846e-12,2.1353726787077079e-23,1,1,not_skipped,success,1,9.9664100000000004e-08,0.00031569600000000002,0.79613653271464069,0.63383426609005344,,,,,,,,,,,,,,,,,,,,,,,,
outer,2d,boundary_singularity,p3,3,adaptive_force_effective_rho_no_inner_refinement,force_eff_rho_no_inner,production_2M,2000000,completed,24339168,20260701_091329_023258_job24339168,snellius_next_mem216,algorithm_data_ordered/2d/boundary_singularity/p3/production_2M/adaptive_force_effective_rho_no_inner_refinement,outer_history.csv,completed,3,,,229,229,325,272,272,650,0.396217,1.13244,1,1,0,1,0,0,adaptive,1,0.0175842,1,computed_required,2.44444,1.00146,2.44087,0.000200099,0.014145599999999999,0.00048913099999999996,0.022116306201533743,0.000200392,0.014155988132235771,-0.45527787354996957,0.45527787354996957,10,-0.43711273054504263,0.43711273054504263,10,-0.87422546109008525,0.87422546109008525,10,0.00016781399999999999,0.0129543,9.9134799999999996e-08,0.00031485699999999998,0.000214448,0.014644000000000001,9.9134799999999996e-08,0.00031485699999999998,1.3924200000000001e-31,3.7315099999999998e-16,6.0927000000000002e-30,2.4683400000000002e-15,2.46834e-15,843779059951.60132,7.1196047169675807e+23,1.1851443671253935e-12,1.4045723600592327e-24,1,1.1851443671253935e-12,7.8395589108706504e-12,6.1458741027368798e-23,1,1,not_skipped,success,1,7.5239700000000001e-08,0.00027429899999999998,0.87118596696277995,0.75896355265759352,,,,,,,,,,,,,,,,,,,,,,,,
outer,2d,boundary_singularity,p3,3,adaptive_force_effective_rho_no_inner_refinement,force_eff_rho_no_inner,production_2M,2000000,completed,24339168,20260701_091329_023258_job24339168,snellius_next_mem216,algorithm_data_ordered/2d/boundary_singularity/p3/production_2M/adaptive_force_effective_rho_no_inner_refinement,outer_history.csv,completed,4,,,325,325,511,400,400,960,0.617302,1.75473,1,1,0,1,0,0,adaptive,1,0.014382,1,computed_required,2.44444,1.00099,2.44203,0.000198135,0.014076,0.00048432899999999998,0.022007476002486065,0.00019833000000000001,0.014082968437087402,-0.45527787354996957,0.45527787354996957,10,-0.43711273054504263,0.43711273054504263,10,-0.87422546109008525,0.87422546109008525,10,0.00016740900000000001,0.0129386,6.5002899999999998e-08,0.00025495699999999999,0.00021179099999999999,0.014553,5.7223999999999997e-08,0.00023921500000000001,7.7789500000000003e-09,8.8198399999999999e-05,9.0401000000000001e-30,3.0066800000000002e-15,3.00668e-15,2.7122374102024529,7.3562627346878431,0.36869928725205359,0.13593859219907733,0.93825625497632936,0.3459344124695537,1.1792890565860127e-11,1.3907225677623615e-22,1,1,not_skipped,success,1,5.8653000000000002e-08,0.000242184,0.94990135591491898,0.90231358908602544,,,,,,,,,,,,,,,,,,,,,,,,
outer,2d,boundary_singularity,p3,3,adaptive_force_effective_rho_no_inner_refinement,force_eff_rho_no_inner,production_2M,2000000,completed,24339168,20260701_091329_023258_job24339168,snellius_next_mem216,algorithm_data_ordered/2d/boundary_singularity/p3/production_2M/adaptive_force_effective_rho_no_inner_refinement,outer_history.csv,completed,5,,,511,511,781,648,648,1535,0.881015,2.641,1,1,0,1,0,0,adaptive,1,0.0875114,1,computed_required,2.44444,1.02985,2.3736,0.00015943700000000001,0.0126269,0.00038973600000000001,0.019741732446773765,0.000164196,0.01281389870414153,-0.45527787354996957,0.45527787354996957,10,-0.43711273054504263,0.43711273054504263,10,-0.87422546109008525,0.87422546109008525,10,0.00014064700000000001,0.0118595,1.6379100000000001e-06,0.0012798099999999999,0.000167789,0.012953299999999999,4.5797000000000003e-08,0.000214002,1.59211e-06,0.00126179,1.7254999999999999e-29,4.1539099999999997e-15,4.15391e-15,0.1696019147401707,0.028764972269503992,5.8961598489733742,34.764504225167585,0.16721388331080395,0.9859197849680813,3.2457239746524875e-12,1.0534766867532402e-23,1,1,not_skipped,success,1,6.5900600000000002e-07,0.00081179199999999998,0.63430665489408589,0.40234567222863282,,,,,,,,,,,,,,,,,,,,,,,,
outer,2d,boundary_singularity,p3,3,adaptive_force_effective_rho_no_inner_refinement,force_eff_rho_no_inner,production_2M,2000000,completed,24339168,20260701_091329_023258_job24339168,snellius_next_mem216,algorithm_data_ordered/2d/boundary_singularity/p3/production_2M/adaptive_force_effective_rho_no_inner_refinement,outer_history.csv,completed,6,,,781,781,1057,1008,1008,2375,1.27835,3.92434,1,1,0,1,0,0,adaptive,1,0.252408,1,computed_required,2.44444,1.17625,2.07817,7.4451599999999997e-05,0.0086285300000000006,0.000181993,0.013490478123476573,8.7573599999999998e-05,0.0093580767254815775,-0.45527787354996957,0.45527787354996957,10,-0.43711273054504263,0.43711273054504263,10,-0.87422546109008525,0.87422546109008525,10,6.4311899999999997e-05,0.0080194700000000008,5.8844199999999996e-06,0.0024257800000000002,7.8958100000000006e-05,0.0088858400000000008,4.1415100000000003e-08,0.00020350699999999999,5.8429999999999998e-06,0.0024172299999999998,3.0326300000000001e-29,5.5069299999999997e-15,5.50693e-15,0.084190168084956746,0.007087985623823379,11.877871522846879,141.08380759674611,0.083893428093231859,0.9964753605026011,2.2701687704573372e-12,5.1536600038746388e-24,1,1,not_skipped,success,1,3.1553300000000001e-06,0.00177633,0.73227168168589063,0.53621767310966928,,,,,,,,,,,,,,,,,,,,,,,,
outer,2d,boundary_singularity,p3,3,adaptive_force_effective_rho_no_inner_refinement,force_eff_rho_no_inner,production_2M,2000000,completed,24339168,20260701_091329_023258_job24339168,snellius_next_mem216,algorithm_data_ordered/2d/boundary_singularity/p3/production_2M/adaptive_force_effective_rho_no_inner_refinement,outer_history.csv,completed,7,,,1057,1057,1414,1376,1376,3205,1.64617,5.57572,1,1,0,1,0,0,adaptive,1,0.0175243,1,computed_required,2.44444,1.00145,2.4409,3.3132700000000002e-05,0.0057561000000000001,8.0990999999999998e-05,0.0089994999861103386,3.3180799999999999e-05,0.005760277771080141,-0.45527787354996957,0.45527787354996957,10,-0.43711273054504263,0.43711273054504263,10,-0.87422546109008525,0.87422546109008525,10,2.77003e-05,0.0052631099999999997,1.6403999999999999e-08,0.000128078,3.5546999999999997e-05,0.0059621300000000004,1.6285700000000001e-08,0.000127615,1.1828400000000001e-10,1.08759e-05,6.69573e-29,8.1827400000000001e-15,8.18274e-15,11.733741575409852,137.68303405363363,0.085224307487364342,0.0072630590026833359,0.99638501538125201,0.084916222926654072,6.3888724058776687e-11,4.0817666422823705e-21,1,1,not_skipped,success,1,1.6027499999999999e-08,0.00012659999999999999,0.98846015709177204,0.97704828090709583,,,,,,,,,,,,,,,,,,,,,,,,
outer,2d,boundary_singularity,p3,3,adaptive_force_effective_rho_no_inner_refinement,force_eff_rho_no_inner,production_2M,2000000,completed,24339168,20260701_091329_023258_job24339168,snellius_next_mem216,algorithm_data_ordered/2d/boundary_singularity/p3/production_2M/adaptive_force_effective_rho_no_inner_refinement,outer_history.csv,completed,8,,,1414,1414,1843,1852,1852,4280,1.98799,7.56907,1,1,0,1,0,0,adaptive,1,0.0421942,1,computed_required,2.44444,1.00784,2.42544,3.0409800000000001e-05,0.0055145000000000003,7.4334999999999999e-05,0.0086217747592940517,3.0648100000000002e-05,0.0055360726151306942,-0.45527787354996957,0.45527787354996957,10,-0.43711273054504263,0.43711273054504263,10,-0.87422546109008525,0.87422546109008525,10,2.6523700000000002e-05,0.0051501200000000002,7.7674499999999998e-08,0.00027870199999999998,3.2136900000000001e-05,0.0056689399999999999,1.38459e-08,0.000117669,6.38286e-08,0.00025264299999999999,1.0323100000000001e-28,1.0160300000000001e-14,1.01603e-14,0.46575206912520833,0.21692313477030672,2.1470650723640041,4.6099278486772262,0.42220364403556493,0.90649869753356638,3.6455784314429037e-11,1.3290204636013107e-21,1,1,not_skipped,success,1,3.6097100000000001e-08,0.00018999199999999999,0.68170303765312057,0.46472265672775492,,,,,,,,,,,,,,,,,,,,,,,,
outer,2d,boundary_singularity,p3,3,adaptive_force_effective_rho_no_inner_refinement,force_eff_rho_no_inner,production_2M,2000000,completed,24339168,20260701_091329_023258_job24339168,snellius_next_mem216,algorithm_data_ordered/2d/boundary_singularity/p3/production_2M/adaptive_force_effective_rho_no_inner_refinement,outer_history.csv,completed,9,,,1843,1843,2761,2424,2424,5630,2.93428,10.5086,1,1,0,1,0,0,adaptive,1,0.0653179,1,computed_required,2.44444,1.01762,2.40213,2.86293e-05,0.0053506400000000003,6.9982799999999997e-05,0.0083655723055867486,2.9133699999999999e-05,0.0053975642654812365,-0.45527787354996957,0.45527787354996957,10,-0.43711273054504263,0.43711273054504263,10,-0.87422546109008525,0.87422546109008525,10,2.5379099999999999e-05,0.0050377699999999996,1.6553500000000001e-07,0.00040685999999999999,3.00739e-05,0.0054839700000000003,8.2453900000000006e-09,9.08041e-05,1.5729e-07,0.00039659800000000001,2.1481700000000001e-28,1.4656600000000001e-14,1.46566e-14,0.22895753382518316,0.052421577976985191,4.3676221668404844,19.076114046758249,0.22318266725655017,0.97477756476429245,3.6023693653836703e-11,1.2977134744917994e-21,1,1,not_skipped,success,1,6.3311200000000001e-08,0.00025161699999999999,0.61843631716069403,0.38246413145256292,,,,,,,,,,,,,,,,,,,,,,,,
outer,2d,boundary_singularity,p3,3,adaptive_force_effective_rho_no_inner_refinement,force_eff_rho_no_inner,production_2M,2000000,completed,24339168,20260701_091329_023258_job24339168,snellius_next_mem216,algorithm_data_ordered/2d/boundary_singularity/p3/production_2M/adaptive_force_effective_rho_no_inner_refinement,outer_history.csv,completed,10,,,2761,2761,4132,3648,3648,8440,4.12389,14.6385,1,1,0,1,0,0,adaptive,1,0.19504,1,computed_required,2.44444,1.11679,2.18882,1.97101e-05,0.0044396100000000001,4.8180299999999997e-05,0.0069412030657516419,2.2011999999999999e-05,0.0046916947897321709,-0.45527787354996957,0.45527787354996957,10,-0.43711273054504263,0.43711273054504263,10,-0.87422546109008525,0.87422546109008525,10,1.8216e-05,0.00426802,8.6744200000000005e-07,0.00093136499999999997,2.0374199999999999e-05,0.0045137800000000002,4.0387399999999996e-09,6.3551099999999995e-05,8.6340300000000005e-07,0.00092919499999999996,3.2181099999999998e-28,1.7939100000000002e-14,1.79391e-14,0.068393717142257546,0.0046776997531859394,14.621226068470884,213.78028791157641,0.068234365689069265,0.99767008637859489,1.9261084537211514e-11,3.7098849260238722e-22,1,1,not_skipped,success,1,3.7326300000000003e-07,0.00061095300000000002,0.65597590633103031,0.43030312113086522,,,,,,,,,,,,,,,,,,,,,,,,
outer,2d,boundary_singularity,p3,3,adaptive_force_effective_rho_no_inner_refinement,force_eff_rho_no_inner,production_2M,2000000,completed,24339168,20260701_091329_023258_job24339168,snellius_next_mem216,algorithm_data_ordered/2d/boundary_singularity/p3/production_2M/adaptive_force_effective_rho_no_inner_refinement,outer_history.csv,completed,11,,,4132,4132,6181,5476,5476,12560,3.79441,18.439,1,1,0,1,0,0,adaptive,1,0.308291,1,computed_required,2.44444,1.24052,1.9705,1.1049100000000001e-05,0.00332402,2.7008999999999998e-05,0.0051970183759536583,1.37066e-05,0.0037022425636362619,-0.45527787354996957,0.45527787354996957,10,-0.43711273054504263,0.43711273054504263,10,-0.87422546109008525,0.87422546109008525,10,9.5309399999999999e-06,0.0030872199999999999,1.2710100000000001e-06,0.00112739,1.17239e-05,0.0034240199999999998,7.9951600000000001e-10,2.8275700000000001e-05,1.27021e-06,0.0011270399999999999,5.0584600000000002e-28,2.2491e-14,2.2491e-14,0.025088461811470758,0.0006294360774989963,39.858960167210711,1588.7236778250842,0.025080673059012411,0.99968954842601043,1.9949618144563992e-11,3.979874273215789e-22,1,1,not_skipped,success,1,7.0852100000000002e-07,0.00084173699999999995,0.74662450438623718,0.55744722700844207,,,,,,,,,,,,,,,,,,,,,,,,
outer,2d,boundary_singularity,p3,3,adaptive_force_effective_rho_no_inner_refinement,force_eff_rho_no_inner,production_2M,2000000,completed,24339168,20260701_091329_023258_job24339168,snellius_next_mem216,algorithm_data_ordered/2d/boundary_singularity/p3/production_2M/adaptive_force_effective_rho_no_inner_refinement,outer_history.csv,completed,12,,,6181,6181,8455,8208,8208,18760,6.64452,25.0902,1,1,0,1,0,0,adaptive,1,0.357902,1,computed_required,2.44444,1.30214,1.87726,5.6487099999999997e-06,0.0023766999999999998,1.3808000000000001e-05,0.0037159117319979494,7.3553900000000001e-06,0.0027120822258921281,-0.45527787354996957,0.45527787354996957,10,-0.43711273054504263,0.43711273054504263,10,-0.87422546109008525,0.87422546109008525,10,4.3629500000000003e-06,0.0020887700000000002,9.4734200000000001e-07,0.00097331499999999999,6.2201599999999999e-06,0.0024940299999999999,3.2734699999999999e-10,1.80927e-05,9.4701399999999996e-07,0.00097314700000000005,9.3743899999999996e-28,3.0617600000000003e-14,3.06176e-14,0.018591949623232667,0.00034566226053680307,53.786720611075189,2892.9973392149614,0.018588740541345815,0.99982739400913379,3.1457030868732123e-11,9.8954654179799904e-22,1,1,not_skipped,success,1,6.3028999999999996e-07,0.00079390799999999996,0.81567426783723662,0.66532466627680387,,,,,,,,,,,,,,,,,,,,,,,,
outer,2d,boundary_singularity,p3,3,adaptive_force_effective_rho_no_inner_refinement,force_eff_rho_no_inner,production_2M,2000000,completed,24339168,20260701_091329_023258_job24339168,snellius_next_mem216,algorithm_data_ordered/2d/boundary_singularity/p3/production_2M/adaptive_force_effective_rho_no_inner_refinement,outer_history.csv,completed,13,,,8455,8455,11326,11240,11240,25600,7.99663,33.0944,1,1,0,1,0,0,adaptive,1,0.116768,1,computed_required,2.44444,1.04948,2.3292,4.3708900000000001e-06,0.0020906700000000002,1.0684400000000001e-05,0.0032687000474194631,4.5871599999999996e-06,0.0021417656267668506,-0.45527787354996957,0.45527787354996957,10,-0.43711273054504263,0.43711273054504263,10,-0.87422546109008525,0.87422546109008525,10,3.5350999999999998e-06,0.0018801899999999999,8.9553999999999996e-08,0.00029925600000000002,4.7423600000000003e-06,0.0021776999999999999,2.08246e-10,1.4430700000000001e-05,8.9345699999999995e-08,0.00029890800000000002,1.32227e-27,3.6362999999999999e-14,3.6363e-14,0.048278065491723206,0.0023307892825284262,20.713340309201911,429.03921323818946,0.048221923704119547,0.99883711604779857,1.2151134814339562e-10,1.4765057953860242e-20,1,1,not_skipped,success,1,4.1599000000000001e-08,0.00020395799999999999,0.68155024460662439,0.4645130312437189,,,,,,,,,,,,,,,,,,,,,,,,
outer,2d,boundary_singularity,p3,3,adaptive_force_effective_rho_no_inner_refinement,force_eff_rho_no_inner,production_2M,2000000,completed,24339168,20260701_091329_023258_job24339168,snellius_next_mem216,algorithm_data_ordered/2d/boundary_singularity/p3/production_2M/adaptive_force_effective_rho_no_inner_refinement,outer_history.csv,completed,14,,,11326,11326,16141,15068,15068,34220,10.179,43.2814,1,1,0,1,0,0,adaptive,1,0.250902,1,computed_required,2.44444,1.1746,2.08109,2.76728e-06,0.00166351,6.7644599999999999e-06,0.0026008575508858611,3.2504400000000001e-06,0.0018028976676450609,-0.45527787354996957,0.45527787354996957,10,-0.43711273054504263,0.43711273054504263,10,-0.87422546109008525,0.87422546109008525,10,2.3126999999999999e-06,0.0015207599999999999,2.2495699999999999e-07,0.00047429699999999999,2.96931e-06,0.00172317,1.2506699999999999e-10,1.11833e-05,2.2483200000000001e-07,0.00047416500000000002,1.8696999999999999e-27,4.3240000000000001e-14,4.324e-14,0.023585249860280703,0.00055626868061485902,42.399381220212284,1797.6924368538466,0.023578685928858922,0.99972169336934458,9.1166505375323909e-11,8.3113661722017981e-21,1,1,not_skipped,success,1,1.11871e-07,0.00033447099999999998,0.70519315956035977,0.4972994839013678,,,,,,,,,,,,,,,,,,,,,,,,
outer,2d,boundary_singularity,p3,3,adaptive_force_effective_rho_no_inner_refinement,force_eff_rho_no_inner,production_2M,2000000,completed,24339168,20260701_091329_023258_job24339168,snellius_next_mem216,algorithm_data_ordered/2d/boundary_singularity/p3/production_2M/adaptive_force_effective_rho_no_inner_refinement,outer_history.csv,completed,15,,,16141,16141,22642,21488,21488,48875,16.6699,59.9604,1,1,0,1,0,0,adaptive,1,0.31066,1,computed_required,2.44444,1.24337,1.96599,1.83753e-06,0.0013555500000000001,4.49174e-06,0.0021193725486567954,2.28472e-06,0.0015115290271774473,-0.45527787354996957,0.45527787354996957,10,-0.43711273054504263,0.43711273054504263,10,-0.87422546109008525,0.87422546109008525,10,1.41286e-06,0.0011886399999999999,2.3970499999999999e-07,0.00048959700000000004,2.02627e-06,0.00142347,1.11146e-10,1.05426e-05,2.3959399999999999e-07,0.00048948399999999999,2.6124199999999999e-27,5.1111900000000001e-14,5.11119e-14,0.021538191238120143,0.00046389308580348427,46.429154098609452,2155.6691198963526,0.021533220179045211,0.99976919793217678,1.0439586026875164e-10,1.0898479380905697e-20,1,1,not_skipped,success,1,1.57757e-07,0.000397186,0.81125088593271599,0.65812978452681425,,,,,,,,,,,,,,,,,,,,,,,,
outer,2d,boundary_singularity,p3,3,adaptive_force_effective_rho_no_inner_refinement,force_eff_rho_no_inner,production_2M,2000000,completed,24339168,20260701_091329_023258_job24339168,snellius_next_mem216,algorithm_data_ordered/2d/boundary_singularity/p3/production_2M/adaptive_force_effective_rho_no_inner_refinement,outer_history.csv,completed,16,,,22642,22642,31333,30156,30156,68425,21.8919,81.863,1,1,0,1,0,0,adaptive,1,0.228544,1,computed_required,2.44444,1.15064,2.12442,1.56674e-06,0.0012516999999999999,3.8298199999999999e-06,0.0019569925906860251,1.8027600000000001e-06,0.0013426689837782058,-0.45527787354996957,0.45527787354996957,10,-0.43711273054504263,0.43711273054504263,10,-0.87422546109008525,0.87422546109008525,10,1.21836e-06,0.0011037899999999999,1.1611799999999999e-07,0.00034076100000000003,1.72158e-06,0.0013120899999999999,3.6464800000000001e-11,6.0386099999999999e-06,1.1608199999999999e-07,0.00034070699999999999,3.5761399999999997e-27,5.9800800000000003e-14,5.98008e-14,0.017723762646496843,0.00031412966695956311,56.421428110111435,3183.3987845812944,0.017720953982409957,0.99984153116113628,1.7549191368730576e-10,3.0797464648030448e-20,1,1,not_skipped,success,1,8.2271499999999997e-08,0.00028683000000000002,0.84173364909716775,0.70851633682977666,,,,,,,,,,,,,,,,,,,,,,,,
outer,2d,boundary_singularity,p3,3,adaptive_force_effective_rho_no_inner_refinement,force_eff_rho_no_inner,production_2M,2000000,completed,24339168,20260701_091329_023258_job24339168,snellius_next_mem216,algorithm_data_ordered/2d/boundary_singularity/p3/production_2M/adaptive_force_effective_rho_no_inner_refinement,outer_history.csv,completed,17,,,31333,31333,45220,41744,41744,94315,29.2945,111.17,1,1,0,1,0,0,adaptive,1,0.230387,1,computed_required,2.44444,1.15257,2.12086,1.1568699999999999e-06,0.00107558,2.8279000000000001e-06,0.0016816361080804611,1.3333800000000001e-06,0.0011547207454618627,-0.45527787354996957,0.45527787354996957,10,-0.43711273054504263,0.43711273054504263,10,-0.87422546109008525,0.87422546109008525,10,9.1242799999999997e-07,0.00095521099999999997,8.5725400000000003e-08,0.000292789,1.2655100000000001e-06,0.00112495,1.42241e-11,3.77149e-06,8.5711200000000003e-08,0.00029276500000000001,4.9332200000000003e-27,7.0236900000000002e-14,7.02369e-14,0.01288231175174628,0.00016595380767040946,77.625818973403085,6025.773159637517,0.012881255784882629,0.99991802970740018,2.3988913517925879e-10,5.7546771435303887e-20,1,1,not_skipped,success,1,5.57757e-08,0.00023616899999999999,0.80661841804166134,0.65063213469986725,,,,,,,,,,,,,,,,,,,,,,,,
outer,2d,boundary_singularity,p3,3,adaptive_force_effective_rho_no_inner_refinement,force_eff_rho_no_inner,production_2M,2000000,completed,24339168,20260701_091329_023258_job24339168,snellius_next_mem216,algorithm_data_ordered/2d/boundary_singularity/p3/production_2M/adaptive_force_effective_rho_no_inner_refinement,outer_history.csv,completed,18,,,45220,45220,61258,60260,60260,136165,47.6567,158.842,1,1,0,1,0,0,adaptive,1,0.240383,1,computed_required,2.44444,1.1632,2.10149,7.6916000000000004e-07,0.00087701800000000002,1.88017e-06,0.00137119291130023,8.9468499999999999e-07,0.00094587789909691836,-0.45527787354996957,0.45527787354996957,10,-0.43711273054504263,0.43711273054504263,10,-0.87422546109008525,0.87422546109008525,10,5.9681100000000004e-07,0.00077253599999999999,6.2612900000000001e-08,0.00025022599999999999,8.4575999999999997e-07,0.00091965199999999997,8.8680400000000002e-12,2.9779299999999999e-06,6.2603999999999996e-08,0.00025020799999999997,6.6374600000000001e-27,8.1470599999999998e-14,8.14706e-14,0.011901817687683848,0.00014165292952526997,84.020779534777503,7059.5080761927093,0.011900961530776178,0.9999280650292135,3.2558806838617889e-10,1.0600786738834969e-19,1,1,not_skipped,success,1,4.08313e-08,0.00020206799999999999,0.80754198204822836,0.65212280536438971,,,,,,,,,,,,,,,,,,,,,,,,
outer,2d,boundary_singularity,p3,3,adaptive_force_effective_rho_no_inner_refinement,force_eff_rho_no_inner,production_2M,2000000,completed,24339168,20260701_091329_023258_job24339168,snellius_next_mem216,algorithm_data_ordered/2d/boundary_singularity/p3/production_2M/adaptive_force_effective_rho_no_inner_refinement,outer_history.csv,completed,19,,,61258,61258,82903,81644,81644,184170,61.8441,220.715,1,1,0,1,0,0,adaptive,1,0.246722,1,computed_required,2.44444,1.17004,2.0892,5.6797599999999998e-07,0.00075364200000000001,1.3883900000000001e-06,0.001178299622337205,6.6455600000000001e-07,0.00081520304219255709,-0.45527787354996957,0.45527787354996957,10,-0.43711273054504263,0.43711273054504263,10,-0.87422546109008525,0.87422546109008525,10,4.47663e-07,0.000669076,4.7708300000000002e-08,0.00021842199999999999,6.2144899999999997e-07,0.00078832100000000003,7.0832199999999998e-12,2.66143e-06,4.7701200000000002e-08,0.00021840600000000001,8.6472800000000001e-27,9.2990700000000003e-14,9.29907e-14,0.012185700026556046,0.00014849144256328981,82.063402005688673,6734.3948091404764,0.012184807391196859,0.99992674730567443,4.2573870763934039e-10,1.8125315720744607e-19,1,1,not_skipped,success,1,3.6021000000000002e-08,0.00018979199999999999,0.86892346009101651,0.75502585503989872,,,,,,,,,,,,,,,,,,,,,,,,
outer,2d,boundary_singularity,p3,3,adaptive_force_effective_rho_no_inner_refinement,force_eff_rho_no_inner,production_2M,2000000,completed,24339168,20260701_091329_023258_job24339168,snellius_next_mem216,algorithm_data_ordered/2d/boundary_singularity/p3/production_2M/adaptive_force_effective_rho_no_inner_refinement,outer_history.csv,completed,20,,,82903,82903,113140,110504,110504,248695,80.5508,301.298,1,1,0,1,0,0,adaptive,1,0.256874,1,computed_required,2.44444,1.18117,2.06951,4.5163399999999998e-07,0.000672037,1.1039900000000001e-06,0.0010507092842456471,5.3345499999999998e-07,0.00073038003806237745,-0.45527787354996957,0.45527787354996957,10,-0.43711273054504263,0.43711273054504263,10,-0.87422546109008525,0.87422546109008525,10,3.5914199999999997e-07,0.00059928399999999995,4.0454300000000002e-08,0.00020113299999999999,4.9274100000000003e-07,0.00070195499999999998,6.45409e-12,2.5404899999999998e-06,4.04479e-08,0.00020111700000000001,1.14175e-26,1.06853e-13,1.06853e-13,0.012631900833842986,0.00015956551514417311,79.164649339300695,6267.0182783320342,0.012630895974305559,0.99992045064708435,5.3125543794404697e-10,2.8223204949782838e-19,1,1,not_skipped,success,1,2.57004e-08,0.00016031300000000001,0.79704971337373787,0.63529464111355283,,,,,,,,,,,,,,,,,,,,,,,,
outer,2d,boundary_singularity,p3,3,adaptive_force_effective_rho_no_inner_refinement,force_eff_rho_no_inner,production_2M,2000000,completed,24339168,20260701_091329_023258_job24339168,snellius_next_mem216,algorithm_data_ordered/2d/boundary_singularity/p3/production_2M/adaptive_force_effective_rho_no_inner_refinement,outer_history.csv,completed,21,,,113140,113140,154966,150820,150820,339330,125.376,426.713,1,1,0,1,0,0,adaptive,1,0.26198,1,computed_required,2.44444,1.18684,2.05962,3.5818699999999998e-07,0.00059848699999999998,8.7556699999999997e-07,0.00093571737185968711,4.25111e-07,0.00065200536807606116,-0.45527787354996957,0.45527787354996957,10,-0.43711273054504263,0.43711273054504263,10,-0.87422546109008525,0.87422546109008525,10,2.7707799999999999e-07,0.00052638200000000004,3.4171299999999998e-08,0.00018485499999999999,3.9423499999999998e-07,0.00062788099999999995,5.6084399999999999e-12,2.3682099999999999e-06,3.4165600000000001e-08,0.00018484,1.45366e-26,1.2056799999999999e-13,1.20568e-13,0.012812215970569141,0.0001641545882408036,78.050510723288895,6091.8187588705596,0.012811176327391739,0.99991885531903391,6.5223012631522004e-10,4.2540377451252953e-19,1,1,not_skipped,success,1,1.5640200000000001e-08,0.00012506099999999999,0.67653566308728463,0.45769988265006017,,,,,,,,,,,,,,,,,,,,,,,,
outer,2d,boundary_singularity,p3,3,adaptive_force_effective_rho_no_inner_refinement,force_eff_rho_no_inner,production_2M,2000000,completed,24339168,20260701_091329_023258_job24339168,snellius_next_mem216,algorithm_data_ordered/2d/boundary_singularity/p3/production_2M/adaptive_force_effective_rho_no_inner_refinement,outer_history.csv,completed,22,,,154966,154966,214471,206588,206588,464615,167.999,594.783,1,1,0,1,0,0,adaptive,1,0.298476,1,computed_required,2.44444,1.22882,1.98926,2.9776700000000002e-07,0.00054567999999999999,7.27875e-07,0.00085315590603359242,3.6590200000000002e-07,0.00060489833856607674,-0.45527787354996957,0.45527787354996957,10,-0.43711273054504263,0.43711273054504263,10,-0.87422546109008525,0.87422546109008525,10,2.31941e-07,0.00048160199999999997,3.5725399999999999e-08,0.00018901200000000001,3.27023e-07,0.00057185899999999997,5.0686500000000002e-12,2.2513700000000002e-06,3.5720300000000001e-08,0.00018899800000000001,1.8411300000000001e-26,1.3568800000000001e-13,1.35688e-13,0.011912136636366522,0.00014189830432555158,83.947996109035827,7047.3005632663526,0.011911254311895542,0.99992593062874313,7.1788034622140392e-10,5.1535602120620062e-19,1,1,not_skipped,success,1,1.68392e-08,0.00012976599999999999,0.68654900217975567,0.47135091559506681,,,,,,,,,,,,,,,,,,,,,,,,
outer,2d,boundary_singularity,p3,3,adaptive_force_effective_rho_no_inner_refinement,force_eff_rho_no_inner,production_2M,2000000,completed,24339168,20260701_091329_023258_job24339168,snellius_next_mem216,algorithm_data_ordered/2d/boundary_singularity/p3/production_2M/adaptive_force_effective_rho_no_inner_refinement,outer_history.csv,completed,23,,,214471,214471,295846,285928,285928,642295,227.148,822.04,1,1,0,1,0,0,adaptive,1,0.303603,1,computed_required,2.44444,1.23491,1.97945,2.3086299999999999e-07,0.00048048200000000001,5.6433199999999997e-07,0.00075122034051268872,2.85095e-07,0.00053394288084026361,-0.45527787354996957,0.45527787354996957,10,-0.43711273054504263,0.43711273054504263,10,-0.87422546109008525,0.87422546109008525,10,1.8257500000000001e-07,0.00042728800000000001,2.81722e-08,0.00016784600000000001,2.52325e-07,0.00050231899999999999,4.1966399999999998e-12,2.0485700000000002e-06,2.8168000000000001e-08,0.00016783299999999999,2.4035800000000001e-26,1.5503500000000001e-13,1.55035e-13,0.012206002395238126,0.00014898608349900595,81.926905109417774,6712.0362957032303,0.012205057016550887,0.99992254804999814,9.2367408219439245e-10,8.5317440597468431e-19,1,1,not_skipped,success,1,1.6194700000000001e-08,0.00012725900000000001,0.75818905425211214,0.5748468348229816,,,,,,,,,,,,,,,,,,,,,,,,
outer,2d,boundary_singularity,p3,3,adaptive_force_effective_rho_no_inner_refinement,force_eff_rho_no_inner,production_2M,2000000,completed,24339168,20260701_091329_023258_job24339168,snellius_next_mem216,algorithm_data_ordered/2d/boundary_singularity/p3/production_2M/adaptive_force_effective_rho_no_inner_refinement,outer_history.csv,completed,24,,,295846,295846,396538,394428,394428,884940,350.642,1172.84,1,1,0,1,0,0,adaptive,1,0.302626,1,computed_required,2.44444,1.23375,1.98132,1.61352e-07,0.00040168700000000002,3.9441699999999998e-07,0.00062802627333575784,1.9906799999999999e-07,0.00044617037104675606,-0.45527787354996957,0.45527787354996957,10,-0.43711273054504263,0.43711273054504263,10,-0.87422546109008525,0.87422546109008525,10,1.2701e-07,0.00035638500000000002,1.9659199999999998e-08,0.000140211,1.76615e-07,0.00042025599999999998,2.11895e-12,1.4556600000000001e-06,1.9657100000000001e-08,0.000140204,5.6990300000000002e-23,7.5491900000000001e-12,7.54919e-12,0.010382442726313086,0.0001077956565312279,96.316447522086193,9276.8116284008593,0.01038192438539059,0.9999500752437398,5.3841638673142619e-08,2.8989124684626031e-15,1,1,not_skipped,success,1,1.08176e-08,0.000104008,0.74179629273024228,0.5502563685195736,,,,,,,,,,,,,,,,,,,,,,,,
outer,2d,boundary_singularity,p3,3,adaptive_force_effective_rho_no_inner_refinement,force_eff_rho_no_inner,production_2M,2000000,completed,24339168,20260701_091329_023258_job24339168,snellius_next_mem216,algorithm_data_ordered/2d/boundary_singularity/p3/production_2M/adaptive_force_effective_rho_no_inner_refinement,outer_history.csv,completed,25,,,396538,396538,523051,528924,528924,1185945,456.361,1629.44,1,1,0,1,0,0,adaptive,1,0.322003,1,computed_required,2.44444,1.25714,1.94445,1.22438e-07,0.00034991200000000002,2.9929300000000001e-07,0.0005470767770615017,1.5392199999999999e-07,0.00039232894361747003,-0.45527787354996957,0.45527787354996957,10,-0.43711273054504263,0.43711273054504263,10,-0.87422546109008525,0.87422546109008525,10,9.4466900000000003e-08,0.00030735499999999999,1.6987300000000002e-08,0.000130335,1.3486999999999999e-07,0.000367246,1.2839099999999999e-12,1.1331e-06,1.6986000000000001e-08,0.00013033000000000001,3.66761e-26,1.9151000000000001e-13,1.9151e-13,0.0086940842476789688,7.5586365241963956e-05,115.02073956402789,13229.89929200645,0.0086937507193002635,0.99996163731921583,1.4693673993938696e-09,2.1590305698963341e-18,1,1,not_skipped,success,1,6.17752e-09,7.8597199999999993e-05,0.60303985882533462,0.36365520123857231,,,,,,,,,,,,,,,,,,,,,,,,
outer,2d,boundary_singularity,p3,3,adaptive_force_effective_rho_no_inner_refinement,force_eff_rho_no_inner,production_2M,2000000,completed,24339168,20260701_091329_023258_job24339168,snellius_next_mem216,algorithm_data_ordered/2d/boundary_singularity/p3/production_2M/adaptive_force_effective_rho_no_inner_refinement,outer_history.csv,completed,26,,,523051,523051,673837,697752,697752,1563075,604.418,2234.16,1,1,0,1,0,0,adaptive,1,0.302422,1,computed_required,2.44444,1.2335,1.98171,9.4221799999999997e-08,0.00030695599999999999,2.3031999999999999e-07,0.00047991665943161423,1.1622299999999999e-07,0.00034091494540427526,-0.45527787354996957,0.45527787354996957,10,-0.43711273054504263,0.43711273054504263,10,-0.87422546109008525,0.87422546109008525,10,7.3287600000000006e-08,0.00027071700000000002,1.1590999999999999e-08,0.000107661,1.03526e-07,0.000321754,1.06421e-12,1.0316e-06,1.1589899999999999e-08,0.000107656,4.5261099999999998e-26,2.1274700000000001e-13,2.12747e-13,0.0095823734859181095,9.182219001026756e-05,104.35827840248159,10890.613694665526,0.0095819284606310558,0.99995355792719742,1.9760823325066645e-09,3.9048485894228282e-18,1,1,not_skipped,success,1,4.1307299999999999e-09,6.4270799999999995e-05,0.59697383453618302,0.35637391079285652,,,,,,,,,,,,,,,,,,,,,,,,
outer,2d,boundary_singularity,p3,3,adaptive_force_effective_rho_no_inner_refinement,force_eff_rho_no_inner,production_2M,2000000,completed,24339168,20260701_091329_023258_job24339168,snellius_next_mem216,algorithm_data_ordered/2d/boundary_singularity/p3/production_2M/adaptive_force_effective_rho_no_inner_refinement,outer_history.csv,completed,27,,,673837,673837,907927,898848,898848,2011690,776.769,3011.31,1,1,0,1,0,0,adaptive,1,0.329818,1,computed_required,2.44444,1.26675,1.92969,7.4782500000000001e-08,0.00027346400000000001,1.82802e-07,0.00042755350542359025,9.4731000000000003e-08,0.00030778401517947613,-0.45527787354996957,0.45527787354996957,10,-0.43711273054504263,0.43711273054504263,10,-0.87422546109008525,0.87422546109008525,10,5.8688399999999998e-08,0.00024225700000000001,1.06773e-08,0.000103331,8.1935499999999999e-08,0.00028624400000000001,9.5066900000000006e-13,9.7502299999999998e-07,1.06763e-08,0.00010332600000000001,5.4969599999999999e-26,2.3445600000000001e-13,2.34456e-13,0.0094363761299188966,8.9044800164851123e-05,105.97288474220609,11230.302029412971,0.0094359195207633709,0.99995161181058934,2.2689802672963584e-09,5.1482678205164224e-18,1,1,not_skipped,success,1,4.9129800000000001e-09,7.0092700000000001e-05,0.67833176878187573,0.46013317973645024,,,,,,,,,,,,,,,,,,,,,,,,
outer,2d,boundary_singularity,p3,3,adaptive_force_effective_rho_no_inner_refinement,force_eff_rho_no_inner,production_2M,2000000,completed,24339168,20260701_091329_023258_job24339168,snellius_next_mem216,algorithm_data_ordered/2d/boundary_singularity/p3/production_2M/adaptive_force_effective_rho_no_inner_refinement,outer_history.csv,completed,28,,,907927,907927,1207513,1210800,1210800,2709955,1187.53,4199.31,1,1,0,1,0,0,adaptive,1,0.38038,1,computed_required,2.44444,1.33137,1.83604,5.6485199999999997e-08,0.00023766600000000001,1.38075e-07,0.00037158444531492437,7.5202599999999993e-08,0.00027423092458729012,-0.45527787354996957,0.45527787354996957,10,-0.43711273054504263,0.43711273054504263,10,-0.87422546109008525,0.87422546109008525,10,4.3896599999999997e-08,0.00020951499999999999,1.05228e-08,0.000102581,6.2080100000000003e-08,0.00024915899999999999,7.4849299999999999e-13,8.6515500000000002e-07,1.05221e-08,0.000102577,3.7373399999999996e-21,6.1133799999999996e-11,6.11338e-11,0.0084342006492683537,7.1135324697541358e-05,118.56488143743029,14057.713298587963,0.008433871769625954,0.99996100642419161,5.9595636618867034e-07,3.5516592541908993e-13,1,1,not_skipped,success,1,4.4775099999999998e-09,6.6914200000000004e-05,0.65230598258936845,0.42550556885999924,,,,,,,,,,,,,,,,,,,,,,,,
outer,2d,boundary_singularity,p3,3,adaptive_force_effective_rho_no_inner_refinement,force_eff_rho_no_inner,production_2M,2000000,completed,24339168,20260701_091329_023258_job24339168,snellius_next_mem216,algorithm_data_ordered/2d/boundary_singularity/p3/production_2M/adaptive_force_effective_rho_no_inner_refinement,outer_history.csv,completed,29,,,1207513,1207513,1567357,1610392,1610392,3602235,1715.12,5915.17,1,1,0,1,0,0,adaptive,1,0.37572,1,computed_required,2.44444,1.32524,1.84453,4.4685900000000002e-08,0.00021139100000000001,1.09232e-07,0.0003305026474931782,5.9219700000000001e-08,0.00024335098109520741,-0.45527787354996957,0.45527787354996957,10,-0.43711273054504263,0.43711273054504263,10,-0.87422546109008525,0.87422546109008525,10,3.4253799999999999e-08,0.00018507800000000001,8.2283999999999994e-09,9.0710499999999998e-05,4.9322399999999998e-08,0.00022208699999999999,6.56185e-13,8.1005200000000003e-07,8.2277500000000007e-09,9.0706900000000004e-05,3.2401299999999999e-22,1.8000400000000001e-11,1.80004e-11,0.0089304341786567501,7.975266628179027e-05,111.97663853678529,12538.765744416591,0.0089300797592340476,0.99996031330441359,1.9843788756538661e-07,3.9377400223615769e-14,1,1,not_skipped,success,1,2.4767500000000002e-09,4.9767e-05,0.54863549423716107,0.30100019444849552,,,,,,,,,,,,,,,,,,,,,,,,
outer,2d,boundary_singularity,p3,3,adaptive_force_effective_rho_no_inner_refinement,force_eff_rho_no_inner,production_2M,2000000,completed,24339168,20260701_091329_023258_job24339168,snellius_next_mem216,algorithm_data_ordered/2d/boundary_singularity/p3/production_2M/adaptive_force_effective_rho_no_inner_refinement,outer_history.csv,completed,30,,,1567357,1567357,2053285,2090736,2090736,4673010,2175.76,8091.94,1,1,0,1,0,0,adaptive,1,0.351647,1,computed_required,2.44444,1.29414,1.88885,3.5383099999999999e-08,0.000188104,8.6492099999999997e-08,0.00029409539268747479,4.5790899999999997e-08,0.00021398808378038251,-0.45527787354996957,0.45527787354996957,10,-0.43711273054504263,0.43711273054504263,10,-0.87422546109008525,0.87422546109008525,10,2.7014700000000001e-08,0.00016436099999999999,5.8020499999999998e-09,7.61712e-05,3.9102399999999997e-08,0.00019774300000000001,6.3595499999999999e-13,7.9746799999999995e-07,5.8014100000000001e-09,7.6167000000000004e-05,8.15904e-21,9.0327399999999998e-11,9.03274e-11,0.01046999356676776,0.00010962076460722479,95.511042449352217,9122.3592864274997,0.010469416262314365,0.9999448610498457,1.1858471443275149e-06,1.4062340034987634e-12,1,1,not_skipped,success,1,2.3106800000000001e-09,4.8069499999999998e-05,0.63107184867771549,0.39825234184469288,,,,,,,,,,,,,,,,,,,,,,,,
inner,2d,boundary_singularity,p3,3,adaptive_force_effective_rho_no_inner_refinement,force_eff_rho_no_inner,production_2M,2000000,completed,24339168,20260701_091329_023258_job24339168,snellius_next_mem216,algorithm_data_ordered/2d/boundary_singularity/p3/production_2M/adaptive_force_effective_rho_no_inner_refinement,inner_history.csv,completed,0,0,,52,52,106,52,52,125,0.132565,0.133476,,,,,,0,,1,0.0099239,1,computed_required,2.44444,1.00048,2.44328,0.00061923299999999996,0.024884400000000001,0.0015136800000000001,0.038906040662087422,0.00061952800000000005,0.024890319403334301,-0.45527787354996957,0.45527787354996957,10,-0.43711273054504263,0.43711273054504263,10,-0.87422546109008525,0.87422546109008525,10,0.00038589700000000001,0.019644200000000001,1.4936100000000001e-07,0.00038647200000000001,0.00072293800000000001,0.026887500000000002,1.4936100000000001e-07,0.00038647200000000001,4.4918700000000001e-33,6.7021399999999997e-17,5.0741900000000003e-31,7.1233300000000003e-16,7.12333e-16,5766397001554.7275,3.3251407542960952e+25,1.7341851414850233e-13,3.007391487737763e-26,1,1.7341851414850233e-13,1.8431684572232917e-12,3.3972656851520815e-24,1,1,not_skipped,success,1,4.2572099999999998e-08,0.00020633000000000001,0.53388085035914634,0.28502822021812918,,,,,,,,,,,,,,,,,,,,,,,,
inner,2d,boundary_singularity,p3,3,adaptive_force_effective_rho_no_inner_refinement,force_eff_rho_no_inner,production_2M,2000000,completed,24339168,20260701_091329_023258_job24339168,snellius_next_mem216,algorithm_data_ordered/2d/boundary_singularity/p3/production_2M/adaptive_force_effective_rho_no_inner_refinement,inner_history.csv,completed,1,0,,106,106,175,116,116,290,0.209593,0.371191,,,,,,0,,1,0.057551,1,computed_required,2.44444,1.01397,2.41077,0.00048883100000000001,0.022109500000000001,0.0011949199999999999,0.034567614901812357,0.00049565799999999995,0.022263378000653897,-0.45527787354996957,0.45527787354996957,10,-0.43711273054504263,0.43711273054504263,10,-0.87422546109008525,0.87422546109008525,10,0.00033569200000000001,0.018321899999999999,3.2507000000000001e-06,0.0018029700000000001,0.00055689300000000004,0.023598600000000001,4.5874399999999999e-07,0.00067730600000000002,2.7919599999999999e-06,0.0016709100000000001,1.2377099999999999e-30,1.11252e-15,1.11252e-15,0.40535157489032925,0.16430894425421569,2.4669942389407447,6.0860959489388415,0.37566127001558541,0.92675418892161265,6.1704853658130743e-13,3.8075183806564736e-25,1,1,not_skipped,success,1,1.36983e-06,0.0011704,0.64915112286948751,0.42139539176177437,,,,,,,,,,,,,,,,,,,,,,,,
inner,2d,boundary_singularity,p3,3,adaptive_force_effective_rho_no_inner_refinement,force_eff_rho_no_inner,production_2M,2000000,completed,24339168,20260701_091329_023258_job24339168,snellius_next_mem216,algorithm_data_ordered/2d/boundary_singularity/p3/production_2M/adaptive_force_effective_rho_no_inner_refinement,inner_history.csv,completed,2,0,,175,175,229,200,200,490,0.30763,0.711527,,,,,,0,,1,0.0221322,1,computed_required,2.44444,1.00229,2.43887,0.00020052700000000001,0.0141607,0.00049017699999999995,0.022139941282668298,0.00020098499999999999,0.014176917859675987,-0.45527787354996957,0.45527787354996957,10,-0.43711273054504263,0.43711273054504263,10,-0.87422546109008525,0.87422546109008525,10,0.000167682,0.012949199999999999,1.5724e-07,0.000396535,0.00021512500000000001,0.014667100000000001,1.5724e-07,0.000396535,1.8468700000000001e-32,1.359e-16,3.3576599999999998e-30,1.8323900000000002e-15,1.83239e-15,2917844002943.3408,8.513863996924526e+24,3.4271880161902479e-13,1.1745548206563216e-25,1,3.4271880161902479e-13,4.6210044510572846e-12,2.1353726787077079e-23,1,1,not_skipped,success,1,9.9664100000000004e-08,0.00031569600000000002,0.79613653271464069,0.63383426609005344,,,,,,,,,,,,,,,,,,,,,,,,
inner,2d,boundary_singularity,p3,3,adaptive_force_effective_rho_no_inner_refinement,force_eff_rho_no_inner,production_2M,2000000,completed,24339168,20260701_091329_023258_job24339168,snellius_next_mem216,algorithm_data_ordered/2d/boundary_singularity/p3/production_2M/adaptive_force_effective_rho_no_inner_refinement,inner_history.csv,completed,3,0,,229,229,325,272,272,650,0.367858,1.10922,,,,,,0,,1,0.0175842,1,computed_required,2.44444,1.00146,2.44087,0.000200099,0.014145599999999999,0.00048913099999999996,0.022116306201533743,0.000200392,0.014155988132235771,-0.45527787354996957,0.45527787354996957,10,-0.43711273054504263,0.43711273054504263,10,-0.87422546109008525,0.87422546109008525,10,0.00016781399999999999,0.0129543,9.9134799999999996e-08,0.00031485699999999998,0.000214448,0.014644000000000001,9.9134799999999996e-08,0.00031485699999999998,1.3924200000000001e-31,3.7315099999999998e-16,6.0927000000000002e-30,2.4683400000000002e-15,2.46834e-15,843779059951.60132,7.1196047169675807e+23,1.1851443671253935e-12,1.4045723600592327e-24,1,1.1851443671253935e-12,7.8395589108706504e-12,6.1458741027368798e-23,1,1,not_skipped,success,1,7.5239700000000001e-08,0.00027429899999999998,0.87118596696277995,0.75896355265759352,,,,,,,,,,,,,,,,,,,,,,,,
inner,2d,boundary_singularity,p3,3,adaptive_force_effective_rho_no_inner_refinement,force_eff_rho_no_inner,production_2M,2000000,completed,24339168,20260701_091329_023258_job24339168,snellius_next_mem216,algorithm_data_ordered/2d/boundary_singularity/p3/production_2M/adaptive_force_effective_rho_no_inner_refinement,inner_history.csv,completed,4,0,,325,325,511,400,400,960,0.58594,1.72842,,,,,,0,,1,0.014382,1,computed_required,2.44444,1.00099,2.44203,0.000198135,0.014076,0.00048432899999999998,0.022007476002486065,0.00019833000000000001,0.014082968437087402,-0.45527787354996957,0.45527787354996957,10,-0.43711273054504263,0.43711273054504263,10,-0.87422546109008525,0.87422546109008525,10,0.00016740900000000001,0.0129386,6.5002899999999998e-08,0.00025495699999999999,0.00021179099999999999,0.014553,5.7223999999999997e-08,0.00023921500000000001,7.7789500000000003e-09,8.8198399999999999e-05,9.0401000000000001e-30,3.0066800000000002e-15,3.00668e-15,2.7122374102024529,7.3562627346878431,0.36869928725205359,0.13593859219907733,0.93825625497632936,0.3459344124695537,1.1792890565860127e-11,1.3907225677623615e-22,1,1,not_skipped,success,1,5.8653000000000002e-08,0.000242184,0.94990135591491898,0.90231358908602544,,,,,,,,,,,,,,,,,,,,,,,,
inner,2d,boundary_singularity,p3,3,adaptive_force_effective_rho_no_inner_refinement,force_eff_rho_no_inner,production_2M,2000000,completed,24339168,20260701_091329_023258_job24339168,snellius_next_mem216,algorithm_data_ordered/2d/boundary_singularity/p3/production_2M/adaptive_force_effective_rho_no_inner_refinement,inner_history.csv,completed,5,0,,511,511,781,648,648,1535,0.850679,2.61583,,,,,,0,,1,0.0875114,1,computed_required,2.44444,1.02985,2.3736,0.00015943700000000001,0.0126269,0.00038973600000000001,0.019741732446773765,0.000164196,0.01281389870414153,-0.45527787354996957,0.45527787354996957,10,-0.43711273054504263,0.43711273054504263,10,-0.87422546109008525,0.87422546109008525,10,0.00014064700000000001,0.0118595,1.6379100000000001e-06,0.0012798099999999999,0.000167789,0.012953299999999999,4.5797000000000003e-08,0.000214002,1.59211e-06,0.00126179,1.7254999999999999e-29,4.1539099999999997e-15,4.15391e-15,0.1696019147401707,0.028764972269503992,5.8961598489733742,34.764504225167585,0.16721388331080395,0.9859197849680813,3.2457239746524875e-12,1.0534766867532402e-23,1,1,not_skipped,success,1,6.5900600000000002e-07,0.00081179199999999998,0.63430665489408589,0.40234567222863282,,,,,,,,,,,,,,,,,,,,,,,,
inner,2d,boundary_singularity,p3,3,adaptive_force_effective_rho_no_inner_refinement,force_eff_rho_no_inner,production_2M,2000000,completed,24339168,20260701_091329_023258_job24339168,snellius_next_mem216,algorithm_data_ordered/2d/boundary_singularity/p3/production_2M/adaptive_force_effective_rho_no_inner_refinement,inner_history.csv,completed,6,0,,781,781,1057,1008,1008,2375,1.24535,3.89647,,,,,,0,,1,0.252408,1,computed_required,2.44444,1.17625,2.07817,7.4451599999999997e-05,0.0086285300000000006,0.000181993,0.013490478123476573,8.7573599999999998e-05,0.0093580767254815775,-0.45527787354996957,0.45527787354996957,10,-0.43711273054504263,0.43711273054504263,10,-0.87422546109008525,0.87422546109008525,10,6.4311899999999997e-05,0.0080194700000000008,5.8844199999999996e-06,0.0024257800000000002,7.8958100000000006e-05,0.0088858400000000008,4.1415100000000003e-08,0.00020350699999999999,5.8429999999999998e-06,0.0024172299999999998,3.0326300000000001e-29,5.5069299999999997e-15,5.50693e-15,0.084190168084956746,0.007087985623823379,11.877871522846879,141.08380759674611,0.083893428093231859,0.9964753605026011,2.2701687704573372e-12,5.1536600038746388e-24,1,1,not_skipped,success,1,3.1553300000000001e-06,0.00177633,0.73227168168589063,0.53621767310966928,,,,,,,,,,,,,,,,,,,,,,,,
inner,2d,boundary_singularity,p3,3,adaptive_force_effective_rho_no_inner_refinement,force_eff_rho_no_inner,production_2M,2000000,completed,24339168,20260701_091329_023258_job24339168,snellius_next_mem216,algorithm_data_ordered/2d/boundary_singularity/p3/production_2M/adaptive_force_effective_rho_no_inner_refinement,inner_history.csv,completed,7,0,,1057,1057,1414,1376,1376,3205,1.60541,5.5401,,,,,,0,,1,0.0175243,1,computed_required,2.44444,1.00145,2.4409,3.3132700000000002e-05,0.0057561000000000001,8.0990999999999998e-05,0.0089994999861103386,3.3180799999999999e-05,0.005760277771080141,-0.45527787354996957,0.45527787354996957,10,-0.43711273054504263,0.43711273054504263,10,-0.87422546109008525,0.87422546109008525,10,2.77003e-05,0.0052631099999999997,1.6403999999999999e-08,0.000128078,3.5546999999999997e-05,0.0059621300000000004,1.6285700000000001e-08,0.000127615,1.1828400000000001e-10,1.08759e-05,6.69573e-29,8.1827400000000001e-15,8.18274e-15,11.733741575409852,137.68303405363363,0.085224307487364342,0.0072630590026833359,0.99638501538125201,0.084916222926654072,6.3888724058776687e-11,4.0817666422823705e-21,1,1,not_skipped,success,1,1.6027499999999999e-08,0.00012659999999999999,0.98846015709177204,0.97704828090709583,,,,,,,,,,,,,,,,,,,,,,,,
inner,2d,boundary_singularity,p3,3,adaptive_force_effective_rho_no_inner_refinement,force_eff_rho_no_inner,production_2M,2000000,completed,24339168,20260701_091329_023258_job24339168,snellius_next_mem216,algorithm_data_ordered/2d/boundary_singularity/p3/production_2M/adaptive_force_effective_rho_no_inner_refinement,inner_history.csv,completed,8,0,,1414,1414,1843,1852,1852,4280,1.9446,7.53133,,,,,,0,,1,0.0421942,1,computed_required,2.44444,1.00784,2.42544,3.0409800000000001e-05,0.0055145000000000003,7.4334999999999999e-05,0.0086217747592940517,3.0648100000000002e-05,0.0055360726151306942,-0.45527787354996957,0.45527787354996957,10,-0.43711273054504263,0.43711273054504263,10,-0.87422546109008525,0.87422546109008525,10,2.6523700000000002e-05,0.0051501200000000002,7.7674499999999998e-08,0.00027870199999999998,3.2136900000000001e-05,0.0056689399999999999,1.38459e-08,0.000117669,6.38286e-08,0.00025264299999999999,1.0323100000000001e-28,1.0160300000000001e-14,1.01603e-14,0.46575206912520833,0.21692313477030672,2.1470650723640041,4.6099278486772262,0.42220364403556493,0.90649869753356638,3.6455784314429037e-11,1.3290204636013107e-21,1,1,not_skipped,success,1,3.6097100000000001e-08,0.00018999199999999999,0.68170303765312057,0.46472265672775492,,,,,,,,,,,,,,,,,,,,,,,,
inner,2d,boundary_singularity,p3,3,adaptive_force_effective_rho_no_inner_refinement,force_eff_rho_no_inner,production_2M,2000000,completed,24339168,20260701_091329_023258_job24339168,snellius_next_mem216,algorithm_data_ordered/2d/boundary_singularity/p3/production_2M/adaptive_force_effective_rho_no_inner_refinement,inner_history.csv,completed,9,0,,1843,1843,2761,2424,2424,5630,2.87695,10.4595,,,,,,0,,1,0.0653179,1,computed_required,2.44444,1.01762,2.40213,2.86293e-05,0.0053506400000000003,6.9982799999999997e-05,0.0083655723055867486,2.9133699999999999e-05,0.0053975642654812365,-0.45527787354996957,0.45527787354996957,10,-0.43711273054504263,0.43711273054504263,10,-0.87422546109008525,0.87422546109008525,10,2.5379099999999999e-05,0.0050377699999999996,1.6553500000000001e-07,0.00040685999999999999,3.00739e-05,0.0054839700000000003,8.2453900000000006e-09,9.08041e-05,1.5729e-07,0.00039659800000000001,2.1481700000000001e-28,1.4656600000000001e-14,1.46566e-14,0.22895753382518316,0.052421577976985191,4.3676221668404844,19.076114046758249,0.22318266725655017,0.97477756476429245,3.6023693653836703e-11,1.2977134744917994e-21,1,1,not_skipped,success,1,6.3311200000000001e-08,0.00025161699999999999,0.61843631716069403,0.38246413145256292,,,,,,,,,,,,,,,,,,,,,,,,
inner,2d,boundary_singularity,p3,3,adaptive_force_effective_rho_no_inner_refinement,force_eff_rho_no_inner,production_2M,2000000,completed,24339168,20260701_091329_023258_job24339168,snellius_next_mem216,algorithm_data_ordered/2d/boundary_singularity/p3/production_2M/adaptive_force_effective_rho_no_inner_refinement,inner_history.csv,completed,10,0,,2761,2761,4132,3648,3648,8440,4.05457,14.5746,,,,,,0,,1,0.19504,1,computed_required,2.44444,1.11679,2.18882,1.97101e-05,0.0044396100000000001,4.8180299999999997e-05,0.0069412030657516419,2.2011999999999999e-05,0.0046916947897321709,-0.45527787354996957,0.45527787354996957,10,-0.43711273054504263,0.43711273054504263,10,-0.87422546109008525,0.87422546109008525,10,1.8216e-05,0.00426802,8.6744200000000005e-07,0.00093136499999999997,2.0374199999999999e-05,0.0045137800000000002,4.0387399999999996e-09,6.3551099999999995e-05,8.6340300000000005e-07,0.00092919499999999996,3.2181099999999998e-28,1.7939100000000002e-14,1.79391e-14,0.068393717142257546,0.0046776997531859394,14.621226068470884,213.78028791157641,0.068234365689069265,0.99767008637859489,1.9261084537211514e-11,3.7098849260238722e-22,1,1,not_skipped,success,1,3.7326300000000003e-07,0.00061095300000000002,0.65597590633103031,0.43030312113086522,,,,,,,,,,,,,,,,,,,,,,,,
inner,2d,boundary_singularity,p3,3,adaptive_force_effective_rho_no_inner_refinement,force_eff_rho_no_inner,production_2M,2000000,completed,24339168,20260701_091329_023258_job24339168,snellius_next_mem216,algorithm_data_ordered/2d/boundary_singularity/p3/production_2M/adaptive_force_effective_rho_no_inner_refinement,inner_history.csv,completed,11,0,,4132,4132,6181,5476,5476,12560,3.69673,18.3467,,,,,,0,,1,0.308291,1,computed_required,2.44444,1.24052,1.9705,1.1049100000000001e-05,0.00332402,2.7008999999999998e-05,0.0051970183759536583,1.37066e-05,0.0037022425636362619,-0.45527787354996957,0.45527787354996957,10,-0.43711273054504263,0.43711273054504263,10,-0.87422546109008525,0.87422546109008525,10,9.5309399999999999e-06,0.0030872199999999999,1.2710100000000001e-06,0.00112739,1.17239e-05,0.0034240199999999998,7.9951600000000001e-10,2.8275700000000001e-05,1.27021e-06,0.0011270399999999999,5.0584600000000002e-28,2.2491e-14,2.2491e-14,0.025088461811470758,0.0006294360774989963,39.858960167210711,1588.7236778250842,0.025080673059012411,0.99968954842601043,1.9949618144563992e-11,3.979874273215789e-22,1,1,not_skipped,success,1,7.0852100000000002e-07,0.00084173699999999995,0.74662450438623718,0.55744722700844207,,,,,,,,,,,,,,,,,,,,,,,,
inner,2d,boundary_singularity,p3,3,adaptive_force_effective_rho_no_inner_refinement,force_eff_rho_no_inner,production_2M,2000000,completed,24339168,20260701_091329_023258_job24339168,snellius_next_mem216,algorithm_data_ordered/2d/boundary_singularity/p3/production_2M/adaptive_force_effective_rho_no_inner_refinement,inner_history.csv,completed,12,0,,6181,6181,8455,8208,8208,18760,6.52786,24.9791,,,,,,0,,1,0.357902,1,computed_required,2.44444,1.30214,1.87726,5.6487099999999997e-06,0.0023766999999999998,1.3808000000000001e-05,0.0037159117319979494,7.3553900000000001e-06,0.0027120822258921281,-0.45527787354996957,0.45527787354996957,10,-0.43711273054504263,0.43711273054504263,10,-0.87422546109008525,0.87422546109008525,10,4.3629500000000003e-06,0.0020887700000000002,9.4734200000000001e-07,0.00097331499999999999,6.2201599999999999e-06,0.0024940299999999999,3.2734699999999999e-10,1.80927e-05,9.4701399999999996e-07,0.00097314700000000005,9.3743899999999996e-28,3.0617600000000003e-14,3.06176e-14,0.018591949623232667,0.00034566226053680307,53.786720611075189,2892.9973392149614,0.018588740541345815,0.99982739400913379,3.1457030868732123e-11,9.8954654179799904e-22,1,1,not_skipped,success,1,6.3028999999999996e-07,0.00079390799999999996,0.81567426783723662,0.66532466627680387,,,,,,,,,,,,,,,,,,,,,,,,
inner,2d,boundary_singularity,p3,3,adaptive_force_effective_rho_no_inner_refinement,force_eff_rho_no_inner,production_2M,2000000,completed,24339168,20260701_091329_023258_job24339168,snellius_next_mem216,algorithm_data_ordered/2d/boundary_singularity/p3/production_2M/adaptive_force_effective_rho_no_inner_refinement,inner_history.csv,completed,13,0,,8455,8455,11326,11240,11240,25600,7.85256,32.9557,,,,,,0,,1,0.116768,1,computed_required,2.44444,1.04948,2.3292,4.3708900000000001e-06,0.0020906700000000002,1.0684400000000001e-05,0.0032687000474194631,4.5871599999999996e-06,0.0021417656267668506,-0.45527787354996957,0.45527787354996957,10,-0.43711273054504263,0.43711273054504263,10,-0.87422546109008525,0.87422546109008525,10,3.5350999999999998e-06,0.0018801899999999999,8.9553999999999996e-08,0.00029925600000000002,4.7423600000000003e-06,0.0021776999999999999,2.08246e-10,1.4430700000000001e-05,8.9345699999999995e-08,0.00029890800000000002,1.32227e-27,3.6362999999999999e-14,3.6363e-14,0.048278065491723206,0.0023307892825284262,20.713340309201911,429.03921323818946,0.048221923704119547,0.99883711604779857,1.2151134814339562e-10,1.4765057953860242e-20,1,1,not_skipped,success,1,4.1599000000000001e-08,0.00020395799999999999,0.68155024460662439,0.4645130312437189,,,,,,,,,,,,,,,,,,,,,,,,
inner,2d,boundary_singularity,p3,3,adaptive_force_effective_rho_no_inner_refinement,force_eff_rho_no_inner,production_2M,2000000,completed,24339168,20260701_091329_023258_job24339168,snellius_next_mem216,algorithm_data_ordered/2d/boundary_singularity/p3/production_2M/adaptive_force_effective_rho_no_inner_refinement,inner_history.csv,completed,14,0,,11326,11326,16141,15068,15068,34220,9.964,43.0719,,,,,,0,,1,0.250902,1,computed_required,2.44444,1.1746,2.08109,2.76728e-06,0.00166351,6.7644599999999999e-06,0.0026008575508858611,3.2504400000000001e-06,0.0018028976676450609,-0.45527787354996957,0.45527787354996957,10,-0.43711273054504263,0.43711273054504263,10,-0.87422546109008525,0.87422546109008525,10,2.3126999999999999e-06,0.0015207599999999999,2.2495699999999999e-07,0.00047429699999999999,2.96931e-06,0.00172317,1.2506699999999999e-10,1.11833e-05,2.2483200000000001e-07,0.00047416500000000002,1.8696999999999999e-27,4.3240000000000001e-14,4.324e-14,0.023585249860280703,0.00055626868061485902,42.399381220212284,1797.6924368538466,0.023578685928858922,0.99972169336934458,9.1166505375323909e-11,8.3113661722017981e-21,1,1,not_skipped,success,1,1.11871e-07,0.00033447099999999998,0.70519315956035977,0.4972994839013678,,,,,,,,,,,,,,,,,,,,,,,,
inner,2d,boundary_singularity,p3,3,adaptive_force_effective_rho_no_inner_refinement,force_eff_rho_no_inner,production_2M,2000000,completed,24339168,20260701_091329_023258_job24339168,snellius_next_mem216,algorithm_data_ordered/2d/boundary_singularity/p3/production_2M/adaptive_force_effective_rho_no_inner_refinement,inner_history.csv,completed,15,0,,16141,16141,22642,21488,21488,48875,16.3787,59.6749,,,,,,0,,1,0.31066,1,computed_required,2.44444,1.24337,1.96599,1.83753e-06,0.0013555500000000001,4.49174e-06,0.0021193725486567954,2.28472e-06,0.0015115290271774473,-0.45527787354996957,0.45527787354996957,10,-0.43711273054504263,0.43711273054504263,10,-0.87422546109008525,0.87422546109008525,10,1.41286e-06,0.0011886399999999999,2.3970499999999999e-07,0.00048959700000000004,2.02627e-06,0.00142347,1.11146e-10,1.05426e-05,2.3959399999999999e-07,0.00048948399999999999,2.6124199999999999e-27,5.1111900000000001e-14,5.11119e-14,0.021538191238120143,0.00046389308580348427,46.429154098609452,2155.6691198963526,0.021533220179045211,0.99976919793217678,1.0439586026875164e-10,1.0898479380905697e-20,1,1,not_skipped,success,1,1.57757e-07,0.000397186,0.81125088593271599,0.65812978452681425,,,,,,,,,,,,,,,,,,,,,,,,
inner,2d,boundary_singularity,p3,3,adaptive_force_effective_rho_no_inner_refinement,force_eff_rho_no_inner,production_2M,2000000,completed,24339168,20260701_091329_023258_job24339168,snellius_next_mem216,algorithm_data_ordered/2d/boundary_singularity/p3/production_2M/adaptive_force_effective_rho_no_inner_refinement,inner_history.csv,completed,16,0,,22642,22642,31333,30156,30156,68425,21.4991,81.476,,,,,,0,,1,0.228544,1,computed_required,2.44444,1.15064,2.12442,1.56674e-06,0.0012516999999999999,3.8298199999999999e-06,0.0019569925906860251,1.8027600000000001e-06,0.0013426689837782058,-0.45527787354996957,0.45527787354996957,10,-0.43711273054504263,0.43711273054504263,10,-0.87422546109008525,0.87422546109008525,10,1.21836e-06,0.0011037899999999999,1.1611799999999999e-07,0.00034076100000000003,1.72158e-06,0.0013120899999999999,3.6464800000000001e-11,6.0386099999999999e-06,1.1608199999999999e-07,0.00034070699999999999,3.5761399999999997e-27,5.9800800000000003e-14,5.98008e-14,0.017723762646496843,0.00031412966695956311,56.421428110111435,3183.3987845812944,0.017720953982409957,0.99984153116113628,1.7549191368730576e-10,3.0797464648030448e-20,1,1,not_skipped,success,1,8.2271499999999997e-08,0.00028683000000000002,0.84173364909716775,0.70851633682977666,,,,,,,,,,,,,,,,,,,,,,,,
inner,2d,boundary_singularity,p3,3,adaptive_force_effective_rho_no_inner_refinement,force_eff_rho_no_inner,production_2M,2000000,completed,24339168,20260701_091329_023258_job24339168,snellius_next_mem216,algorithm_data_ordered/2d/boundary_singularity/p3/production_2M/adaptive_force_effective_rho_no_inner_refinement,inner_history.csv,completed,17,0,,31333,31333,45220,41744,41744,94315,28.7176,110.603,,,,,,0,,1,0.230387,1,computed_required,2.44444,1.15257,2.12086,1.1568699999999999e-06,0.00107558,2.8279000000000001e-06,0.0016816361080804611,1.3333800000000001e-06,0.0011547207454618627,-0.45527787354996957,0.45527787354996957,10,-0.43711273054504263,0.43711273054504263,10,-0.87422546109008525,0.87422546109008525,10,9.1242799999999997e-07,0.00095521099999999997,8.5725400000000003e-08,0.000292789,1.2655100000000001e-06,0.00112495,1.42241e-11,3.77149e-06,8.5711200000000003e-08,0.00029276500000000001,4.9332200000000003e-27,7.0236900000000002e-14,7.02369e-14,0.01288231175174628,0.00016595380767040946,77.625818973403085,6025.773159637517,0.012881255784882629,0.99991802970740018,2.3988913517925879e-10,5.7546771435303887e-20,1,1,not_skipped,success,1,5.57757e-08,0.00023616899999999999,0.80661841804166134,0.65063213469986725,,,,,,,,,,,,,,,,,,,,,,,,
inner,2d,boundary_singularity,p3,3,adaptive_force_effective_rho_no_inner_refinement,force_eff_rho_no_inner,production_2M,2000000,completed,24339168,20260701_091329_023258_job24339168,snellius_next_mem216,algorithm_data_ordered/2d/boundary_singularity/p3/production_2M/adaptive_force_effective_rho_no_inner_refinement,inner_history.csv,completed,18,0,,45220,45220,61258,60260,60260,136165,46.8772,158.069,,,,,,0,,1,0.240383,1,computed_required,2.44444,1.1632,2.10149,7.6916000000000004e-07,0.00087701800000000002,1.88017e-06,0.00137119291130023,8.9468499999999999e-07,0.00094587789909691836,-0.45527787354996957,0.45527787354996957,10,-0.43711273054504263,0.43711273054504263,10,-0.87422546109008525,0.87422546109008525,10,5.9681100000000004e-07,0.00077253599999999999,6.2612900000000001e-08,0.00025022599999999999,8.4575999999999997e-07,0.00091965199999999997,8.8680400000000002e-12,2.9779299999999999e-06,6.2603999999999996e-08,0.00025020799999999997,6.6374600000000001e-27,8.1470599999999998e-14,8.14706e-14,0.011901817687683848,0.00014165292952526997,84.020779534777503,7059.5080761927093,0.011900961530776178,0.9999280650292135,3.2558806838617889e-10,1.0600786738834969e-19,1,1,not_skipped,success,1,4.08313e-08,0.00020206799999999999,0.80754198204822836,0.65212280536438971,,,,,,,,,,,,,,,,,,,,,,,,
inner,2d,boundary_singularity,p3,3,adaptive_force_effective_rho_no_inner_refinement,force_eff_rho_no_inner,production_2M,2000000,completed,24339168,20260701_091329_023258_job24339168,snellius_next_mem216,algorithm_data_ordered/2d/boundary_singularity/p3/production_2M/adaptive_force_effective_rho_no_inner_refinement,inner_history.csv,completed,19,0,,61258,61258,82903,81644,81644,184170,60.7333,219.611,,,,,,0,,1,0.246722,1,computed_required,2.44444,1.17004,2.0892,5.6797599999999998e-07,0.00075364200000000001,1.3883900000000001e-06,0.001178299622337205,6.6455600000000001e-07,0.00081520304219255709,-0.45527787354996957,0.45527787354996957,10,-0.43711273054504263,0.43711273054504263,10,-0.87422546109008525,0.87422546109008525,10,4.47663e-07,0.000669076,4.7708300000000002e-08,0.00021842199999999999,6.2144899999999997e-07,0.00078832100000000003,7.0832199999999998e-12,2.66143e-06,4.7701200000000002e-08,0.00021840600000000001,8.6472800000000001e-27,9.2990700000000003e-14,9.29907e-14,0.012185700026556046,0.00014849144256328981,82.063402005688673,6734.3948091404764,0.012184807391196859,0.99992674730567443,4.2573870763934039e-10,1.8125315720744607e-19,1,1,not_skipped,success,1,3.6021000000000002e-08,0.00018979199999999999,0.86892346009101651,0.75502585503989872,,,,,,,,,,,,,,,,,,,,,,,,
inner,2d,boundary_singularity,p3,3,adaptive_force_effective_rho_no_inner_refinement,force_eff_rho_no_inner,production_2M,2000000,completed,24339168,20260701_091329_023258_job24339168,snellius_next_mem216,algorithm_data_ordered/2d/boundary_singularity/p3/production_2M/adaptive_force_effective_rho_no_inner_refinement,inner_history.csv,completed,20,0,,82903,82903,113140,110504,110504,248695,78.9613,299.718,,,,,,0,,1,0.256874,1,computed_required,2.44444,1.18117,2.06951,4.5163399999999998e-07,0.000672037,1.1039900000000001e-06,0.0010507092842456471,5.3345499999999998e-07,0.00073038003806237745,-0.45527787354996957,0.45527787354996957,10,-0.43711273054504263,0.43711273054504263,10,-0.87422546109008525,0.87422546109008525,10,3.5914199999999997e-07,0.00059928399999999995,4.0454300000000002e-08,0.00020113299999999999,4.9274100000000003e-07,0.00070195499999999998,6.45409e-12,2.5404899999999998e-06,4.04479e-08,0.00020111700000000001,1.14175e-26,1.06853e-13,1.06853e-13,0.012631900833842986,0.00015956551514417311,79.164649339300695,6267.0182783320342,0.012630895974305559,0.99992045064708435,5.3125543794404697e-10,2.8223204949782838e-19,1,1,not_skipped,success,1,2.57004e-08,0.00016031300000000001,0.79704971337373787,0.63529464111355283,,,,,,,,,,,,,,,,,,,,,,,,
inner,2d,boundary_singularity,p3,3,adaptive_force_effective_rho_no_inner_refinement,force_eff_rho_no_inner,production_2M,2000000,completed,24339168,20260701_091329_023258_job24339168,snellius_next_mem216,algorithm_data_ordered/2d/boundary_singularity/p3/production_2M/adaptive_force_effective_rho_no_inner_refinement,inner_history.csv,completed,21,0,,113140,113140,154966,150820,150820,339330,123.057,424.405,,,,,,0,,1,0.26198,1,computed_required,2.44444,1.18684,2.05962,3.5818699999999998e-07,0.00059848699999999998,8.7556699999999997e-07,0.00093571737185968711,4.25111e-07,0.00065200536807606116,-0.45527787354996957,0.45527787354996957,10,-0.43711273054504263,0.43711273054504263,10,-0.87422546109008525,0.87422546109008525,10,2.7707799999999999e-07,0.00052638200000000004,3.4171299999999998e-08,0.00018485499999999999,3.9423499999999998e-07,0.00062788099999999995,5.6084399999999999e-12,2.3682099999999999e-06,3.4165600000000001e-08,0.00018484,1.45366e-26,1.2056799999999999e-13,1.20568e-13,0.012812215970569141,0.0001641545882408036,78.050510723288895,6091.8187588705596,0.012811176327391739,0.99991885531903391,6.5223012631522004e-10,4.2540377451252953e-19,1,1,not_skipped,success,1,1.5640200000000001e-08,0.00012506099999999999,0.67653566308728463,0.45769988265006017,,,,,,,,,,,,,,,,,,,,,,,,
inner,2d,boundary_singularity,p3,3,adaptive_force_effective_rho_no_inner_refinement,force_eff_rho_no_inner,production_2M,2000000,completed,24339168,20260701_091329_023258_job24339168,snellius_next_mem216,algorithm_data_ordered/2d/boundary_singularity/p3/production_2M/adaptive_force_effective_rho_no_inner_refinement,inner_history.csv,completed,22,0,,154966,154966,214471,206588,206588,464615,164.566,591.364,,,,,,0,,1,0.298476,1,computed_required,2.44444,1.22882,1.98926,2.9776700000000002e-07,0.00054567999999999999,7.27875e-07,0.00085315590603359242,3.6590200000000002e-07,0.00060489833856607674,-0.45527787354996957,0.45527787354996957,10,-0.43711273054504263,0.43711273054504263,10,-0.87422546109008525,0.87422546109008525,10,2.31941e-07,0.00048160199999999997,3.5725399999999999e-08,0.00018901200000000001,3.27023e-07,0.00057185899999999997,5.0686500000000002e-12,2.2513700000000002e-06,3.5720300000000001e-08,0.00018899800000000001,1.8411300000000001e-26,1.3568800000000001e-13,1.35688e-13,0.011912136636366522,0.00014189830432555158,83.947996109035827,7047.3005632663526,0.011911254311895542,0.99992593062874313,7.1788034622140392e-10,5.1535602120620062e-19,1,1,not_skipped,success,1,1.68392e-08,0.00012976599999999999,0.68654900217975567,0.47135091559506681,,,,,,,,,,,,,,,,,,,,,,,,
inner,2d,boundary_singularity,p3,3,adaptive_force_effective_rho_no_inner_refinement,force_eff_rho_no_inner,production_2M,2000000,completed,24339168,20260701_091329_023258_job24339168,snellius_next_mem216,algorithm_data_ordered/2d/boundary_singularity/p3/production_2M/adaptive_force_effective_rho_no_inner_refinement,inner_history.csv,completed,23,0,,214471,214471,295846,285928,285928,642295,222.288,817.199,,,,,,0,,1,0.303603,1,computed_required,2.44444,1.23491,1.97945,2.3086299999999999e-07,0.00048048200000000001,5.6433199999999997e-07,0.00075122034051268872,2.85095e-07,0.00053394288084026361,-0.45527787354996957,0.45527787354996957,10,-0.43711273054504263,0.43711273054504263,10,-0.87422546109008525,0.87422546109008525,10,1.8257500000000001e-07,0.00042728800000000001,2.81722e-08,0.00016784600000000001,2.52325e-07,0.00050231899999999999,4.1966399999999998e-12,2.0485700000000002e-06,2.8168000000000001e-08,0.00016783299999999999,2.4035800000000001e-26,1.5503500000000001e-13,1.55035e-13,0.012206002395238126,0.00014898608349900595,81.926905109417774,6712.0362957032303,0.012205057016550887,0.99992254804999814,9.2367408219439245e-10,8.5317440597468431e-19,1,1,not_skipped,success,1,1.6194700000000001e-08,0.00012725900000000001,0.75818905425211214,0.5748468348229816,,,,,,,,,,,,,,,,,,,,,,,,
inner,2d,boundary_singularity,p3,3,adaptive_force_effective_rho_no_inner_refinement,force_eff_rho_no_inner,production_2M,2000000,completed,24339168,20260701_091329_023258_job24339168,snellius_next_mem216,algorithm_data_ordered/2d/boundary_singularity/p3/production_2M/adaptive_force_effective_rho_no_inner_refinement,inner_history.csv,completed,24,0,,295846,295846,396538,394428,394428,884940,344.034,1166.25,,,,,,0,,1,0.302626,1,computed_required,2.44444,1.23375,1.98132,1.61352e-07,0.00040168700000000002,3.9441699999999998e-07,0.00062802627333575784,1.9906799999999999e-07,0.00044617037104675606,-0.45527787354996957,0.45527787354996957,10,-0.43711273054504263,0.43711273054504263,10,-0.87422546109008525,0.87422546109008525,10,1.2701e-07,0.00035638500000000002,1.9659199999999998e-08,0.000140211,1.76615e-07,0.00042025599999999998,2.11895e-12,1.4556600000000001e-06,1.9657100000000001e-08,0.000140204,5.6990300000000002e-23,7.5491900000000001e-12,7.54919e-12,0.010382442726313086,0.0001077956565312279,96.316447522086193,9276.8116284008593,0.01038192438539059,0.9999500752437398,5.3841638673142619e-08,2.8989124684626031e-15,1,1,not_skipped,success,1,1.08176e-08,0.000104008,0.74179629273024228,0.5502563685195736,,,,,,,,,,,,,,,,,,,,,,,,
inner,2d,boundary_singularity,p3,3,adaptive_force_effective_rho_no_inner_refinement,force_eff_rho_no_inner,production_2M,2000000,completed,24339168,20260701_091329_023258_job24339168,snellius_next_mem216,algorithm_data_ordered/2d/boundary_singularity/p3/production_2M/adaptive_force_effective_rho_no_inner_refinement,inner_history.csv,completed,25,0,,396538,396538,523051,528924,528924,1185945,447.456,1620.57,,,,,,0,,1,0.322003,1,computed_required,2.44444,1.25714,1.94445,1.22438e-07,0.00034991200000000002,2.9929300000000001e-07,0.0005470767770615017,1.5392199999999999e-07,0.00039232894361747003,-0.45527787354996957,0.45527787354996957,10,-0.43711273054504263,0.43711273054504263,10,-0.87422546109008525,0.87422546109008525,10,9.4466900000000003e-08,0.00030735499999999999,1.6987300000000002e-08,0.000130335,1.3486999999999999e-07,0.000367246,1.2839099999999999e-12,1.1331e-06,1.6986000000000001e-08,0.00013033000000000001,3.66761e-26,1.9151000000000001e-13,1.9151e-13,0.0086940842476789688,7.5586365241963956e-05,115.02073956402789,13229.89929200645,0.0086937507193002635,0.99996163731921583,1.4693673993938696e-09,2.1590305698963341e-18,1,1,not_skipped,success,1,6.17752e-09,7.8597199999999993e-05,0.60303985882533462,0.36365520123857231,,,,,,,,,,,,,,,,,,,,,,,,
inner,2d,boundary_singularity,p3,3,adaptive_force_effective_rho_no_inner_refinement,force_eff_rho_no_inner,production_2M,2000000,completed,24339168,20260701_091329_023258_job24339168,snellius_next_mem216,algorithm_data_ordered/2d/boundary_singularity/p3/production_2M/adaptive_force_effective_rho_no_inner_refinement,inner_history.csv,completed,26,0,,523051,523051,673837,697752,697752,1563075,592.628,2222.42,,,,,,0,,1,0.302422,1,computed_required,2.44444,1.2335,1.98171,9.4221799999999997e-08,0.00030695599999999999,2.3031999999999999e-07,0.00047991665943161423,1.1622299999999999e-07,0.00034091494540427526,-0.45527787354996957,0.45527787354996957,10,-0.43711273054504263,0.43711273054504263,10,-0.87422546109008525,0.87422546109008525,10,7.3287600000000006e-08,0.00027071700000000002,1.1590999999999999e-08,0.000107661,1.03526e-07,0.000321754,1.06421e-12,1.0316e-06,1.1589899999999999e-08,0.000107656,4.5261099999999998e-26,2.1274700000000001e-13,2.12747e-13,0.0095823734859181095,9.182219001026756e-05,104.35827840248159,10890.613694665526,0.0095819284606310558,0.99995355792719742,1.9760823325066645e-09,3.9048485894228282e-18,1,1,not_skipped,success,1,4.1307299999999999e-09,6.4270799999999995e-05,0.59697383453618302,0.35637391079285652,,,,,,,,,,,,,,,,,,,,,,,,
inner,2d,boundary_singularity,p3,3,adaptive_force_effective_rho_no_inner_refinement,force_eff_rho_no_inner,production_2M,2000000,completed,24339168,20260701_091329_023258_job24339168,snellius_next_mem216,algorithm_data_ordered/2d/boundary_singularity/p3/production_2M/adaptive_force_effective_rho_no_inner_refinement,inner_history.csv,completed,27,0,,673837,673837,907927,898848,898848,2011690,759.864,2994.46,,,,,,0,,1,0.329818,1,computed_required,2.44444,1.26675,1.92969,7.4782500000000001e-08,0.00027346400000000001,1.82802e-07,0.00042755350542359025,9.4731000000000003e-08,0.00030778401517947613,-0.45527787354996957,0.45527787354996957,10,-0.43711273054504263,0.43711273054504263,10,-0.87422546109008525,0.87422546109008525,10,5.8688399999999998e-08,0.00024225700000000001,1.06773e-08,0.000103331,8.1935499999999999e-08,0.00028624400000000001,9.5066900000000006e-13,9.7502299999999998e-07,1.06763e-08,0.00010332600000000001,5.4969599999999999e-26,2.3445600000000001e-13,2.34456e-13,0.0094363761299188966,8.9044800164851123e-05,105.97288474220609,11230.302029412971,0.0094359195207633709,0.99995161181058934,2.2689802672963584e-09,5.1482678205164224e-18,1,1,not_skipped,success,1,4.9129800000000001e-09,7.0092700000000001e-05,0.67833176878187573,0.46013317973645024,,,,,,,,,,,,,,,,,,,,,,,,
inner,2d,boundary_singularity,p3,3,adaptive_force_effective_rho_no_inner_refinement,force_eff_rho_no_inner,production_2M,2000000,completed,24339168,20260701_091329_023258_job24339168,snellius_next_mem216,algorithm_data_ordered/2d/boundary_singularity/p3/production_2M/adaptive_force_effective_rho_no_inner_refinement,inner_history.csv,completed,28,0,,907927,907927,1207513,1210800,1210800,2709955,1165.17,4177.04,,,,,,0,,1,0.38038,1,computed_required,2.44444,1.33137,1.83604,5.6485199999999997e-08,0.00023766600000000001,1.38075e-07,0.00037158444531492437,7.5202599999999993e-08,0.00027423092458729012,-0.45527787354996957,0.45527787354996957,10,-0.43711273054504263,0.43711273054504263,10,-0.87422546109008525,0.87422546109008525,10,4.3896599999999997e-08,0.00020951499999999999,1.05228e-08,0.000102581,6.2080100000000003e-08,0.00024915899999999999,7.4849299999999999e-13,8.6515500000000002e-07,1.05221e-08,0.000102577,3.7373399999999996e-21,6.1133799999999996e-11,6.11338e-11,0.0084342006492683537,7.1135324697541358e-05,118.56488143743029,14057.713298587963,0.008433871769625954,0.99996100642419161,5.9595636618867034e-07,3.5516592541908993e-13,1,1,not_skipped,success,1,4.4775099999999998e-09,6.6914200000000004e-05,0.65230598258936845,0.42550556885999924,,,,,,,,,,,,,,,,,,,,,,,,
inner,2d,boundary_singularity,p3,3,adaptive_force_effective_rho_no_inner_refinement,force_eff_rho_no_inner,production_2M,2000000,completed,24339168,20260701_091329_023258_job24339168,snellius_next_mem216,algorithm_data_ordered/2d/boundary_singularity/p3/production_2M/adaptive_force_effective_rho_no_inner_refinement,inner_history.csv,completed,29,0,,1207513,1207513,1567357,1610392,1610392,3602235,1685.44,5885.6,,,,,,0,,1,0.37572,1,computed_required,2.44444,1.32524,1.84453,4.4685900000000002e-08,0.00021139100000000001,1.09232e-07,0.0003305026474931782,5.9219700000000001e-08,0.00024335098109520741,-0.45527787354996957,0.45527787354996957,10,-0.43711273054504263,0.43711273054504263,10,-0.87422546109008525,0.87422546109008525,10,3.4253799999999999e-08,0.00018507800000000001,8.2283999999999994e-09,9.0710499999999998e-05,4.9322399999999998e-08,0.00022208699999999999,6.56185e-13,8.1005200000000003e-07,8.2277500000000007e-09,9.0706900000000004e-05,3.2401299999999999e-22,1.8000400000000001e-11,1.80004e-11,0.0089304341786567501,7.975266628179027e-05,111.97663853678529,12538.765744416591,0.0089300797592340476,0.99996031330441359,1.9843788756538661e-07,3.9377400223615769e-14,1,1,not_skipped,success,1,2.4767500000000002e-09,4.9767e-05,0.54863549423716107,0.30100019444849552,,,,,,,,,,,,,,,,,,,,,,,,
inner,2d,boundary_singularity,p3,3,adaptive_force_effective_rho_no_inner_refinement,force_eff_rho_no_inner,production_2M,2000000,completed,24339168,20260701_091329_023258_job24339168,snellius_next_mem216,algorithm_data_ordered/2d/boundary_singularity/p3/production_2M/adaptive_force_effective_rho_no_inner_refinement,inner_history.csv,completed,30,0,,1567357,1567357,2053285,2090736,2090736,4673010,2135.33,8051.66,,,,,,0,,1,0.351647,1,computed_required,2.44444,1.29414,1.88885,3.5383099999999999e-08,0.000188104,8.6492099999999997e-08,0.00029409539268747479,4.5790899999999997e-08,0.00021398808378038251,-0.45527787354996957,0.45527787354996957,10,-0.43711273054504263,0.43711273054504263,10,-0.87422546109008525,0.87422546109008525,10,2.7014700000000001e-08,0.00016436099999999999,5.8020499999999998e-09,7.61712e-05,3.9102399999999997e-08,0.00019774300000000001,6.3595499999999999e-13,7.9746799999999995e-07,5.8014100000000001e-09,7.6167000000000004e-05,8.15904e-21,9.0327399999999998e-11,9.03274e-11,0.01046999356676776,0.00010962076460722479,95.511042449352217,9122.3592864274997,0.010469416262314365,0.9999448610498457,1.1858471443275149e-06,1.4062340034987634e-12,1,1,not_skipped,success,1,2.3106800000000001e-09,4.8069499999999998e-05,0.63107184867771549,0.39825234184469288,,,,,,,,,,,,,,,,,,,,,,,,
inner_summary,2d,boundary_singularity,p3,3,adaptive_force_effective_rho_no_inner_refinement,force_eff_rho_no_inner,production_2M,2000000,completed,24339168,20260701_091329_023258_job24339168,snellius_next_mem216,algorithm_data_ordered/2d/boundary_singularity/p3/production_2M/adaptive_force_effective_rho_no_inner_refinement,inner_history.csv,,0,,1,52,52,106,,,,,,,,,,,,,,,,,,,,,,,,,,-0.45527787354996957,0.45527787354996957,10,-0.43711273054504263,0.43711273054504263,10,-0.87422546109008525,0.87422546109008525,10,,,,,,,,,,,,,,,,,,,,,,,,,,,,,,,5766397001554.7275,5766397001554.7275,5766397001554.7275,5766397001554.7275,1.7341851414850233e-13,1.7341851414850233e-13,1.7341851414850233e-13,1.7341851414850233e-13,0.53388085035914634,0.53388085035914634,0.53388085035914634,0.53388085035914634,1.8431684572232917e-12,1.8431684572232917e-12,1.8431684572232917e-12,1.8431684572232917e-12,1,1,1,1,1,1,1,1
inner_summary,2d,boundary_singularity,p3,3,adaptive_force_effective_rho_no_inner_refinement,force_eff_rho_no_inner,production_2M,2000000,completed,24339168,20260701_091329_023258_job24339168,snellius_next_mem216,algorithm_data_ordered/2d/boundary_singularity/p3/production_2M/adaptive_force_effective_rho_no_inner_refinement,inner_history.csv,,1,,1,106,106,175,,,,,,,,,,,,,,,,,,,,,,,,,,-0.45527787354996957,0.45527787354996957,10,-0.43711273054504263,0.43711273054504263,10,-0.87422546109008525,0.87422546109008525,10,,,,,,,,,,,,,,,,,,,,,,,,,,,,,,,0.40535157489032925,0.40535157489032925,0.40535157489032925,0.40535157489032925,2.4669942389407447,2.4669942389407447,2.4669942389407447,2.4669942389407447,0.64915112286948751,0.64915112286948751,0.64915112286948751,0.64915112286948751,6.1704853658130743e-13,6.1704853658130743e-13,6.1704853658130743e-13,6.1704853658130743e-13,0.37566127001558541,0.37566127001558541,0.37566127001558541,0.37566127001558541,1,1,1,1
inner_summary,2d,boundary_singularity,p3,3,adaptive_force_effective_rho_no_inner_refinement,force_eff_rho_no_inner,production_2M,2000000,completed,24339168,20260701_091329_023258_job24339168,snellius_next_mem216,algorithm_data_ordered/2d/boundary_singularity/p3/production_2M/adaptive_force_effective_rho_no_inner_refinement,inner_history.csv,,2,,1,175,175,229,,,,,,,,,,,,,,,,,,,,,,,,,,-0.45527787354996957,0.45527787354996957,10,-0.43711273054504263,0.43711273054504263,10,-0.87422546109008525,0.87422546109008525,10,,,,,,,,,,,,,,,,,,,,,,,,,,,,,,,2917844002943.3408,2917844002943.3408,2917844002943.3408,2917844002943.3408,3.4271880161902479e-13,3.4271880161902479e-13,3.4271880161902479e-13,3.4271880161902479e-13,0.79613653271464069,0.79613653271464069,0.79613653271464069,0.79613653271464069,4.6210044510572846e-12,4.6210044510572846e-12,4.6210044510572846e-12,4.6210044510572846e-12,1,1,1,1,1,1,1,1
inner_summary,2d,boundary_singularity,p3,3,adaptive_force_effective_rho_no_inner_refinement,force_eff_rho_no_inner,production_2M,2000000,completed,24339168,20260701_091329_023258_job24339168,snellius_next_mem216,algorithm_data_ordered/2d/boundary_singularity/p3/production_2M/adaptive_force_effective_rho_no_inner_refinement,inner_history.csv,,3,,1,229,229,325,,,,,,,,,,,,,,,,,,,,,,,,,,-0.45527787354996957,0.45527787354996957,10,-0.43711273054504263,0.43711273054504263,10,-0.87422546109008525,0.87422546109008525,10,,,,,,,,,,,,,,,,,,,,,,,,,,,,,,,843779059951.60132,843779059951.60132,843779059951.60132,843779059951.60132,1.1851443671253935e-12,1.1851443671253935e-12,1.1851443671253935e-12,1.1851443671253935e-12,0.87118596696277995,0.87118596696277995,0.87118596696277995,0.87118596696277995,7.8395589108706504e-12,7.8395589108706504e-12,7.8395589108706504e-12,7.8395589108706504e-12,1,1,1,1,1,1,1,1
inner_summary,2d,boundary_singularity,p3,3,adaptive_force_effective_rho_no_inner_refinement,force_eff_rho_no_inner,production_2M,2000000,completed,24339168,20260701_091329_023258_job24339168,snellius_next_mem216,algorithm_data_ordered/2d/boundary_singularity/p3/production_2M/adaptive_force_effective_rho_no_inner_refinement,inner_history.csv,,4,,1,325,325,511,,,,,,,,,,,,,,,,,,,,,,,,,,-0.45527787354996957,0.45527787354996957,10,-0.43711273054504263,0.43711273054504263,10,-0.87422546109008525,0.87422546109008525,10,,,,,,,,,,,,,,,,,,,,,,,,,,,,,,,2.7122374102024529,2.7122374102024529,2.7122374102024529,2.7122374102024529,0.36869928725205359,0.36869928725205359,0.36869928725205359,0.36869928725205359,0.94990135591491898,0.94990135591491898,0.94990135591491898,0.94990135591491898,1.1792890565860127e-11,1.1792890565860127e-11,1.1792890565860127e-11,1.1792890565860127e-11,0.93825625497632936,0.93825625497632936,0.93825625497632936,0.93825625497632936,1,1,1,1
inner_summary,2d,boundary_singularity,p3,3,adaptive_force_effective_rho_no_inner_refinement,force_eff_rho_no_inner,production_2M,2000000,completed,24339168,20260701_091329_023258_job24339168,snellius_next_mem216,algorithm_data_ordered/2d/boundary_singularity/p3/production_2M/adaptive_force_effective_rho_no_inner_refinement,inner_history.csv,,5,,1,511,511,781,,,,,,,,,,,,,,,,,,,,,,,,,,-0.45527787354996957,0.45527787354996957,10,-0.43711273054504263,0.43711273054504263,10,-0.87422546109008525,0.87422546109008525,10,,,,,,,,,,,,,,,,,,,,,,,,,,,,,,,0.1696019147401707,0.1696019147401707,0.1696019147401707,0.1696019147401707,5.8961598489733742,5.8961598489733742,5.8961598489733742,5.8961598489733742,0.63430665489408589,0.63430665489408589,0.63430665489408589,0.63430665489408589,3.2457239746524875e-12,3.2457239746524875e-12,3.2457239746524875e-12,3.2457239746524875e-12,0.16721388331080395,0.16721388331080395,0.16721388331080395,0.16721388331080395,1,1,1,1
inner_summary,2d,boundary_singularity,p3,3,adaptive_force_effective_rho_no_inner_refinement,force_eff_rho_no_inner,production_2M,2000000,completed,24339168,20260701_091329_023258_job24339168,snellius_next_mem216,algorithm_data_ordered/2d/boundary_singularity/p3/production_2M/adaptive_force_effective_rho_no_inner_refinement,inner_history.csv,,6,,1,781,781,1057,,,,,,,,,,,,,,,,,,,,,,,,,,-0.45527787354996957,0.45527787354996957,10,-0.43711273054504263,0.43711273054504263,10,-0.87422546109008525,0.87422546109008525,10,,,,,,,,,,,,,,,,,,,,,,,,,,,,,,,0.084190168084956746,0.084190168084956746,0.084190168084956746,0.084190168084956746,11.877871522846879,11.877871522846879,11.877871522846879,11.877871522846879,0.73227168168589063,0.73227168168589063,0.73227168168589063,0.73227168168589063,2.2701687704573372e-12,2.2701687704573372e-12,2.2701687704573372e-12,2.2701687704573372e-12,0.083893428093231859,0.083893428093231859,0.083893428093231859,0.083893428093231859,1,1,1,1
inner_summary,2d,boundary_singularity,p3,3,adaptive_force_effective_rho_no_inner_refinement,force_eff_rho_no_inner,production_2M,2000000,completed,24339168,20260701_091329_023258_job24339168,snellius_next_mem216,algorithm_data_ordered/2d/boundary_singularity/p3/production_2M/adaptive_force_effective_rho_no_inner_refinement,inner_history.csv,,7,,1,1057,1057,1414,,,,,,,,,,,,,,,,,,,,,,,,,,-0.45527787354996957,0.45527787354996957,10,-0.43711273054504263,0.43711273054504263,10,-0.87422546109008525,0.87422546109008525,10,,,,,,,,,,,,,,,,,,,,,,,,,,,,,,,11.733741575409852,11.733741575409852,11.733741575409852,11.733741575409852,0.085224307487364342,0.085224307487364342,0.085224307487364342,0.085224307487364342,0.98846015709177204,0.98846015709177204,0.98846015709177204,0.98846015709177204,6.3888724058776687e-11,6.3888724058776687e-11,6.3888724058776687e-11,6.3888724058776687e-11,0.99638501538125201,0.99638501538125201,0.99638501538125201,0.99638501538125201,1,1,1,1
inner_summary,2d,boundary_singularity,p3,3,adaptive_force_effective_rho_no_inner_refinement,force_eff_rho_no_inner,production_2M,2000000,completed,24339168,20260701_091329_023258_job24339168,snellius_next_mem216,algorithm_data_ordered/2d/boundary_singularity/p3/production_2M/adaptive_force_effective_rho_no_inner_refinement,inner_history.csv,,8,,1,1414,1414,1843,,,,,,,,,,,,,,,,,,,,,,,,,,-0.45527787354996957,0.45527787354996957,10,-0.43711273054504263,0.43711273054504263,10,-0.87422546109008525,0.87422546109008525,10,,,,,,,,,,,,,,,,,,,,,,,,,,,,,,,0.46575206912520833,0.46575206912520833,0.46575206912520833,0.46575206912520833,2.1470650723640041,2.1470650723640041,2.1470650723640041,2.1470650723640041,0.68170303765312057,0.68170303765312057,0.68170303765312057,0.68170303765312057,3.6455784314429037e-11,3.6455784314429037e-11,3.6455784314429037e-11,3.6455784314429037e-11,0.42220364403556493,0.42220364403556493,0.42220364403556493,0.42220364403556493,1,1,1,1
inner_summary,2d,boundary_singularity,p3,3,adaptive_force_effective_rho_no_inner_refinement,force_eff_rho_no_inner,production_2M,2000000,completed,24339168,20260701_091329_023258_job24339168,snellius_next_mem216,algorithm_data_ordered/2d/boundary_singularity/p3/production_2M/adaptive_force_effective_rho_no_inner_refinement,inner_history.csv,,9,,1,1843,1843,2761,,,,,,,,,,,,,,,,,,,,,,,,,,-0.45527787354996957,0.45527787354996957,10,-0.43711273054504263,0.43711273054504263,10,-0.87422546109008525,0.87422546109008525,10,,,,,,,,,,,,,,,,,,,,,,,,,,,,,,,0.22895753382518316,0.22895753382518316,0.22895753382518316,0.22895753382518316,4.3676221668404844,4.3676221668404844,4.3676221668404844,4.3676221668404844,0.61843631716069403,0.61843631716069403,0.61843631716069403,0.61843631716069403,3.6023693653836703e-11,3.6023693653836703e-11,3.6023693653836703e-11,3.6023693653836703e-11,0.22318266725655017,0.22318266725655017,0.22318266725655017,0.22318266725655017,1,1,1,1
inner_summary,2d,boundary_singularity,p3,3,adaptive_force_effective_rho_no_inner_refinement,force_eff_rho_no_inner,production_2M,2000000,completed,24339168,20260701_091329_023258_job24339168,snellius_next_mem216,algorithm_data_ordered/2d/boundary_singularity/p3/production_2M/adaptive_force_effective_rho_no_inner_refinement,inner_history.csv,,10,,1,2761,2761,4132,,,,,,,,,,,,,,,,,,,,,,,,,,-0.45527787354996957,0.45527787354996957,10,-0.43711273054504263,0.43711273054504263,10,-0.87422546109008525,0.87422546109008525,10,,,,,,,,,,,,,,,,,,,,,,,,,,,,,,,0.068393717142257546,0.068393717142257546,0.068393717142257546,0.068393717142257546,14.621226068470884,14.621226068470884,14.621226068470884,14.621226068470884,0.65597590633103031,0.65597590633103031,0.65597590633103031,0.65597590633103031,1.9261084537211514e-11,1.9261084537211514e-11,1.9261084537211514e-11,1.9261084537211514e-11,0.068234365689069265,0.068234365689069265,0.068234365689069265,0.068234365689069265,1,1,1,1
inner_summary,2d,boundary_singularity,p3,3,adaptive_force_effective_rho_no_inner_refinement,force_eff_rho_no_inner,production_2M,2000000,completed,24339168,20260701_091329_023258_job24339168,snellius_next_mem216,algorithm_data_ordered/2d/boundary_singularity/p3/production_2M/adaptive_force_effective_rho_no_inner_refinement,inner_history.csv,,11,,1,4132,4132,6181,,,,,,,,,,,,,,,,,,,,,,,,,,-0.45527787354996957,0.45527787354996957,10,-0.43711273054504263,0.43711273054504263,10,-0.87422546109008525,0.87422546109008525,10,,,,,,,,,,,,,,,,,,,,,,,,,,,,,,,0.025088461811470758,0.025088461811470758,0.025088461811470758,0.025088461811470758,39.858960167210711,39.858960167210711,39.858960167210711,39.858960167210711,0.74662450438623718,0.74662450438623718,0.74662450438623718,0.74662450438623718,1.9949618144563992e-11,1.9949618144563992e-11,1.9949618144563992e-11,1.9949618144563992e-11,0.025080673059012411,0.025080673059012411,0.025080673059012411,0.025080673059012411,1,1,1,1
inner_summary,2d,boundary_singularity,p3,3,adaptive_force_effective_rho_no_inner_refinement,force_eff_rho_no_inner,production_2M,2000000,completed,24339168,20260701_091329_023258_job24339168,snellius_next_mem216,algorithm_data_ordered/2d/boundary_singularity/p3/production_2M/adaptive_force_effective_rho_no_inner_refinement,inner_history.csv,,12,,1,6181,6181,8455,,,,,,,,,,,,,,,,,,,,,,,,,,-0.45527787354996957,0.45527787354996957,10,-0.43711273054504263,0.43711273054504263,10,-0.87422546109008525,0.87422546109008525,10,,,,,,,,,,,,,,,,,,,,,,,,,,,,,,,0.018591949623232667,0.018591949623232667,0.018591949623232667,0.018591949623232667,53.786720611075189,53.786720611075189,53.786720611075189,53.786720611075189,0.81567426783723662,0.81567426783723662,0.81567426783723662,0.81567426783723662,3.1457030868732123e-11,3.1457030868732123e-11,3.1457030868732123e-11,3.1457030868732123e-11,0.018588740541345815,0.018588740541345815,0.018588740541345815,0.018588740541345815,1,1,1,1
inner_summary,2d,boundary_singularity,p3,3,adaptive_force_effective_rho_no_inner_refinement,force_eff_rho_no_inner,production_2M,2000000,completed,24339168,20260701_091329_023258_job24339168,snellius_next_mem216,algorithm_data_ordered/2d/boundary_singularity/p3/production_2M/adaptive_force_effective_rho_no_inner_refinement,inner_history.csv,,13,,1,8455,8455,11326,,,,,,,,,,,,,,,,,,,,,,,,,,-0.45527787354996957,0.45527787354996957,10,-0.43711273054504263,0.43711273054504263,10,-0.87422546109008525,0.87422546109008525,10,,,,,,,,,,,,,,,,,,,,,,,,,,,,,,,0.048278065491723206,0.048278065491723206,0.048278065491723206,0.048278065491723206,20.713340309201911,20.713340309201911,20.713340309201911,20.713340309201911,0.68155024460662439,0.68155024460662439,0.68155024460662439,0.68155024460662439,1.2151134814339562e-10,1.2151134814339562e-10,1.2151134814339562e-10,1.2151134814339562e-10,0.048221923704119547,0.048221923704119547,0.048221923704119547,0.048221923704119547,1,1,1,1
inner_summary,2d,boundary_singularity,p3,3,adaptive_force_effective_rho_no_inner_refinement,force_eff_rho_no_inner,production_2M,2000000,completed,24339168,20260701_091329_023258_job24339168,snellius_next_mem216,algorithm_data_ordered/2d/boundary_singularity/p3/production_2M/adaptive_force_effective_rho_no_inner_refinement,inner_history.csv,,14,,1,11326,11326,16141,,,,,,,,,,,,,,,,,,,,,,,,,,-0.45527787354996957,0.45527787354996957,10,-0.43711273054504263,0.43711273054504263,10,-0.87422546109008525,0.87422546109008525,10,,,,,,,,,,,,,,,,,,,,,,,,,,,,,,,0.023585249860280703,0.023585249860280703,0.023585249860280703,0.023585249860280703,42.399381220212284,42.399381220212284,42.399381220212284,42.399381220212284,0.70519315956035977,0.70519315956035977,0.70519315956035977,0.70519315956035977,9.1166505375323909e-11,9.1166505375323909e-11,9.1166505375323909e-11,9.1166505375323909e-11,0.023578685928858922,0.023578685928858922,0.023578685928858922,0.023578685928858922,1,1,1,1
inner_summary,2d,boundary_singularity,p3,3,adaptive_force_effective_rho_no_inner_refinement,force_eff_rho_no_inner,production_2M,2000000,completed,24339168,20260701_091329_023258_job24339168,snellius_next_mem216,algorithm_data_ordered/2d/boundary_singularity/p3/production_2M/adaptive_force_effective_rho_no_inner_refinement,inner_history.csv,,15,,1,16141,16141,22642,,,,,,,,,,,,,,,,,,,,,,,,,,-0.45527787354996957,0.45527787354996957,10,-0.43711273054504263,0.43711273054504263,10,-0.87422546109008525,0.87422546109008525,10,,,,,,,,,,,,,,,,,,,,,,,,,,,,,,,0.021538191238120143,0.021538191238120143,0.021538191238120143,0.021538191238120143,46.429154098609452,46.429154098609452,46.429154098609452,46.429154098609452,0.81125088593271599,0.81125088593271599,0.81125088593271599,0.81125088593271599,1.0439586026875164e-10,1.0439586026875164e-10,1.0439586026875164e-10,1.0439586026875164e-10,0.021533220179045211,0.021533220179045211,0.021533220179045211,0.021533220179045211,1,1,1,1
inner_summary,2d,boundary_singularity,p3,3,adaptive_force_effective_rho_no_inner_refinement,force_eff_rho_no_inner,production_2M,2000000,completed,24339168,20260701_091329_023258_job24339168,snellius_next_mem216,algorithm_data_ordered/2d/boundary_singularity/p3/production_2M/adaptive_force_effective_rho_no_inner_refinement,inner_history.csv,,16,,1,22642,22642,31333,,,,,,,,,,,,,,,,,,,,,,,,,,-0.45527787354996957,0.45527787354996957,10,-0.43711273054504263,0.43711273054504263,10,-0.87422546109008525,0.87422546109008525,10,,,,,,,,,,,,,,,,,,,,,,,,,,,,,,,0.017723762646496843,0.017723762646496843,0.017723762646496843,0.017723762646496843,56.421428110111435,56.421428110111435,56.421428110111435,56.421428110111435,0.84173364909716775,0.84173364909716775,0.84173364909716775,0.84173364909716775,1.7549191368730576e-10,1.7549191368730576e-10,1.7549191368730576e-10,1.7549191368730576e-10,0.017720953982409957,0.017720953982409957,0.017720953982409957,0.017720953982409957,1,1,1,1
inner_summary,2d,boundary_singularity,p3,3,adaptive_force_effective_rho_no_inner_refinement,force_eff_rho_no_inner,production_2M,2000000,completed,24339168,20260701_091329_023258_job24339168,snellius_next_mem216,algorithm_data_ordered/2d/boundary_singularity/p3/production_2M/adaptive_force_effective_rho_no_inner_refinement,inner_history.csv,,17,,1,31333,31333,45220,,,,,,,,,,,,,,,,,,,,,,,,,,-0.45527787354996957,0.45527787354996957,10,-0.43711273054504263,0.43711273054504263,10,-0.87422546109008525,0.87422546109008525,10,,,,,,,,,,,,,,,,,,,,,,,,,,,,,,,0.01288231175174628,0.01288231175174628,0.01288231175174628,0.01288231175174628,77.625818973403085,77.625818973403085,77.625818973403085,77.625818973403085,0.80661841804166134,0.80661841804166134,0.80661841804166134,0.80661841804166134,2.3988913517925879e-10,2.3988913517925879e-10,2.3988913517925879e-10,2.3988913517925879e-10,0.012881255784882629,0.012881255784882629,0.012881255784882629,0.012881255784882629,1,1,1,1
inner_summary,2d,boundary_singularity,p3,3,adaptive_force_effective_rho_no_inner_refinement,force_eff_rho_no_inner,production_2M,2000000,completed,24339168,20260701_091329_023258_job24339168,snellius_next_mem216,algorithm_data_ordered/2d/boundary_singularity/p3/production_2M/adaptive_force_effective_rho_no_inner_refinement,inner_history.csv,,18,,1,45220,45220,61258,,,,,,,,,,,,,,,,,,,,,,,,,,-0.45527787354996957,0.45527787354996957,10,-0.43711273054504263,0.43711273054504263,10,-0.87422546109008525,0.87422546109008525,10,,,,,,,,,,,,,,,,,,,,,,,,,,,,,,,0.011901817687683848,0.011901817687683848,0.011901817687683848,0.011901817687683848,84.020779534777503,84.020779534777503,84.020779534777503,84.020779534777503,0.80754198204822836,0.80754198204822836,0.80754198204822836,0.80754198204822836,3.2558806838617889e-10,3.2558806838617889e-10,3.2558806838617889e-10,3.2558806838617889e-10,0.011900961530776178,0.011900961530776178,0.011900961530776178,0.011900961530776178,1,1,1,1
inner_summary,2d,boundary_singularity,p3,3,adaptive_force_effective_rho_no_inner_refinement,force_eff_rho_no_inner,production_2M,2000000,completed,24339168,20260701_091329_023258_job24339168,snellius_next_mem216,algorithm_data_ordered/2d/boundary_singularity/p3/production_2M/adaptive_force_effective_rho_no_inner_refinement,inner_history.csv,,19,,1,61258,61258,82903,,,,,,,,,,,,,,,,,,,,,,,,,,-0.45527787354996957,0.45527787354996957,10,-0.43711273054504263,0.43711273054504263,10,-0.87422546109008525,0.87422546109008525,10,,,,,,,,,,,,,,,,,,,,,,,,,,,,,,,0.012185700026556046,0.012185700026556046,0.012185700026556046,0.012185700026556046,82.063402005688673,82.063402005688673,82.063402005688673,82.063402005688673,0.86892346009101651,0.86892346009101651,0.86892346009101651,0.86892346009101651,4.2573870763934039e-10,4.2573870763934039e-10,4.2573870763934039e-10,4.2573870763934039e-10,0.012184807391196859,0.012184807391196859,0.012184807391196859,0.012184807391196859,1,1,1,1
inner_summary,2d,boundary_singularity,p3,3,adaptive_force_effective_rho_no_inner_refinement,force_eff_rho_no_inner,production_2M,2000000,completed,24339168,20260701_091329_023258_job24339168,snellius_next_mem216,algorithm_data_ordered/2d/boundary_singularity/p3/production_2M/adaptive_force_effective_rho_no_inner_refinement,inner_history.csv,,20,,1,82903,82903,113140,,,,,,,,,,,,,,,,,,,,,,,,,,-0.45527787354996957,0.45527787354996957,10,-0.43711273054504263,0.43711273054504263,10,-0.87422546109008525,0.87422546109008525,10,,,,,,,,,,,,,,,,,,,,,,,,,,,,,,,0.012631900833842986,0.012631900833842986,0.012631900833842986,0.012631900833842986,79.164649339300695,79.164649339300695,79.164649339300695,79.164649339300695,0.79704971337373787,0.79704971337373787,0.79704971337373787,0.79704971337373787,5.3125543794404697e-10,5.3125543794404697e-10,5.3125543794404697e-10,5.3125543794404697e-10,0.012630895974305559,0.012630895974305559,0.012630895974305559,0.012630895974305559,1,1,1,1
inner_summary,2d,boundary_singularity,p3,3,adaptive_force_effective_rho_no_inner_refinement,force_eff_rho_no_inner,production_2M,2000000,completed,24339168,20260701_091329_023258_job24339168,snellius_next_mem216,algorithm_data_ordered/2d/boundary_singularity/p3/production_2M/adaptive_force_effective_rho_no_inner_refinement,inner_history.csv,,21,,1,113140,113140,154966,,,,,,,,,,,,,,,,,,,,,,,,,,-0.45527787354996957,0.45527787354996957,10,-0.43711273054504263,0.43711273054504263,10,-0.87422546109008525,0.87422546109008525,10,,,,,,,,,,,,,,,,,,,,,,,,,,,,,,,0.012812215970569141,0.012812215970569141,0.012812215970569141,0.012812215970569141,78.050510723288895,78.050510723288895,78.050510723288895,78.050510723288895,0.67653566308728463,0.67653566308728463,0.67653566308728463,0.67653566308728463,6.5223012631522004e-10,6.5223012631522004e-10,6.5223012631522004e-10,6.5223012631522004e-10,0.012811176327391739,0.012811176327391739,0.012811176327391739,0.012811176327391739,1,1,1,1
inner_summary,2d,boundary_singularity,p3,3,adaptive_force_effective_rho_no_inner_refinement,force_eff_rho_no_inner,production_2M,2000000,completed,24339168,20260701_091329_023258_job24339168,snellius_next_mem216,algorithm_data_ordered/2d/boundary_singularity/p3/production_2M/adaptive_force_effective_rho_no_inner_refinement,inner_history.csv,,22,,1,154966,154966,214471,,,,,,,,,,,,,,,,,,,,,,,,,,-0.45527787354996957,0.45527787354996957,10,-0.43711273054504263,0.43711273054504263,10,-0.87422546109008525,0.87422546109008525,10,,,,,,,,,,,,,,,,,,,,,,,,,,,,,,,0.011912136636366522,0.011912136636366522,0.011912136636366522,0.011912136636366522,83.947996109035827,83.947996109035827,83.947996109035827,83.947996109035827,0.68654900217975567,0.68654900217975567,0.68654900217975567,0.68654900217975567,7.1788034622140392e-10,7.1788034622140392e-10,7.1788034622140392e-10,7.1788034622140392e-10,0.011911254311895542,0.011911254311895542,0.011911254311895542,0.011911254311895542,1,1,1,1
inner_summary,2d,boundary_singularity,p3,3,adaptive_force_effective_rho_no_inner_refinement,force_eff_rho_no_inner,production_2M,2000000,completed,24339168,20260701_091329_023258_job24339168,snellius_next_mem216,algorithm_data_ordered/2d/boundary_singularity/p3/production_2M/adaptive_force_effective_rho_no_inner_refinement,inner_history.csv,,23,,1,214471,214471,295846,,,,,,,,,,,,,,,,,,,,,,,,,,-0.45527787354996957,0.45527787354996957,10,-0.43711273054504263,0.43711273054504263,10,-0.87422546109008525,0.87422546109008525,10,,,,,,,,,,,,,,,,,,,,,,,,,,,,,,,0.012206002395238126,0.012206002395238126,0.012206002395238126,0.012206002395238126,81.926905109417774,81.926905109417774,81.926905109417774,81.926905109417774,0.75818905425211214,0.75818905425211214,0.75818905425211214,0.75818905425211214,9.2367408219439245e-10,9.2367408219439245e-10,9.2367408219439245e-10,9.2367408219439245e-10,0.012205057016550887,0.012205057016550887,0.012205057016550887,0.012205057016550887,1,1,1,1
inner_summary,2d,boundary_singularity,p3,3,adaptive_force_effective_rho_no_inner_refinement,force_eff_rho_no_inner,production_2M,2000000,completed,24339168,20260701_091329_023258_job24339168,snellius_next_mem216,algorithm_data_ordered/2d/boundary_singularity/p3/production_2M/adaptive_force_effective_rho_no_inner_refinement,inner_history.csv,,24,,1,295846,295846,396538,,,,,,,,,,,,,,,,,,,,,,,,,,-0.45527787354996957,0.45527787354996957,10,-0.43711273054504263,0.43711273054504263,10,-0.87422546109008525,0.87422546109008525,10,,,,,,,,,,,,,,,,,,,,,,,,,,,,,,,0.010382442726313086,0.010382442726313086,0.010382442726313086,0.010382442726313086,96.316447522086193,96.316447522086193,96.316447522086193,96.316447522086193,0.74179629273024228,0.74179629273024228,0.74179629273024228,0.74179629273024228,5.3841638673142619e-08,5.3841638673142619e-08,5.3841638673142619e-08,5.3841638673142619e-08,0.01038192438539059,0.01038192438539059,0.01038192438539059,0.01038192438539059,1,1,1,1
inner_summary,2d,boundary_singularity,p3,3,adaptive_force_effective_rho_no_inner_refinement,force_eff_rho_no_inner,production_2M,2000000,completed,24339168,20260701_091329_023258_job24339168,snellius_next_mem216,algorithm_data_ordered/2d/boundary_singularity/p3/production_2M/adaptive_force_effective_rho_no_inner_refinement,inner_history.csv,,25,,1,396538,396538,523051,,,,,,,,,,,,,,,,,,,,,,,,,,-0.45527787354996957,0.45527787354996957,10,-0.43711273054504263,0.43711273054504263,10,-0.87422546109008525,0.87422546109008525,10,,,,,,,,,,,,,,,,,,,,,,,,,,,,,,,0.0086940842476789688,0.0086940842476789688,0.0086940842476789688,0.0086940842476789688,115.02073956402789,115.02073956402789,115.02073956402789,115.02073956402789,0.60303985882533462,0.60303985882533462,0.60303985882533462,0.60303985882533462,1.4693673993938696e-09,1.4693673993938696e-09,1.4693673993938696e-09,1.4693673993938696e-09,0.0086937507193002635,0.0086937507193002635,0.0086937507193002635,0.0086937507193002635,1,1,1,1
inner_summary,2d,boundary_singularity,p3,3,adaptive_force_effective_rho_no_inner_refinement,force_eff_rho_no_inner,production_2M,2000000,completed,24339168,20260701_091329_023258_job24339168,snellius_next_mem216,algorithm_data_ordered/2d/boundary_singularity/p3/production_2M/adaptive_force_effective_rho_no_inner_refinement,inner_history.csv,,26,,1,523051,523051,673837,,,,,,,,,,,,,,,,,,,,,,,,,,-0.45527787354996957,0.45527787354996957,10,-0.43711273054504263,0.43711273054504263,10,-0.87422546109008525,0.87422546109008525,10,,,,,,,,,,,,,,,,,,,,,,,,,,,,,,,0.0095823734859181095,0.0095823734859181095,0.0095823734859181095,0.0095823734859181095,104.35827840248159,104.35827840248159,104.35827840248159,104.35827840248159,0.59697383453618302,0.59697383453618302,0.59697383453618302,0.59697383453618302,1.9760823325066645e-09,1.9760823325066645e-09,1.9760823325066645e-09,1.9760823325066645e-09,0.0095819284606310558,0.0095819284606310558,0.0095819284606310558,0.0095819284606310558,1,1,1,1
inner_summary,2d,boundary_singularity,p3,3,adaptive_force_effective_rho_no_inner_refinement,force_eff_rho_no_inner,production_2M,2000000,completed,24339168,20260701_091329_023258_job24339168,snellius_next_mem216,algorithm_data_ordered/2d/boundary_singularity/p3/production_2M/adaptive_force_effective_rho_no_inner_refinement,inner_history.csv,,27,,1,673837,673837,907927,,,,,,,,,,,,,,,,,,,,,,,,,,-0.45527787354996957,0.45527787354996957,10,-0.43711273054504263,0.43711273054504263,10,-0.87422546109008525,0.87422546109008525,10,,,,,,,,,,,,,,,,,,,,,,,,,,,,,,,0.0094363761299188966,0.0094363761299188966,0.0094363761299188966,0.0094363761299188966,105.97288474220609,105.97288474220609,105.97288474220609,105.97288474220609,0.67833176878187573,0.67833176878187573,0.67833176878187573,0.67833176878187573,2.2689802672963584e-09,2.2689802672963584e-09,2.2689802672963584e-09,2.2689802672963584e-09,0.0094359195207633709,0.0094359195207633709,0.0094359195207633709,0.0094359195207633709,1,1,1,1
inner_summary,2d,boundary_singularity,p3,3,adaptive_force_effective_rho_no_inner_refinement,force_eff_rho_no_inner,production_2M,2000000,completed,24339168,20260701_091329_023258_job24339168,snellius_next_mem216,algorithm_data_ordered/2d/boundary_singularity/p3/production_2M/adaptive_force_effective_rho_no_inner_refinement,inner_history.csv,,28,,1,907927,907927,1207513,,,,,,,,,,,,,,,,,,,,,,,,,,-0.45527787354996957,0.45527787354996957,10,-0.43711273054504263,0.43711273054504263,10,-0.87422546109008525,0.87422546109008525,10,,,,,,,,,,,,,,,,,,,,,,,,,,,,,,,0.0084342006492683537,0.0084342006492683537,0.0084342006492683537,0.0084342006492683537,118.56488143743029,118.56488143743029,118.56488143743029,118.56488143743029,0.65230598258936845,0.65230598258936845,0.65230598258936845,0.65230598258936845,5.9595636618867034e-07,5.9595636618867034e-07,5.9595636618867034e-07,5.9595636618867034e-07,0.008433871769625954,0.008433871769625954,0.008433871769625954,0.008433871769625954,1,1,1,1
inner_summary,2d,boundary_singularity,p3,3,adaptive_force_effective_rho_no_inner_refinement,force_eff_rho_no_inner,production_2M,2000000,completed,24339168,20260701_091329_023258_job24339168,snellius_next_mem216,algorithm_data_ordered/2d/boundary_singularity/p3/production_2M/adaptive_force_effective_rho_no_inner_refinement,inner_history.csv,,29,,1,1207513,1207513,1567357,,,,,,,,,,,,,,,,,,,,,,,,,,-0.45527787354996957,0.45527787354996957,10,-0.43711273054504263,0.43711273054504263,10,-0.87422546109008525,0.87422546109008525,10,,,,,,,,,,,,,,,,,,,,,,,,,,,,,,,0.0089304341786567501,0.0089304341786567501,0.0089304341786567501,0.0089304341786567501,111.97663853678529,111.97663853678529,111.97663853678529,111.97663853678529,0.54863549423716107,0.54863549423716107,0.54863549423716107,0.54863549423716107,1.9843788756538661e-07,1.9843788756538661e-07,1.9843788756538661e-07,1.9843788756538661e-07,0.0089300797592340476,0.0089300797592340476,0.0089300797592340476,0.0089300797592340476,1,1,1,1
inner_summary,2d,boundary_singularity,p3,3,adaptive_force_effective_rho_no_inner_refinement,force_eff_rho_no_inner,production_2M,2000000,completed,24339168,20260701_091329_023258_job24339168,snellius_next_mem216,algorithm_data_ordered/2d/boundary_singularity/p3/production_2M/adaptive_force_effective_rho_no_inner_refinement,inner_history.csv,,30,,1,1567357,1567357,2053285,,,,,,,,,,,,,,,,,,,,,,,,,,-0.45527787354996957,0.45527787354996957,10,-0.43711273054504263,0.43711273054504263,10,-0.87422546109008525,0.87422546109008525,10,,,,,,,,,,,,,,,,,,,,,,,,,,,,,,,0.01046999356676776,0.01046999356676776,0.01046999356676776,0.01046999356676776,95.511042449352217,95.511042449352217,95.511042449352217,95.511042449352217,0.63107184867771549,0.63107184867771549,0.63107184867771549,0.63107184867771549,1.1858471443275149e-06,1.1858471443275149e-06,1.1858471443275149e-06,1.1858471443275149e-06,0.010469416262314365,0.010469416262314365,0.010469416262314365,0.010469416262314365,1,1,1,1
outer,2d,boundary_singularity,p3,3,adaptive_g_effective_rho,g_eff_rho,production_2M,2000000,completed,24339169,20260701_091329_940553_job24339169,snellius_next_mem216,algorithm_data_ordered/2d/boundary_singularity/p3/production_2M/adaptive_g_effective_rho,outer_history.csv,completed,0,,,52,52,106,52,52,125,0.153432,0.153438,1,1,0,1,0,0,adaptive,1,0.0099239,1,computed,2.44444,1.00048,2.44328,0.00061923299999999996,0.024884400000000001,0.0015136800000000001,0.038906040662087422,0.00061952800000000005,0.024890319403334301,-0.45527787354996957,0.45527787354996957,10,-0.43711273054504263,0.43711273054504263,10,-0.87422546109008525,0.87422546109008525,10,0.00038589700000000001,0.019644200000000001,1.4936100000000001e-07,0.00038647200000000001,0.00072293800000000001,0.026887500000000002,1.4936100000000001e-07,0.00038647200000000001,4.4918700000000001e-33,6.7021399999999997e-17,5.0741900000000003e-31,7.1233300000000003e-16,7.12333e-16,5766397001554.7275,3.3251407542960952e+25,1.7341851414850233e-13,3.007391487737763e-26,1,1.7341851414850233e-13,1.8431684572232917e-12,3.3972656851520815e-24,1,1,not_skipped,success,1,4.2572099999999998e-08,0.00020633000000000001,0.53388085035914634,0.28502822021812918,,,,,,,,,,,,,,,,,,,,,,,,
outer,2d,boundary_singularity,p3,3,adaptive_g_effective_rho,g_eff_rho,production_2M,2000000,completed,24339169,20260701_091329_940553_job24339169,snellius_next_mem216,algorithm_data_ordered/2d/boundary_singularity/p3/production_2M/adaptive_g_effective_rho,outer_history.csv,completed,1,,,106,106,175,116,116,290,0.2357,0.394304,1,1,0,1,0,0,adaptive,1,0.057551,1,computed,2.44444,1.01397,2.41077,0.00048883100000000001,0.022109500000000001,0.0011949199999999999,0.034567614901812357,0.00049565799999999995,0.022263378000653897,-0.45527787354996957,0.45527787354996957,10,-0.43711273054504263,0.43711273054504263,10,-0.87422546109008525,0.87422546109008525,10,0.00033569200000000001,0.018321899999999999,3.2507000000000001e-06,0.0018029700000000001,0.00055689300000000004,0.023598600000000001,4.5874399999999999e-07,0.00067730600000000002,2.7919599999999999e-06,0.0016709100000000001,1.2377099999999999e-30,1.11252e-15,1.11252e-15,0.40535157489032925,0.16430894425421569,2.4669942389407447,6.0860959489388415,0.37566127001558541,0.92675418892161265,6.1704853658130743e-13,3.8075183806564736e-25,1,1,not_skipped,success,1,1.36983e-06,0.0011704,0.64915112286948751,0.42139539176177437,,,,,,,,,,,,,,,,,,,,,,,,
outer,2d,boundary_singularity,p3,3,adaptive_g_effective_rho,g_eff_rho,production_2M,2000000,completed,24339169,20260701_091329_940553_job24339169,snellius_next_mem216,algorithm_data_ordered/2d/boundary_singularity/p3/production_2M/adaptive_g_effective_rho,outer_history.csv,completed,2,,,175,175,229,200,200,490,0.332141,0.734968,1,1,0,1,0,0,adaptive,1,0.0221322,1,computed,2.44444,1.00229,2.43887,0.00020052700000000001,0.0141607,0.00049017699999999995,0.022139941282668298,0.00020098499999999999,0.014176917859675987,-0.45527787354996957,0.45527787354996957,10,-0.43711273054504263,0.43711273054504263,10,-0.87422546109008525,0.87422546109008525,10,0.000167682,0.012949199999999999,1.5724e-07,0.000396535,0.00021512500000000001,0.014667100000000001,1.5724e-07,0.000396535,1.8468700000000001e-32,1.359e-16,3.3576599999999998e-30,1.8323900000000002e-15,1.83239e-15,2917844002943.3408,8.513863996924526e+24,3.4271880161902479e-13,1.1745548206563216e-25,1,3.4271880161902479e-13,4.6210044510572846e-12,2.1353726787077079e-23,1,1,not_skipped,success,1,9.9664100000000004e-08,0.00031569600000000002,0.79613653271464069,0.63383426609005344,,,,,,,,,,,,,,,,,,,,,,,,
outer,2d,boundary_singularity,p3,3,adaptive_g_effective_rho,g_eff_rho,production_2M,2000000,completed,24339169,20260701_091329_940553_job24339169,snellius_next_mem216,algorithm_data_ordered/2d/boundary_singularity/p3/production_2M/adaptive_g_effective_rho,outer_history.csv,completed,3,,,229,229,325,272,272,650,0.394157,1.13438,1,1,0,1,0,0,adaptive,1,0.0175842,1,computed,2.44444,1.00146,2.44087,0.000200099,0.014145599999999999,0.00048913099999999996,0.022116306201533743,0.000200392,0.014155988132235771,-0.45527787354996957,0.45527787354996957,10,-0.43711273054504263,0.43711273054504263,10,-0.87422546109008525,0.87422546109008525,10,0.00016781399999999999,0.0129543,9.9134799999999996e-08,0.00031485699999999998,0.000214448,0.014644000000000001,9.9134799999999996e-08,0.00031485699999999998,1.3924200000000001e-31,3.7315099999999998e-16,6.0927000000000002e-30,2.4683400000000002e-15,2.46834e-15,843779059951.60132,7.1196047169675807e+23,1.1851443671253935e-12,1.4045723600592327e-24,1,1.1851443671253935e-12,7.8395589108706504e-12,6.1458741027368798e-23,1,1,not_skipped,success,1,7.5239700000000001e-08,0.00027429899999999998,0.87118596696277995,0.75896355265759352,,,,,,,,,,,,,,,,,,,,,,,,
outer,2d,boundary_singularity,p3,3,adaptive_g_effective_rho,g_eff_rho,production_2M,2000000,completed,24339169,20260701_091329_940553_job24339169,snellius_next_mem216,algorithm_data_ordered/2d/boundary_singularity/p3/production_2M/adaptive_g_effective_rho,outer_history.csv,completed,4,,,325,325,511,400,400,960,0.613574,1.75332,1,1,0,1,0,0,adaptive,1,0.014382,1,computed,2.44444,1.00099,2.44203,0.000198135,0.014076,0.00048432899999999998,0.022007476002486065,0.00019833000000000001,0.014082968437087402,-0.45527787354996957,0.45527787354996957,10,-0.43711273054504263,0.43711273054504263,10,-0.87422546109008525,0.87422546109008525,10,0.00016740900000000001,0.0129386,6.5002899999999998e-08,0.00025495699999999999,0.00021179099999999999,0.014553,5.7223999999999997e-08,0.00023921500000000001,7.7789500000000003e-09,8.8198399999999999e-05,9.0401000000000001e-30,3.0066800000000002e-15,3.00668e-15,2.7122374102024529,7.3562627346878431,0.36869928725205359,0.13593859219907733,0.93825625497632936,0.3459344124695537,1.1792890565860127e-11,1.3907225677623615e-22,1,1,not_skipped,success,1,5.8653000000000002e-08,0.000242184,0.94990135591491898,0.90231358908602544,,,,,,,,,,,,,,,,,,,,,,,,
outer,2d,boundary_singularity,p3,3,adaptive_g_effective_rho,g_eff_rho,production_2M,2000000,completed,24339169,20260701_091329_940553_job24339169,snellius_next_mem216,algorithm_data_ordered/2d/boundary_singularity/p3/production_2M/adaptive_g_effective_rho,outer_history.csv,completed,5,,,511,511,781,648,648,1535,0.876387,2.63517,1,1,0,1,0,0,adaptive,1,0.0875114,1,computed,2.44444,1.02985,2.3736,0.00015943700000000001,0.0126269,0.00038973600000000001,0.019741732446773765,0.000164196,0.01281389870414153,-0.45527787354996957,0.45527787354996957,10,-0.43711273054504263,0.43711273054504263,10,-0.87422546109008525,0.87422546109008525,10,0.00014064700000000001,0.0118595,1.6379100000000001e-06,0.0012798099999999999,0.000167789,0.012953299999999999,4.5797000000000003e-08,0.000214002,1.59211e-06,0.00126179,1.7254999999999999e-29,4.1539099999999997e-15,4.15391e-15,0.1696019147401707,0.028764972269503992,5.8961598489733742,34.764504225167585,0.16721388331080395,0.9859197849680813,3.2457239746524875e-12,1.0534766867532402e-23,1,1,not_skipped,success,1,6.5900600000000002e-07,0.00081179199999999998,0.63430665489408589,0.40234567222863282,,,,,,,,,,,,,,,,,,,,,,,,
outer,2d,boundary_singularity,p3,3,adaptive_g_effective_rho,g_eff_rho,production_2M,2000000,completed,24339169,20260701_091329_940553_job24339169,snellius_next_mem216,algorithm_data_ordered/2d/boundary_singularity/p3/production_2M/adaptive_g_effective_rho,outer_history.csv,completed,6,,,781,781,1057,1008,1008,2375,1.27441,3.91469,1,1,0,1,0,0,adaptive,1,0.252408,1,computed,2.44444,1.17625,2.07817,7.4451599999999997e-05,0.0086285300000000006,0.000181993,0.013490478123476573,8.7573599999999998e-05,0.0093580767254815775,-0.45527787354996957,0.45527787354996957,10,-0.43711273054504263,0.43711273054504263,10,-0.87422546109008525,0.87422546109008525,10,6.4311899999999997e-05,0.0080194700000000008,5.8844199999999996e-06,0.0024257800000000002,7.8958100000000006e-05,0.0088858400000000008,4.1415100000000003e-08,0.00020350699999999999,5.8429999999999998e-06,0.0024172299999999998,3.0326300000000001e-29,5.5069299999999997e-15,5.50693e-15,0.084190168084956746,0.007087985623823379,11.877871522846879,141.08380759674611,0.083893428093231859,0.9964753605026011,2.2701687704573372e-12,5.1536600038746388e-24,1,1,not_skipped,success,1,3.1553300000000001e-06,0.00177633,0.73227168168589063,0.53621767310966928,,,,,,,,,,,,,,,,,,,,,,,,
outer,2d,boundary_singularity,p3,3,adaptive_g_effective_rho,g_eff_rho,production_2M,2000000,completed,24339169,20260701_091329_940553_job24339169,snellius_next_mem216,algorithm_data_ordered/2d/boundary_singularity/p3/production_2M/adaptive_g_effective_rho,outer_history.csv,completed,7,,,1057,1057,1414,1376,1376,3205,1.63562,5.55565,1,1,0,1,0,0,adaptive,1,0.0175243,1,computed,2.44444,1.00145,2.4409,3.3132700000000002e-05,0.0057561000000000001,8.0990999999999998e-05,0.0089994999861103386,3.3180799999999999e-05,0.005760277771080141,-0.45527787354996957,0.45527787354996957,10,-0.43711273054504263,0.43711273054504263,10,-0.87422546109008525,0.87422546109008525,10,2.77003e-05,0.0052631099999999997,1.6403999999999999e-08,0.000128078,3.5546999999999997e-05,0.0059621300000000004,1.6285700000000001e-08,0.000127615,1.1828400000000001e-10,1.08759e-05,6.78461e-29,8.2368700000000001e-15,8.23687e-15,11.733741575409852,137.68303405363363,0.085224307487364342,0.0072630590026833359,0.99638501538125201,0.084916222926654072,6.4311357141741751e-11,4.1359485491343577e-21,1,1,not_skipped,success,1,1.6027499999999999e-08,0.00012659999999999999,0.98846015709177204,0.97704828090709583,,,,,,,,,,,,,,,,,,,,,,,,
outer,2d,boundary_singularity,p3,3,adaptive_g_effective_rho,g_eff_rho,production_2M,2000000,completed,24339169,20260701_091329_940553_job24339169,snellius_next_mem216,algorithm_data_ordered/2d/boundary_singularity/p3/production_2M/adaptive_g_effective_rho,outer_history.csv,completed,8,,,1414,1414,1843,1852,1852,4280,1.97607,7.53716,1,1,0,1,0,0,adaptive,1,0.0421942,1,computed,2.44444,1.00784,2.42544,3.0409800000000001e-05,0.0055145000000000003,7.4334999999999999e-05,0.0086217747592940517,3.0648100000000002e-05,0.0055360726151306942,-0.45527787354996957,0.45527787354996957,10,-0.43711273054504263,0.43711273054504263,10,-0.87422546109008525,0.87422546109008525,10,2.6523700000000002e-05,0.0051501200000000002,7.7674499999999998e-08,0.00027870199999999998,3.2136900000000001e-05,0.0056689399999999999,1.38459e-08,0.000117669,6.38286e-08,0.00025264299999999999,1.04741e-28,1.02343e-14,1.02343e-14,0.46575206912520833,0.21692313477030672,2.1470650723640041,4.6099278486772262,0.42220364403556493,0.90649869753356638,3.6721300887686494e-11,1.3484605629904281e-21,1,1,not_skipped,success,1,3.6097100000000001e-08,0.00018999199999999999,0.68170303765312057,0.46472265672775492,,,,,,,,,,,,,,,,,,,,,,,,
outer,2d,boundary_singularity,p3,3,adaptive_g_effective_rho,g_eff_rho,production_2M,2000000,completed,24339169,20260701_091329_940553_job24339169,snellius_next_mem216,algorithm_data_ordered/2d/boundary_singularity/p3/production_2M/adaptive_g_effective_rho,outer_history.csv,completed,9,,,1843,1843,2761,2424,2424,5630,2.92536,10.4683,1,1,0,1,0,0,adaptive,1,0.0653179,1,computed,2.44444,1.01762,2.40213,2.86293e-05,0.0053506400000000003,6.9982799999999997e-05,0.0083655723055867486,2.9133699999999999e-05,0.0053975642654812365,-0.45527787354996957,0.45527787354996957,10,-0.43711273054504263,0.43711273054504263,10,-0.87422546109008525,0.87422546109008525,10,2.5379099999999999e-05,0.0050377699999999996,1.6553500000000001e-07,0.00040685999999999999,3.00739e-05,0.0054839700000000003,8.2453900000000006e-09,9.08041e-05,1.5729e-07,0.00039659800000000001,2.1378499999999999e-28,1.4621399999999999e-14,1.46214e-14,0.22895753382518316,0.052421577976985191,4.3676221668404844,19.076114046758249,0.22318266725655017,0.97477756476429245,3.5937177407462022e-11,1.2914791433835743e-21,1,1,not_skipped,success,1,6.3311200000000001e-08,0.00025161699999999999,0.61843631716069403,0.38246413145256292,,,,,,,,,,,,,,,,,,,,,,,,
outer,2d,boundary_singularity,p3,3,adaptive_g_effective_rho,g_eff_rho,production_2M,2000000,completed,24339169,20260701_091329_940553_job24339169,snellius_next_mem216,algorithm_data_ordered/2d/boundary_singularity/p3/production_2M/adaptive_g_effective_rho,outer_history.csv,completed,10,,,2761,2761,4132,3648,3648,8440,4.07227,14.5466,1,1,0,1,0,0,adaptive,1,0.19504,1,computed,2.44444,1.11679,2.18882,1.97101e-05,0.0044396100000000001,4.8180299999999997e-05,0.0069412030657516419,2.2011999999999999e-05,0.0046916947897321709,-0.45527787354996957,0.45527787354996957,10,-0.43711273054504263,0.43711273054504263,10,-0.87422546109008525,0.87422546109008525,10,1.8216e-05,0.00426802,8.6744200000000005e-07,0.00093136499999999997,2.0374199999999999e-05,0.0045137800000000002,4.0387399999999996e-09,6.3551099999999995e-05,8.6340300000000005e-07,0.00092919499999999996,3.2181099999999998e-28,1.7939100000000002e-14,1.79391e-14,0.068393717142257546,0.0046776997531859394,14.621226068470884,213.78028791157641,0.068234365689069265,0.99767008637859489,1.9261084537211514e-11,3.7098849260238722e-22,1,1,not_skipped,success,1,3.7326300000000003e-07,0.00061095300000000002,0.65597590633103031,0.43030312113086522,,,,,,,,,,,,,,,,,,,,,,,,
outer,2d,boundary_singularity,p3,3,adaptive_g_effective_rho,g_eff_rho,production_2M,2000000,completed,24339169,20260701_091329_940553_job24339169,snellius_next_mem216,algorithm_data_ordered/2d/boundary_singularity/p3/production_2M/adaptive_g_effective_rho,outer_history.csv,completed,11,,,4132,4132,6181,5476,5476,12560,3.79624,18.3493,1,1,0,1,0,0,adaptive,1,0.308291,1,computed,2.44444,1.24052,1.9705,1.1049100000000001e-05,0.00332402,2.7008999999999998e-05,0.0051970183759536583,1.37066e-05,0.0037022425636362619,-0.45527787354996957,0.45527787354996957,10,-0.43711273054504263,0.43711273054504263,10,-0.87422546109008525,0.87422546109008525,10,9.5309399999999999e-06,0.0030872199999999999,1.2710100000000001e-06,0.00112739,1.17239e-05,0.0034240199999999998,7.9951600000000001e-10,2.8275700000000001e-05,1.27021e-06,0.0011270399999999999,5.0484499999999998e-28,2.2468799999999999e-14,2.24688e-14,0.025088461811470758,0.0006294360774989963,39.858960167210711,1588.7236778250842,0.025080673059012411,0.99968954842601043,1.9929926644728088e-11,3.9719986467455012e-22,1,1,not_skipped,success,1,7.0852100000000002e-07,0.00084173699999999995,0.74662450438623718,0.55744722700844207,,,,,,,,,,,,,,,,,,,,,,,,
outer,2d,boundary_singularity,p3,3,adaptive_g_effective_rho,g_eff_rho,production_2M,2000000,completed,24339169,20260701_091329_940553_job24339169,snellius_next_mem216,algorithm_data_ordered/2d/boundary_singularity/p3/production_2M/adaptive_g_effective_rho,outer_history.csv,completed,12,,,6181,6181,8455,8208,8208,18760,6.60429,24.9603,1,1,0,1,0,0,adaptive,1,0.357902,1,computed,2.44444,1.30214,1.87726,5.6487099999999997e-06,0.0023766999999999998,1.3808000000000001e-05,0.0037159117319979494,7.3553900000000001e-06,0.0027120822258921281,-0.45527787354996957,0.45527787354996957,10,-0.43711273054504263,0.43711273054504263,10,-0.87422546109008525,0.87422546109008525,10,4.3629500000000003e-06,0.0020887700000000002,9.4734200000000001e-07,0.00097331499999999999,6.2201599999999999e-06,0.0024940299999999999,3.2734699999999999e-10,1.80927e-05,9.4701399999999996e-07,0.00097314700000000005,9.3743899999999996e-28,3.0617600000000003e-14,3.06176e-14,0.018591949623232667,0.00034566226053680307,53.786720611075189,2892.9973392149614,0.018588740541345815,0.99982739400913379,3.1457030868732123e-11,9.8954654179799904e-22,1,1,not_skipped,success,1,6.3028999999999996e-07,0.00079390799999999996,0.81567426783723662,0.66532466627680387,,,,,,,,,,,,,,,,,,,,,,,,
outer,2d,boundary_singularity,p3,3,adaptive_g_effective_rho,g_eff_rho,production_2M,2000000,completed,24339169,20260701_091329_940553_job24339169,snellius_next_mem216,algorithm_data_ordered/2d/boundary_singularity/p3/production_2M/adaptive_g_effective_rho,outer_history.csv,completed,13,,,8455,8455,11326,11240,11240,25600,7.87727,32.8454,1,1,0,1,0,0,adaptive,1,0.116768,1,computed,2.44444,1.04948,2.3292,4.3708900000000001e-06,0.0020906700000000002,1.0684400000000001e-05,0.0032687000474194631,4.5871599999999996e-06,0.0021417656267668506,-0.45527787354996957,0.45527787354996957,10,-0.43711273054504263,0.43711273054504263,10,-0.87422546109008525,0.87422546109008525,10,3.5350999999999998e-06,0.0018801899999999999,8.9553999999999996e-08,0.00029925600000000002,4.7423600000000003e-06,0.0021776999999999999,2.08246e-10,1.4430700000000001e-05,8.9345699999999995e-08,0.00029890800000000002,1.31964e-27,3.6326799999999997e-14,3.63268e-14,0.048278065491723206,0.0023307892825284262,20.713340309201911,429.03921323818946,0.048221923704119547,0.99883711604779857,1.2139038147940223e-10,1.4735690198092771e-20,1,1,not_skipped,success,1,4.1599000000000001e-08,0.00020395799999999999,0.68155024460662439,0.4645130312437189,,,,,,,,,,,,,,,,,,,,,,,,
outer,2d,boundary_singularity,p3,3,adaptive_g_effective_rho,g_eff_rho,production_2M,2000000,completed,24339169,20260701_091329_940553_job24339169,snellius_next_mem216,algorithm_data_ordered/2d/boundary_singularity/p3/production_2M/adaptive_g_effective_rho,outer_history.csv,completed,14,,,11326,11326,16141,15068,15068,34220,10.0402,42.8933,1,1,0,1,0,0,adaptive,1,0.250902,1,computed,2.44444,1.1746,2.08109,2.76728e-06,0.00166351,6.7644599999999999e-06,0.0026008575508858611,3.2504400000000001e-06,0.0018028976676450609,-0.45527787354996957,0.45527787354996957,10,-0.43711273054504263,0.43711273054504263,10,-0.87422546109008525,0.87422546109008525,10,2.3126999999999999e-06,0.0015207599999999999,2.2495699999999999e-07,0.00047429699999999999,2.96931e-06,0.00172317,1.2506699999999999e-10,1.11833e-05,2.2483200000000001e-07,0.00047416500000000002,1.87133e-27,4.3258899999999999e-14,4.32589e-14,0.023585249860280703,0.00055626868061485902,42.399381220212284,1797.6924368538466,0.023578685928858922,0.99972169336934458,9.1206353824713206e-11,8.3186120014047127e-21,1,1,not_skipped,success,1,1.11871e-07,0.00033447099999999998,0.70519315956035977,0.4972994839013678,,,,,,,,,,,,,,,,,,,,,,,,
outer,2d,boundary_singularity,p3,3,adaptive_g_effective_rho,g_eff_rho,production_2M,2000000,completed,24339169,20260701_091329_940553_job24339169,snellius_next_mem216,algorithm_data_ordered/2d/boundary_singularity/p3/production_2M/adaptive_g_effective_rho,outer_history.csv,completed,15,,,16141,16141,22642,21488,21488,48875,16.4975,59.3993,1,1,0,1,0,0,adaptive,1,0.31066,1,computed,2.44444,1.24337,1.96599,1.83753e-06,0.0013555500000000001,4.49174e-06,0.0021193725486567954,2.28472e-06,0.0015115290271774473,-0.45527787354996957,0.45527787354996957,10,-0.43711273054504263,0.43711273054504263,10,-0.87422546109008525,0.87422546109008525,10,1.41286e-06,0.0011886399999999999,2.3970499999999999e-07,0.00048959700000000004,2.02627e-06,0.00142347,1.11146e-10,1.05426e-05,2.3959399999999999e-07,0.00048948399999999999,2.61221e-27,5.1109800000000001e-14,5.11098e-14,0.021538191238120143,0.00046389308580348427,46.429154098609452,2155.6691198963526,0.021533220179045211,0.99976919793217678,1.0439157102678325e-10,1.0897603304061242e-20,1,1,not_skipped,success,1,1.57757e-07,0.000397186,0.81125088593271599,0.65812978452681425,,,,,,,,,,,,,,,,,,,,,,,,
outer,2d,boundary_singularity,p3,3,adaptive_g_effective_rho,g_eff_rho,production_2M,2000000,completed,24339169,20260701_091329_940553_job24339169,snellius_next_mem216,algorithm_data_ordered/2d/boundary_singularity/p3/production_2M/adaptive_g_effective_rho,outer_history.csv,completed,16,,,22642,22642,31333,30156,30156,68425,21.6938,81.1037,1,1,0,1,0,0,adaptive,1,0.228544,1,computed,2.44444,1.15064,2.12442,1.56674e-06,0.0012516999999999999,3.8298199999999999e-06,0.0019569925906860251,1.8027600000000001e-06,0.0013426689837782058,-0.45527787354996957,0.45527787354996957,10,-0.43711273054504263,0.43711273054504263,10,-0.87422546109008525,0.87422546109008525,10,1.21836e-06,0.0011037899999999999,1.1611799999999999e-07,0.00034076100000000003,1.72158e-06,0.0013120899999999999,3.6464800000000001e-11,6.0386099999999999e-06,1.1608199999999999e-07,0.00034070699999999999,3.5739900000000001e-27,5.9782899999999994e-14,5.97829e-14,0.017723762646496843,0.00031412966695956311,56.421428110111435,3183.3987845812944,0.017720953982409957,0.99984153116113628,1.7543938420183057e-10,3.0778949000155016e-20,1,1,not_skipped,success,1,8.2271499999999997e-08,0.00028683000000000002,0.84173364909716775,0.70851633682977666,,,,,,,,,,,,,,,,,,,,,,,,
outer,2d,boundary_singularity,p3,3,adaptive_g_effective_rho,g_eff_rho,production_2M,2000000,completed,24339169,20260701_091329_940553_job24339169,snellius_next_mem216,algorithm_data_ordered/2d/boundary_singularity/p3/production_2M/adaptive_g_effective_rho,outer_history.csv,completed,17,,,31333,31333,45220,41744,41744,94315,29.0442,110.16,1,1,0,1,0,0,adaptive,1,0.230387,1,computed,2.44444,1.15257,2.12086,1.1568699999999999e-06,0.00107558,2.8279000000000001e-06,0.0016816361080804611,1.3333800000000001e-06,0.0011547207454618627,-0.45527787354996957,0.45527787354996957,10,-0.43711273054504263,0.43711273054504263,10,-0.87422546109008525,0.87422546109008525,10,9.1242799999999997e-07,0.00095521099999999997,8.5725400000000003e-08,0.000292789,1.2655100000000001e-06,0.00112495,1.42241e-11,3.77149e-06,8.5711200000000003e-08,0.00029276500000000001,4.9315000000000004e-27,7.0224599999999995e-14,7.02246e-14,0.01288231175174628,0.00016595380767040946,77.625818973403085,6025.773159637517,0.012881255784882629,0.99991802970740018,2.3984712540430134e-10,5.7526707370277658e-20,1,1,not_skipped,success,1,5.57757e-08,0.00023616899999999999,0.80661841804166134,0.65063213469986725,,,,,,,,,,,,,,,,,,,,,,,,
outer,2d,boundary_singularity,p3,3,adaptive_g_effective_rho,g_eff_rho,production_2M,2000000,completed,24339169,20260701_091329_940553_job24339169,snellius_next_mem216,algorithm_data_ordered/2d/boundary_singularity/p3/production_2M/adaptive_g_effective_rho,outer_history.csv,completed,18,,,45220,45220,61258,60260,60260,136165,47.2643,157.44,1,1,0,1,0,0,adaptive,1,0.240383,1,computed,2.44444,1.1632,2.10149,7.6916000000000004e-07,0.00087701800000000002,1.88017e-06,0.00137119291130023,8.9468499999999999e-07,0.00094587789909691836,-0.45527787354996957,0.45527787354996957,10,-0.43711273054504263,0.43711273054504263,10,-0.87422546109008525,0.87422546109008525,10,5.9681100000000004e-07,0.00077253599999999999,6.2612900000000001e-08,0.00025022599999999999,8.4575999999999997e-07,0.00091965199999999997,8.8680400000000002e-12,2.9779299999999999e-06,6.2603999999999996e-08,0.00025020799999999997,6.6374600000000001e-27,8.1470599999999998e-14,8.14706e-14,0.011901817687683848,0.00014165292952526997,84.020779534777503,7059.5080761927093,0.011900961530776178,0.9999280650292135,3.2558806838617889e-10,1.0600786738834969e-19,1,1,not_skipped,success,1,4.08313e-08,0.00020206799999999999,0.80754198204822836,0.65212280536438971,,,,,,,,,,,,,,,,,,,,,,,,
outer,2d,boundary_singularity,p3,3,adaptive_g_effective_rho,g_eff_rho,production_2M,2000000,completed,24339169,20260701_091329_940553_job24339169,snellius_next_mem216,algorithm_data_ordered/2d/boundary_singularity/p3/production_2M/adaptive_g_effective_rho,outer_history.csv,completed,19,,,61258,61258,82903,81644,81644,184170,61.3877,218.85,1,1,0,1,0,0,adaptive,1,0.246722,1,computed,2.44444,1.17004,2.0892,5.6797599999999998e-07,0.00075364200000000001,1.3883900000000001e-06,0.001178299622337205,6.6455600000000001e-07,0.00081520304219255709,-0.45527787354996957,0.45527787354996957,10,-0.43711273054504263,0.43711273054504263,10,-0.87422546109008525,0.87422546109008525,10,4.47663e-07,0.000669076,4.7708300000000002e-08,0.00021842199999999999,6.2144899999999997e-07,0.00078832100000000003,7.0832199999999998e-12,2.66143e-06,4.7701200000000002e-08,0.00021840600000000001,8.6505399999999996e-27,9.3008300000000003e-14,9.30083e-14,0.012185700026556046,0.00014849144256328981,82.063402005688673,6734.3948091404764,0.012184807391196859,0.99992674730567443,4.2581928560309863e-10,1.8132148913291817e-19,1,1,not_skipped,success,1,3.6021000000000002e-08,0.00018979199999999999,0.86892346009101651,0.75502585503989872,,,,,,,,,,,,,,,,,,,,,,,,
outer,2d,boundary_singularity,p3,3,adaptive_g_effective_rho,g_eff_rho,production_2M,2000000,completed,24339169,20260701_091329_940553_job24339169,snellius_next_mem216,algorithm_data_ordered/2d/boundary_singularity/p3/production_2M/adaptive_g_effective_rho,outer_history.csv,completed,20,,,82903,82903,113140,110504,110504,248695,80.1791,299.059,1,1,0,1,0,0,adaptive,1,0.256874,1,computed,2.44444,1.18117,2.06951,4.5163399999999998e-07,0.000672037,1.1039900000000001e-06,0.0010507092842456471,5.3345499999999998e-07,0.00073038003806237745,-0.45527787354996957,0.45527787354996957,10,-0.43711273054504263,0.43711273054504263,10,-0.87422546109008525,0.87422546109008525,10,3.5914199999999997e-07,0.00059928399999999995,4.0454300000000002e-08,0.00020113299999999999,4.9274100000000003e-07,0.00070195499999999998,6.45409e-12,2.5404899999999998e-06,4.04479e-08,0.00020111700000000001,1.1429e-26,1.0690700000000001e-13,1.06907e-13,0.012631900833842986,0.00015956551514417311,79.164649339300695,6267.0182783320342,0.012630895974305559,0.99992045064708435,5.3152391701013761e-10,2.8251632088554243e-19,1,1,not_skipped,success,1,2.57004e-08,0.00016031300000000001,0.79704971337373787,0.63529464111355283,,,,,,,,,,,,,,,,,,,,,,,,
outer,2d,boundary_singularity,p3,3,adaptive_g_effective_rho,g_eff_rho,production_2M,2000000,completed,24339169,20260701_091329_940553_job24339169,snellius_next_mem216,algorithm_data_ordered/2d/boundary_singularity/p3/production_2M/adaptive_g_effective_rho,outer_history.csv,completed,21,,,113140,113140,154966,150820,150820,339330,124.346,423.453,1,1,0,1,0,0,adaptive,1,0.26198,1,computed,2.44444,1.18684,2.05962,3.5818699999999998e-07,0.00059848699999999998,8.7556699999999997e-07,0.00093571737185968711,4.25111e-07,0.00065200536807606116,-0.45527787354996957,0.45527787354996957,10,-0.43711273054504263,0.43711273054504263,10,-0.87422546109008525,0.87422546109008525,10,2.7707799999999999e-07,0.00052638200000000004,3.4171299999999998e-08,0.00018485499999999999,3.9423499999999998e-07,0.00062788099999999995,5.6084399999999999e-12,2.3682099999999999e-06,3.4165600000000001e-08,0.00018484,1.4542500000000001e-26,1.2059199999999999e-13,1.20592e-13,0.012812215970569141,0.0001641545882408036,78.050510723288895,6091.8187588705596,0.012811176327391739,0.99991885531903391,6.5235995780476588e-10,4.2557643402504447e-19,1,1,not_skipped,success,1,1.5640200000000001e-08,0.00012506099999999999,0.67653566308728463,0.45769988265006017,,,,,,,,,,,,,,,,,,,,,,,,
outer,2d,boundary_singularity,p3,3,adaptive_g_effective_rho,g_eff_rho,production_2M,2000000,completed,24339169,20260701_091329_940553_job24339169,snellius_next_mem216,algorithm_data_ordered/2d/boundary_singularity/p3/production_2M/adaptive_g_effective_rho,outer_history.csv,completed,22,,,154966,154966,214471,206588,206588,464615,166.45,589.977,1,1,0,1,0,0,adaptive,1,0.298476,1,computed,2.44444,1.22882,1.98926,2.9776700000000002e-07,0.00054567999999999999,7.27875e-07,0.00085315590603359242,3.6590200000000002e-07,0.00060489833856607674,-0.45527787354996957,0.45527787354996957,10,-0.43711273054504263,0.43711273054504263,10,-0.87422546109008525,0.87422546109008525,10,2.31941e-07,0.00048160199999999997,3.5725399999999999e-08,0.00018901200000000001,3.27023e-07,0.00057185899999999997,5.0686500000000002e-12,2.2513700000000002e-06,3.5720300000000001e-08,0.00018899800000000001,1.8406399999999999e-26,1.3566999999999999e-13,1.3567e-13,0.011912136636366522,0.00014189830432555158,83.947996109035827,7047.3005632663526,0.011911254311895542,0.99992593062874313,7.1778511417264507e-10,5.1521886388955753e-19,1,1,not_skipped,success,1,1.68392e-08,0.00012976599999999999,0.68654900217975567,0.47135091559506681,,,,,,,,,,,,,,,,,,,,,,,,
outer,2d,boundary_singularity,p3,3,adaptive_g_effective_rho,g_eff_rho,production_2M,2000000,completed,24339169,20260701_091329_940553_job24339169,snellius_next_mem216,algorithm_data_ordered/2d/boundary_singularity/p3/production_2M/adaptive_g_effective_rho,outer_history.csv,completed,23,,,214471,214471,295846,285928,285928,642295,225.357,815.44,1,1,0,1,0,0,adaptive,1,0.303603,1,computed,2.44444,1.23491,1.97945,2.3086299999999999e-07,0.00048048200000000001,5.6433199999999997e-07,0.00075122034051268872,2.85095e-07,0.00053394288084026361,-0.45527787354996957,0.45527787354996957,10,-0.43711273054504263,0.43711273054504263,10,-0.87422546109008525,0.87422546109008525,10,1.8257500000000001e-07,0.00042728800000000001,2.81722e-08,0.00016784600000000001,2.52325e-07,0.00050231899999999999,4.1966399999999998e-12,2.0485700000000002e-06,2.8168000000000001e-08,0.00016783299999999999,2.40418e-26,1.5505399999999999e-13,1.55054e-13,0.012206002395238126,0.00014898608349900595,81.926905109417774,6712.0362957032303,0.012205057016550887,0.99992254804999814,9.2378728119824117e-10,8.5338738188710855e-19,1,1,not_skipped,success,1,1.6194700000000001e-08,0.00012725900000000001,0.75818905425211214,0.5748468348229816,,,,,,,,,,,,,,,,,,,,,,,,
outer,2d,boundary_singularity,p3,3,adaptive_g_effective_rho,g_eff_rho,production_2M,2000000,completed,24339169,20260701_091329_940553_job24339169,snellius_next_mem216,algorithm_data_ordered/2d/boundary_singularity/p3/production_2M/adaptive_g_effective_rho,outer_history.csv,completed,24,,,295846,295846,396538,394428,394428,884940,347.371,1162.95,1,1,0,1,0,0,adaptive,1,0.302626,1,computed,2.44444,1.23375,1.98132,1.61352e-07,0.00040168700000000002,3.9441699999999998e-07,0.00062802627333575784,1.9906799999999999e-07,0.00044617037104675606,-0.45527787354996957,0.45527787354996957,10,-0.43711273054504263,0.43711273054504263,10,-0.87422546109008525,0.87422546109008525,10,1.2701e-07,0.00035638500000000002,1.9659199999999998e-08,0.000140211,1.76615e-07,0.00042025599999999998,2.11895e-12,1.4556600000000001e-06,1.9657100000000001e-08,0.000140204,5.6990300000000002e-23,7.5491900000000001e-12,7.54919e-12,0.010382442726313086,0.0001077956565312279,96.316447522086193,9276.8116284008593,0.01038192438539059,0.9999500752437398,5.3841638673142619e-08,2.8989124684626031e-15,1,1,not_skipped,success,1,1.08176e-08,0.000104008,0.74179629273024228,0.5502563685195736,,,,,,,,,,,,,,,,,,,,,,,,
outer,2d,boundary_singularity,p3,3,adaptive_g_effective_rho,g_eff_rho,production_2M,2000000,completed,24339169,20260701_091329_940553_job24339169,snellius_next_mem216,algorithm_data_ordered/2d/boundary_singularity/p3/production_2M/adaptive_g_effective_rho,outer_history.csv,completed,25,,,396538,396538,523051,528924,528924,1185945,450.78,1613.96,1,1,0,1,0,0,adaptive,1,0.322003,1,computed,2.44444,1.25714,1.94445,1.22438e-07,0.00034991200000000002,2.9929300000000001e-07,0.0005470767770615017,1.5392199999999999e-07,0.00039232894361747003,-0.45527787354996957,0.45527787354996957,10,-0.43711273054504263,0.43711273054504263,10,-0.87422546109008525,0.87422546109008525,10,9.4466900000000003e-08,0.00030735499999999999,1.6987300000000002e-08,0.000130335,1.3486999999999999e-07,0.000367246,1.2839099999999999e-12,1.1331e-06,1.6986000000000001e-08,0.00013033000000000001,3.6672900000000002e-26,1.9150200000000001e-13,1.91502e-13,0.0086940842476789688,7.5586365241963956e-05,115.02073956402789,13229.89929200645,0.0086937507193002635,0.99996163731921583,1.4693060191046151e-09,2.158842193874247e-18,1,1,not_skipped,success,1,6.17752e-09,7.8597199999999993e-05,0.60303985882533462,0.36365520123857231,,,,,,,,,,,,,,,,,,,,,,,,
outer,2d,boundary_singularity,p3,3,adaptive_g_effective_rho,g_eff_rho,production_2M,2000000,completed,24339169,20260701_091329_940553_job24339169,snellius_next_mem216,algorithm_data_ordered/2d/boundary_singularity/p3/production_2M/adaptive_g_effective_rho,outer_history.csv,completed,26,,,523051,523051,673837,697752,697752,1563075,595.622,2209.88,1,1,0,1,0,0,adaptive,1,0.302422,1,computed,2.44444,1.2335,1.98171,9.4221799999999997e-08,0.00030695599999999999,2.3031999999999999e-07,0.00047991665943161423,1.1622299999999999e-07,0.00034091494540427526,-0.45527787354996957,0.45527787354996957,10,-0.43711273054504263,0.43711273054504263,10,-0.87422546109008525,0.87422546109008525,10,7.3287600000000006e-08,0.00027071700000000002,1.1590999999999999e-08,0.000107661,1.03526e-07,0.000321754,1.06421e-12,1.0316e-06,1.1589899999999999e-08,0.000107656,4.5261599999999999e-26,2.1274800000000001e-13,2.12748e-13,0.0095823734859181095,9.182219001026756e-05,104.35827840248159,10890.613694665526,0.0095819284606310558,0.99995355792719742,1.976091620921225e-09,3.9048917263394011e-18,1,1,not_skipped,success,1,4.1307299999999999e-09,6.4270799999999995e-05,0.59697383453618302,0.35637391079285652,,,,,,,,,,,,,,,,,,,,,,,,
outer,2d,boundary_singularity,p3,3,adaptive_g_effective_rho,g_eff_rho,production_2M,2000000,completed,24339169,20260701_091329_940553_job24339169,snellius_next_mem216,algorithm_data_ordered/2d/boundary_singularity/p3/production_2M/adaptive_g_effective_rho,outer_history.csv,completed,27,,,673837,673837,907927,898848,898848,2011690,761.122,2971.37,1,1,0,1,0,0,adaptive,1,0.329818,1,computed,2.44444,1.26675,1.92969,7.4782500000000001e-08,0.00027346400000000001,1.82802e-07,0.00042755350542359025,9.4731000000000003e-08,0.00030778401517947613,-0.45527787354996957,0.45527787354996957,10,-0.43711273054504263,0.43711273054504263,10,-0.87422546109008525,0.87422546109008525,10,5.8688399999999998e-08,0.00024225700000000001,1.06773e-08,0.000103331,8.1935499999999999e-08,0.00028624400000000001,9.5066900000000006e-13,9.7502299999999998e-07,1.06763e-08,0.00010332600000000001,5.4969599999999999e-26,2.3445600000000001e-13,2.34456e-13,0.0094363761299188966,8.9044800164851123e-05,105.97288474220609,11230.302029412971,0.0094359195207633709,0.99995161181058934,2.2689802672963584e-09,5.1482678205164224e-18,1,1,not_skipped,success,1,4.9129800000000001e-09,7.0092700000000001e-05,0.67833176878187573,0.46013317973645024,,,,,,,,,,,,,,,,,,,,,,,,
outer,2d,boundary_singularity,p3,3,adaptive_g_effective_rho,g_eff_rho,production_2M,2000000,completed,24339169,20260701_091329_940553_job24339169,snellius_next_mem216,algorithm_data_ordered/2d/boundary_singularity/p3/production_2M/adaptive_g_effective_rho,outer_history.csv,completed,28,,,907927,907927,1207513,1210800,1210800,2709955,1173.48,4145.32,1,1,0,1,0,0,adaptive,1,0.38038,1,computed,2.44444,1.33137,1.83604,5.6485199999999997e-08,0.00023766600000000001,1.38075e-07,0.00037158444531492437,7.5202599999999993e-08,0.00027423092458729012,-0.45527787354996957,0.45527787354996957,10,-0.43711273054504263,0.43711273054504263,10,-0.87422546109008525,0.87422546109008525,10,4.3896599999999997e-08,0.00020951499999999999,1.05228e-08,0.000102581,6.2080100000000003e-08,0.00024915899999999999,7.4849299999999999e-13,8.6515500000000002e-07,1.05221e-08,0.000102577,3.7373399999999996e-21,6.1133799999999996e-11,6.11338e-11,0.0084342006492683537,7.1135324697541358e-05,118.56488143743029,14057.713298587963,0.008433871769625954,0.99996100642419161,5.9595636618867034e-07,3.5516592541908993e-13,1,1,not_skipped,success,1,4.4775099999999998e-09,6.6914200000000004e-05,0.65230598258936845,0.42550556885999924,,,,,,,,,,,,,,,,,,,,,,,,
outer,2d,boundary_singularity,p3,3,adaptive_g_effective_rho,g_eff_rho,production_2M,2000000,completed,24339169,20260701_091329_940553_job24339169,snellius_next_mem216,algorithm_data_ordered/2d/boundary_singularity/p3/production_2M/adaptive_g_effective_rho,outer_history.csv,completed,29,,,1207513,1207513,1567357,1610392,1610392,3602235,1665.98,5812.02,1,1,0,1,0,0,adaptive,1,0.37572,1,computed,2.44444,1.32524,1.84453,4.4685900000000002e-08,0.00021139100000000001,1.09232e-07,0.0003305026474931782,5.9219700000000001e-08,0.00024335098109520741,-0.45527787354996957,0.45527787354996957,10,-0.43711273054504263,0.43711273054504263,10,-0.87422546109008525,0.87422546109008525,10,3.4253799999999999e-08,0.00018507800000000001,8.2283999999999994e-09,9.0710499999999998e-05,4.9322399999999998e-08,0.00022208699999999999,6.56185e-13,8.1005200000000003e-07,8.2277500000000007e-09,9.0706900000000004e-05,3.2401499999999999e-22,1.8000400000000001e-11,1.80004e-11,0.0089304341786567501,7.975266628179027e-05,111.97663853678529,12538.765744416591,0.0089300797592340476,0.99996031330441359,1.9843788756538661e-07,3.9377643284235091e-14,1,1,not_skipped,success,1,2.4767500000000002e-09,4.9767e-05,0.54863549423716107,0.30100019444849552,,,,,,,,,,,,,,,,,,,,,,,,
outer,2d,boundary_singularity,p3,3,adaptive_g_effective_rho,g_eff_rho,production_2M,2000000,completed,24339169,20260701_091329_940553_job24339169,snellius_next_mem216,algorithm_data_ordered/2d/boundary_singularity/p3/production_2M/adaptive_g_effective_rho,outer_history.csv,completed,30,,,1567357,1567357,2053285,2090736,2090736,4673010,2159.8,7972.88,1,1,0,1,0,0,adaptive,1,0.351647,1,computed,2.44444,1.29414,1.88885,3.5383099999999999e-08,0.000188104,8.6492099999999997e-08,0.00029409539268747479,4.5790899999999997e-08,0.00021398808378038251,-0.45527787354996957,0.45527787354996957,10,-0.43711273054504263,0.43711273054504263,10,-0.87422546109008525,0.87422546109008525,10,2.7014700000000001e-08,0.00016436099999999999,5.8020499999999998e-09,7.61712e-05,3.9102399999999997e-08,0.00019774300000000001,6.3595499999999999e-13,7.9746799999999995e-07,5.8014100000000001e-09,7.6167000000000004e-05,8.15904e-21,9.0327399999999998e-11,9.03274e-11,0.01046999356676776,0.00010962076460722479,95.511042449352217,9122.3592864274997,0.010469416262314365,0.9999448610498457,1.1858471443275149e-06,1.4062340034987634e-12,1,1,not_skipped,success,1,2.3106800000000001e-09,4.8069499999999998e-05,0.63107184867771549,0.39825234184469288,,,,,,,,,,,,,,,,,,,,,,,,
inner,2d,boundary_singularity,p3,3,adaptive_g_effective_rho,g_eff_rho,production_2M,2000000,completed,24339169,20260701_091329_940553_job24339169,snellius_next_mem216,algorithm_data_ordered/2d/boundary_singularity/p3/production_2M/adaptive_g_effective_rho,inner_history.csv,completed,0,0,,52,52,106,52,52,125,0.133994,0.13577,,,,,,0,,1,0.0099239,1,computed,2.44444,1.00048,2.44328,0.00061923299999999996,0.024884400000000001,0.0015136800000000001,0.038906040662087422,0.00061952800000000005,0.024890319403334301,-0.45527787354996957,0.45527787354996957,10,-0.43711273054504263,0.43711273054504263,10,-0.87422546109008525,0.87422546109008525,10,0.00038589700000000001,0.019644200000000001,1.4936100000000001e-07,0.00038647200000000001,0.00072293800000000001,0.026887500000000002,1.4936100000000001e-07,0.00038647200000000001,4.4918700000000001e-33,6.7021399999999997e-17,5.0741900000000003e-31,7.1233300000000003e-16,7.12333e-16,5766397001554.7275,3.3251407542960952e+25,1.7341851414850233e-13,3.007391487737763e-26,1,1.7341851414850233e-13,1.8431684572232917e-12,3.3972656851520815e-24,1,1,not_skipped,success,1,4.2572099999999998e-08,0.00020633000000000001,0.53388085035914634,0.28502822021812918,,,,,,,,,,,,,,,,,,,,,,,,
inner,2d,boundary_singularity,p3,3,adaptive_g_effective_rho,g_eff_rho,production_2M,2000000,completed,24339169,20260701_091329_940553_job24339169,snellius_next_mem216,algorithm_data_ordered/2d/boundary_singularity/p3/production_2M/adaptive_g_effective_rho,inner_history.csv,completed,1,0,,106,106,175,116,116,290,0.210902,0.375103,,,,,,0,,1,0.057551,1,computed,2.44444,1.01397,2.41077,0.00048883100000000001,0.022109500000000001,0.0011949199999999999,0.034567614901812357,0.00049565799999999995,0.022263378000653897,-0.45527787354996957,0.45527787354996957,10,-0.43711273054504263,0.43711273054504263,10,-0.87422546109008525,0.87422546109008525,10,0.00033569200000000001,0.018321899999999999,3.2507000000000001e-06,0.0018029700000000001,0.00055689300000000004,0.023598600000000001,4.5874399999999999e-07,0.00067730600000000002,2.7919599999999999e-06,0.0016709100000000001,1.2377099999999999e-30,1.11252e-15,1.11252e-15,0.40535157489032925,0.16430894425421569,2.4669942389407447,6.0860959489388415,0.37566127001558541,0.92675418892161265,6.1704853658130743e-13,3.8075183806564736e-25,1,1,not_skipped,success,1,1.36983e-06,0.0011704,0.64915112286948751,0.42139539176177437,,,,,,,,,,,,,,,,,,,,,,,,
inner,2d,boundary_singularity,p3,3,adaptive_g_effective_rho,g_eff_rho,production_2M,2000000,completed,24339169,20260701_091329_940553_job24339169,snellius_next_mem216,algorithm_data_ordered/2d/boundary_singularity/p3/production_2M/adaptive_g_effective_rho,inner_history.csv,completed,2,0,,175,175,229,200,200,490,0.306895,0.715103,,,,,,0,,1,0.0221322,1,computed,2.44444,1.00229,2.43887,0.00020052700000000001,0.0141607,0.00049017699999999995,0.022139941282668298,0.00020098499999999999,0.014176917859675987,-0.45527787354996957,0.45527787354996957,10,-0.43711273054504263,0.43711273054504263,10,-0.87422546109008525,0.87422546109008525,10,0.000167682,0.012949199999999999,1.5724e-07,0.000396535,0.00021512500000000001,0.014667100000000001,1.5724e-07,0.000396535,1.8468700000000001e-32,1.359e-16,3.3576599999999998e-30,1.8323900000000002e-15,1.83239e-15,2917844002943.3408,8.513863996924526e+24,3.4271880161902479e-13,1.1745548206563216e-25,1,3.4271880161902479e-13,4.6210044510572846e-12,2.1353726787077079e-23,1,1,not_skipped,success,1,9.9664100000000004e-08,0.00031569600000000002,0.79613653271464069,0.63383426609005344,,,,,,,,,,,,,,,,,,,,,,,,
inner,2d,boundary_singularity,p3,3,adaptive_g_effective_rho,g_eff_rho,production_2M,2000000,completed,24339169,20260701_091329_940553_job24339169,snellius_next_mem216,algorithm_data_ordered/2d/boundary_singularity/p3/production_2M/adaptive_g_effective_rho,inner_history.csv,completed,3,0,,229,229,325,272,272,650,0.365985,1.11141,,,,,,0,,1,0.0175842,1,computed,2.44444,1.00146,2.44087,0.000200099,0.014145599999999999,0.00048913099999999996,0.022116306201533743,0.000200392,0.014155988132235771,-0.45527787354996957,0.45527787354996957,10,-0.43711273054504263,0.43711273054504263,10,-0.87422546109008525,0.87422546109008525,10,0.00016781399999999999,0.0129543,9.9134799999999996e-08,0.00031485699999999998,0.000214448,0.014644000000000001,9.9134799999999996e-08,0.00031485699999999998,1.3924200000000001e-31,3.7315099999999998e-16,6.0927000000000002e-30,2.4683400000000002e-15,2.46834e-15,843779059951.60132,7.1196047169675807e+23,1.1851443671253935e-12,1.4045723600592327e-24,1,1.1851443671253935e-12,7.8395589108706504e-12,6.1458741027368798e-23,1,1,not_skipped,success,1,7.5239700000000001e-08,0.00027429899999999998,0.87118596696277995,0.75896355265759352,,,,,,,,,,,,,,,,,,,,,,,,
inner,2d,boundary_singularity,p3,3,adaptive_g_effective_rho,g_eff_rho,production_2M,2000000,completed,24339169,20260701_091329_940553_job24339169,snellius_next_mem216,algorithm_data_ordered/2d/boundary_singularity/p3/production_2M/adaptive_g_effective_rho,inner_history.csv,completed,4,0,,325,325,511,400,400,960,0.582256,1.72718,,,,,,0,,1,0.014382,1,computed,2.44444,1.00099,2.44203,0.000198135,0.014076,0.00048432899999999998,0.022007476002486065,0.00019833000000000001,0.014082968437087402,-0.45527787354996957,0.45527787354996957,10,-0.43711273054504263,0.43711273054504263,10,-0.87422546109008525,0.87422546109008525,10,0.00016740900000000001,0.0129386,6.5002899999999998e-08,0.00025495699999999999,0.00021179099999999999,0.014553,5.7223999999999997e-08,0.00023921500000000001,7.7789500000000003e-09,8.8198399999999999e-05,9.0401000000000001e-30,3.0066800000000002e-15,3.00668e-15,2.7122374102024529,7.3562627346878431,0.36869928725205359,0.13593859219907733,0.93825625497632936,0.3459344124695537,1.1792890565860127e-11,1.3907225677623615e-22,1,1,not_skipped,success,1,5.8653000000000002e-08,0.000242184,0.94990135591491898,0.90231358908602544,,,,,,,,,,,,,,,,,,,,,,,,
inner,2d,boundary_singularity,p3,3,adaptive_g_effective_rho,g_eff_rho,production_2M,2000000,completed,24339169,20260701_091329_940553_job24339169,snellius_next_mem216,algorithm_data_ordered/2d/boundary_singularity/p3/production_2M/adaptive_g_effective_rho,inner_history.csv,completed,5,0,,511,511,781,648,648,1535,0.845645,2.60971,,,,,,0,,1,0.0875114,1,computed,2.44444,1.02985,2.3736,0.00015943700000000001,0.0126269,0.00038973600000000001,0.019741732446773765,0.000164196,0.01281389870414153,-0.45527787354996957,0.45527787354996957,10,-0.43711273054504263,0.43711273054504263,10,-0.87422546109008525,0.87422546109008525,10,0.00014064700000000001,0.0118595,1.6379100000000001e-06,0.0012798099999999999,0.000167789,0.012953299999999999,4.5797000000000003e-08,0.000214002,1.59211e-06,0.00126179,1.7254999999999999e-29,4.1539099999999997e-15,4.15391e-15,0.1696019147401707,0.028764972269503992,5.8961598489733742,34.764504225167585,0.16721388331080395,0.9859197849680813,3.2457239746524875e-12,1.0534766867532402e-23,1,1,not_skipped,success,1,6.5900600000000002e-07,0.00081179199999999998,0.63430665489408589,0.40234567222863282,,,,,,,,,,,,,,,,,,,,,,,,
inner,2d,boundary_singularity,p3,3,adaptive_g_effective_rho,g_eff_rho,production_2M,2000000,completed,24339169,20260701_091329_940553_job24339169,snellius_next_mem216,algorithm_data_ordered/2d/boundary_singularity/p3/production_2M/adaptive_g_effective_rho,inner_history.csv,completed,6,0,,781,781,1057,1008,1008,2375,1.24103,3.8865,,,,,,0,,1,0.252408,1,computed,2.44444,1.17625,2.07817,7.4451599999999997e-05,0.0086285300000000006,0.000181993,0.013490478123476573,8.7573599999999998e-05,0.0093580767254815775,-0.45527787354996957,0.45527787354996957,10,-0.43711273054504263,0.43711273054504263,10,-0.87422546109008525,0.87422546109008525,10,6.4311899999999997e-05,0.0080194700000000008,5.8844199999999996e-06,0.0024257800000000002,7.8958100000000006e-05,0.0088858400000000008,4.1415100000000003e-08,0.00020350699999999999,5.8429999999999998e-06,0.0024172299999999998,3.0326300000000001e-29,5.5069299999999997e-15,5.50693e-15,0.084190168084956746,0.007087985623823379,11.877871522846879,141.08380759674611,0.083893428093231859,0.9964753605026011,2.2701687704573372e-12,5.1536600038746388e-24,1,1,not_skipped,success,1,3.1553300000000001e-06,0.00177633,0.73227168168589063,0.53621767310966928,,,,,,,,,,,,,,,,,,,,,,,,
inner,2d,boundary_singularity,p3,3,adaptive_g_effective_rho,g_eff_rho,production_2M,2000000,completed,24339169,20260701_091329_940553_job24339169,snellius_next_mem216,algorithm_data_ordered/2d/boundary_singularity/p3/production_2M/adaptive_g_effective_rho,inner_history.csv,completed,7,0,,1057,1057,1414,1376,1376,3205,1.59526,5.52053,,,,,,0,,1,0.0175243,1,computed,2.44444,1.00145,2.4409,3.3132700000000002e-05,0.0057561000000000001,8.0990999999999998e-05,0.0089994999861103386,3.3180799999999999e-05,0.005760277771080141,-0.45527787354996957,0.45527787354996957,10,-0.43711273054504263,0.43711273054504263,10,-0.87422546109008525,0.87422546109008525,10,2.77003e-05,0.0052631099999999997,1.6403999999999999e-08,0.000128078,3.5546999999999997e-05,0.0059621300000000004,1.6285700000000001e-08,0.000127615,1.1828400000000001e-10,1.08759e-05,6.78461e-29,8.2368700000000001e-15,8.23687e-15,11.733741575409852,137.68303405363363,0.085224307487364342,0.0072630590026833359,0.99638501538125201,0.084916222926654072,6.4311357141741751e-11,4.1359485491343577e-21,1,1,not_skipped,success,1,1.6027499999999999e-08,0.00012659999999999999,0.98846015709177204,0.97704828090709583,,,,,,,,,,,,,,,,,,,,,,,,
inner,2d,boundary_singularity,p3,3,adaptive_g_effective_rho,g_eff_rho,production_2M,2000000,completed,24339169,20260701_091329_940553_job24339169,snellius_next_mem216,algorithm_data_ordered/2d/boundary_singularity/p3/production_2M/adaptive_g_effective_rho,inner_history.csv,completed,8,0,,1414,1414,1843,1852,1852,4280,1.93343,7.49977,,,,,,0,,1,0.0421942,1,computed,2.44444,1.00784,2.42544,3.0409800000000001e-05,0.0055145000000000003,7.4334999999999999e-05,0.0086217747592940517,3.0648100000000002e-05,0.0055360726151306942,-0.45527787354996957,0.45527787354996957,10,-0.43711273054504263,0.43711273054504263,10,-0.87422546109008525,0.87422546109008525,10,2.6523700000000002e-05,0.0051501200000000002,7.7674499999999998e-08,0.00027870199999999998,3.2136900000000001e-05,0.0056689399999999999,1.38459e-08,0.000117669,6.38286e-08,0.00025264299999999999,1.04741e-28,1.02343e-14,1.02343e-14,0.46575206912520833,0.21692313477030672,2.1470650723640041,4.6099278486772262,0.42220364403556493,0.90649869753356638,3.6721300887686494e-11,1.3484605629904281e-21,1,1,not_skipped,success,1,3.6097100000000001e-08,0.00018999199999999999,0.68170303765312057,0.46472265672775492,,,,,,,,,,,,,,,,,,,,,,,,
inner,2d,boundary_singularity,p3,3,adaptive_g_effective_rho,g_eff_rho,production_2M,2000000,completed,24339169,20260701_091329_940553_job24339169,snellius_next_mem216,algorithm_data_ordered/2d/boundary_singularity/p3/production_2M/adaptive_g_effective_rho,inner_history.csv,completed,9,0,,1843,1843,2761,2424,2424,5630,2.86887,10.4198,,,,,,0,,1,0.0653179,1,computed,2.44444,1.01762,2.40213,2.86293e-05,0.0053506400000000003,6.9982799999999997e-05,0.0083655723055867486,2.9133699999999999e-05,0.0053975642654812365,-0.45527787354996957,0.45527787354996957,10,-0.43711273054504263,0.43711273054504263,10,-0.87422546109008525,0.87422546109008525,10,2.5379099999999999e-05,0.0050377699999999996,1.6553500000000001e-07,0.00040685999999999999,3.00739e-05,0.0054839700000000003,8.2453900000000006e-09,9.08041e-05,1.5729e-07,0.00039659800000000001,2.1378499999999999e-28,1.4621399999999999e-14,1.46214e-14,0.22895753382518316,0.052421577976985191,4.3676221668404844,19.076114046758249,0.22318266725655017,0.97477756476429245,3.5937177407462022e-11,1.2914791433835743e-21,1,1,not_skipped,success,1,6.3311200000000001e-08,0.00025161699999999999,0.61843631716069403,0.38246413145256292,,,,,,,,,,,,,,,,,,,,,,,,
inner,2d,boundary_singularity,p3,3,adaptive_g_effective_rho,g_eff_rho,production_2M,2000000,completed,24339169,20260701_091329_940553_job24339169,snellius_next_mem216,algorithm_data_ordered/2d/boundary_singularity/p3/production_2M/adaptive_g_effective_rho,inner_history.csv,completed,10,0,,2761,2761,4132,3648,3648,8440,4.0009,14.4807,,,,,,0,,1,0.19504,1,computed,2.44444,1.11679,2.18882,1.97101e-05,0.0044396100000000001,4.8180299999999997e-05,0.0069412030657516419,2.2011999999999999e-05,0.0046916947897321709,-0.45527787354996957,0.45527787354996957,10,-0.43711273054504263,0.43711273054504263,10,-0.87422546109008525,0.87422546109008525,10,1.8216e-05,0.00426802,8.6744200000000005e-07,0.00093136499999999997,2.0374199999999999e-05,0.0045137800000000002,4.0387399999999996e-09,6.3551099999999995e-05,8.6340300000000005e-07,0.00092919499999999996,3.2181099999999998e-28,1.7939100000000002e-14,1.79391e-14,0.068393717142257546,0.0046776997531859394,14.621226068470884,213.78028791157641,0.068234365689069265,0.99767008637859489,1.9261084537211514e-11,3.7098849260238722e-22,1,1,not_skipped,success,1,3.7326300000000003e-07,0.00061095300000000002,0.65597590633103031,0.43030312113086522,,,,,,,,,,,,,,,,,,,,,,,,
inner,2d,boundary_singularity,p3,3,adaptive_g_effective_rho,g_eff_rho,production_2M,2000000,completed,24339169,20260701_091329_940553_job24339169,snellius_next_mem216,algorithm_data_ordered/2d/boundary_singularity/p3/production_2M/adaptive_g_effective_rho,inner_history.csv,completed,11,0,,4132,4132,6181,5476,5476,12560,3.69963,18.2582,,,,,,0,,1,0.308291,1,computed,2.44444,1.24052,1.9705,1.1049100000000001e-05,0.00332402,2.7008999999999998e-05,0.0051970183759536583,1.37066e-05,0.0037022425636362619,-0.45527787354996957,0.45527787354996957,10,-0.43711273054504263,0.43711273054504263,10,-0.87422546109008525,0.87422546109008525,10,9.5309399999999999e-06,0.0030872199999999999,1.2710100000000001e-06,0.00112739,1.17239e-05,0.0034240199999999998,7.9951600000000001e-10,2.8275700000000001e-05,1.27021e-06,0.0011270399999999999,5.0484499999999998e-28,2.2468799999999999e-14,2.24688e-14,0.025088461811470758,0.0006294360774989963,39.858960167210711,1588.7236778250842,0.025080673059012411,0.99968954842601043,1.9929926644728088e-11,3.9719986467455012e-22,1,1,not_skipped,success,1,7.0852100000000002e-07,0.00084173699999999995,0.74662450438623718,0.55744722700844207,,,,,,,,,,,,,,,,,,,,,,,,
inner,2d,boundary_singularity,p3,3,adaptive_g_effective_rho,g_eff_rho,production_2M,2000000,completed,24339169,20260701_091329_940553_job24339169,snellius_next_mem216,algorithm_data_ordered/2d/boundary_singularity/p3/production_2M/adaptive_g_effective_rho,inner_history.csv,completed,12,0,,6181,6181,8455,8208,8208,18760,6.49202,24.8537,,,,,,0,,1,0.357902,1,computed,2.44444,1.30214,1.87726,5.6487099999999997e-06,0.0023766999999999998,1.3808000000000001e-05,0.0037159117319979494,7.3553900000000001e-06,0.0027120822258921281,-0.45527787354996957,0.45527787354996957,10,-0.43711273054504263,0.43711273054504263,10,-0.87422546109008525,0.87422546109008525,10,4.3629500000000003e-06,0.0020887700000000002,9.4734200000000001e-07,0.00097331499999999999,6.2201599999999999e-06,0.0024940299999999999,3.2734699999999999e-10,1.80927e-05,9.4701399999999996e-07,0.00097314700000000005,9.3743899999999996e-28,3.0617600000000003e-14,3.06176e-14,0.018591949623232667,0.00034566226053680307,53.786720611075189,2892.9973392149614,0.018588740541345815,0.99982739400913379,3.1457030868732123e-11,9.8954654179799904e-22,1,1,not_skipped,success,1,6.3028999999999996e-07,0.00079390799999999996,0.81567426783723662,0.66532466627680387,,,,,,,,,,,,,,,,,,,,,,,,
inner,2d,boundary_singularity,p3,3,adaptive_g_effective_rho,g_eff_rho,production_2M,2000000,completed,24339169,20260701_091329_940553_job24339169,snellius_next_mem216,algorithm_data_ordered/2d/boundary_singularity/p3/production_2M/adaptive_g_effective_rho,inner_history.csv,completed,13,0,,8455,8455,11326,11240,11240,25600,7.73466,32.7083,,,,,,0,,1,0.116768,1,computed,2.44444,1.04948,2.3292,4.3708900000000001e-06,0.0020906700000000002,1.0684400000000001e-05,0.0032687000474194631,4.5871599999999996e-06,0.0021417656267668506,-0.45527787354996957,0.45527787354996957,10,-0.43711273054504263,0.43711273054504263,10,-0.87422546109008525,0.87422546109008525,10,3.5350999999999998e-06,0.0018801899999999999,8.9553999999999996e-08,0.00029925600000000002,4.7423600000000003e-06,0.0021776999999999999,2.08246e-10,1.4430700000000001e-05,8.9345699999999995e-08,0.00029890800000000002,1.31964e-27,3.6326799999999997e-14,3.63268e-14,0.048278065491723206,0.0023307892825284262,20.713340309201911,429.03921323818946,0.048221923704119547,0.99883711604779857,1.2139038147940223e-10,1.4735690198092771e-20,1,1,not_skipped,success,1,4.1599000000000001e-08,0.00020395799999999999,0.68155024460662439,0.4645130312437189,,,,,,,,,,,,,,,,,,,,,,,,
inner,2d,boundary_singularity,p3,3,adaptive_g_effective_rho,g_eff_rho,production_2M,2000000,completed,24339169,20260701_091329_940553_job24339169,snellius_next_mem216,algorithm_data_ordered/2d/boundary_singularity/p3/production_2M/adaptive_g_effective_rho,inner_history.csv,completed,14,0,,11326,11326,16141,15068,15068,34220,9.83184,42.6907,,,,,,0,,1,0.250902,1,computed,2.44444,1.1746,2.08109,2.76728e-06,0.00166351,6.7644599999999999e-06,0.0026008575508858611,3.2504400000000001e-06,0.0018028976676450609,-0.45527787354996957,0.45527787354996957,10,-0.43711273054504263,0.43711273054504263,10,-0.87422546109008525,0.87422546109008525,10,2.3126999999999999e-06,0.0015207599999999999,2.2495699999999999e-07,0.00047429699999999999,2.96931e-06,0.00172317,1.2506699999999999e-10,1.11833e-05,2.2483200000000001e-07,0.00047416500000000002,1.87133e-27,4.3258899999999999e-14,4.32589e-14,0.023585249860280703,0.00055626868061485902,42.399381220212284,1797.6924368538466,0.023578685928858922,0.99972169336934458,9.1206353824713206e-11,8.3186120014047127e-21,1,1,not_skipped,success,1,1.11871e-07,0.00033447099999999998,0.70519315956035977,0.4972994839013678,,,,,,,,,,,,,,,,,,,,,,,,
inner,2d,boundary_singularity,p3,3,adaptive_g_effective_rho,g_eff_rho,production_2M,2000000,completed,24339169,20260701_091329_940553_job24339169,snellius_next_mem216,algorithm_data_ordered/2d/boundary_singularity/p3/production_2M/adaptive_g_effective_rho,inner_history.csv,completed,15,0,,16141,16141,22642,21488,21488,48875,16.2079,59.1155,,,,,,0,,1,0.31066,1,computed,2.44444,1.24337,1.96599,1.83753e-06,0.0013555500000000001,4.49174e-06,0.0021193725486567954,2.28472e-06,0.0015115290271774473,-0.45527787354996957,0.45527787354996957,10,-0.43711273054504263,0.43711273054504263,10,-0.87422546109008525,0.87422546109008525,10,1.41286e-06,0.0011886399999999999,2.3970499999999999e-07,0.00048959700000000004,2.02627e-06,0.00142347,1.11146e-10,1.05426e-05,2.3959399999999999e-07,0.00048948399999999999,2.61221e-27,5.1109800000000001e-14,5.11098e-14,0.021538191238120143,0.00046389308580348427,46.429154098609452,2155.6691198963526,0.021533220179045211,0.99976919793217678,1.0439157102678325e-10,1.0897603304061242e-20,1,1,not_skipped,success,1,1.57757e-07,0.000397186,0.81125088593271599,0.65812978452681425,,,,,,,,,,,,,,,,,,,,,,,,
inner,2d,boundary_singularity,p3,3,adaptive_g_effective_rho,g_eff_rho,production_2M,2000000,completed,24339169,20260701_091329_940553_job24339169,snellius_next_mem216,algorithm_data_ordered/2d/boundary_singularity/p3/production_2M/adaptive_g_effective_rho,inner_history.csv,completed,16,0,,22642,22642,31333,30156,30156,68425,21.3045,80.7204,,,,,,0,,1,0.228544,1,computed,2.44444,1.15064,2.12442,1.56674e-06,0.0012516999999999999,3.8298199999999999e-06,0.0019569925906860251,1.8027600000000001e-06,0.0013426689837782058,-0.45527787354996957,0.45527787354996957,10,-0.43711273054504263,0.43711273054504263,10,-0.87422546109008525,0.87422546109008525,10,1.21836e-06,0.0011037899999999999,1.1611799999999999e-07,0.00034076100000000003,1.72158e-06,0.0013120899999999999,3.6464800000000001e-11,6.0386099999999999e-06,1.1608199999999999e-07,0.00034070699999999999,3.5739900000000001e-27,5.9782899999999994e-14,5.97829e-14,0.017723762646496843,0.00031412966695956311,56.421428110111435,3183.3987845812944,0.017720953982409957,0.99984153116113628,1.7543938420183057e-10,3.0778949000155016e-20,1,1,not_skipped,success,1,8.2271499999999997e-08,0.00028683000000000002,0.84173364909716775,0.70851633682977666,,,,,,,,,,,,,,,,,,,,,,,,
inner,2d,boundary_singularity,p3,3,adaptive_g_effective_rho,g_eff_rho,production_2M,2000000,completed,24339169,20260701_091329_940553_job24339169,snellius_next_mem216,algorithm_data_ordered/2d/boundary_singularity/p3/production_2M/adaptive_g_effective_rho,inner_history.csv,completed,17,0,,31333,31333,45220,41744,41744,94315,28.4745,109.6,,,,,,0,,1,0.230387,1,computed,2.44444,1.15257,2.12086,1.1568699999999999e-06,0.00107558,2.8279000000000001e-06,0.0016816361080804611,1.3333800000000001e-06,0.0011547207454618627,-0.45527787354996957,0.45527787354996957,10,-0.43711273054504263,0.43711273054504263,10,-0.87422546109008525,0.87422546109008525,10,9.1242799999999997e-07,0.00095521099999999997,8.5725400000000003e-08,0.000292789,1.2655100000000001e-06,0.00112495,1.42241e-11,3.77149e-06,8.5711200000000003e-08,0.00029276500000000001,4.9315000000000004e-27,7.0224599999999995e-14,7.02246e-14,0.01288231175174628,0.00016595380767040946,77.625818973403085,6025.773159637517,0.012881255784882629,0.99991802970740018,2.3984712540430134e-10,5.7526707370277658e-20,1,1,not_skipped,success,1,5.57757e-08,0.00023616899999999999,0.80661841804166134,0.65063213469986725,,,,,,,,,,,,,,,,,,,,,,,,
inner,2d,boundary_singularity,p3,3,adaptive_g_effective_rho,g_eff_rho,production_2M,2000000,completed,24339169,20260701_091329_940553_job24339169,snellius_next_mem216,algorithm_data_ordered/2d/boundary_singularity/p3/production_2M/adaptive_g_effective_rho,inner_history.csv,completed,18,0,,45220,45220,61258,60260,60260,136165,46.507,156.689,,,,,,0,,1,0.240383,1,computed,2.44444,1.1632,2.10149,7.6916000000000004e-07,0.00087701800000000002,1.88017e-06,0.00137119291130023,8.9468499999999999e-07,0.00094587789909691836,-0.45527787354996957,0.45527787354996957,10,-0.43711273054504263,0.43711273054504263,10,-0.87422546109008525,0.87422546109008525,10,5.9681100000000004e-07,0.00077253599999999999,6.2612900000000001e-08,0.00025022599999999999,8.4575999999999997e-07,0.00091965199999999997,8.8680400000000002e-12,2.9779299999999999e-06,6.2603999999999996e-08,0.00025020799999999997,6.6374600000000001e-27,8.1470599999999998e-14,8.14706e-14,0.011901817687683848,0.00014165292952526997,84.020779534777503,7059.5080761927093,0.011900961530776178,0.9999280650292135,3.2558806838617889e-10,1.0600786738834969e-19,1,1,not_skipped,success,1,4.08313e-08,0.00020206799999999999,0.80754198204822836,0.65212280536438971,,,,,,,,,,,,,,,,,,,,,,,,
inner,2d,boundary_singularity,p3,3,adaptive_g_effective_rho,g_eff_rho,production_2M,2000000,completed,24339169,20260701_091329_940553_job24339169,snellius_next_mem216,algorithm_data_ordered/2d/boundary_singularity/p3/production_2M/adaptive_g_effective_rho,inner_history.csv,completed,19,0,,61258,61258,82903,81644,81644,184170,60.2889,217.759,,,,,,0,,1,0.246722,1,computed,2.44444,1.17004,2.0892,5.6797599999999998e-07,0.00075364200000000001,1.3883900000000001e-06,0.001178299622337205,6.6455600000000001e-07,0.00081520304219255709,-0.45527787354996957,0.45527787354996957,10,-0.43711273054504263,0.43711273054504263,10,-0.87422546109008525,0.87422546109008525,10,4.47663e-07,0.000669076,4.7708300000000002e-08,0.00021842199999999999,6.2144899999999997e-07,0.00078832100000000003,7.0832199999999998e-12,2.66143e-06,4.7701200000000002e-08,0.00021840600000000001,8.6505399999999996e-27,9.3008300000000003e-14,9.30083e-14,0.012185700026556046,0.00014849144256328981,82.063402005688673,6734.3948091404764,0.012184807391196859,0.99992674730567443,4.2581928560309863e-10,1.8132148913291817e-19,1,1,not_skipped,success,1,3.6021000000000002e-08,0.00018979199999999999,0.86892346009101651,0.75502585503989872,,,,,,,,,,,,,,,,,,,,,,,,
inner,2d,boundary_singularity,p3,3,adaptive_g_effective_rho,g_eff_rho,production_2M,2000000,completed,24339169,20260701_091329_940553_job24339169,snellius_next_mem216,algorithm_data_ordered/2d/boundary_singularity/p3/production_2M/adaptive_g_effective_rho,inner_history.csv,completed,20,0,,82903,82903,113140,110504,110504,248695,78.6044,297.494,,,,,,0,,1,0.256874,1,computed,2.44444,1.18117,2.06951,4.5163399999999998e-07,0.000672037,1.1039900000000001e-06,0.0010507092842456471,5.3345499999999998e-07,0.00073038003806237745,-0.45527787354996957,0.45527787354996957,10,-0.43711273054504263,0.43711273054504263,10,-0.87422546109008525,0.87422546109008525,10,3.5914199999999997e-07,0.00059928399999999995,4.0454300000000002e-08,0.00020113299999999999,4.9274100000000003e-07,0.00070195499999999998,6.45409e-12,2.5404899999999998e-06,4.04479e-08,0.00020111700000000001,1.1429e-26,1.0690700000000001e-13,1.06907e-13,0.012631900833842986,0.00015956551514417311,79.164649339300695,6267.0182783320342,0.012630895974305559,0.99992045064708435,5.3152391701013761e-10,2.8251632088554243e-19,1,1,not_skipped,success,1,2.57004e-08,0.00016031300000000001,0.79704971337373787,0.63529464111355283,,,,,,,,,,,,,,,,,,,,,,,,
inner,2d,boundary_singularity,p3,3,adaptive_g_effective_rho,g_eff_rho,production_2M,2000000,completed,24339169,20260701_091329_940553_job24339169,snellius_next_mem216,algorithm_data_ordered/2d/boundary_singularity/p3/production_2M/adaptive_g_effective_rho,inner_history.csv,completed,21,0,,113140,113140,154966,150820,150820,339330,122.081,421.203,,,,,,0,,1,0.26198,1,computed,2.44444,1.18684,2.05962,3.5818699999999998e-07,0.00059848699999999998,8.7556699999999997e-07,0.00093571737185968711,4.25111e-07,0.00065200536807606116,-0.45527787354996957,0.45527787354996957,10,-0.43711273054504263,0.43711273054504263,10,-0.87422546109008525,0.87422546109008525,10,2.7707799999999999e-07,0.00052638200000000004,3.4171299999999998e-08,0.00018485499999999999,3.9423499999999998e-07,0.00062788099999999995,5.6084399999999999e-12,2.3682099999999999e-06,3.4165600000000001e-08,0.00018484,1.4542500000000001e-26,1.2059199999999999e-13,1.20592e-13,0.012812215970569141,0.0001641545882408036,78.050510723288895,6091.8187588705596,0.012811176327391739,0.99991885531903391,6.5235995780476588e-10,4.2557643402504447e-19,1,1,not_skipped,success,1,1.5640200000000001e-08,0.00012506099999999999,0.67653566308728463,0.45769988265006017,,,,,,,,,,,,,,,,,,,,,,,,
inner,2d,boundary_singularity,p3,3,adaptive_g_effective_rho,g_eff_rho,production_2M,2000000,completed,24339169,20260701_091329_940553_job24339169,snellius_next_mem216,algorithm_data_ordered/2d/boundary_singularity/p3/production_2M/adaptive_g_effective_rho,inner_history.csv,completed,22,0,,154966,154966,214471,206588,206588,464615,163.121,586.663,,,,,,0,,1,0.298476,1,computed,2.44444,1.22882,1.98926,2.9776700000000002e-07,0.00054567999999999999,7.27875e-07,0.00085315590603359242,3.6590200000000002e-07,0.00060489833856607674,-0.45527787354996957,0.45527787354996957,10,-0.43711273054504263,0.43711273054504263,10,-0.87422546109008525,0.87422546109008525,10,2.31941e-07,0.00048160199999999997,3.5725399999999999e-08,0.00018901200000000001,3.27023e-07,0.00057185899999999997,5.0686500000000002e-12,2.2513700000000002e-06,3.5720300000000001e-08,0.00018899800000000001,1.8406399999999999e-26,1.3566999999999999e-13,1.3567e-13,0.011912136636366522,0.00014189830432555158,83.947996109035827,7047.3005632663526,0.011911254311895542,0.99992593062874313,7.1778511417264507e-10,5.1521886388955753e-19,1,1,not_skipped,success,1,1.68392e-08,0.00012976599999999999,0.68654900217975567,0.47135091559506681,,,,,,,,,,,,,,,,,,,,,,,,
inner,2d,boundary_singularity,p3,3,adaptive_g_effective_rho,g_eff_rho,production_2M,2000000,completed,24339169,20260701_091329_940553_job24339169,snellius_next_mem216,algorithm_data_ordered/2d/boundary_singularity/p3/production_2M/adaptive_g_effective_rho,inner_history.csv,completed,23,0,,214471,214471,295846,285928,285928,642295,220.518,810.619,,,,,,0,,1,0.303603,1,computed,2.44444,1.23491,1.97945,2.3086299999999999e-07,0.00048048200000000001,5.6433199999999997e-07,0.00075122034051268872,2.85095e-07,0.00053394288084026361,-0.45527787354996957,0.45527787354996957,10,-0.43711273054504263,0.43711273054504263,10,-0.87422546109008525,0.87422546109008525,10,1.8257500000000001e-07,0.00042728800000000001,2.81722e-08,0.00016784600000000001,2.52325e-07,0.00050231899999999999,4.1966399999999998e-12,2.0485700000000002e-06,2.8168000000000001e-08,0.00016783299999999999,2.40418e-26,1.5505399999999999e-13,1.55054e-13,0.012206002395238126,0.00014898608349900595,81.926905109417774,6712.0362957032303,0.012205057016550887,0.99992254804999814,9.2378728119824117e-10,8.5338738188710855e-19,1,1,not_skipped,success,1,1.6194700000000001e-08,0.00012725900000000001,0.75818905425211214,0.5748468348229816,,,,,,,,,,,,,,,,,,,,,,,,
inner,2d,boundary_singularity,p3,3,adaptive_g_effective_rho,g_eff_rho,production_2M,2000000,completed,24339169,20260701_091329_940553_job24339169,snellius_next_mem216,algorithm_data_ordered/2d/boundary_singularity/p3/production_2M/adaptive_g_effective_rho,inner_history.csv,completed,24,0,,295846,295846,396538,394428,394428,884940,340.765,1156.37,,,,,,0,,1,0.302626,1,computed,2.44444,1.23375,1.98132,1.61352e-07,0.00040168700000000002,3.9441699999999998e-07,0.00062802627333575784,1.9906799999999999e-07,0.00044617037104675606,-0.45527787354996957,0.45527787354996957,10,-0.43711273054504263,0.43711273054504263,10,-0.87422546109008525,0.87422546109008525,10,1.2701e-07,0.00035638500000000002,1.9659199999999998e-08,0.000140211,1.76615e-07,0.00042025599999999998,2.11895e-12,1.4556600000000001e-06,1.9657100000000001e-08,0.000140204,5.6990300000000002e-23,7.5491900000000001e-12,7.54919e-12,0.010382442726313086,0.0001077956565312279,96.316447522086193,9276.8116284008593,0.01038192438539059,0.9999500752437398,5.3841638673142619e-08,2.8989124684626031e-15,1,1,not_skipped,success,1,1.08176e-08,0.000104008,0.74179629273024228,0.5502563685195736,,,,,,,,,,,,,,,,,,,,,,,,
inner,2d,boundary_singularity,p3,3,adaptive_g_effective_rho,g_eff_rho,production_2M,2000000,completed,24339169,20260701_091329_940553_job24339169,snellius_next_mem216,algorithm_data_ordered/2d/boundary_singularity/p3/production_2M/adaptive_g_effective_rho,inner_history.csv,completed,25,0,,396538,396538,523051,528924,528924,1185945,441.872,1605.08,,,,,,0,,1,0.322003,1,computed,2.44444,1.25714,1.94445,1.22438e-07,0.00034991200000000002,2.9929300000000001e-07,0.0005470767770615017,1.5392199999999999e-07,0.00039232894361747003,-0.45527787354996957,0.45527787354996957,10,-0.43711273054504263,0.43711273054504263,10,-0.87422546109008525,0.87422546109008525,10,9.4466900000000003e-08,0.00030735499999999999,1.6987300000000002e-08,0.000130335,1.3486999999999999e-07,0.000367246,1.2839099999999999e-12,1.1331e-06,1.6986000000000001e-08,0.00013033000000000001,3.6672900000000002e-26,1.9150200000000001e-13,1.91502e-13,0.0086940842476789688,7.5586365241963956e-05,115.02073956402789,13229.89929200645,0.0086937507193002635,0.99996163731921583,1.4693060191046151e-09,2.158842193874247e-18,1,1,not_skipped,success,1,6.17752e-09,7.8597199999999993e-05,0.60303985882533462,0.36365520123857231,,,,,,,,,,,,,,,,,,,,,,,,
inner,2d,boundary_singularity,p3,3,adaptive_g_effective_rho,g_eff_rho,production_2M,2000000,completed,24339169,20260701_091329_940553_job24339169,snellius_next_mem216,algorithm_data_ordered/2d/boundary_singularity/p3/production_2M/adaptive_g_effective_rho,inner_history.csv,completed,26,0,,523051,523051,673837,697752,697752,1563075,583.914,2198.22,,,,,,0,,1,0.302422,1,computed,2.44444,1.2335,1.98171,9.4221799999999997e-08,0.00030695599999999999,2.3031999999999999e-07,0.00047991665943161423,1.1622299999999999e-07,0.00034091494540427526,-0.45527787354996957,0.45527787354996957,10,-0.43711273054504263,0.43711273054504263,10,-0.87422546109008525,0.87422546109008525,10,7.3287600000000006e-08,0.00027071700000000002,1.1590999999999999e-08,0.000107661,1.03526e-07,0.000321754,1.06421e-12,1.0316e-06,1.1589899999999999e-08,0.000107656,4.5261599999999999e-26,2.1274800000000001e-13,2.12748e-13,0.0095823734859181095,9.182219001026756e-05,104.35827840248159,10890.613694665526,0.0095819284606310558,0.99995355792719742,1.976091620921225e-09,3.9048917263394011e-18,1,1,not_skipped,success,1,4.1307299999999999e-09,6.4270799999999995e-05,0.59697383453618302,0.35637391079285652,,,,,,,,,,,,,,,,,,,,,,,,
inner,2d,boundary_singularity,p3,3,adaptive_g_effective_rho,g_eff_rho,production_2M,2000000,completed,24339169,20260701_091329_940553_job24339169,snellius_next_mem216,algorithm_data_ordered/2d/boundary_singularity/p3/production_2M/adaptive_g_effective_rho,inner_history.csv,completed,27,0,,673837,673837,907927,898848,898848,2011690,744.226,2954.53,,,,,,0,,1,0.329818,1,computed,2.44444,1.26675,1.92969,7.4782500000000001e-08,0.00027346400000000001,1.82802e-07,0.00042755350542359025,9.4731000000000003e-08,0.00030778401517947613,-0.45527787354996957,0.45527787354996957,10,-0.43711273054504263,0.43711273054504263,10,-0.87422546109008525,0.87422546109008525,10,5.8688399999999998e-08,0.00024225700000000001,1.06773e-08,0.000103331,8.1935499999999999e-08,0.00028624400000000001,9.5066900000000006e-13,9.7502299999999998e-07,1.06763e-08,0.00010332600000000001,5.4969599999999999e-26,2.3445600000000001e-13,2.34456e-13,0.0094363761299188966,8.9044800164851123e-05,105.97288474220609,11230.302029412971,0.0094359195207633709,0.99995161181058934,2.2689802672963584e-09,5.1482678205164224e-18,1,1,not_skipped,success,1,4.9129800000000001e-09,7.0092700000000001e-05,0.67833176878187573,0.46013317973645024,,,,,,,,,,,,,,,,,,,,,,,,
inner,2d,boundary_singularity,p3,3,adaptive_g_effective_rho,g_eff_rho,production_2M,2000000,completed,24339169,20260701_091329_940553_job24339169,snellius_next_mem216,algorithm_data_ordered/2d/boundary_singularity/p3/production_2M/adaptive_g_effective_rho,inner_history.csv,completed,28,0,,907927,907927,1207513,1210800,1210800,2709955,1151.17,4123.11,,,,,,0,,1,0.38038,1,computed,2.44444,1.33137,1.83604,5.6485199999999997e-08,0.00023766600000000001,1.38075e-07,0.00037158444531492437,7.5202599999999993e-08,0.00027423092458729012,-0.45527787354996957,0.45527787354996957,10,-0.43711273054504263,0.43711273054504263,10,-0.87422546109008525,0.87422546109008525,10,4.3896599999999997e-08,0.00020951499999999999,1.05228e-08,0.000102581,6.2080100000000003e-08,0.00024915899999999999,7.4849299999999999e-13,8.6515500000000002e-07,1.05221e-08,0.000102577,3.7373399999999996e-21,6.1133799999999996e-11,6.11338e-11,0.0084342006492683537,7.1135324697541358e-05,118.56488143743029,14057.713298587963,0.008433871769625954,0.99996100642419161,5.9595636618867034e-07,3.5516592541908993e-13,1,1,not_skipped,success,1,4.4775099999999998e-09,6.6914200000000004e-05,0.65230598258936845,0.42550556885999924,,,,,,,,,,,,,,,,,,,,,,,,
inner,2d,boundary_singularity,p3,3,adaptive_g_effective_rho,g_eff_rho,production_2M,2000000,completed,24339169,20260701_091329_940553_job24339169,snellius_next_mem216,algorithm_data_ordered/2d/boundary_singularity/p3/production_2M/adaptive_g_effective_rho,inner_history.csv,completed,29,0,,1207513,1207513,1567357,1610392,1610392,3602235,1635.93,5782.09,,,,,,0,,1,0.37572,1,computed,2.44444,1.32524,1.84453,4.4685900000000002e-08,0.00021139100000000001,1.09232e-07,0.0003305026474931782,5.9219700000000001e-08,0.00024335098109520741,-0.45527787354996957,0.45527787354996957,10,-0.43711273054504263,0.43711273054504263,10,-0.87422546109008525,0.87422546109008525,10,3.4253799999999999e-08,0.00018507800000000001,8.2283999999999994e-09,9.0710499999999998e-05,4.9322399999999998e-08,0.00022208699999999999,6.56185e-13,8.1005200000000003e-07,8.2277500000000007e-09,9.0706900000000004e-05,3.2401499999999999e-22,1.8000400000000001e-11,1.80004e-11,0.0089304341786567501,7.975266628179027e-05,111.97663853678529,12538.765744416591,0.0089300797592340476,0.99996031330441359,1.9843788756538661e-07,3.9377643284235091e-14,1,1,not_skipped,success,1,2.4767500000000002e-09,4.9767e-05,0.54863549423716107,0.30100019444849552,,,,,,,,,,,,,,,,,,,,,,,,
inner,2d,boundary_singularity,p3,3,adaptive_g_effective_rho,g_eff_rho,production_2M,2000000,completed,24339169,20260701_091329_940553_job24339169,snellius_next_mem216,algorithm_data_ordered/2d/boundary_singularity/p3/production_2M/adaptive_g_effective_rho,inner_history.csv,completed,30,0,,1567357,1567357,2053285,2090736,2090736,4673010,2119.02,7932.23,,,,,,0,,1,0.351647,1,computed,2.44444,1.29414,1.88885,3.5383099999999999e-08,0.000188104,8.6492099999999997e-08,0.00029409539268747479,4.5790899999999997e-08,0.00021398808378038251,-0.45527787354996957,0.45527787354996957,10,-0.43711273054504263,0.43711273054504263,10,-0.87422546109008525,0.87422546109008525,10,2.7014700000000001e-08,0.00016436099999999999,5.8020499999999998e-09,7.61712e-05,3.9102399999999997e-08,0.00019774300000000001,6.3595499999999999e-13,7.9746799999999995e-07,5.8014100000000001e-09,7.6167000000000004e-05,8.15904e-21,9.0327399999999998e-11,9.03274e-11,0.01046999356676776,0.00010962076460722479,95.511042449352217,9122.3592864274997,0.010469416262314365,0.9999448610498457,1.1858471443275149e-06,1.4062340034987634e-12,1,1,not_skipped,success,1,2.3106800000000001e-09,4.8069499999999998e-05,0.63107184867771549,0.39825234184469288,,,,,,,,,,,,,,,,,,,,,,,,
inner_summary,2d,boundary_singularity,p3,3,adaptive_g_effective_rho,g_eff_rho,production_2M,2000000,completed,24339169,20260701_091329_940553_job24339169,snellius_next_mem216,algorithm_data_ordered/2d/boundary_singularity/p3/production_2M/adaptive_g_effective_rho,inner_history.csv,,0,,1,52,52,106,,,,,,,,,,,,,,,,,,,,,,,,,,-0.45527787354996957,0.45527787354996957,10,-0.43711273054504263,0.43711273054504263,10,-0.87422546109008525,0.87422546109008525,10,,,,,,,,,,,,,,,,,,,,,,,,,,,,,,,5766397001554.7275,5766397001554.7275,5766397001554.7275,5766397001554.7275,1.7341851414850233e-13,1.7341851414850233e-13,1.7341851414850233e-13,1.7341851414850233e-13,0.53388085035914634,0.53388085035914634,0.53388085035914634,0.53388085035914634,1.8431684572232917e-12,1.8431684572232917e-12,1.8431684572232917e-12,1.8431684572232917e-12,1,1,1,1,1,1,1,1
inner_summary,2d,boundary_singularity,p3,3,adaptive_g_effective_rho,g_eff_rho,production_2M,2000000,completed,24339169,20260701_091329_940553_job24339169,snellius_next_mem216,algorithm_data_ordered/2d/boundary_singularity/p3/production_2M/adaptive_g_effective_rho,inner_history.csv,,1,,1,106,106,175,,,,,,,,,,,,,,,,,,,,,,,,,,-0.45527787354996957,0.45527787354996957,10,-0.43711273054504263,0.43711273054504263,10,-0.87422546109008525,0.87422546109008525,10,,,,,,,,,,,,,,,,,,,,,,,,,,,,,,,0.40535157489032925,0.40535157489032925,0.40535157489032925,0.40535157489032925,2.4669942389407447,2.4669942389407447,2.4669942389407447,2.4669942389407447,0.64915112286948751,0.64915112286948751,0.64915112286948751,0.64915112286948751,6.1704853658130743e-13,6.1704853658130743e-13,6.1704853658130743e-13,6.1704853658130743e-13,0.37566127001558541,0.37566127001558541,0.37566127001558541,0.37566127001558541,1,1,1,1
inner_summary,2d,boundary_singularity,p3,3,adaptive_g_effective_rho,g_eff_rho,production_2M,2000000,completed,24339169,20260701_091329_940553_job24339169,snellius_next_mem216,algorithm_data_ordered/2d/boundary_singularity/p3/production_2M/adaptive_g_effective_rho,inner_history.csv,,2,,1,175,175,229,,,,,,,,,,,,,,,,,,,,,,,,,,-0.45527787354996957,0.45527787354996957,10,-0.43711273054504263,0.43711273054504263,10,-0.87422546109008525,0.87422546109008525,10,,,,,,,,,,,,,,,,,,,,,,,,,,,,,,,2917844002943.3408,2917844002943.3408,2917844002943.3408,2917844002943.3408,3.4271880161902479e-13,3.4271880161902479e-13,3.4271880161902479e-13,3.4271880161902479e-13,0.79613653271464069,0.79613653271464069,0.79613653271464069,0.79613653271464069,4.6210044510572846e-12,4.6210044510572846e-12,4.6210044510572846e-12,4.6210044510572846e-12,1,1,1,1,1,1,1,1
inner_summary,2d,boundary_singularity,p3,3,adaptive_g_effective_rho,g_eff_rho,production_2M,2000000,completed,24339169,20260701_091329_940553_job24339169,snellius_next_mem216,algorithm_data_ordered/2d/boundary_singularity/p3/production_2M/adaptive_g_effective_rho,inner_history.csv,,3,,1,229,229,325,,,,,,,,,,,,,,,,,,,,,,,,,,-0.45527787354996957,0.45527787354996957,10,-0.43711273054504263,0.43711273054504263,10,-0.87422546109008525,0.87422546109008525,10,,,,,,,,,,,,,,,,,,,,,,,,,,,,,,,843779059951.60132,843779059951.60132,843779059951.60132,843779059951.60132,1.1851443671253935e-12,1.1851443671253935e-12,1.1851443671253935e-12,1.1851443671253935e-12,0.87118596696277995,0.87118596696277995,0.87118596696277995,0.87118596696277995,7.8395589108706504e-12,7.8395589108706504e-12,7.8395589108706504e-12,7.8395589108706504e-12,1,1,1,1,1,1,1,1
inner_summary,2d,boundary_singularity,p3,3,adaptive_g_effective_rho,g_eff_rho,production_2M,2000000,completed,24339169,20260701_091329_940553_job24339169,snellius_next_mem216,algorithm_data_ordered/2d/boundary_singularity/p3/production_2M/adaptive_g_effective_rho,inner_history.csv,,4,,1,325,325,511,,,,,,,,,,,,,,,,,,,,,,,,,,-0.45527787354996957,0.45527787354996957,10,-0.43711273054504263,0.43711273054504263,10,-0.87422546109008525,0.87422546109008525,10,,,,,,,,,,,,,,,,,,,,,,,,,,,,,,,2.7122374102024529,2.7122374102024529,2.7122374102024529,2.7122374102024529,0.36869928725205359,0.36869928725205359,0.36869928725205359,0.36869928725205359,0.94990135591491898,0.94990135591491898,0.94990135591491898,0.94990135591491898,1.1792890565860127e-11,1.1792890565860127e-11,1.1792890565860127e-11,1.1792890565860127e-11,0.93825625497632936,0.93825625497632936,0.93825625497632936,0.93825625497632936,1,1,1,1
inner_summary,2d,boundary_singularity,p3,3,adaptive_g_effective_rho,g_eff_rho,production_2M,2000000,completed,24339169,20260701_091329_940553_job24339169,snellius_next_mem216,algorithm_data_ordered/2d/boundary_singularity/p3/production_2M/adaptive_g_effective_rho,inner_history.csv,,5,,1,511,511,781,,,,,,,,,,,,,,,,,,,,,,,,,,-0.45527787354996957,0.45527787354996957,10,-0.43711273054504263,0.43711273054504263,10,-0.87422546109008525,0.87422546109008525,10,,,,,,,,,,,,,,,,,,,,,,,,,,,,,,,0.1696019147401707,0.1696019147401707,0.1696019147401707,0.1696019147401707,5.8961598489733742,5.8961598489733742,5.8961598489733742,5.8961598489733742,0.63430665489408589,0.63430665489408589,0.63430665489408589,0.63430665489408589,3.2457239746524875e-12,3.2457239746524875e-12,3.2457239746524875e-12,3.2457239746524875e-12,0.16721388331080395,0.16721388331080395,0.16721388331080395,0.16721388331080395,1,1,1,1
inner_summary,2d,boundary_singularity,p3,3,adaptive_g_effective_rho,g_eff_rho,production_2M,2000000,completed,24339169,20260701_091329_940553_job24339169,snellius_next_mem216,algorithm_data_ordered/2d/boundary_singularity/p3/production_2M/adaptive_g_effective_rho,inner_history.csv,,6,,1,781,781,1057,,,,,,,,,,,,,,,,,,,,,,,,,,-0.45527787354996957,0.45527787354996957,10,-0.43711273054504263,0.43711273054504263,10,-0.87422546109008525,0.87422546109008525,10,,,,,,,,,,,,,,,,,,,,,,,,,,,,,,,0.084190168084956746,0.084190168084956746,0.084190168084956746,0.084190168084956746,11.877871522846879,11.877871522846879,11.877871522846879,11.877871522846879,0.73227168168589063,0.73227168168589063,0.73227168168589063,0.73227168168589063,2.2701687704573372e-12,2.2701687704573372e-12,2.2701687704573372e-12,2.2701687704573372e-12,0.083893428093231859,0.083893428093231859,0.083893428093231859,0.083893428093231859,1,1,1,1
inner_summary,2d,boundary_singularity,p3,3,adaptive_g_effective_rho,g_eff_rho,production_2M,2000000,completed,24339169,20260701_091329_940553_job24339169,snellius_next_mem216,algorithm_data_ordered/2d/boundary_singularity/p3/production_2M/adaptive_g_effective_rho,inner_history.csv,,7,,1,1057,1057,1414,,,,,,,,,,,,,,,,,,,,,,,,,,-0.45527787354996957,0.45527787354996957,10,-0.43711273054504263,0.43711273054504263,10,-0.87422546109008525,0.87422546109008525,10,,,,,,,,,,,,,,,,,,,,,,,,,,,,,,,11.733741575409852,11.733741575409852,11.733741575409852,11.733741575409852,0.085224307487364342,0.085224307487364342,0.085224307487364342,0.085224307487364342,0.98846015709177204,0.98846015709177204,0.98846015709177204,0.98846015709177204,6.4311357141741751e-11,6.4311357141741751e-11,6.4311357141741751e-11,6.4311357141741751e-11,0.99638501538125201,0.99638501538125201,0.99638501538125201,0.99638501538125201,1,1,1,1
inner_summary,2d,boundary_singularity,p3,3,adaptive_g_effective_rho,g_eff_rho,production_2M,2000000,completed,24339169,20260701_091329_940553_job24339169,snellius_next_mem216,algorithm_data_ordered/2d/boundary_singularity/p3/production_2M/adaptive_g_effective_rho,inner_history.csv,,8,,1,1414,1414,1843,,,,,,,,,,,,,,,,,,,,,,,,,,-0.45527787354996957,0.45527787354996957,10,-0.43711273054504263,0.43711273054504263,10,-0.87422546109008525,0.87422546109008525,10,,,,,,,,,,,,,,,,,,,,,,,,,,,,,,,0.46575206912520833,0.46575206912520833,0.46575206912520833,0.46575206912520833,2.1470650723640041,2.1470650723640041,2.1470650723640041,2.1470650723640041,0.68170303765312057,0.68170303765312057,0.68170303765312057,0.68170303765312057,3.6721300887686494e-11,3.6721300887686494e-11,3.6721300887686494e-11,3.6721300887686494e-11,0.42220364403556493,0.42220364403556493,0.42220364403556493,0.42220364403556493,1,1,1,1
inner_summary,2d,boundary_singularity,p3,3,adaptive_g_effective_rho,g_eff_rho,production_2M,2000000,completed,24339169,20260701_091329_940553_job24339169,snellius_next_mem216,algorithm_data_ordered/2d/boundary_singularity/p3/production_2M/adaptive_g_effective_rho,inner_history.csv,,9,,1,1843,1843,2761,,,,,,,,,,,,,,,,,,,,,,,,,,-0.45527787354996957,0.45527787354996957,10,-0.43711273054504263,0.43711273054504263,10,-0.87422546109008525,0.87422546109008525,10,,,,,,,,,,,,,,,,,,,,,,,,,,,,,,,0.22895753382518316,0.22895753382518316,0.22895753382518316,0.22895753382518316,4.3676221668404844,4.3676221668404844,4.3676221668404844,4.3676221668404844,0.61843631716069403,0.61843631716069403,0.61843631716069403,0.61843631716069403,3.5937177407462022e-11,3.5937177407462022e-11,3.5937177407462022e-11,3.5937177407462022e-11,0.22318266725655017,0.22318266725655017,0.22318266725655017,0.22318266725655017,1,1,1,1
inner_summary,2d,boundary_singularity,p3,3,adaptive_g_effective_rho,g_eff_rho,production_2M,2000000,completed,24339169,20260701_091329_940553_job24339169,snellius_next_mem216,algorithm_data_ordered/2d/boundary_singularity/p3/production_2M/adaptive_g_effective_rho,inner_history.csv,,10,,1,2761,2761,4132,,,,,,,,,,,,,,,,,,,,,,,,,,-0.45527787354996957,0.45527787354996957,10,-0.43711273054504263,0.43711273054504263,10,-0.87422546109008525,0.87422546109008525,10,,,,,,,,,,,,,,,,,,,,,,,,,,,,,,,0.068393717142257546,0.068393717142257546,0.068393717142257546,0.068393717142257546,14.621226068470884,14.621226068470884,14.621226068470884,14.621226068470884,0.65597590633103031,0.65597590633103031,0.65597590633103031,0.65597590633103031,1.9261084537211514e-11,1.9261084537211514e-11,1.9261084537211514e-11,1.9261084537211514e-11,0.068234365689069265,0.068234365689069265,0.068234365689069265,0.068234365689069265,1,1,1,1
inner_summary,2d,boundary_singularity,p3,3,adaptive_g_effective_rho,g_eff_rho,production_2M,2000000,completed,24339169,20260701_091329_940553_job24339169,snellius_next_mem216,algorithm_data_ordered/2d/boundary_singularity/p3/production_2M/adaptive_g_effective_rho,inner_history.csv,,11,,1,4132,4132,6181,,,,,,,,,,,,,,,,,,,,,,,,,,-0.45527787354996957,0.45527787354996957,10,-0.43711273054504263,0.43711273054504263,10,-0.87422546109008525,0.87422546109008525,10,,,,,,,,,,,,,,,,,,,,,,,,,,,,,,,0.025088461811470758,0.025088461811470758,0.025088461811470758,0.025088461811470758,39.858960167210711,39.858960167210711,39.858960167210711,39.858960167210711,0.74662450438623718,0.74662450438623718,0.74662450438623718,0.74662450438623718,1.9929926644728088e-11,1.9929926644728088e-11,1.9929926644728088e-11,1.9929926644728088e-11,0.025080673059012411,0.025080673059012411,0.025080673059012411,0.025080673059012411,1,1,1,1
inner_summary,2d,boundary_singularity,p3,3,adaptive_g_effective_rho,g_eff_rho,production_2M,2000000,completed,24339169,20260701_091329_940553_job24339169,snellius_next_mem216,algorithm_data_ordered/2d/boundary_singularity/p3/production_2M/adaptive_g_effective_rho,inner_history.csv,,12,,1,6181,6181,8455,,,,,,,,,,,,,,,,,,,,,,,,,,-0.45527787354996957,0.45527787354996957,10,-0.43711273054504263,0.43711273054504263,10,-0.87422546109008525,0.87422546109008525,10,,,,,,,,,,,,,,,,,,,,,,,,,,,,,,,0.018591949623232667,0.018591949623232667,0.018591949623232667,0.018591949623232667,53.786720611075189,53.786720611075189,53.786720611075189,53.786720611075189,0.81567426783723662,0.81567426783723662,0.81567426783723662,0.81567426783723662,3.1457030868732123e-11,3.1457030868732123e-11,3.1457030868732123e-11,3.1457030868732123e-11,0.018588740541345815,0.018588740541345815,0.018588740541345815,0.018588740541345815,1,1,1,1
inner_summary,2d,boundary_singularity,p3,3,adaptive_g_effective_rho,g_eff_rho,production_2M,2000000,completed,24339169,20260701_091329_940553_job24339169,snellius_next_mem216,algorithm_data_ordered/2d/boundary_singularity/p3/production_2M/adaptive_g_effective_rho,inner_history.csv,,13,,1,8455,8455,11326,,,,,,,,,,,,,,,,,,,,,,,,,,-0.45527787354996957,0.45527787354996957,10,-0.43711273054504263,0.43711273054504263,10,-0.87422546109008525,0.87422546109008525,10,,,,,,,,,,,,,,,,,,,,,,,,,,,,,,,0.048278065491723206,0.048278065491723206,0.048278065491723206,0.048278065491723206,20.713340309201911,20.713340309201911,20.713340309201911,20.713340309201911,0.68155024460662439,0.68155024460662439,0.68155024460662439,0.68155024460662439,1.2139038147940223e-10,1.2139038147940223e-10,1.2139038147940223e-10,1.2139038147940223e-10,0.048221923704119547,0.048221923704119547,0.048221923704119547,0.048221923704119547,1,1,1,1
inner_summary,2d,boundary_singularity,p3,3,adaptive_g_effective_rho,g_eff_rho,production_2M,2000000,completed,24339169,20260701_091329_940553_job24339169,snellius_next_mem216,algorithm_data_ordered/2d/boundary_singularity/p3/production_2M/adaptive_g_effective_rho,inner_history.csv,,14,,1,11326,11326,16141,,,,,,,,,,,,,,,,,,,,,,,,,,-0.45527787354996957,0.45527787354996957,10,-0.43711273054504263,0.43711273054504263,10,-0.87422546109008525,0.87422546109008525,10,,,,,,,,,,,,,,,,,,,,,,,,,,,,,,,0.023585249860280703,0.023585249860280703,0.023585249860280703,0.023585249860280703,42.399381220212284,42.399381220212284,42.399381220212284,42.399381220212284,0.70519315956035977,0.70519315956035977,0.70519315956035977,0.70519315956035977,9.1206353824713206e-11,9.1206353824713206e-11,9.1206353824713206e-11,9.1206353824713206e-11,0.023578685928858922,0.023578685928858922,0.023578685928858922,0.023578685928858922,1,1,1,1
inner_summary,2d,boundary_singularity,p3,3,adaptive_g_effective_rho,g_eff_rho,production_2M,2000000,completed,24339169,20260701_091329_940553_job24339169,snellius_next_mem216,algorithm_data_ordered/2d/boundary_singularity/p3/production_2M/adaptive_g_effective_rho,inner_history.csv,,15,,1,16141,16141,22642,,,,,,,,,,,,,,,,,,,,,,,,,,-0.45527787354996957,0.45527787354996957,10,-0.43711273054504263,0.43711273054504263,10,-0.87422546109008525,0.87422546109008525,10,,,,,,,,,,,,,,,,,,,,,,,,,,,,,,,0.021538191238120143,0.021538191238120143,0.021538191238120143,0.021538191238120143,46.429154098609452,46.429154098609452,46.429154098609452,46.429154098609452,0.81125088593271599,0.81125088593271599,0.81125088593271599,0.81125088593271599,1.0439157102678325e-10,1.0439157102678325e-10,1.0439157102678325e-10,1.0439157102678325e-10,0.021533220179045211,0.021533220179045211,0.021533220179045211,0.021533220179045211,1,1,1,1
inner_summary,2d,boundary_singularity,p3,3,adaptive_g_effective_rho,g_eff_rho,production_2M,2000000,completed,24339169,20260701_091329_940553_job24339169,snellius_next_mem216,algorithm_data_ordered/2d/boundary_singularity/p3/production_2M/adaptive_g_effective_rho,inner_history.csv,,16,,1,22642,22642,31333,,,,,,,,,,,,,,,,,,,,,,,,,,-0.45527787354996957,0.45527787354996957,10,-0.43711273054504263,0.43711273054504263,10,-0.87422546109008525,0.87422546109008525,10,,,,,,,,,,,,,,,,,,,,,,,,,,,,,,,0.017723762646496843,0.017723762646496843,0.017723762646496843,0.017723762646496843,56.421428110111435,56.421428110111435,56.421428110111435,56.421428110111435,0.84173364909716775,0.84173364909716775,0.84173364909716775,0.84173364909716775,1.7543938420183057e-10,1.7543938420183057e-10,1.7543938420183057e-10,1.7543938420183057e-10,0.017720953982409957,0.017720953982409957,0.017720953982409957,0.017720953982409957,1,1,1,1
inner_summary,2d,boundary_singularity,p3,3,adaptive_g_effective_rho,g_eff_rho,production_2M,2000000,completed,24339169,20260701_091329_940553_job24339169,snellius_next_mem216,algorithm_data_ordered/2d/boundary_singularity/p3/production_2M/adaptive_g_effective_rho,inner_history.csv,,17,,1,31333,31333,45220,,,,,,,,,,,,,,,,,,,,,,,,,,-0.45527787354996957,0.45527787354996957,10,-0.43711273054504263,0.43711273054504263,10,-0.87422546109008525,0.87422546109008525,10,,,,,,,,,,,,,,,,,,,,,,,,,,,,,,,0.01288231175174628,0.01288231175174628,0.01288231175174628,0.01288231175174628,77.625818973403085,77.625818973403085,77.625818973403085,77.625818973403085,0.80661841804166134,0.80661841804166134,0.80661841804166134,0.80661841804166134,2.3984712540430134e-10,2.3984712540430134e-10,2.3984712540430134e-10,2.3984712540430134e-10,0.012881255784882629,0.012881255784882629,0.012881255784882629,0.012881255784882629,1,1,1,1
inner_summary,2d,boundary_singularity,p3,3,adaptive_g_effective_rho,g_eff_rho,production_2M,2000000,completed,24339169,20260701_091329_940553_job24339169,snellius_next_mem216,algorithm_data_ordered/2d/boundary_singularity/p3/production_2M/adaptive_g_effective_rho,inner_history.csv,,18,,1,45220,45220,61258,,,,,,,,,,,,,,,,,,,,,,,,,,-0.45527787354996957,0.45527787354996957,10,-0.43711273054504263,0.43711273054504263,10,-0.87422546109008525,0.87422546109008525,10,,,,,,,,,,,,,,,,,,,,,,,,,,,,,,,0.011901817687683848,0.011901817687683848,0.011901817687683848,0.011901817687683848,84.020779534777503,84.020779534777503,84.020779534777503,84.020779534777503,0.80754198204822836,0.80754198204822836,0.80754198204822836,0.80754198204822836,3.2558806838617889e-10,3.2558806838617889e-10,3.2558806838617889e-10,3.2558806838617889e-10,0.011900961530776178,0.011900961530776178,0.011900961530776178,0.011900961530776178,1,1,1,1
inner_summary,2d,boundary_singularity,p3,3,adaptive_g_effective_rho,g_eff_rho,production_2M,2000000,completed,24339169,20260701_091329_940553_job24339169,snellius_next_mem216,algorithm_data_ordered/2d/boundary_singularity/p3/production_2M/adaptive_g_effective_rho,inner_history.csv,,19,,1,61258,61258,82903,,,,,,,,,,,,,,,,,,,,,,,,,,-0.45527787354996957,0.45527787354996957,10,-0.43711273054504263,0.43711273054504263,10,-0.87422546109008525,0.87422546109008525,10,,,,,,,,,,,,,,,,,,,,,,,,,,,,,,,0.012185700026556046,0.012185700026556046,0.012185700026556046,0.012185700026556046,82.063402005688673,82.063402005688673,82.063402005688673,82.063402005688673,0.86892346009101651,0.86892346009101651,0.86892346009101651,0.86892346009101651,4.2581928560309863e-10,4.2581928560309863e-10,4.2581928560309863e-10,4.2581928560309863e-10,0.012184807391196859,0.012184807391196859,0.012184807391196859,0.012184807391196859,1,1,1,1
inner_summary,2d,boundary_singularity,p3,3,adaptive_g_effective_rho,g_eff_rho,production_2M,2000000,completed,24339169,20260701_091329_940553_job24339169,snellius_next_mem216,algorithm_data_ordered/2d/boundary_singularity/p3/production_2M/adaptive_g_effective_rho,inner_history.csv,,20,,1,82903,82903,113140,,,,,,,,,,,,,,,,,,,,,,,,,,-0.45527787354996957,0.45527787354996957,10,-0.43711273054504263,0.43711273054504263,10,-0.87422546109008525,0.87422546109008525,10,,,,,,,,,,,,,,,,,,,,,,,,,,,,,,,0.012631900833842986,0.012631900833842986,0.012631900833842986,0.012631900833842986,79.164649339300695,79.164649339300695,79.164649339300695,79.164649339300695,0.79704971337373787,0.79704971337373787,0.79704971337373787,0.79704971337373787,5.3152391701013761e-10,5.3152391701013761e-10,5.3152391701013761e-10,5.3152391701013761e-10,0.012630895974305559,0.012630895974305559,0.012630895974305559,0.012630895974305559,1,1,1,1
inner_summary,2d,boundary_singularity,p3,3,adaptive_g_effective_rho,g_eff_rho,production_2M,2000000,completed,24339169,20260701_091329_940553_job24339169,snellius_next_mem216,algorithm_data_ordered/2d/boundary_singularity/p3/production_2M/adaptive_g_effective_rho,inner_history.csv,,21,,1,113140,113140,154966,,,,,,,,,,,,,,,,,,,,,,,,,,-0.45527787354996957,0.45527787354996957,10,-0.43711273054504263,0.43711273054504263,10,-0.87422546109008525,0.87422546109008525,10,,,,,,,,,,,,,,,,,,,,,,,,,,,,,,,0.012812215970569141,0.012812215970569141,0.012812215970569141,0.012812215970569141,78.050510723288895,78.050510723288895,78.050510723288895,78.050510723288895,0.67653566308728463,0.67653566308728463,0.67653566308728463,0.67653566308728463,6.5235995780476588e-10,6.5235995780476588e-10,6.5235995780476588e-10,6.5235995780476588e-10,0.012811176327391739,0.012811176327391739,0.012811176327391739,0.012811176327391739,1,1,1,1
inner_summary,2d,boundary_singularity,p3,3,adaptive_g_effective_rho,g_eff_rho,production_2M,2000000,completed,24339169,20260701_091329_940553_job24339169,snellius_next_mem216,algorithm_data_ordered/2d/boundary_singularity/p3/production_2M/adaptive_g_effective_rho,inner_history.csv,,22,,1,154966,154966,214471,,,,,,,,,,,,,,,,,,,,,,,,,,-0.45527787354996957,0.45527787354996957,10,-0.43711273054504263,0.43711273054504263,10,-0.87422546109008525,0.87422546109008525,10,,,,,,,,,,,,,,,,,,,,,,,,,,,,,,,0.011912136636366522,0.011912136636366522,0.011912136636366522,0.011912136636366522,83.947996109035827,83.947996109035827,83.947996109035827,83.947996109035827,0.68654900217975567,0.68654900217975567,0.68654900217975567,0.68654900217975567,7.1778511417264507e-10,7.1778511417264507e-10,7.1778511417264507e-10,7.1778511417264507e-10,0.011911254311895542,0.011911254311895542,0.011911254311895542,0.011911254311895542,1,1,1,1
inner_summary,2d,boundary_singularity,p3,3,adaptive_g_effective_rho,g_eff_rho,production_2M,2000000,completed,24339169,20260701_091329_940553_job24339169,snellius_next_mem216,algorithm_data_ordered/2d/boundary_singularity/p3/production_2M/adaptive_g_effective_rho,inner_history.csv,,23,,1,214471,214471,295846,,,,,,,,,,,,,,,,,,,,,,,,,,-0.45527787354996957,0.45527787354996957,10,-0.43711273054504263,0.43711273054504263,10,-0.87422546109008525,0.87422546109008525,10,,,,,,,,,,,,,,,,,,,,,,,,,,,,,,,0.012206002395238126,0.012206002395238126,0.012206002395238126,0.012206002395238126,81.926905109417774,81.926905109417774,81.926905109417774,81.926905109417774,0.75818905425211214,0.75818905425211214,0.75818905425211214,0.75818905425211214,9.2378728119824117e-10,9.2378728119824117e-10,9.2378728119824117e-10,9.2378728119824117e-10,0.012205057016550887,0.012205057016550887,0.012205057016550887,0.012205057016550887,1,1,1,1
inner_summary,2d,boundary_singularity,p3,3,adaptive_g_effective_rho,g_eff_rho,production_2M,2000000,completed,24339169,20260701_091329_940553_job24339169,snellius_next_mem216,algorithm_data_ordered/2d/boundary_singularity/p3/production_2M/adaptive_g_effective_rho,inner_history.csv,,24,,1,295846,295846,396538,,,,,,,,,,,,,,,,,,,,,,,,,,-0.45527787354996957,0.45527787354996957,10,-0.43711273054504263,0.43711273054504263,10,-0.87422546109008525,0.87422546109008525,10,,,,,,,,,,,,,,,,,,,,,,,,,,,,,,,0.010382442726313086,0.010382442726313086,0.010382442726313086,0.010382442726313086,96.316447522086193,96.316447522086193,96.316447522086193,96.316447522086193,0.74179629273024228,0.74179629273024228,0.74179629273024228,0.74179629273024228,5.3841638673142619e-08,5.3841638673142619e-08,5.3841638673142619e-08,5.3841638673142619e-08,0.01038192438539059,0.01038192438539059,0.01038192438539059,0.01038192438539059,1,1,1,1
inner_summary,2d,boundary_singularity,p3,3,adaptive_g_effective_rho,g_eff_rho,production_2M,2000000,completed,24339169,20260701_091329_940553_job24339169,snellius_next_mem216,algorithm_data_ordered/2d/boundary_singularity/p3/production_2M/adaptive_g_effective_rho,inner_history.csv,,25,,1,396538,396538,523051,,,,,,,,,,,,,,,,,,,,,,,,,,-0.45527787354996957,0.45527787354996957,10,-0.43711273054504263,0.43711273054504263,10,-0.87422546109008525,0.87422546109008525,10,,,,,,,,,,,,,,,,,,,,,,,,,,,,,,,0.0086940842476789688,0.0086940842476789688,0.0086940842476789688,0.0086940842476789688,115.02073956402789,115.02073956402789,115.02073956402789,115.02073956402789,0.60303985882533462,0.60303985882533462,0.60303985882533462,0.60303985882533462,1.4693060191046151e-09,1.4693060191046151e-09,1.4693060191046151e-09,1.4693060191046151e-09,0.0086937507193002635,0.0086937507193002635,0.0086937507193002635,0.0086937507193002635,1,1,1,1
inner_summary,2d,boundary_singularity,p3,3,adaptive_g_effective_rho,g_eff_rho,production_2M,2000000,completed,24339169,20260701_091329_940553_job24339169,snellius_next_mem216,algorithm_data_ordered/2d/boundary_singularity/p3/production_2M/adaptive_g_effective_rho,inner_history.csv,,26,,1,523051,523051,673837,,,,,,,,,,,,,,,,,,,,,,,,,,-0.45527787354996957,0.45527787354996957,10,-0.43711273054504263,0.43711273054504263,10,-0.87422546109008525,0.87422546109008525,10,,,,,,,,,,,,,,,,,,,,,,,,,,,,,,,0.0095823734859181095,0.0095823734859181095,0.0095823734859181095,0.0095823734859181095,104.35827840248159,104.35827840248159,104.35827840248159,104.35827840248159,0.59697383453618302,0.59697383453618302,0.59697383453618302,0.59697383453618302,1.976091620921225e-09,1.976091620921225e-09,1.976091620921225e-09,1.976091620921225e-09,0.0095819284606310558,0.0095819284606310558,0.0095819284606310558,0.0095819284606310558,1,1,1,1
inner_summary,2d,boundary_singularity,p3,3,adaptive_g_effective_rho,g_eff_rho,production_2M,2000000,completed,24339169,20260701_091329_940553_job24339169,snellius_next_mem216,algorithm_data_ordered/2d/boundary_singularity/p3/production_2M/adaptive_g_effective_rho,inner_history.csv,,27,,1,673837,673837,907927,,,,,,,,,,,,,,,,,,,,,,,,,,-0.45527787354996957,0.45527787354996957,10,-0.43711273054504263,0.43711273054504263,10,-0.87422546109008525,0.87422546109008525,10,,,,,,,,,,,,,,,,,,,,,,,,,,,,,,,0.0094363761299188966,0.0094363761299188966,0.0094363761299188966,0.0094363761299188966,105.97288474220609,105.97288474220609,105.97288474220609,105.97288474220609,0.67833176878187573,0.67833176878187573,0.67833176878187573,0.67833176878187573,2.2689802672963584e-09,2.2689802672963584e-09,2.2689802672963584e-09,2.2689802672963584e-09,0.0094359195207633709,0.0094359195207633709,0.0094359195207633709,0.0094359195207633709,1,1,1,1
inner_summary,2d,boundary_singularity,p3,3,adaptive_g_effective_rho,g_eff_rho,production_2M,2000000,completed,24339169,20260701_091329_940553_job24339169,snellius_next_mem216,algorithm_data_ordered/2d/boundary_singularity/p3/production_2M/adaptive_g_effective_rho,inner_history.csv,,28,,1,907927,907927,1207513,,,,,,,,,,,,,,,,,,,,,,,,,,-0.45527787354996957,0.45527787354996957,10,-0.43711273054504263,0.43711273054504263,10,-0.87422546109008525,0.87422546109008525,10,,,,,,,,,,,,,,,,,,,,,,,,,,,,,,,0.0084342006492683537,0.0084342006492683537,0.0084342006492683537,0.0084342006492683537,118.56488143743029,118.56488143743029,118.56488143743029,118.56488143743029,0.65230598258936845,0.65230598258936845,0.65230598258936845,0.65230598258936845,5.9595636618867034e-07,5.9595636618867034e-07,5.9595636618867034e-07,5.9595636618867034e-07,0.008433871769625954,0.008433871769625954,0.008433871769625954,0.008433871769625954,1,1,1,1
inner_summary,2d,boundary_singularity,p3,3,adaptive_g_effective_rho,g_eff_rho,production_2M,2000000,completed,24339169,20260701_091329_940553_job24339169,snellius_next_mem216,algorithm_data_ordered/2d/boundary_singularity/p3/production_2M/adaptive_g_effective_rho,inner_history.csv,,29,,1,1207513,1207513,1567357,,,,,,,,,,,,,,,,,,,,,,,,,,-0.45527787354996957,0.45527787354996957,10,-0.43711273054504263,0.43711273054504263,10,-0.87422546109008525,0.87422546109008525,10,,,,,,,,,,,,,,,,,,,,,,,,,,,,,,,0.0089304341786567501,0.0089304341786567501,0.0089304341786567501,0.0089304341786567501,111.97663853678529,111.97663853678529,111.97663853678529,111.97663853678529,0.54863549423716107,0.54863549423716107,0.54863549423716107,0.54863549423716107,1.9843788756538661e-07,1.9843788756538661e-07,1.9843788756538661e-07,1.9843788756538661e-07,0.0089300797592340476,0.0089300797592340476,0.0089300797592340476,0.0089300797592340476,1,1,1,1
inner_summary,2d,boundary_singularity,p3,3,adaptive_g_effective_rho,g_eff_rho,production_2M,2000000,completed,24339169,20260701_091329_940553_job24339169,snellius_next_mem216,algorithm_data_ordered/2d/boundary_singularity/p3/production_2M/adaptive_g_effective_rho,inner_history.csv,,30,,1,1567357,1567357,2053285,,,,,,,,,,,,,,,,,,,,,,,,,,-0.45527787354996957,0.45527787354996957,10,-0.43711273054504263,0.43711273054504263,10,-0.87422546109008525,0.87422546109008525,10,,,,,,,,,,,,,,,,,,,,,,,,,,,,,,,0.01046999356676776,0.01046999356676776,0.01046999356676776,0.01046999356676776,95.511042449352217,95.511042449352217,95.511042449352217,95.511042449352217,0.63107184867771549,0.63107184867771549,0.63107184867771549,0.63107184867771549,1.1858471443275149e-06,1.1858471443275149e-06,1.1858471443275149e-06,1.1858471443275149e-06,0.010469416262314365,0.010469416262314365,0.010469416262314365,0.010469416262314365,1,1,1,1
outer,2d,boundary_singularity,p3,3,uniform_standard,uniform,production_2M,2000000,completed,24339170,20260701_091330_835398_job24339170,snellius_next_mem216,algorithm_data_ordered/2d/boundary_singularity/p3/production_2M/uniform_standard,outer_history.csv,completed,0,,,52,52,847,52,52,MISSING,0.118793,0.118799,1,1,0,1,1,1,uniform,1,0.0099239,1,computed,2.44444,1.00048,2.44328,0.00061923299999999996,0.024884400000000001,0.0015136800000000001,0.038906040662087422,0.00061952800000000005,0.024890319403334301,-0.34510407403434851,0.34510407403434851,5,-0.34513182237596146,0.34513182237596146,5,-0.69026364475192292,0.69026364475192292,5,0.00038589700000000001,0.019644200000000001,1.4936100000000001e-07,0.00038647200000000001,0.00072293800000000001,0.026887500000000002,1.4936100000000001e-07,0.00038647200000000001,4.4918700000000001e-33,6.7021399999999997e-17,5.0741900000000003e-31,7.1233300000000003e-16,7.12333e-16,5766397001554.7275,3.3251407542960952e+25,1.7341851414850233e-13,3.007391487737763e-26,1,1.7341851414850233e-13,1.8431684572232917e-12,3.3972656851520815e-24,0,0,not_requested,not_requested,0,,,,,,,,,,,,,,,,,,,,,,,,,,,,
outer,2d,boundary_singularity,p3,3,uniform_standard,uniform,production_2M,2000000,completed,24339170,20260701_091330_835398_job24339170,snellius_next_mem216,algorithm_data_ordered/2d/boundary_singularity/p3/production_2M/uniform_standard,outer_history.csv,completed,1,,,847,847,6877,968,968,MISSING,0.570858,0.693313,1,1,0,1,1,1,uniform,1,0.0074734,1,computed,2.44444,1.00027,2.44378,0.00020003100000000001,0.0141432,0.00048896499999999995,0.022112552995979456,0.00020008600000000001,0.014145175856100199,-0.34510407403434851,0.34510407403434851,5,-0.34513182237596146,0.34513182237596146,5,-0.69026364475192292,0.69026364475192292,5,0.000167794,0.0129535,1.8163600000000001e-08,0.00013477199999999999,0.00021435900000000001,0.014641,1.8163600000000001e-08,0.00013477199999999999,1.06349e-31,3.2611100000000001e-16,1.8555899999999999e-29,4.3076600000000003e-15,4.30766e-15,413270328201.13391,1.7079239108971407e+23,2.4197236814768648e-12,5.8550617718954386e-24,1,2.4197236814768648e-12,3.1962573828391661e-11,1.0215981413376201e-21,0,0,not_requested,not_requested,0,,,,,,,,,,,,,,,,,,,,,,,,,,,,
outer,2d,boundary_singularity,p3,3,uniform_standard,uniform,production_2M,2000000,completed,24339170,20260701_091330_835398_job24339170,snellius_next_mem216,algorithm_data_ordered/2d/boundary_singularity/p3/production_2M/uniform_standard,outer_history.csv,completed,2,,,6877,6877,55225,8464,8464,MISSING,3.72378,4.42055,1,1,0,1,1,1,uniform,1,0.0029925,1,computed,2.44444,1.00004,2.44434,3.3226099999999997e-05,0.0057642099999999996,8.1219300000000003e-05,0.0090121750981658148,3.32275e-05,0.0057643299697362916,-0.34510407403434851,0.34510407403434851,5,-0.34513182237596146,0.34513182237596146,5,-0.69026364475192292,0.69026364475192292,5,2.76991e-05,0.0052630000000000003,4.9316800000000005e-10,2.22074e-05,3.5682500000000003e-05,0.0059734799999999998,4.9316800000000005e-10,2.22074e-05,5.2963400000000001e-31,7.27759e-16,1.25872e-28,1.12193e-14,1.12193e-14,30514772060.531029,9.3114868003187117e+20,3.2771013265848324e-11,1.0739423482464394e-21,1,3.2771013265848324e-11,5.052054720498572e-10,2.552314829834863e-19,0,0,not_requested,not_requested,0,,,,,,,,,,,,,,,,,,,,,,,,,,,,
outer,2d,boundary_singularity,p3,3,uniform_standard,uniform,production_2M,2000000,completed,24339170,20260701_091330_835398_job24339170,snellius_next_mem216,algorithm_data_ordered/2d/boundary_singularity/p3/production_2M/uniform_standard,outer_history.csv,completed,3,,,55225,55225,442225,70688,70688,MISSING,31.1782,35.6044,1,1,0,1,1,1,uniform,1,0.000940725,1,computed,2.44444,1,2.44443,5.76189e-06,0.0024003900000000001,1.4084600000000001e-05,0.0037529455098628864,5.7619200000000004e-06,0.0024003999666722211,-0.34510407403434851,0.34510407403434851,5,-0.34513182237596146,0.34513182237596146,5,-0.69026364475192292,0.69026364475192292,5,4.0943599999999999e-06,0.00202345,1.09797e-11,3.3135699999999999e-06,6.50302e-06,0.0025501,1.09797e-11,3.3135699999999999e-06,2.6108099999999998e-26,1.6158e-13,2.7764200000000001e-24,1.66626e-12,1.66626e-12,20507302.884020299,420547646132809.38,4.8763116517834243e-08,2.3778518538757886e-15,1,4.8763116517834243e-08,5.0285945370099321e-07,2.5286847545925663e-13,0,0,not_requested,not_requested,0,,,,,,,,,,,,,,,,,,,,,,,,,,,,
outer,2d,boundary_singularity,p3,3,uniform_standard,uniform,production_2M,2000000,completed,24339170,20260701_091330_835398_job24339170,snellius_next_mem216,algorithm_data_ordered/2d/boundary_singularity/p3/production_2M/uniform_standard,outer_history.csv,completed,4,,,442225,442225,3538657,577600,577600,MISSING,364.045,399.671,1,1,0,1,1,1,uniform,1,0.00026522,1,computed,2.44444,1,2.44444,1.58325e-06,0.0012582699999999999,3.8701600000000004e-06,0.0019672722231557078,1.58325e-06,0.0012582726254671522,-0.34510407403434851,0.34510407403434851,5,-0.34513182237596146,0.34513182237596146,5,-0.69026364475192292,0.69026364475192292,5,1.02745e-06,0.00101363,2.6758599999999999e-13,5.1728699999999997e-07,1.8302700000000001e-06,0.0013528800000000001,2.6758599999999999e-13,5.1728699999999997e-07,4.5634899999999998e-23,6.7553599999999996e-12,1.4760100000000001e-21,3.84189e-11,3.84189e-11,76574.305440420649,5863626303.552763,1.3059210844270203e-05,1.7054292825484144e-10,1,1.3059210844270203e-05,7.426998938693607e-05,5.5160210175420247e-09,0,0,not_requested,not_requested,0,,,,,,,,,,,,,,,,,,,,,,,,,,,,
inner,2d,boundary_singularity,p3,3,uniform_standard,uniform,production_2M,2000000,completed,24339170,20260701_091330_835398_job24339170,snellius_next_mem216,algorithm_data_ordered/2d/boundary_singularity/p3/production_2M/uniform_standard,inner_history.csv,completed,0,0,,52,52,847,52,52,MISSING,0.0984608,0.0999404,,,,,,1,,1,0.0099239,1,computed,2.44444,1.00048,2.44328,0.00061923299999999996,0.024884400000000001,0.0015136800000000001,0.038906040662087422,0.00061952800000000005,0.024890319403334301,-0.34510407403434851,0.34510407403434851,5,-0.34513182237596146,0.34513182237596146,5,-0.69026364475192292,0.69026364475192292,5,0.00038589700000000001,0.019644200000000001,1.4936100000000001e-07,0.00038647200000000001,0.00072293800000000001,0.026887500000000002,1.4936100000000001e-07,0.00038647200000000001,4.4918700000000001e-33,6.7021399999999997e-17,5.0741900000000003e-31,7.1233300000000003e-16,7.12333e-16,5766397001554.7275,3.3251407542960952e+25,1.7341851414850233e-13,3.007391487737763e-26,1,1.7341851414850233e-13,1.8431684572232917e-12,3.3972656851520815e-24,0,0,not_requested,not_requested,0,,,,,,,,,,,,,,,,,,,,,,,,,,,,
inner,2d,boundary_singularity,p3,3,uniform_standard,uniform,production_2M,2000000,completed,24339170,20260701_091330_835398_job24339170,snellius_next_mem216,algorithm_data_ordered/2d/boundary_singularity/p3/production_2M/uniform_standard,inner_history.csv,completed,1,0,,847,847,6877,968,968,MISSING,0.504091,0.629922,,,,,,1,,1,0.0074734,1,computed,2.44444,1.00027,2.44378,0.00020003100000000001,0.0141432,0.00048896499999999995,0.022112552995979456,0.00020008600000000001,0.014145175856100199,-0.34510407403434851,0.34510407403434851,5,-0.34513182237596146,0.34513182237596146,5,-0.69026364475192292,0.69026364475192292,5,0.000167794,0.0129535,1.8163600000000001e-08,0.00013477199999999999,0.00021435900000000001,0.014641,1.8163600000000001e-08,0.00013477199999999999,1.06349e-31,3.2611100000000001e-16,1.8555899999999999e-29,4.3076600000000003e-15,4.30766e-15,413270328201.13391,1.7079239108971407e+23,2.4197236814768648e-12,5.8550617718954386e-24,1,2.4197236814768648e-12,3.1962573828391661e-11,1.0215981413376201e-21,0,0,not_requested,not_requested,0,,,,,,,,,,,,,,,,,,,,,,,,,,,,
inner,2d,boundary_singularity,p3,3,uniform_standard,uniform,production_2M,2000000,completed,24339170,20260701_091330_835398_job24339170,snellius_next_mem216,algorithm_data_ordered/2d/boundary_singularity/p3/production_2M/uniform_standard,inner_history.csv,completed,2,0,,6877,6877,55225,8464,8464,MISSING,3.23414,3.93428,,,,,,1,,1,0.0029925,1,computed,2.44444,1.00004,2.44434,3.3226099999999997e-05,0.0057642099999999996,8.1219300000000003e-05,0.0090121750981658148,3.32275e-05,0.0057643299697362916,-0.34510407403434851,0.34510407403434851,5,-0.34513182237596146,0.34513182237596146,5,-0.69026364475192292,0.69026364475192292,5,2.76991e-05,0.0052630000000000003,4.9316800000000005e-10,2.22074e-05,3.5682500000000003e-05,0.0059734799999999998,4.9316800000000005e-10,2.22074e-05,5.2963400000000001e-31,7.27759e-16,1.25872e-28,1.12193e-14,1.12193e-14,30514772060.531029,9.3114868003187117e+20,3.2771013265848324e-11,1.0739423482464394e-21,1,3.2771013265848324e-11,5.052054720498572e-10,2.552314829834863e-19,0,0,not_requested,not_requested,0,,,,,,,,,,,,,,,,,,,,,,,,,,,,
inner,2d,boundary_singularity,p3,3,uniform_standard,uniform,production_2M,2000000,completed,24339170,20260701_091330_835398_job24339170,snellius_next_mem216,algorithm_data_ordered/2d/boundary_singularity/p3/production_2M/uniform_standard,inner_history.csv,completed,3,0,,55225,55225,442225,70688,70688,MISSING,26.5015,30.9312,,,,,,1,,1,0.000940725,1,computed,2.44444,1,2.44443,5.76189e-06,0.0024003900000000001,1.4084600000000001e-05,0.0037529455098628864,5.7619200000000004e-06,0.0024003999666722211,-0.34510407403434851,0.34510407403434851,5,-0.34513182237596146,0.34513182237596146,5,-0.69026364475192292,0.69026364475192292,5,4.0943599999999999e-06,0.00202345,1.09797e-11,3.3135699999999999e-06,6.50302e-06,0.0025501,1.09797e-11,3.3135699999999999e-06,2.6108099999999998e-26,1.6158e-13,2.7764200000000001e-24,1.66626e-12,1.66626e-12,20507302.884020299,420547646132809.38,4.8763116517834243e-08,2.3778518538757886e-15,1,4.8763116517834243e-08,5.0285945370099321e-07,2.5286847545925663e-13,0,0,not_requested,not_requested,0,,,,,,,,,,,,,,,,,,,,,,,,,,,,
inner,2d,boundary_singularity,p3,3,uniform_standard,uniform,production_2M,2000000,completed,24339170,20260701_091330_835398_job24339170,snellius_next_mem216,algorithm_data_ordered/2d/boundary_singularity/p3/production_2M/uniform_standard,inner_history.csv,completed,4,0,,442225,442225,3538657,577600,577600,MISSING,318.94,354.571,,,,,,1,,1,0.00026522,1,computed,2.44444,1,2.44444,1.58325e-06,0.0012582699999999999,3.8701600000000004e-06,0.0019672722231557078,1.58325e-06,0.0012582726254671522,-0.34510407403434851,0.34510407403434851,5,-0.34513182237596146,0.34513182237596146,5,-0.69026364475192292,0.69026364475192292,5,1.02745e-06,0.00101363,2.6758599999999999e-13,5.1728699999999997e-07,1.8302700000000001e-06,0.0013528800000000001,2.6758599999999999e-13,5.1728699999999997e-07,4.5634899999999998e-23,6.7553599999999996e-12,1.4760100000000001e-21,3.84189e-11,3.84189e-11,76574.305440420649,5863626303.552763,1.3059210844270203e-05,1.7054292825484144e-10,1,1.3059210844270203e-05,7.426998938693607e-05,5.5160210175420247e-09,0,0,not_requested,not_requested,0,,,,,,,,,,,,,,,,,,,,,,,,,,,,
inner_summary,2d,boundary_singularity,p3,3,uniform_standard,uniform,production_2M,2000000,completed,24339170,20260701_091330_835398_job24339170,snellius_next_mem216,algorithm_data_ordered/2d/boundary_singularity/p3/production_2M/uniform_standard,inner_history.csv,,0,,1,52,52,847,,,,,,,,,,,,,,,,,,,,,,,,,,-0.34510407403434851,0.34510407403434851,5,-0.34513182237596146,0.34513182237596146,5,-0.69026364475192292,0.69026364475192292,5,,,,,,,,,,,,,,,,,,,,,,,,,,,,,,,5766397001554.7275,5766397001554.7275,5766397001554.7275,5766397001554.7275,1.7341851414850233e-13,1.7341851414850233e-13,1.7341851414850233e-13,1.7341851414850233e-13,,,,,1.8431684572232917e-12,1.8431684572232917e-12,1.8431684572232917e-12,1.8431684572232917e-12,1,1,1,1,0,1,1,1
inner_summary,2d,boundary_singularity,p3,3,uniform_standard,uniform,production_2M,2000000,completed,24339170,20260701_091330_835398_job24339170,snellius_next_mem216,algorithm_data_ordered/2d/boundary_singularity/p3/production_2M/uniform_standard,inner_history.csv,,1,,1,847,847,6877,,,,,,,,,,,,,,,,,,,,,,,,,,-0.34510407403434851,0.34510407403434851,5,-0.34513182237596146,0.34513182237596146,5,-0.69026364475192292,0.69026364475192292,5,,,,,,,,,,,,,,,,,,,,,,,,,,,,,,,413270328201.13391,413270328201.13391,413270328201.13391,413270328201.13391,2.4197236814768648e-12,2.4197236814768648e-12,2.4197236814768648e-12,2.4197236814768648e-12,,,,,3.1962573828391661e-11,3.1962573828391661e-11,3.1962573828391661e-11,3.1962573828391661e-11,1,1,1,1,0,1,1,1
inner_summary,2d,boundary_singularity,p3,3,uniform_standard,uniform,production_2M,2000000,completed,24339170,20260701_091330_835398_job24339170,snellius_next_mem216,algorithm_data_ordered/2d/boundary_singularity/p3/production_2M/uniform_standard,inner_history.csv,,2,,1,6877,6877,55225,,,,,,,,,,,,,,,,,,,,,,,,,,-0.34510407403434851,0.34510407403434851,5,-0.34513182237596146,0.34513182237596146,5,-0.69026364475192292,0.69026364475192292,5,,,,,,,,,,,,,,,,,,,,,,,,,,,,,,,30514772060.531029,30514772060.531029,30514772060.531029,30514772060.531029,3.2771013265848324e-11,3.2771013265848324e-11,3.2771013265848324e-11,3.2771013265848324e-11,,,,,5.052054720498572e-10,5.052054720498572e-10,5.052054720498572e-10,5.052054720498572e-10,1,1,1,1,0,1,1,1
inner_summary,2d,boundary_singularity,p3,3,uniform_standard,uniform,production_2M,2000000,completed,24339170,20260701_091330_835398_job24339170,snellius_next_mem216,algorithm_data_ordered/2d/boundary_singularity/p3/production_2M/uniform_standard,inner_history.csv,,3,,1,55225,55225,442225,,,,,,,,,,,,,,,,,,,,,,,,,,-0.34510407403434851,0.34510407403434851,5,-0.34513182237596146,0.34513182237596146,5,-0.69026364475192292,0.69026364475192292,5,,,,,,,,,,,,,,,,,,,,,,,,,,,,,,,20507302.884020299,20507302.884020299,20507302.884020299,20507302.884020299,4.8763116517834243e-08,4.8763116517834243e-08,4.8763116517834243e-08,4.8763116517834243e-08,,,,,5.0285945370099321e-07,5.0285945370099321e-07,5.0285945370099321e-07,5.0285945370099321e-07,1,1,1,1,0,1,1,1
inner_summary,2d,boundary_singularity,p3,3,uniform_standard,uniform,production_2M,2000000,completed,24339170,20260701_091330_835398_job24339170,snellius_next_mem216,algorithm_data_ordered/2d/boundary_singularity/p3/production_2M/uniform_standard,inner_history.csv,,4,,1,442225,442225,3538657,,,,,,,,,,,,,,,,,,,,,,,,,,-0.34510407403434851,0.34510407403434851,5,-0.34513182237596146,0.34513182237596146,5,-0.69026364475192292,0.69026364475192292,5,,,,,,,,,,,,,,,,,,,,,,,,,,,,,,,76574.305440420649,76574.305440420649,76574.305440420649,76574.305440420649,1.3059210844270203e-05,1.3059210844270203e-05,1.3059210844270203e-05,1.3059210844270203e-05,,,,,7.426998938693607e-05,7.426998938693607e-05,7.426998938693607e-05,7.426998938693607e-05,1,1,1,1,0,1,1,1
