record_type,dimension,example,p,p_int,mode,mode_short,target,target_x_dofs,run_status,job_id,run_id,source_group,source_case_relpath,history_source,history_status,outer_iteration,inner_iteration,inner_count,x_true_dofs,x_true_dofs_before,x_true_dofs_after,y_true_dofs_before,y_true_dofs_after,g_true_dofs,iteration_seconds,elapsed_seconds,inner_iterations,y_converged,stopped_on_empty_y_marking,refined_x,uniform_x_refinement,uniform_y_refinement,x_refinement_mode,configured_rho,effective_rho,effective_rho_available,effective_rho_reason,posteriori_factor_configured_rho,posteriori_factor_effective_rho,posteriori_improvement_factor,eta_squared,eta,posteriori_estimator_configured_rho_squared,posteriori_estimator_configured_rho,posteriori_estimator_effective_rho_squared,posteriori_estimator_effective_rho,posteriori_estimator_configured_rho_final10_loglog_slope,posteriori_estimator_configured_rho_final10_convergence_rate,posteriori_estimator_configured_rho_final10_point_count,posteriori_estimator_effective_rho_final10_loglog_slope,posteriori_estimator_effective_rho_final10_convergence_rate,posteriori_estimator_effective_rho_final10_point_count,posteriori_estimator_effective_rho_squared_final10_loglog_slope,posteriori_estimator_effective_rho_squared_final10_convergence_rate,posteriori_estimator_effective_rho_squared_final10_point_count,lambda_y_squared,lambda_y,y_estimator_squared,y_estimator,y_estimator_threshold_squared,y_estimator_threshold,y_flux_squared,y_flux,y_reconstruction_squared,y_reconstruction,divergence_residual_squared,divergence_residual,divergence_residual_l2,flux_over_reconstruction,flux_squared_over_reconstruction_squared,reconstruction_over_flux,reconstruction_squared_over_flux_squared,flux_fraction_of_y_estimator,reconstruction_fraction_of_y_estimator,divergence_over_y_estimator,divergence_squared_over_y_estimator_squared,g_estimator_enabled,g_estimator_computed,g_estimator_skipped_reason,g_solver_status,g_lambda_difference_available,g_lambda_difference_squared,g_lambda_difference,g_over_y_estimator,g_squared_over_y_estimator_squared,flux_over_reconstruction_min,flux_over_reconstruction_max,flux_over_reconstruction_avg,flux_over_reconstruction_final,reconstruction_over_flux_min,reconstruction_over_flux_max,reconstruction_over_flux_avg,reconstruction_over_flux_final,g_over_y_estimator_min,g_over_y_estimator_max,g_over_y_estimator_avg,g_over_y_estimator_final,divergence_over_y_estimator_min,divergence_over_y_estimator_max,divergence_over_y_estimator_avg,divergence_over_y_estimator_final,flux_fraction_min,flux_fraction_max,flux_fraction_avg,flux_fraction_final,g_ratio_value_count,flux_ratio_value_count,reconstruction_ratio_value_count,divergence_ratio_value_count
outer,2d,non_matching_initial,p1,1,adaptive_force_effective_rho_no_inner_refinement,force_eff_rho_no_inner,production_2M,2000000,completed,24339171,20260701_091331_675538_job24339171,snellius_next_mem216,algorithm_data_ordered/2d/non_matching_initial/p1/production_2M/adaptive_force_effective_rho_no_inner_refinement,outer_history.csv,completed,0,,,2,2,2,2,2,15,0.102679,0.102684,1,1,0,1,0,0,adaptive,1,0.011717,1,computed_required,2.44444,1.00066,2.44283,0.89432699999999998,0.945689,2.1861299999999999,1.4785567287053953,0.89491799999999999,0.94600105708186177,-0.15312917442464211,0.15312917442464211,10,-0.13935275842382627,0.13935275842382627,10,-0.27870551684765255,0.27870551684765255,10,0.088923000000000002,0.29820000000000002,0.00054505000000000005,0.0233463,1.2522800000000001,1.1190500000000001,0.00054505000000000005,0.0233463,6.6252400000000005e-33,8.1395600000000005e-17,1.42329e-31,3.7726499999999998e-16,3.77265e-16,286825086368304.94,8.2268717812486792e+28,3.4864453896334752e-15,1.2155288505641684e-29,1,3.4864453896334752e-15,1.6159519923927986e-14,2.6113017154389503e-28,1,1,not_skipped,success,1,2.8855599999999999e-05,0.0053717399999999998,0.23008956451343468,0.052941198055224285,,,,,,,,,,,,,,,,,,,,,,,,
outer,2d,non_matching_initial,p1,1,adaptive_force_effective_rho_no_inner_refinement,force_eff_rho_no_inner,production_2M,2000000,completed,24339171,20260701_091331_675538_job24339171,snellius_next_mem216,algorithm_data_ordered/2d/non_matching_initial/p1/production_2M/adaptive_force_effective_rho_no_inner_refinement,outer_history.csv,completed,1,,,2,2,3,2,2,30,0.0641354,0.172056,1,1,0,1,0,0,adaptive,1,0.010304,1,computed_required,2.44444,1.00051,2.44319,0.89432699999999998,0.945689,2.1861299999999999,1.4785567287053953,0.89478599999999997,0.94593128714510755,-0.15312917442464211,0.15312917442464211,10,-0.13935275842382627,0.13935275842382627,10,-0.27870551684765255,0.27870551684765255,10,0.088923000000000002,0.29820000000000002,0.000423325,0.0205749,1.2522800000000001,1.1190500000000001,0.000423325,0.0205749,2.8306399999999999e-31,5.3203800000000003e-16,7.3549699999999996e-32,2.7120100000000002e-16,2.71201e-16,38671861784308.641,1.4955098493626883e+27,2.5858594695478474e-14,6.6866828087167068e-28,1,2.5858594695478474e-14,1.318115762409538e-14,1.7374286895411326e-28,1,1,not_skipped,success,1,9.3780600000000001e-05,0.0096840399999999997,0.47067251845695479,0.22153333727041871,,,,,,,,,,,,,,,,,,,,,,,,
outer,2d,non_matching_initial,p1,1,adaptive_force_effective_rho_no_inner_refinement,force_eff_rho_no_inner,production_2M,2000000,completed,24339171,20260701_091331_675538_job24339171,snellius_next_mem216,algorithm_data_ordered/2d/non_matching_initial/p1/production_2M/adaptive_force_effective_rho_no_inner_refinement,outer_history.csv,completed,2,,,3,3,7,4,4,54,0.0685197,0.245633,1,1,0,1,0,0,adaptive,1,0.0222701,1,computed_required,2.44444,1.00231,2.4388,0.81428999999999996,0.90237999999999996,1.9904900000000001,1.4108472631720275,0.81617499999999998,0.90342404218617067,-0.15312917442464211,0.15312917442464211,10,-0.13935275842382627,0.13935275842382627,10,-0.27870551684765255,0.27870551684765255,10,0.13397800000000001,0.36602899999999999,0.00164084,0.0405072,1.1166499999999999,1.0567200000000001,0.00164084,0.0405072,7.2301000000000003e-32,2.68889e-16,1.4446e-31,3.8007899999999999e-16,3.80079e-16,150646549319607.72,2.2694568539854219e+28,6.6380544693289096e-15,4.406340654786573e-29,1,6.6380544693289096e-15,9.3829985780305723e-15,8.8040272055776317e-29,1,1,not_skipped,success,1,0.00094191900000000005,0.030690700000000001,0.75766036655211921,0.57404682967260678,,,,,,,,,,,,,,,,,,,,,,,,
outer,2d,non_matching_initial,p1,1,adaptive_force_effective_rho_no_inner_refinement,force_eff_rho_no_inner,production_2M,2000000,completed,24339171,20260701_091331_675538_job24339171,snellius_next_mem216,algorithm_data_ordered/2d/non_matching_initial/p1/production_2M/adaptive_force_effective_rho_no_inner_refinement,outer_history.csv,completed,3,,,7,7,7,12,12,102,0.0724,0.323162,1,1,0,1,0,0,adaptive,1,0.0209523,1,computed_required,2.44444,1.00206,2.43943,0.81442800000000004,0.90245699999999995,1.99082,1.4109642093263741,0.81610300000000002,0.90338419291019256,-0.15312917442464211,0.15312917442464211,10,-0.13935275842382627,0.13935275842382627,10,-0.27870551684765255,0.27870551684765255,10,0.13398199999999999,0.36603599999999997,0.0014582200000000001,0.038186600000000001,1.1168499999999999,1.05681,0.0014582200000000001,0.038186600000000001,2.0265800000000001e-31,4.5017499999999996e-16,5.0769299999999999e-31,7.1252599999999999e-16,7.12526e-16,84826123174321.109,7.1954721747969485e+27,1.1788821209534233e-14,1.3897628615709564e-28,1,1.1788821209534233e-14,1.8659058413160638e-14,3.4815939981621427e-28,1,1,not_skipped,success,1,0.0012191400000000001,0.034916099999999999,0.91435477366406015,0.83604668705682272,,,,,,,,,,,,,,,,,,,,,,,,
outer,2d,non_matching_initial,p1,1,adaptive_force_effective_rho_no_inner_refinement,force_eff_rho_no_inner,production_2M,2000000,completed,24339171,20260701_091331_675538_job24339171,snellius_next_mem216,algorithm_data_ordered/2d/non_matching_initial/p1/production_2M/adaptive_force_effective_rho_no_inner_refinement,outer_history.csv,completed,4,,,7,7,20,12,12,147,0.0750723,0.403359,1,1,0,1,0,0,adaptive,1,0.0209428,1,computed_required,2.44444,1.00205,2.43943,0.81442800000000004,0.90245699999999995,1.99082,1.4109642093263741,0.81610199999999999,0.9033836394356497,-0.15312917442464211,0.15312917442464211,10,-0.13935275842382627,0.13935275842382627,10,-0.27870551684765255,0.27870551684765255,10,0.13398199999999999,0.36603599999999997,0.00145692,0.038169700000000001,1.1168499999999999,1.05681,0.00145692,0.038169700000000001,6.3441100000000003e-31,7.9649900000000001e-16,2.30542e-30,1.5183600000000001e-15,1.51836e-15,47921842965276.797,2.2964923369865906e+27,2.0867310982271277e-14,4.3544669576915687e-28,1,2.0867310982271277e-14,3.9779196587869435e-14,1.5823929934382121e-27,1,1,not_skipped,success,1,0.0012335499999999999,0.035121899999999998,0.92015132421790047,0.8466834143261126,,,,,,,,,,,,,,,,,,,,,,,,
outer,2d,non_matching_initial,p1,1,adaptive_force_effective_rho_no_inner_refinement,force_eff_rho_no_inner,production_2M,2000000,completed,24339171,20260701_091331_675538_job24339171,snellius_next_mem216,algorithm_data_ordered/2d/non_matching_initial/p1/production_2M/adaptive_force_effective_rho_no_inner_refinement,outer_history.csv,completed,5,,,20,20,29,38,38,321,0.0811941,0.492444,1,1,0,1,0,0,adaptive,1,0.0569892,1,computed_required,2.44444,1.01372,2.41137,0.64016899999999999,0.80010599999999998,1.5648599999999999,1.2509436438145405,0.64895000000000003,0.80557432928315187,-0.15312917442464211,0.15312917442464211,10,-0.13935275842382627,0.13935275842382627,10,-0.27870551684765255,0.27870551684765255,10,0.176311,0.41989399999999999,0.0069350999999999996,0.083277199999999996,0.84632799999999997,0.91996100000000003,0.0069350999999999996,0.083277199999999996,6.74124e-31,8.2105100000000002e-16,1.7032199999999999e-29,4.12701e-15,4.12701e-15,101427560529126.69,1.0287573206116382e+28,9.8592531929507725e-15,9.7204654583207169e-29,1,9.8592531929507725e-15,4.9557501933302272e-14,2.4559415149024527e-27,1,1,not_skipped,success,1,0.0061081800000000004,0.078154799999999996,0.93848976670685369,0.88076307479344218,,,,,,,,,,,,,,,,,,,,,,,,
outer,2d,non_matching_initial,p1,1,adaptive_force_effective_rho_no_inner_refinement,force_eff_rho_no_inner,production_2M,2000000,completed,24339171,20260701_091331_675538_job24339171,snellius_next_mem216,algorithm_data_ordered/2d/non_matching_initial/p1/production_2M/adaptive_force_effective_rho_no_inner_refinement,outer_history.csv,completed,6,,,29,29,32,56,56,429,0.0892493,0.58681,1,1,0,1,0,0,adaptive,1,0.0420504,1,computed_required,2.44444,1.00779,2.42556,0.62793900000000002,0.79242599999999996,1.5349600000000001,1.2389350265449759,0.63282799999999995,0.7955048711353061,-0.15312917442464211,0.15312917442464211,10,-0.13935275842382627,0.13935275842382627,10,-0.27870551684765255,0.27870551684765255,10,0.17454,0.41777999999999998,0.0038389499999999998,0.061959300000000002,0.82944899999999999,0.91074100000000002,0.0038389499999999998,0.061959300000000002,3.8323200000000001e-31,6.1905699999999999e-16,3.1422e-29,5.6055300000000002e-15,5.60553e-15,100086583303314.56,1.0017300225450901e+28,9.9913491598517086e-15,9.9827296526393944e-29,1,9.9913491598517086e-15,9.0471164135166151e-14,8.1850505997733756e-27,1,1,not_skipped,success,1,0.0034562600000000001,0.058790000000000002,0.94884867969780162,0.90031388791205935,,,,,,,,,,,,,,,,,,,,,,,,
outer,2d,non_matching_initial,p1,1,adaptive_force_effective_rho_no_inner_refinement,force_eff_rho_no_inner,production_2M,2000000,completed,24339171,20260701_091331_675538_job24339171,snellius_next_mem216,algorithm_data_ordered/2d/non_matching_initial/p1/production_2M/adaptive_force_effective_rho_no_inner_refinement,outer_history.csv,completed,7,,,32,32,54,62,62,510,0.103712,0.695756,1,1,0,1,0,0,adaptive,1,0.0379054,1,computed_required,2.44444,1.0064,2.42889,0.62243400000000004,0.78894500000000001,1.5215000000000001,1.2334909809155477,0.62641899999999995,0.79146636062437925,-0.15312917442464211,0.15312917442464211,10,-0.13935275842382627,0.13935275842382627,10,-0.27870551684765255,0.27870551684765255,10,0.175314,0.41870499999999999,0.0031146400000000001,0.055808900000000002,0.82115300000000002,0.90617499999999995,0.0031146400000000001,0.055808900000000002,2.3552899999999998e-30,1.5346900000000001e-15,6.2156899999999996e-29,7.8839700000000002e-15,7.88397e-15,36364933634805.727,1.3224019122910555e+27,2.7499018973676241e-14,7.5619975342254636e-28,1,2.7499018973676241e-14,1.412672530725386e-13,1.995636734903552e-26,1,1,not_skipped,success,1,0.0028604699999999999,0.053483299999999998,0.95832922705876655,0.9183950633138982,,,,,,,,,,,,,,,,,,,,,,,,
outer,2d,non_matching_initial,p1,1,adaptive_force_effective_rho_no_inner_refinement,force_eff_rho_no_inner,production_2M,2000000,completed,24339171,20260701_091331_675538_job24339171,snellius_next_mem216,algorithm_data_ordered/2d/non_matching_initial/p1/production_2M/adaptive_force_effective_rho_no_inner_refinement,outer_history.csv,completed,8,,,54,54,81,106,106,894,0.106773,0.808058,1,1,0,1,0,0,adaptive,1,0.0385069,1,computed_required,2.44444,1.0066,2.42843,0.606711,0.77891600000000005,1.4830700000000001,1.2178136146389562,0.61071299999999995,0.78148128576441289,-0.15312917442464211,0.15312917442464211,10,-0.13935275842382627,0.13935275842382627,10,-0.27870551684765255,0.27870551684765255,10,0.185056,0.43018200000000001,0.0030556300000000002,0.055277800000000002,0.79411299999999996,0.89112999999999998,0.0030429699999999999,0.0551631,1.26579e-05,0.0035577999999999999,9.9823599999999999e-29,9.9911699999999994e-15,9.99117e-15,15.50483444825454,240.40085638218031,0.064496012733149519,0.004159718958780402,0.99792502595978849,0.064362185181031081,1.8074471125840752e-13,3.2668745888736529e-26,1,1,not_skipped,success,1,0.0027721600000000001,0.052651299999999998,0.95248544623700648,0.90723026020820585,,,,,,,,,,,,,,,,,,,,,,,,
outer,2d,non_matching_initial,p1,1,adaptive_force_effective_rho_no_inner_refinement,force_eff_rho_no_inner,production_2M,2000000,completed,24339171,20260701_091331_675538_job24339171,snellius_next_mem216,algorithm_data_ordered/2d/non_matching_initial/p1/production_2M/adaptive_force_effective_rho_no_inner_refinement,outer_history.csv,completed,9,,,81,81,120,160,160,1245,0.130326,0.943713,1,1,0,1,0,0,adaptive,1,0.0371676,1,computed_required,2.44444,1.00617,2.42946,0.598109,0.77337500000000003,1.46204,1.2091484606945502,0.60179800000000006,0.77575640506540455,-0.15312917442464211,0.15312917442464211,10,-0.13935275842382627,0.13935275842382627,10,-0.27870551684765255,0.27870551684765255,10,0.188802,0.43451400000000001,0.0027858000000000002,0.0527807,0.78002199999999999,0.883189,0.0027600200000000002,0.052535900000000003,2.57781e-05,0.0050772100000000004,1.43194e-28,1.19664e-14,1.19664e-14,10.347395518404793,107.06840302427256,0.096642676722012946,0.0093398236244664895,0.99536194101252928,0.096194442286669193,2.2671923638754316e-13,5.1401392777658118e-26,1,1,not_skipped,success,1,0.0025255199999999998,0.050254600000000003,0.95213970258067826,0.90656902864527233,,,,,,,,,,,,,,,,,,,,,,,,
outer,2d,non_matching_initial,p1,1,adaptive_force_effective_rho_no_inner_refinement,force_eff_rho_no_inner,production_2M,2000000,completed,24339171,20260701_091331_675538_job24339171,snellius_next_mem216,algorithm_data_ordered/2d/non_matching_initial/p1/production_2M/adaptive_force_effective_rho_no_inner_refinement,outer_history.csv,completed,10,,,120,120,180,238,238,1803,0.17827,1.12759,1,1,0,1,0,0,adaptive,1,0.0446458,1,computed_required,2.44444,1.00871,2.42333,0.53014300000000003,0.72810900000000001,1.2959000000000001,1.1383760362902937,0.53476199999999996,0.73127423036778749,-0.15312917442464211,0.15312917442464211,10,-0.13935275842382627,0.13935275842382627,10,-0.27870551684765255,0.27870551684765255,10,0.191908,0.43807299999999999,0.0033294499999999999,0.0577014,0.68046899999999999,0.82490600000000003,0.00215351,0.046406000000000003,0.0011759400000000001,0.034292000000000003,2.7470199999999999e-28,1.6574099999999999e-14,1.65741e-14,1.3532602356234691,1.8313094205486673,0.73895616946084564,0.54605736681046302,0.80424391782521742,0.59430100482830583,2.8723913111293657e-13,8.2506720329183501e-26,1,1,not_skipped,success,1,0.0020726799999999999,0.045526700000000003,0.78900511945983987,0.62252924657225672,,,,,,,,,,,,,,,,,,,,,,,,
outer,2d,non_matching_initial,p1,1,adaptive_force_effective_rho_no_inner_refinement,force_eff_rho_no_inner,production_2M,2000000,completed,24339171,20260701_091331_675538_job24339171,snellius_next_mem216,algorithm_data_ordered/2d/non_matching_initial/p1/production_2M/adaptive_force_effective_rho_no_inner_refinement,outer_history.csv,completed,11,,,180,180,260,358,358,2841,0.212554,1.34651,1,1,0,1,0,0,adaptive,1,0.0447659,1,computed_required,2.44444,1.00876,2.42323,0.523953,0.72384599999999999,1.28077,1.1317110938751109,0.52854100000000004,0.72700825304806549,-0.15312917442464211,0.15312917442464211,10,-0.13935275842382627,0.13935275842382627,10,-0.27870551684765255,0.27870551684765255,10,0.19572700000000001,0.442411,0.0032664,0.057152399999999999,0.66983199999999998,0.81843200000000005,0.00210991,0.045933799999999997,0.0011564800000000001,0.034007099999999998,4.1947200000000002e-28,2.0481000000000001e-14,2.0481e-14,1.3507120571880578,1.8244241145545101,0.74035024317604903,0.54811816617770426,0.80370728088409227,0.59502488084489891,3.5835765427173664e-13,1.2842027920646585e-25,1,1,not_skipped,success,1,0.0020336400000000002,0.045095900000000001,0.78904647923796734,0.62259368111682589,,,,,,,,,,,,,,,,,,,,,,,,
outer,2d,non_matching_initial,p1,1,adaptive_force_effective_rho_no_inner_refinement,force_eff_rho_no_inner,production_2M,2000000,completed,24339171,20260701_091331_675538_job24339171,snellius_next_mem216,algorithm_data_ordered/2d/non_matching_initial/p1/production_2M/adaptive_force_effective_rho_no_inner_refinement,outer_history.csv,completed,12,,,260,260,353,518,518,3777,0.259551,1.61506,1,1,0,1,0,0,adaptive,1,0.0449377,1,computed_required,2.44444,1.00882,2.42307,0.51513299999999995,0.71772800000000003,1.2592099999999999,1.1221452668883829,0.51967699999999994,0.72088626009933077,-0.15312917442464211,0.15312917442464211,10,-0.13935275842382627,0.13935275842382627,10,-0.27870551684765255,0.27870551684765255,10,0.19963600000000001,0.44680599999999998,0.0031857399999999998,0.056442399999999997,0.65535399999999999,0.80954000000000004,0.00209121,0.045729699999999998,0.00109453,0.033083700000000001,5.3182899999999997e-28,2.3061399999999999e-14,2.30614e-14,1.3822426149433105,1.9106008971887476,0.72346199515850751,0.52339554611923245,0.81020119626380172,0.58614977392881951,4.0858290930222671e-13,1.6694049106330083e-25,1,1,not_skipped,success,1,0.0020240599999999998,0.044989500000000002,0.79708694173174788,0.63535002856479184,,,,,,,,,,,,,,,,,,,,,,,,
outer,2d,non_matching_initial,p1,1,adaptive_force_effective_rho_no_inner_refinement,force_eff_rho_no_inner,production_2M,2000000,completed,24339171,20260701_091331_675538_job24339171,snellius_next_mem216,algorithm_data_ordered/2d/non_matching_initial/p1/production_2M/adaptive_force_effective_rho_no_inner_refinement,outer_history.csv,completed,13,,,353,353,489,704,704,5100,0.37581,1.9974,1,1,0,1,0,0,adaptive,1,0.0433422,1,computed_required,2.44444,1.00824,2.42446,0.40088200000000002,0.63315200000000005,0.97993300000000005,0.9899156529725146,0.40418500000000002,0.63575545613073592,-0.15312917442464211,0.15312917442464211,10,-0.13935275842382627,0.13935275842382627,10,-0.27870551684765255,0.27870551684765255,10,0.144153,0.37967499999999998,0.00238668,0.0488537,0.51498299999999997,0.71762300000000001,0.002323,0.048197499999999997,6.3686400000000001e-05,0.0079803700000000005,1.7197300000000002e-27,4.1469700000000003e-14,4.14697e-14,6.0395069401544035,36.475605466787258,0.16557643031277558,0.027415583297460182,0.98656805932815728,0.16335241752415888,8.4885484620407467e-13,7.2055323713275355e-25,1,1,not_skipped,success,1,0.0021859599999999998,0.046754299999999999,0.95702679633272403,0.91589991117368053,,,,,,,,,,,,,,,,,,,,,,,,
outer,2d,non_matching_initial,p1,1,adaptive_force_effective_rho_no_inner_refinement,force_eff_rho_no_inner,production_2M,2000000,completed,24339171,20260701_091331_675538_job24339171,snellius_next_mem216,algorithm_data_ordered/2d/non_matching_initial/p1/production_2M/adaptive_force_effective_rho_no_inner_refinement,outer_history.csv,completed,14,,,489,489,807,976,976,7404,0.498867,2.50404,1,1,0,1,0,0,adaptive,1,0.0426149,1,computed_required,2.44444,1.00798,2.42508,0.39890300000000001,0.63158800000000004,0.97509599999999996,0.98746949319966337,0.402088,0.63410409240123977,-0.15312917442464211,0.15312917442464211,10,-0.13935275842382627,0.13935275842382627,10,-0.27870551684765255,0.27870551684765255,10,0.14533099999999999,0.38122299999999998,0.0022884300000000002,0.047837499999999998,0.511602,0.71526299999999998,0.0022223799999999999,0.047142099999999999,6.6048400000000003e-05,0.0081270100000000005,2.1511899999999999e-27,4.6380900000000002e-14,4.63809e-14,5.8006696189619547,33.647749226324933,0.17239388996247518,0.029719669903436857,0.98546328717010712,0.16988784949046251,9.6955108440031359e-13,9.4002875333744076e-25,1,1,not_skipped,success,1,0.0021004999999999999,0.045831200000000002,0.95806009929448666,0.91787819596841491,,,,,,,,,,,,,,,,,,,,,,,,
outer,2d,non_matching_initial,p1,1,adaptive_force_effective_rho_no_inner_refinement,force_eff_rho_no_inner,production_2M,2000000,completed,24339171,20260701_091331_675538_job24339171,snellius_next_mem216,algorithm_data_ordered/2d/non_matching_initial/p1/production_2M/adaptive_force_effective_rho_no_inner_refinement,outer_history.csv,completed,15,,,807,807,1069,1612,1612,11172,0.663487,3.17617,1,1,0,1,0,0,adaptive,1,0.0465009,1,computed_required,2.44444,1.0094,2.42167,0.37606499999999998,0.61324100000000004,0.91927000000000003,0.9587856903396087,0.37960100000000002,0.61611768356378149,-0.15312917442464211,0.15312917442464211,10,-0.13935275842382627,0.13935275842382627,10,-0.27870551684765255,0.27870551684765255,10,0.148142,0.38489299999999999,0.00246335,0.049632099999999998,0.47736400000000001,0.69091499999999995,0.0021796599999999999,0.046686800000000001,0.00028369300000000001,0.016843199999999999,3.3272399999999997e-27,5.7682199999999995e-14,5.76822e-14,2.7718485798423105,7.6831645475919386,0.36077006777076176,0.13015470302707763,0.9406573568315667,0.33936101837318994,1.1621954340033969e-12,1.3506972212637261e-24,1,1,not_skipped,success,1,0.0020611100000000001,0.045399500000000002,0.91472051353861727,0.83671017110844992,,,,,,,,,,,,,,,,,,,,,,,,
outer,2d,non_matching_initial,p1,1,adaptive_force_effective_rho_no_inner_refinement,force_eff_rho_no_inner,production_2M,2000000,completed,24339171,20260701_091331_675538_job24339171,snellius_next_mem216,algorithm_data_ordered/2d/non_matching_initial/p1/production_2M/adaptive_force_effective_rho_no_inner_refinement,outer_history.csv,completed,16,,,1069,1069,1771,2136,2136,14760,1.05978,4.24572,1,1,0,1,0,0,adaptive,1,0.0493464,1,computed_required,2.44444,1.0105,2.41903,0.35807099999999997,0.59838999999999998,0.87528399999999995,0.93556613876304862,0.36183199999999999,0.6015247293337157,-0.15312917442464211,0.15312917442464211,10,-0.13935275842382627,0.13935275842382627,10,-0.27870551684765255,0.27870551684765255,10,0.148451,0.385293,0.0025633499999999998,0.050629500000000001,0.451235,0.67174,0.00194516,0.044103900000000001,0.00061819100000000003,0.024863400000000001,4.6196800000000001e-27,6.7968300000000003e-14,6.79683e-14,1.7738483071502691,3.1465356176327379,0.563746063273316,0.3178098459766806,0.87111071608449619,0.49108523686783395,1.3424643735371671e-12,1.8022041469171202e-24,1,1,not_skipped,success,1,0.0018717199999999999,0.043263299999999998,0.85450774745948499,0.73018510932958824,,,,,,,,,,,,,,,,,,,,,,,,
outer,2d,non_matching_initial,p1,1,adaptive_force_effective_rho_no_inner_refinement,force_eff_rho_no_inner,production_2M,2000000,completed,24339171,20260701_091331_675538_job24339171,snellius_next_mem216,algorithm_data_ordered/2d/non_matching_initial/p1/production_2M/adaptive_force_effective_rho_no_inner_refinement,outer_history.csv,completed,17,,,1771,1771,2357,3540,3540,24432,1.43459,5.69367,1,1,0,1,0,0,adaptive,1,0.0674174,1,computed_required,2.44444,1.01866,2.39966,0.311583,0.55819600000000003,0.76164799999999999,0.87272446969246831,0.31739800000000001,0.56338086584476754,-0.15312917442464211,0.15312917442464211,10,-0.13935275842382627,0.13935275842382627,10,-0.27870551684765255,0.27870551684765255,10,0.135739,0.36842799999999998,0.0038985399999999998,0.062438300000000002,0.38973600000000003,0.62428899999999998,0.0014957900000000001,0.038675399999999999,0.0024027599999999999,0.049017900000000003,9.1323999999999997e-27,9.5563599999999994e-14,9.55636e-14,0.78900564895680958,0.6225299239208244,1.2674180486821081,1.6063484847471903,0.6194178893403568,0.78506141262654494,1.5305285377724889e-12,2.3425179682650429e-24,1,1,not_skipped,success,1,0.00153718,0.039206999999999999,0.62793189436611818,0.39429632631703154,,,,,,,,,,,,,,,,,,,,,,,,
outer,2d,non_matching_initial,p1,1,adaptive_force_effective_rho_no_inner_refinement,force_eff_rho_no_inner,production_2M,2000000,completed,24339171,20260701_091331_675538_job24339171,snellius_next_mem216,algorithm_data_ordered/2d/non_matching_initial/p1/production_2M/adaptive_force_effective_rho_no_inner_refinement,outer_history.csv,completed,18,,,2357,2357,3509,4712,4712,31500,1.84278,7.55769,1,1,0,1,0,0,adaptive,1,0.0875389,1,computed_required,2.44444,1.02986,2.37357,0.28490500000000002,0.53376500000000004,0.69643500000000003,0.83452681203182444,0.29341299999999998,0.54167610248191678,-0.15312917442464211,0.15312917442464211,10,-0.13935275842382627,0.13935275842382627,10,-0.27870551684765255,0.27870551684765255,10,0.119836,0.34617300000000001,0.0058475899999999997,0.076469499999999996,0.358269,0.59855599999999998,0.0014306500000000001,0.037824000000000003,0.0044169400000000003,0.066460099999999994,1.2908100000000001e-26,1.1361399999999999e-13,1.13614e-13,0.5691234289445849,0.32390070954099442,1.7570880922165817,3.0873658826407575,0.49462857740667854,0.86910598343130263,1.4857426817227784e-12,2.207422202993028e-24,1,1,not_skipped,success,1,0.0014908,0.038610899999999997,0.50491895461589265,0.25494263448702803,,,,,,,,,,,,,,,,,,,,,,,,
outer,2d,non_matching_initial,p1,1,adaptive_force_effective_rho_no_inner_refinement,force_eff_rho_no_inner,production_2M,2000000,completed,24339171,20260701_091331_675538_job24339171,snellius_next_mem216,algorithm_data_ordered/2d/non_matching_initial/p1/production_2M/adaptive_force_effective_rho_no_inner_refinement,outer_history.csv,completed,19,,,3509,3509,5006,7016,7016,45252,2.60896,10.1855,1,1,0,1,0,0,adaptive,1,0.105211,1,computed_required,2.44444,1.04129,2.34751,0.24854999999999999,0.49854799999999999,0.607568,0.7794664842057033,0.25881300000000002,0.5087366705870533,-0.15312917442464211,0.15312917442464211,10,-0.13935275842382627,0.13935275842382627,10,-0.27870551684765255,0.27870551684765255,10,0.10208100000000001,0.31950099999999998,0.0071777799999999999,0.0847218,0.31364799999999998,0.56004299999999996,0.00112845,0.033592400000000001,0.0060493300000000003,0.077777399999999997,2.2010800000000001e-26,1.4836000000000001e-13,1.4836e-13,0.4319043835355772,0.18654131945190625,2.3153272764077588,5.3607426115468124,0.39650243502852867,0.91803290298364759,1.7511431532380098e-12,3.0665191744522681e-24,1,1,not_skipped,success,1,0.0013731500000000001,0.037055999999999999,0.43738447483410409,0.19130566832641849,,,,,,,,,,,,,,,,,,,,,,,,
outer,2d,non_matching_initial,p1,1,adaptive_force_effective_rho_no_inner_refinement,force_eff_rho_no_inner,production_2M,2000000,completed,24339171,20260701_091331_675538_job24339171,snellius_next_mem216,algorithm_data_ordered/2d/non_matching_initial/p1/production_2M/adaptive_force_effective_rho_no_inner_refinement,outer_history.csv,completed,20,,,5006,5006,7406,10010,10010,66867,4.12191,14.3302,1,1,0,1,0,0,adaptive,1,0.0442177,1,computed_required,2.44444,1.00856,2.42371,0.24463699999999999,0.49460799999999999,0.598001,0.77330524374272802,0.24673,0.49671923659145717,-0.15312917442464211,0.15312917442464211,10,-0.13935275842382627,0.13935275842382627,10,-0.27870551684765255,0.27870551684765255,10,0.098940600000000004,0.31454799999999999,0.0014401399999999999,0.037949200000000002,0.30939100000000003,0.55622899999999997,0.00099170599999999997,0.031491400000000003,0.00044843299999999998,0.021176199999999999,2.8144699999999999e-26,1.67764e-13,1.67764e-13,1.4871128908869393,2.2114920177596207,0.67244390532018261,0.45218340919587052,0.82983040485701942,0.55801439819548238,4.4207519526103312e-12,1.9543030538697628e-23,1,1,not_skipped,success,1,0.00094630599999999995,0.030762100000000001,0.81061260843443339,0.65709306039690585,,,,,,,,,,,,,,,,,,,,,,,,
outer,2d,non_matching_initial,p1,1,adaptive_force_effective_rho_no_inner_refinement,force_eff_rho_no_inner,production_2M,2000000,completed,24339171,20260701_091331_675538_job24339171,snellius_next_mem216,algorithm_data_ordered/2d/non_matching_initial/p1/production_2M/adaptive_force_effective_rho_no_inner_refinement,outer_history.csv,completed,21,,,7406,7406,10126,14810,14810,95655,5.55462,19.9206,1,1,0,1,0,0,adaptive,1,0.0538664,1,computed_required,2.44444,1.01236,2.4146,0.22306999999999999,0.472302,0.54528100000000002,0.73843144570095332,0.225827,0.47521258400846245,-0.15312917442464211,0.15312917442464211,10,-0.13935275842382627,0.13935275842382627,10,-0.27870551684765255,0.27870551684765255,10,0.095352199999999998,0.30879200000000001,0.00185528,0.043072899999999997,0.279833,0.52899200000000002,0.00085413700000000004,0.029225600000000001,0.00100114,0.031640799999999997,4.3952399999999999e-26,2.09648e-13,2.09648e-13,0.92366817526737643,0.8531643925924447,1.082639877367787,1.1721070507424451,0.67851479700693484,0.73458717662381678,4.8672831409076247e-12,2.3690440256996248e-23,1,1,not_skipped,success,1,0.00087808199999999997,0.0296324,0.68795925048000017,0.47328812901556638,,,,,,,,,,,,,,,,,,,,,,,,
outer,2d,non_matching_initial,p1,1,adaptive_force_effective_rho_no_inner_refinement,force_eff_rho_no_inner,production_2M,2000000,completed,24339171,20260701_091331_675538_job24339171,snellius_next_mem216,algorithm_data_ordered/2d/non_matching_initial/p1/production_2M/adaptive_force_effective_rho_no_inner_refinement,outer_history.csv,completed,22,,,10126,10126,14294,20250,20250,128715,8.95775,28.9239,1,1,0,1,0,0,adaptive,1,0.0701807,1,computed_required,2.44444,1.02008,2.39634,0.19925200000000001,0.44637700000000002,0.48706100000000002,0.69789755695230804,0.20325199999999999,0.45083478126692933,-0.15312917442464211,0.15312917442464211,10,-0.13935275842382627,0.13935275842382627,10,-0.27870551684765255,0.27870551684765255,10,0.088886199999999999,0.29813800000000001,0.0026534200000000001,0.051511300000000003,0.248304,0.49830099999999999,0.00079988800000000001,0.0282823,0.0018535299999999999,0.043052600000000003,7.1089900000000003e-26,2.6662699999999998e-13,2.66627e-13,0.65692432048238658,0.43154845079389059,1.5222453619401535,2.3172369131678434,0.54905040253303639,0.83578942872728901,5.176087576900602e-12,2.67918007703266e-23,1,1,not_skipped,success,1,0.00096366799999999999,0.031043000000000001,0.60264446830113005,0.36317959463635607,,,,,,,,,,,,,,,,,,,,,,,,
outer,2d,non_matching_initial,p1,1,adaptive_force_effective_rho_no_inner_refinement,force_eff_rho_no_inner,production_2M,2000000,completed,24339171,20260701_091331_675538_job24339171,snellius_next_mem216,algorithm_data_ordered/2d/non_matching_initial/p1/production_2M/adaptive_force_effective_rho_no_inner_refinement,outer_history.csv,completed,23,,,14294,14294,20665,28586,28586,186003,12.3818,41.3828,1,1,0,1,0,0,adaptive,1,0.0830713,1,computed_required,2.44444,1.0272,2.37972,0.18604499999999999,0.43132900000000002,0.45477600000000001,0.67437081787396469,0.191105,0.43715557871311672,-0.15312917442464211,0.15312917442464211,10,-0.13935275842382627,0.13935275842382627,10,-0.27870551684765255,0.27870551684765255,10,0.082929600000000006,0.28797499999999998,0.0033769300000000002,0.058111299999999998,0.231874,0.48153299999999999,0.00078038499999999998,0.027935399999999999,0.00259654,0.050956300000000003,9.74619e-26,3.1218899999999998e-13,3.12189e-13,0.54822269277792923,0.30054803700308869,1.8240762616608319,3.3272551368875622,0.48072233799622449,0.87687420518900805,5.3722597842416187e-12,2.8861095728960921e-23,1,1,not_skipped,success,1,0.00097209300000000005,0.031178399999999998,0.53652903996296764,0.28786294059989398,,,,,,,,,,,,,,,,,,,,,,,,
outer,2d,non_matching_initial,p1,1,adaptive_force_effective_rho_no_inner_refinement,force_eff_rho_no_inner,production_2M,2000000,completed,24339171,20260701_091331_675538_job24339171,snellius_next_mem216,algorithm_data_ordered/2d/non_matching_initial/p1/production_2M/adaptive_force_effective_rho_no_inner_refinement,outer_history.csv,completed,24,,,20665,20665,28451,41328,41328,263055,16.716,58.2064,1,1,0,1,0,0,adaptive,1,0.0986765,1,computed_required,2.44444,1.0369,2.35745,0.17130500000000001,0.41388999999999998,0.41874499999999998,0.64710509192866039,0.17762700000000001,0.42145818297904719,-0.15312917442464211,0.15312917442464211,10,-0.13935275842382627,0.13935275842382627,10,-0.27870551684765255,0.27870551684765255,10,0.075532699999999994,0.27483200000000002,0.0042698500000000004,0.065344100000000002,0.21387,0.46246100000000001,0.00070750499999999998,0.026599000000000001,0.0035623400000000002,0.0596854,1.41845e-25,3.7662299999999998e-13,3.76623e-13,0.44565337586746512,0.19860681462184968,2.2438963870822208,5.0350739570745091,0.40706046911656907,0.91340151597466335,5.7636879228576104e-12,3.3220136538754284e-23,1,1,not_skipped,success,1,0.00097466000000000002,0.031219500000000001,0.47777075512555839,0.22826562994016181,,,,,,,,,,,,,,,,,,,,,,,,
outer,2d,non_matching_initial,p1,1,adaptive_force_effective_rho_no_inner_refinement,force_eff_rho_no_inner,production_2M,2000000,completed,24339171,20260701_091331_675538_job24339171,snellius_next_mem216,algorithm_data_ordered/2d/non_matching_initial/p1/production_2M/adaptive_force_effective_rho_no_inner_refinement,outer_history.csv,completed,25,,,28451,28451,40241,56900,56900,356358,23.9809,82.3471,1,1,0,1,0,0,adaptive,1,0.103447,1,computed_required,2.44444,1.04009,2.35023,0.1535,0.39179000000000003,0.37522100000000003,0.61255285486233757,0.15965299999999999,0.39956601457080904,-0.15312917442464211,0.15312917442464211,10,-0.13935275842382627,0.13935275842382627,10,-0.27870551684765255,0.27870551684765255,10,0.068277299999999999,0.261299,0.00414708,0.064397899999999994,0.19137599999999999,0.43746600000000002,0.00056994399999999996,0.023873499999999999,0.0035771399999999999,0.0598092,2.14603e-25,4.6325299999999999e-13,4.63253e-13,0.39916099864234933,0.15932952023124619,2.5052547804050516,6.2763008295551845,0.37071861038946924,0.92874457086333573,7.193604139265411e-12,5.1747976889763396e-23,1,1,not_skipped,success,1,0.00131807,0.036305200000000003,0.56376372521464224,0.31783085930341348,,,,,,,,,,,,,,,,,,,,,,,,
outer,2d,non_matching_initial,p1,1,adaptive_force_effective_rho_no_inner_refinement,force_eff_rho_no_inner,production_2M,2000000,completed,24339171,20260701_091331_675538_job24339171,snellius_next_mem216,algorithm_data_ordered/2d/non_matching_initial/p1/production_2M/adaptive_force_effective_rho_no_inner_refinement,outer_history.csv,completed,26,,,40241,40241,60403,80480,80480,513546,38.0628,120.587,1,1,0,1,0,0,adaptive,1,0.0746795,1,computed_required,2.44444,1.02246,2.39074,0.142763,0.37784000000000001,0.34897600000000001,0.59074190641937707,0.14596999999999999,0.38206020467983837,-0.15312917442464211,0.15312917442464211,10,-0.13935275842382627,0.13935275842382627,10,-0.27870551684765255,0.27870551684765255,10,0.065333799999999997,0.25560500000000003,0.0021037400000000002,0.045866499999999998,0.177176,0.42092299999999999,0.00047905700000000002,0.021887400000000001,0.0016246800000000001,0.040307299999999997,3.1033199999999999e-25,5.5707399999999995e-13,5.57074e-13,0.54301330032028949,0.29486237289804762,1.8415755183347495,3.3914127128922029,0.47719795493442935,0.87879607120665404,1.2145552854479848e-11,1.4751442668770853e-22,1,1,not_skipped,success,1,0.00059638400000000004,0.024421000000000002,0.53243652774901074,0.28348750320857141,,,,,,,,,,,,,,,,,,,,,,,,
outer,2d,non_matching_initial,p1,1,adaptive_force_effective_rho_no_inner_refinement,force_eff_rho_no_inner,production_2M,2000000,completed,24339171,20260701_091331_675538_job24339171,snellius_next_mem216,algorithm_data_ordered/2d/non_matching_initial/p1/production_2M/adaptive_force_effective_rho_no_inner_refinement,outer_history.csv,completed,27,,,60403,60403,78109,120804,120804,756150,52.1812,173.085,1,1,0,1,0,0,adaptive,1,0.0959407,1,computed_required,2.44444,1.03512,2.3615,0.12798999999999999,0.35775600000000002,0.312863,0.55934157721378086,0.13248499999999999,0.36398488979626614,-0.15312917442464211,0.15312917442464211,10,-0.13935275842382627,0.13935275842382627,10,-0.27870551684765255,0.27870551684765255,10,0.059328699999999998,0.24357500000000001,0.0029576400000000001,0.054384200000000001,0.15850600000000001,0.39812799999999998,0.00043896199999999999,0.020951399999999998,0.0025186800000000001,0.050186500000000002,4.8368799999999997e-25,6.9547599999999999e-13,6.95476e-13,0.41747083378996341,0.17428256070640175,2.3953769199194328,5.7378087397086768,0.38524792127125157,0.92281397906009466,1.2788199513829384e-11,1.6353849690969826e-22,1,1,not_skipped,success,1,0.00067174499999999996,0.025918,0.47657223973139257,0.22712196210492147,,,,,,,,,,,,,,,,,,,,,,,,
outer,2d,non_matching_initial,p1,1,adaptive_force_effective_rho_no_inner_refinement,force_eff_rho_no_inner,production_2M,2000000,completed,24339171,20260701_091331_675538_job24339171,snellius_next_mem216,algorithm_data_ordered/2d/non_matching_initial/p1/production_2M/adaptive_force_effective_rho_no_inner_refinement,outer_history.csv,completed,28,,,78109,78109,106790,156216,156216,968274,70.308,243.85,1,1,0,1,0,0,adaptive,1,0.0945617,1,computed_required,2.44444,1.03424,2.36352,0.118523,0.34427200000000002,0.28972399999999998,0.53826016014563072,0.122581,0.35011569516375585,-0.15312917442464211,0.15312917442464211,10,-0.13935275842382627,0.13935275842382627,10,-0.27870551684765255,0.27870551684765255,10,0.054533400000000003,0.23352400000000001,0.0026784600000000001,0.051753899999999999,0.14696300000000001,0.38335799999999998,0.00038512000000000003,0.0196245,0.00229334,0.047888899999999998,6.4773800000000002e-25,8.0482200000000004e-13,8.04822e-13,0.40979224830806305,0.16792974439027794,2.4402608983668372,5.9548712089738265,0.37918881475598942,0.92531963774710702,1.5550943986829979e-11,2.418322468881372e-22,1,1,not_skipped,success,1,0.00067943099999999998,0.026065899999999999,0.50365093258672289,0.25366479245536611,,,,,,,,,,,,,,,,,,,,,,,,
outer,2d,non_matching_initial,p1,1,adaptive_force_effective_rho_no_inner_refinement,force_eff_rho_no_inner,production_2M,2000000,completed,24339171,20260701_091331_675538_job24339171,snellius_next_mem216,algorithm_data_ordered/2d/non_matching_initial/p1/production_2M/adaptive_force_effective_rho_no_inner_refinement,outer_history.csv,completed,29,,,106790,106790,155106,213594,213594,1342746,113.634,358.082,1,1,0,1,0,0,adaptive,1,0.0723262,1,computed_required,2.44444,1.0212,2.3937,0.11097799999999999,0.33313399999999999,0.27128000000000002,0.52084546652534092,0.113331,0.33664669907783146,-0.15312917442464211,0.15312917442464211,10,-0.13935275842382627,0.13935275842382627,10,-0.27870551684765255,0.27870551684765255,10,0.052323799999999997,0.228744,0.00151724,0.038951800000000002,0.137047,0.37019800000000003,0.00034413100000000002,0.018550799999999999,0.00117311,0.034250700000000002,9.5868000000000008e-25,9.7912199999999991e-13,9.79122e-13,0.54161812751272231,0.29334930228196848,1.8463192962028594,3.4089053296564389,0.47625013478196127,0.87930981366714767,2.5136758763394757e-11,6.3185784714349747e-22,1,1,not_skipped,success,1,0.00059630900000000005,0.024419400000000001,0.62691326203153641,0.39302219820199841,,,,,,,,,,,,,,,,,,,,,,,,
outer,2d,non_matching_initial,p1,1,adaptive_force_effective_rho_no_inner_refinement,force_eff_rho_no_inner,production_2M,2000000,completed,24339171,20260701_091331_675538_job24339171,snellius_next_mem216,algorithm_data_ordered/2d/non_matching_initial/p1/production_2M/adaptive_force_effective_rho_no_inner_refinement,outer_history.csv,completed,30,,,155106,155106,211935,310682,310682,1930254,160.556,519.683,1,1,0,1,0,0,adaptive,1,0.0852441,1,computed_required,2.44444,1.02848,2.37675,0.10180699999999999,0.319073,0.248862,0.49886070200006732,0.10470699999999999,0.32358461026445617,-0.15312917442464211,0.15312917442464211,10,-0.13935275842382627,0.13935275842382627,10,-0.27870551684765255,0.27870551684765255,10,0.049438700000000002,0.22234799999999999,0.00185082,0.043021200000000002,0.125082,0.35366999999999998,0.00030558499999999998,0.017481,0.0015452300000000001,0.039309499999999997,1.47035e-24,1.2125800000000001e-12,1.21258e-12,0.44470166244800879,0.19776020398257863,2.2486985870373548,5.0566290884696574,0.40633455133748009,0.913723931457049,2.818563870835774e-11,7.9443165731945838e-22,1,1,not_skipped,success,1,0.00074710800000000002,0.027333300000000001,0.6353448997238571,0.40366324115797325,,,,,,,,,,,,,,,,,,,,,,,,
outer,2d,non_matching_initial,p1,1,adaptive_force_effective_rho_no_inner_refinement,force_eff_rho_no_inner,production_2M,2000000,completed,24339171,20260701_091331_675538_job24339171,snellius_next_mem216,algorithm_data_ordered/2d/non_matching_initial/p1/production_2M/adaptive_force_effective_rho_no_inner_refinement,outer_history.csv,completed,31,,,211935,211935,280857,424348,424348,2613870,219.955,741.15,1,1,0,1,0,0,adaptive,1,0.114967,1,computed_required,2.44444,1.04817,2.33211,0.0921791,0.30360999999999999,0.225327,0.47468621214440176,0.096618999999999997,0.31083596960454885,-0.15312917442464211,0.15312917442464211,10,-0.13935275842382627,0.13935275842382627,10,-0.27870551684765255,0.27870551684765255,10,0.044696399999999997,0.21141499999999999,0.0028778499999999999,0.053645600000000002,0.11328199999999999,0.33657500000000001,0.000259258,0.016101500000000001,0.0026185900000000001,0.051172200000000001,2.0739200000000002e-24,1.44011e-12,1.44011e-12,0.31465326876702587,0.099006717355523396,3.1781014191224419,10.10032477300604,0.30014577150782173,0.9538937023726084,2.6844885694260107e-11,7.2064909567906602e-22,1,1,not_skipped,success,1,0.0010751599999999999,0.032789600000000002,0.61122627018804898,0.37359834598745589,,,,,,,,,,,,,,,,,,,,,,,,
outer,2d,non_matching_initial,p1,1,adaptive_force_effective_rho_no_inner_refinement,force_eff_rho_no_inner,production_2M,2000000,completed,24339171,20260701_091331_675538_job24339171,snellius_next_mem216,algorithm_data_ordered/2d/non_matching_initial/p1/production_2M/adaptive_force_effective_rho_no_inner_refinement,outer_history.csv,completed,32,,,280857,280857,396129,562184,562184,3462432,372.761,1115.84,1,1,0,1,0,0,adaptive,1,0.116611,1,computed_required,2.44444,1.04936,2.32946,0.082247299999999995,0.28678799999999999,0.20104900000000001,0.44838487931686544,0.086307300000000003,0.29378104091312635,-0.15312917442464211,0.15312917442464211,10,-0.13935275842382627,0.13935275842382627,10,-0.27870551684765255,0.27870551684765255,10,0.039820300000000003,0.19955000000000001,0.0026358100000000001,0.0513401,0.101104,0.31796799999999997,0.000220733,0.0148571,0.00241508,0.049143399999999997,3.3260300000000001e-24,1.8237400000000001e-12,1.82374e-12,0.30232136970579976,0.091397800486940392,3.3077383877068876,10.94118233340733,0.28938587965352619,0.95721278299029411,3.5522720057031444e-11,1.2618625773481396e-21,1,1,not_skipped,success,1,0.0011264000000000001,0.033561899999999999,0.65371707495700238,0.42734491484591075,,,,,,,,,,,,,,,,,,,,,,,,
outer,2d,non_matching_initial,p1,1,adaptive_force_effective_rho_no_inner_refinement,force_eff_rho_no_inner,production_2M,2000000,completed,24339171,20260701_091331_675538_job24339171,snellius_next_mem216,algorithm_data_ordered/2d/non_matching_initial/p1/production_2M/adaptive_force_effective_rho_no_inner_refinement,outer_history.csv,completed,33,,,396129,396129,550767,793128,793128,4893024,525.99,1645.18,1,1,0,1,0,0,adaptive,1,0.117059,1,computed_required,2.44444,1.04969,2.32873,0.075933100000000003,0.27556000000000003,0.185614,0.43082943260645507,0.079706299999999994,0.28232304192183816,-0.15312917442464211,0.15312917442464211,10,-0.13935275842382627,0.13935275842382627,10,-0.27870551684765255,0.27870551684765255,10,0.0370937,0.19259699999999999,0.0024382499999999999,0.049378600000000002,0.093195,0.30527900000000002,0.000197562,0.014055700000000001,0.0022406800000000001,0.0473359,4.7259599999999997e-24,2.1739299999999998e-12,2.17393e-12,0.29693530702912591,0.088170555367120693,3.3677369323477304,11.341654771666617,0.28465165071508713,0.95863187696694518,4.4025752046433065e-11,1.9382589972316211e-21,1,1,not_skipped,success,1,0.00109906,0.033152000000000001,0.67138395985305377,0.45075771557469502,,,,,,,,,,,,,,,,,,,,,,,,
outer,2d,non_matching_initial,p1,1,adaptive_force_effective_rho_no_inner_refinement,force_eff_rho_no_inner,production_2M,2000000,completed,24339171,20260701_091331_675538_job24339171,snellius_next_mem216,algorithm_data_ordered/2d/non_matching_initial/p1/production_2M/adaptive_force_effective_rho_no_inner_refinement,outer_history.csv,completed,34,,,550767,550767,711279,1103508,1103508,6761595,740.323,2389.85,1,1,0,1,0,0,adaptive,1,0.135921,1,computed_required,2.44444,1.06416,2.29707,0.068090600000000001,0.26094200000000001,0.16644400000000001,0.40797548945984491,0.072459200000000001,0.26918246599658008,-0.15312917442464211,0.15312917442464211,10,-0.13935275842382627,0.13935275842382627,10,-0.27870551684765255,0.27870551684765255,10,0.032986000000000001,0.181621,0.0028616800000000001,0.053494699999999999,0.083692699999999995,0.28929700000000003,0.00017913200000000001,0.013384,0.0026825500000000001,0.0517933,7.1092100000000002e-24,2.6663100000000002e-12,2.66631e-12,0.25841180229875294,0.066776760917783451,3.8697922893006576,14.97526963356631,0.25019300977480013,0.96819498006344551,4.9842507762451241e-11,2.4842784657963154e-21,1,1,not_skipped,success,1,0.0011944,0.03456,0.6460453091614683,0.41737720499846243,,,,,,,,,,,,,,,,,,,,,,,,
outer,2d,non_matching_initial,p1,1,adaptive_force_effective_rho_no_inner_refinement,force_eff_rho_no_inner,production_2M,2000000,completed,24339171,20260701_091331_675538_job24339171,snellius_next_mem216,algorithm_data_ordered/2d/non_matching_initial/p1/production_2M/adaptive_force_effective_rho_no_inner_refinement,outer_history.csv,completed,35,,,711279,711279,968396,1425052,1425052,8691414,1081.23,3476.75,1,1,0,1,0,0,adaptive,1,0.161979,1,computed_required,2.44444,1.08611,2.25064,0.061983200000000002,0.24896399999999999,0.15151500000000001,0.38924927745597682,0.067320599999999994,0.25946213596592471,-0.15312917442464211,0.15312917442464211,10,-0.13935275842382627,0.13935275842382627,10,-0.27870551684765255,0.27870551684765255,10,0.029668199999999999,0.17224400000000001,0.0035610500000000001,0.059674600000000001,0.076345499999999997,0.27630700000000002,0.00016076600000000001,0.0126794,0.0034002899999999998,0.058312000000000003,1.02492e-23,3.2014400000000001e-12,3.20144e-12,0.21744066401426806,0.047280084933932112,4.5989557865514143,21.150554221663782,0.21247565966089424,0.97716616449879856,5.3648285870370312e-11,2.8781398744752249e-21,1,1,not_skipped,success,1,0.0013485599999999999,0.0367228,0.61538409976774033,0.37869729433734428,,,,,,,,,,,,,,,,,,,,,,,,
outer,2d,non_matching_initial,p1,1,adaptive_force_effective_rho_no_inner_refinement,force_eff_rho_no_inner,production_2M,2000000,completed,24339171,20260701_091331_675538_job24339171,snellius_next_mem216,algorithm_data_ordered/2d/non_matching_initial/p1/production_2M/adaptive_force_effective_rho_no_inner_refinement,outer_history.csv,completed,36,,,968396,968396,1374404,1939974,1939974,11915913,2023.17,5507.45,1,1,0,1,0,0,adaptive,1,0.158343,1,computed_required,2.44444,1.08292,2.25727,0.057655199999999997,0.240115,0.140935,0.37541310579147341,0.062435999999999998,0.24987196721521204,-0.15312917442464211,0.15312917442464211,10,-0.13935275842382627,0.13935275842382627,10,-0.27870551684765255,0.27870551684765255,10,0.0280498,0.16748099999999999,0.0031581999999999999,0.056197799999999999,0.070813100000000004,0.26610699999999998,0.00014714400000000001,0.0121303,0.0030110499999999999,0.054873100000000001,1.60783e-23,4.0097799999999999e-12,4.00978e-12,0.22106095700807865,0.048868002856146529,4.5236391515461287,20.463287663785135,0.21585008665819658,0.97642790287164272,7.1351191683660214e-11,5.0909695396111712e-21,1,1,not_skipped,success,1,0.00125248,0.035390400000000002,0.6297470719494358,0.39658033056804509,,,,,,,,,,,,,,,,,,,,,,,,
outer,2d,non_matching_initial,p1,1,adaptive_force_effective_rho_no_inner_refinement,force_eff_rho_no_inner,production_2M,2000000,completed,24339171,20260701_091331_675538_job24339171,snellius_next_mem216,algorithm_data_ordered/2d/non_matching_initial/p1/production_2M/adaptive_force_effective_rho_no_inner_refinement,outer_history.csv,completed,37,,,1374404,1374404,1800358,2755286,2755286,16831188,3029.24,8550.79,1,1,0,1,0,0,adaptive,1,0.162775,1,computed_required,2.44444,1.08681,2.24919,0.052072199999999999,0.22819300000000001,0.12728800000000001,0.35677443854626134,0.056592799999999999,0.23789241265748684,-0.15312917442464211,0.15312917442464211,10,-0.13935275842382627,0.13935275842382627,10,-0.27870551684765255,0.27870551684765255,10,0.025871000000000002,0.16084499999999999,0.0029600799999999999,0.054406599999999999,0.063717200000000002,0.25242300000000001,0.00012916699999999999,0.011365200000000001,0.0028309099999999999,0.053206299999999998,2.4975700000000001e-23,4.9975700000000001e-12,4.99757e-12,0.21360628346643162,0.045627377768985941,4.6815102241931505,21.916666021507041,0.20889377391713507,0.9779383383633603,9.18559513000261e-11,8.4375084457176842e-21,1,1,not_skipped,success,1,0.00123354,0.035121699999999999,0.64554116596148259,0.41672522364260428,,,,,,,,,,,,,,,,,,,,,,,,
outer,2d,non_matching_initial,p1,1,adaptive_force_effective_rho_no_inner_refinement,force_eff_rho_no_inner,production_2M,2000000,completed,24339171,20260701_091331_675538_job24339171,snellius_next_mem216,algorithm_data_ordered/2d/non_matching_initial/p1/production_2M/adaptive_force_effective_rho_no_inner_refinement,outer_history.csv,completed,38,,,1800358,1800358,2340143,3612938,3612938,21973683,4525.98,13095.2,1,1,0,1,0,0,adaptive,1,0.188527,1,computed_required,2.44444,1.11052,2.20118,0.046854100000000003,0.21645800000000001,0.11453199999999999,0.33842576734049079,0.052032200000000001,0.22810567726385067,-0.15312917442464211,0.15312917442464211,10,-0.13935275842382627,0.13935275842382627,10,-0.27870551684765255,0.27870551684765255,10,0.022750900000000001,0.150834,0.0034723900000000001,0.058927,0.057566699999999998,0.23993100000000001,0.000118347,0.0108787,0.0033540499999999999,0.057914100000000003,2.1934499999999999e-20,1.4810300000000001e-10,1.48103e-10,0.18784199357324036,0.03528480493731459,5.3236232270399961,28.340811342915327,0.18461316544198755,0.9828109355643424,2.5133300524377621e-09,6.3168307707371573e-18,1,1,not_skipped,success,1,0.00143015,0.037817299999999998,0.64176523495171989,0.41186329876540367,,,,,,,,,,,,,,,,,,,,,,,,
inner,2d,non_matching_initial,p1,1,adaptive_force_effective_rho_no_inner_refinement,force_eff_rho_no_inner,production_2M,2000000,completed,24339171,20260701_091331_675538_job24339171,snellius_next_mem216,algorithm_data_ordered/2d/non_matching_initial/p1/production_2M/adaptive_force_effective_rho_no_inner_refinement,inner_history.csv,completed,0,0,,2,2,2,2,2,15,0.0642946,0.0853624,,,,,,0,,1,0.011717,1,computed_required,2.44444,1.00066,2.44283,0.89432699999999998,0.945689,2.1861299999999999,1.4785567287053953,0.89491799999999999,0.94600105708186177,-0.15312917442464211,0.15312917442464211,10,-0.13935275842382627,0.13935275842382627,10,-0.27870551684765255,0.27870551684765255,10,0.088923000000000002,0.29820000000000002,0.00054505000000000005,0.0233463,1.2522800000000001,1.1190500000000001,0.00054505000000000005,0.0233463,6.6252400000000005e-33,8.1395600000000005e-17,1.42329e-31,3.7726499999999998e-16,3.77265e-16,286825086368304.94,8.2268717812486792e+28,3.4864453896334752e-15,1.2155288505641684e-29,1,3.4864453896334752e-15,1.6159519923927986e-14,2.6113017154389503e-28,1,1,not_skipped,success,1,2.8855599999999999e-05,0.0053717399999999998,0.23008956451343468,0.052941198055224285,,,,,,,,,,,,,,,,,,,,,,,,
inner,2d,non_matching_initial,p1,1,adaptive_force_effective_rho_no_inner_refinement,force_eff_rho_no_inner,production_2M,2000000,completed,24339171,20260701_091331_675538_job24339171,snellius_next_mem216,algorithm_data_ordered/2d/non_matching_initial/p1/production_2M/adaptive_force_effective_rho_no_inner_refinement,inner_history.csv,completed,1,0,,2,2,3,2,2,30,0.04032,0.15386,,,,,,0,,1,0.010304,1,computed_required,2.44444,1.00051,2.44319,0.89432699999999998,0.945689,2.1861299999999999,1.4785567287053953,0.89478599999999997,0.94593128714510755,-0.15312917442464211,0.15312917442464211,10,-0.13935275842382627,0.13935275842382627,10,-0.27870551684765255,0.27870551684765255,10,0.088923000000000002,0.29820000000000002,0.000423325,0.0205749,1.2522800000000001,1.1190500000000001,0.000423325,0.0205749,2.8306399999999999e-31,5.3203800000000003e-16,7.3549699999999996e-32,2.7120100000000002e-16,2.71201e-16,38671861784308.641,1.4955098493626883e+27,2.5858594695478474e-14,6.6866828087167068e-28,1,2.5858594695478474e-14,1.318115762409538e-14,1.7374286895411326e-28,1,1,not_skipped,success,1,9.3780600000000001e-05,0.0096840399999999997,0.47067251845695479,0.22153333727041871,,,,,,,,,,,,,,,,,,,,,,,,
inner,2d,non_matching_initial,p1,1,adaptive_force_effective_rho_no_inner_refinement,force_eff_rho_no_inner,production_2M,2000000,completed,24339171,20260701_091331_675538_job24339171,snellius_next_mem216,algorithm_data_ordered/2d/non_matching_initial/p1/production_2M/adaptive_force_effective_rho_no_inner_refinement,inner_history.csv,completed,2,0,,3,3,7,4,4,54,0.0414079,0.226625,,,,,,0,,1,0.0222701,1,computed_required,2.44444,1.00231,2.4388,0.81428999999999996,0.90237999999999996,1.9904900000000001,1.4108472631720275,0.81617499999999998,0.90342404218617067,-0.15312917442464211,0.15312917442464211,10,-0.13935275842382627,0.13935275842382627,10,-0.27870551684765255,0.27870551684765255,10,0.13397800000000001,0.36602899999999999,0.00164084,0.0405072,1.1166499999999999,1.0567200000000001,0.00164084,0.0405072,7.2301000000000003e-32,2.68889e-16,1.4446e-31,3.8007899999999999e-16,3.80079e-16,150646549319607.72,2.2694568539854219e+28,6.6380544693289096e-15,4.406340654786573e-29,1,6.6380544693289096e-15,9.3829985780305723e-15,8.8040272055776317e-29,1,1,not_skipped,success,1,0.00094191900000000005,0.030690700000000001,0.75766036655211921,0.57404682967260678,,,,,,,,,,,,,,,,,,,,,,,,
inner,2d,non_matching_initial,p1,1,adaptive_force_effective_rho_no_inner_refinement,force_eff_rho_no_inner,production_2M,2000000,completed,24339171,20260701_091331_675538_job24339171,snellius_next_mem216,algorithm_data_ordered/2d/non_matching_initial/p1/production_2M/adaptive_force_effective_rho_no_inner_refinement,inner_history.csv,completed,3,0,,7,7,7,12,12,102,0.046725,0.302651,,,,,,0,,1,0.0209523,1,computed_required,2.44444,1.00206,2.43943,0.81442800000000004,0.90245699999999995,1.99082,1.4109642093263741,0.81610300000000002,0.90338419291019256,-0.15312917442464211,0.15312917442464211,10,-0.13935275842382627,0.13935275842382627,10,-0.27870551684765255,0.27870551684765255,10,0.13398199999999999,0.36603599999999997,0.0014582200000000001,0.038186600000000001,1.1168499999999999,1.05681,0.0014582200000000001,0.038186600000000001,2.0265800000000001e-31,4.5017499999999996e-16,5.0769299999999999e-31,7.1252599999999999e-16,7.12526e-16,84826123174321.109,7.1954721747969485e+27,1.1788821209534233e-14,1.3897628615709564e-28,1,1.1788821209534233e-14,1.8659058413160638e-14,3.4815939981621427e-28,1,1,not_skipped,success,1,0.0012191400000000001,0.034916099999999999,0.91435477366406015,0.83604668705682272,,,,,,,,,,,,,,,,,,,,,,,,
inner,2d,non_matching_initial,p1,1,adaptive_force_effective_rho_no_inner_refinement,force_eff_rho_no_inner,production_2M,2000000,completed,24339171,20260701_091331_675538_job24339171,snellius_next_mem216,algorithm_data_ordered/2d/non_matching_initial/p1/production_2M/adaptive_force_effective_rho_no_inner_refinement,inner_history.csv,completed,4,0,,7,7,20,12,12,147,0.0485657,0.382038,,,,,,0,,1,0.0209428,1,computed_required,2.44444,1.00205,2.43943,0.81442800000000004,0.90245699999999995,1.99082,1.4109642093263741,0.81610199999999999,0.9033836394356497,-0.15312917442464211,0.15312917442464211,10,-0.13935275842382627,0.13935275842382627,10,-0.27870551684765255,0.27870551684765255,10,0.13398199999999999,0.36603599999999997,0.00145692,0.038169700000000001,1.1168499999999999,1.05681,0.00145692,0.038169700000000001,6.3441100000000003e-31,7.9649900000000001e-16,2.30542e-30,1.5183600000000001e-15,1.51836e-15,47921842965276.797,2.2964923369865906e+27,2.0867310982271277e-14,4.3544669576915687e-28,1,2.0867310982271277e-14,3.9779196587869435e-14,1.5823929934382121e-27,1,1,not_skipped,success,1,0.0012335499999999999,0.035121899999999998,0.92015132421790047,0.8466834143261126,,,,,,,,,,,,,,,,,,,,,,,,
inner,2d,non_matching_initial,p1,1,adaptive_force_effective_rho_no_inner_refinement,force_eff_rho_no_inner,production_2M,2000000,completed,24339171,20260701_091331_675538_job24339171,snellius_next_mem216,algorithm_data_ordered/2d/non_matching_initial/p1/production_2M/adaptive_force_effective_rho_no_inner_refinement,inner_history.csv,completed,5,0,,20,20,29,38,38,321,0.0538945,0.470604,,,,,,0,,1,0.0569892,1,computed_required,2.44444,1.01372,2.41137,0.64016899999999999,0.80010599999999998,1.5648599999999999,1.2509436438145405,0.64895000000000003,0.80557432928315187,-0.15312917442464211,0.15312917442464211,10,-0.13935275842382627,0.13935275842382627,10,-0.27870551684765255,0.27870551684765255,10,0.176311,0.41989399999999999,0.0069350999999999996,0.083277199999999996,0.84632799999999997,0.91996100000000003,0.0069350999999999996,0.083277199999999996,6.74124e-31,8.2105100000000002e-16,1.7032199999999999e-29,4.12701e-15,4.12701e-15,101427560529126.69,1.0287573206116382e+28,9.8592531929507725e-15,9.7204654583207169e-29,1,9.8592531929507725e-15,4.9557501933302272e-14,2.4559415149024527e-27,1,1,not_skipped,success,1,0.0061081800000000004,0.078154799999999996,0.93848976670685369,0.88076307479344218,,,,,,,,,,,,,,,,,,,,,,,,
inner,2d,non_matching_initial,p1,1,adaptive_force_effective_rho_no_inner_refinement,force_eff_rho_no_inner,production_2M,2000000,completed,24339171,20260701_091331_675538_job24339171,snellius_next_mem216,algorithm_data_ordered/2d/non_matching_initial/p1/production_2M/adaptive_force_effective_rho_no_inner_refinement,inner_history.csv,completed,6,0,,29,29,32,56,56,429,0.0612502,0.563998,,,,,,0,,1,0.0420504,1,computed_required,2.44444,1.00779,2.42556,0.62793900000000002,0.79242599999999996,1.5349600000000001,1.2389350265449759,0.63282799999999995,0.7955048711353061,-0.15312917442464211,0.15312917442464211,10,-0.13935275842382627,0.13935275842382627,10,-0.27870551684765255,0.27870551684765255,10,0.17454,0.41777999999999998,0.0038389499999999998,0.061959300000000002,0.82944899999999999,0.91074100000000002,0.0038389499999999998,0.061959300000000002,3.8323200000000001e-31,6.1905699999999999e-16,3.1422e-29,5.6055300000000002e-15,5.60553e-15,100086583303314.56,1.0017300225450901e+28,9.9913491598517086e-15,9.9827296526393944e-29,1,9.9913491598517086e-15,9.0471164135166151e-14,8.1850505997733756e-27,1,1,not_skipped,success,1,0.0034562600000000001,0.058790000000000002,0.94884867969780162,0.90031388791205935,,,,,,,,,,,,,,,,,,,,,,,,
inner,2d,non_matching_initial,p1,1,adaptive_force_effective_rho_no_inner_refinement,force_eff_rho_no_inner,production_2M,2000000,completed,24339171,20260701_091331_675538_job24339171,snellius_next_mem216,algorithm_data_ordered/2d/non_matching_initial/p1/production_2M/adaptive_force_effective_rho_no_inner_refinement,inner_history.csv,completed,7,0,,32,32,54,62,62,510,0.067413,0.664716,,,,,,0,,1,0.0379054,1,computed_required,2.44444,1.0064,2.42889,0.62243400000000004,0.78894500000000001,1.5215000000000001,1.2334909809155477,0.62641899999999995,0.79146636062437925,-0.15312917442464211,0.15312917442464211,10,-0.13935275842382627,0.13935275842382627,10,-0.27870551684765255,0.27870551684765255,10,0.175314,0.41870499999999999,0.0031146400000000001,0.055808900000000002,0.82115300000000002,0.90617499999999995,0.0031146400000000001,0.055808900000000002,2.3552899999999998e-30,1.5346900000000001e-15,6.2156899999999996e-29,7.8839700000000002e-15,7.88397e-15,36364933634805.727,1.3224019122910555e+27,2.7499018973676241e-14,7.5619975342254636e-28,1,2.7499018973676241e-14,1.412672530725386e-13,1.995636734903552e-26,1,1,not_skipped,success,1,0.0028604699999999999,0.053483299999999998,0.95832922705876655,0.9183950633138982,,,,,,,,,,,,,,,,,,,,,,,,
inner,2d,non_matching_initial,p1,1,adaptive_force_effective_rho_no_inner_refinement,force_eff_rho_no_inner,production_2M,2000000,completed,24339171,20260701_091331_675538_job24339171,snellius_next_mem216,algorithm_data_ordered/2d/non_matching_initial/p1/production_2M/adaptive_force_effective_rho_no_inner_refinement,inner_history.csv,completed,8,0,,54,54,81,106,106,894,0.0715962,0.77815,,,,,,0,,1,0.0385069,1,computed_required,2.44444,1.0066,2.42843,0.606711,0.77891600000000005,1.4830700000000001,1.2178136146389562,0.61071299999999995,0.78148128576441289,-0.15312917442464211,0.15312917442464211,10,-0.13935275842382627,0.13935275842382627,10,-0.27870551684765255,0.27870551684765255,10,0.185056,0.43018200000000001,0.0030556300000000002,0.055277800000000002,0.79411299999999996,0.89112999999999998,0.0030429699999999999,0.0551631,1.26579e-05,0.0035577999999999999,9.9823599999999999e-29,9.9911699999999994e-15,9.99117e-15,15.50483444825454,240.40085638218031,0.064496012733149519,0.004159718958780402,0.99792502595978849,0.064362185181031081,1.8074471125840752e-13,3.2668745888736529e-26,1,1,not_skipped,success,1,0.0027721600000000001,0.052651299999999998,0.95248544623700648,0.90723026020820585,,,,,,,,,,,,,,,,,,,,,,,,
inner,2d,non_matching_initial,p1,1,adaptive_force_effective_rho_no_inner_refinement,force_eff_rho_no_inner,production_2M,2000000,completed,24339171,20260701_091331_675538_job24339171,snellius_next_mem216,algorithm_data_ordered/2d/non_matching_initial/p1/production_2M/adaptive_force_effective_rho_no_inner_refinement,inner_history.csv,completed,9,0,,81,81,120,160,160,1245,0.0869765,0.905445,,,,,,0,,1,0.0371676,1,computed_required,2.44444,1.00617,2.42946,0.598109,0.77337500000000003,1.46204,1.2091484606945502,0.60179800000000006,0.77575640506540455,-0.15312917442464211,0.15312917442464211,10,-0.13935275842382627,0.13935275842382627,10,-0.27870551684765255,0.27870551684765255,10,0.188802,0.43451400000000001,0.0027858000000000002,0.0527807,0.78002199999999999,0.883189,0.0027600200000000002,0.052535900000000003,2.57781e-05,0.0050772100000000004,1.43194e-28,1.19664e-14,1.19664e-14,10.347395518404793,107.06840302427256,0.096642676722012946,0.0093398236244664895,0.99536194101252928,0.096194442286669193,2.2671923638754316e-13,5.1401392777658118e-26,1,1,not_skipped,success,1,0.0025255199999999998,0.050254600000000003,0.95213970258067826,0.90656902864527233,,,,,,,,,,,,,,,,,,,,,,,,
inner,2d,non_matching_initial,p1,1,adaptive_force_effective_rho_no_inner_refinement,force_eff_rho_no_inner,production_2M,2000000,completed,24339171,20260701_091331_675538_job24339171,snellius_next_mem216,algorithm_data_ordered/2d/non_matching_initial/p1/production_2M/adaptive_force_effective_rho_no_inner_refinement,inner_history.csv,completed,10,0,,120,120,180,238,238,1803,0.124998,1.07943,,,,,,0,,1,0.0446458,1,computed_required,2.44444,1.00871,2.42333,0.53014300000000003,0.72810900000000001,1.2959000000000001,1.1383760362902937,0.53476199999999996,0.73127423036778749,-0.15312917442464211,0.15312917442464211,10,-0.13935275842382627,0.13935275842382627,10,-0.27870551684765255,0.27870551684765255,10,0.191908,0.43807299999999999,0.0033294499999999999,0.0577014,0.68046899999999999,0.82490600000000003,0.00215351,0.046406000000000003,0.0011759400000000001,0.034292000000000003,2.7470199999999999e-28,1.6574099999999999e-14,1.65741e-14,1.3532602356234691,1.8313094205486673,0.73895616946084564,0.54605736681046302,0.80424391782521742,0.59430100482830583,2.8723913111293657e-13,8.2506720329183501e-26,1,1,not_skipped,success,1,0.0020726799999999999,0.045526700000000003,0.78900511945983987,0.62252924657225672,,,,,,,,,,,,,,,,,,,,,,,,
inner,2d,non_matching_initial,p1,1,adaptive_force_effective_rho_no_inner_refinement,force_eff_rho_no_inner,production_2M,2000000,completed,24339171,20260701_091331_675538_job24339171,snellius_next_mem216,algorithm_data_ordered/2d/non_matching_initial/p1/production_2M/adaptive_force_effective_rho_no_inner_refinement,inner_history.csv,completed,11,0,,180,180,260,358,358,2841,0.156637,1.29576,,,,,,0,,1,0.0447659,1,computed_required,2.44444,1.00876,2.42323,0.523953,0.72384599999999999,1.28077,1.1317110938751109,0.52854100000000004,0.72700825304806549,-0.15312917442464211,0.15312917442464211,10,-0.13935275842382627,0.13935275842382627,10,-0.27870551684765255,0.27870551684765255,10,0.19572700000000001,0.442411,0.0032664,0.057152399999999999,0.66983199999999998,0.81843200000000005,0.00210991,0.045933799999999997,0.0011564800000000001,0.034007099999999998,4.1947200000000002e-28,2.0481000000000001e-14,2.0481e-14,1.3507120571880578,1.8244241145545101,0.74035024317604903,0.54811816617770426,0.80370728088409227,0.59502488084489891,3.5835765427173664e-13,1.2842027920646585e-25,1,1,not_skipped,success,1,0.0020336400000000002,0.045095900000000001,0.78904647923796734,0.62259368111682589,,,,,,,,,,,,,,,,,,,,,,,,
inner,2d,non_matching_initial,p1,1,adaptive_force_effective_rho_no_inner_refinement,force_eff_rho_no_inner,production_2M,2000000,completed,24339171,20260701_091331_675538_job24339171,snellius_next_mem216,algorithm_data_ordered/2d/non_matching_initial/p1/production_2M/adaptive_force_effective_rho_no_inner_refinement,inner_history.csv,completed,12,0,,260,260,353,518,518,3777,0.183119,1.54401,,,,,,0,,1,0.0449377,1,computed_required,2.44444,1.00882,2.42307,0.51513299999999995,0.71772800000000003,1.2592099999999999,1.1221452668883829,0.51967699999999994,0.72088626009933077,-0.15312917442464211,0.15312917442464211,10,-0.13935275842382627,0.13935275842382627,10,-0.27870551684765255,0.27870551684765255,10,0.19963600000000001,0.44680599999999998,0.0031857399999999998,0.056442399999999997,0.65535399999999999,0.80954000000000004,0.00209121,0.045729699999999998,0.00109453,0.033083700000000001,5.3182899999999997e-28,2.3061399999999999e-14,2.30614e-14,1.3822426149433105,1.9106008971887476,0.72346199515850751,0.52339554611923245,0.81020119626380172,0.58614977392881951,4.0858290930222671e-13,1.6694049106330083e-25,1,1,not_skipped,success,1,0.0020240599999999998,0.044989500000000002,0.79708694173174788,0.63535002856479184,,,,,,,,,,,,,,,,,,,,,,,,
inner,2d,non_matching_initial,p1,1,adaptive_force_effective_rho_no_inner_refinement,force_eff_rho_no_inner,production_2M,2000000,completed,24339171,20260701_091331_675538_job24339171,snellius_next_mem216,algorithm_data_ordered/2d/non_matching_initial/p1/production_2M/adaptive_force_effective_rho_no_inner_refinement,inner_history.csv,completed,13,0,,353,353,489,704,704,5100,0.279035,1.90621,,,,,,0,,1,0.0433422,1,computed_required,2.44444,1.00824,2.42446,0.40088200000000002,0.63315200000000005,0.97993300000000005,0.9899156529725146,0.40418500000000002,0.63575545613073592,-0.15312917442464211,0.15312917442464211,10,-0.13935275842382627,0.13935275842382627,10,-0.27870551684765255,0.27870551684765255,10,0.144153,0.37967499999999998,0.00238668,0.0488537,0.51498299999999997,0.71762300000000001,0.002323,0.048197499999999997,6.3686400000000001e-05,0.0079803700000000005,1.7197300000000002e-27,4.1469700000000003e-14,4.14697e-14,6.0395069401544035,36.475605466787258,0.16557643031277558,0.027415583297460182,0.98656805932815728,0.16335241752415888,8.4885484620407467e-13,7.2055323713275355e-25,1,1,not_skipped,success,1,0.0021859599999999998,0.046754299999999999,0.95702679633272403,0.91589991117368053,,,,,,,,,,,,,,,,,,,,,,,,
inner,2d,non_matching_initial,p1,1,adaptive_force_effective_rho_no_inner_refinement,force_eff_rho_no_inner,production_2M,2000000,completed,24339171,20260701_091331_675538_job24339171,snellius_next_mem216,algorithm_data_ordered/2d/non_matching_initial/p1/production_2M/adaptive_force_effective_rho_no_inner_refinement,inner_history.csv,completed,14,0,,489,489,807,976,976,7404,0.358781,2.3691,,,,,,0,,1,0.0426149,1,computed_required,2.44444,1.00798,2.42508,0.39890300000000001,0.63158800000000004,0.97509599999999996,0.98746949319966337,0.402088,0.63410409240123977,-0.15312917442464211,0.15312917442464211,10,-0.13935275842382627,0.13935275842382627,10,-0.27870551684765255,0.27870551684765255,10,0.14533099999999999,0.38122299999999998,0.0022884300000000002,0.047837499999999998,0.511602,0.71526299999999998,0.0022223799999999999,0.047142099999999999,6.6048400000000003e-05,0.0081270100000000005,2.1511899999999999e-27,4.6380900000000002e-14,4.63809e-14,5.8006696189619547,33.647749226324933,0.17239388996247518,0.029719669903436857,0.98546328717010712,0.16988784949046251,9.6955108440031359e-13,9.4002875333744076e-25,1,1,not_skipped,success,1,0.0021004999999999999,0.045831200000000002,0.95806009929448666,0.91787819596841491,,,,,,,,,,,,,,,,,,,,,,,,
inner,2d,non_matching_initial,p1,1,adaptive_force_effective_rho_no_inner_refinement,force_eff_rho_no_inner,production_2M,2000000,completed,24339171,20260701_091331_675538_job24339171,snellius_next_mem216,algorithm_data_ordered/2d/non_matching_initial/p1/production_2M/adaptive_force_effective_rho_no_inner_refinement,inner_history.csv,completed,15,0,,807,807,1069,1612,1612,11172,0.486344,3.00437,,,,,,0,,1,0.0465009,1,computed_required,2.44444,1.0094,2.42167,0.37606499999999998,0.61324100000000004,0.91927000000000003,0.9587856903396087,0.37960100000000002,0.61611768356378149,-0.15312917442464211,0.15312917442464211,10,-0.13935275842382627,0.13935275842382627,10,-0.27870551684765255,0.27870551684765255,10,0.148142,0.38489299999999999,0.00246335,0.049632099999999998,0.47736400000000001,0.69091499999999995,0.0021796599999999999,0.046686800000000001,0.00028369300000000001,0.016843199999999999,3.3272399999999997e-27,5.7682199999999995e-14,5.76822e-14,2.7718485798423105,7.6831645475919386,0.36077006777076176,0.13015470302707763,0.9406573568315667,0.33936101837318994,1.1621954340033969e-12,1.3506972212637261e-24,1,1,not_skipped,success,1,0.0020611100000000001,0.045399500000000002,0.91472051353861727,0.83671017110844992,,,,,,,,,,,,,,,,,,,,,,,,
inner,2d,non_matching_initial,p1,1,adaptive_force_effective_rho_no_inner_refinement,force_eff_rho_no_inner,production_2M,2000000,completed,24339171,20260701_091331_675538_job24339171,snellius_next_mem216,algorithm_data_ordered/2d/non_matching_initial/p1/production_2M/adaptive_force_effective_rho_no_inner_refinement,inner_history.csv,completed,16,0,,1069,1069,1771,2136,2136,14760,0.765214,3.95947,,,,,,0,,1,0.0493464,1,computed_required,2.44444,1.0105,2.41903,0.35807099999999997,0.59838999999999998,0.87528399999999995,0.93556613876304862,0.36183199999999999,0.6015247293337157,-0.15312917442464211,0.15312917442464211,10,-0.13935275842382627,0.13935275842382627,10,-0.27870551684765255,0.27870551684765255,10,0.148451,0.385293,0.0025633499999999998,0.050629500000000001,0.451235,0.67174,0.00194516,0.044103900000000001,0.00061819100000000003,0.024863400000000001,4.6196800000000001e-27,6.7968300000000003e-14,6.79683e-14,1.7738483071502691,3.1465356176327379,0.563746063273316,0.3178098459766806,0.87111071608449619,0.49108523686783395,1.3424643735371671e-12,1.8022041469171202e-24,1,1,not_skipped,success,1,0.0018717199999999999,0.043263299999999998,0.85450774745948499,0.73018510932958824,,,,,,,,,,,,,,,,,,,,,,,,
inner,2d,non_matching_initial,p1,1,adaptive_force_effective_rho_no_inner_refinement,force_eff_rho_no_inner,production_2M,2000000,completed,24339171,20260701_091331_675538_job24339171,snellius_next_mem216,algorithm_data_ordered/2d/non_matching_initial/p1/production_2M/adaptive_force_effective_rho_no_inner_refinement,inner_history.csv,completed,17,0,,1771,1771,2357,3540,3540,24432,1.13034,5.39505,,,,,,0,,1,0.0674174,1,computed_required,2.44444,1.01866,2.39966,0.311583,0.55819600000000003,0.76164799999999999,0.87272446969246831,0.31739800000000001,0.56338086584476754,-0.15312917442464211,0.15312917442464211,10,-0.13935275842382627,0.13935275842382627,10,-0.27870551684765255,0.27870551684765255,10,0.135739,0.36842799999999998,0.0038985399999999998,0.062438300000000002,0.38973600000000003,0.62428899999999998,0.0014957900000000001,0.038675399999999999,0.0024027599999999999,0.049017900000000003,9.1323999999999997e-27,9.5563599999999994e-14,9.55636e-14,0.78900564895680958,0.6225299239208244,1.2674180486821081,1.6063484847471903,0.6194178893403568,0.78506141262654494,1.5305285377724889e-12,2.3425179682650429e-24,1,1,not_skipped,success,1,0.00153718,0.039206999999999999,0.62793189436611818,0.39429632631703154,,,,,,,,,,,,,,,,,,,,,,,,
inner,2d,non_matching_initial,p1,1,adaptive_force_effective_rho_no_inner_refinement,force_eff_rho_no_inner,production_2M,2000000,completed,24339171,20260701_091331_675538_job24339171,snellius_next_mem216,algorithm_data_ordered/2d/non_matching_initial/p1/production_2M/adaptive_force_effective_rho_no_inner_refinement,inner_history.csv,completed,18,0,,2357,2357,3509,4712,4712,31500,1.37622,7.0969,,,,,,0,,1,0.0875389,1,computed_required,2.44444,1.02986,2.37357,0.28490500000000002,0.53376500000000004,0.69643500000000003,0.83452681203182444,0.29341299999999998,0.54167610248191678,-0.15312917442464211,0.15312917442464211,10,-0.13935275842382627,0.13935275842382627,10,-0.27870551684765255,0.27870551684765255,10,0.119836,0.34617300000000001,0.0058475899999999997,0.076469499999999996,0.358269,0.59855599999999998,0.0014306500000000001,0.037824000000000003,0.0044169400000000003,0.066460099999999994,1.2908100000000001e-26,1.1361399999999999e-13,1.13614e-13,0.5691234289445849,0.32390070954099442,1.7570880922165817,3.0873658826407575,0.49462857740667854,0.86910598343130263,1.4857426817227784e-12,2.207422202993028e-24,1,1,not_skipped,success,1,0.0014908,0.038610899999999997,0.50491895461589265,0.25494263448702803,,,,,,,,,,,,,,,,,,,,,,,,
inner,2d,non_matching_initial,p1,1,adaptive_force_effective_rho_no_inner_refinement,force_eff_rho_no_inner,production_2M,2000000,completed,24339171,20260701_091331_675538_job24339171,snellius_next_mem216,algorithm_data_ordered/2d/non_matching_initial/p1/production_2M/adaptive_force_effective_rho_no_inner_refinement,inner_history.csv,completed,19,0,,3509,3509,5006,7016,7016,45252,1.86698,9.44936,,,,,,0,,1,0.105211,1,computed_required,2.44444,1.04129,2.34751,0.24854999999999999,0.49854799999999999,0.607568,0.7794664842057033,0.25881300000000002,0.5087366705870533,-0.15312917442464211,0.15312917442464211,10,-0.13935275842382627,0.13935275842382627,10,-0.27870551684765255,0.27870551684765255,10,0.10208100000000001,0.31950099999999998,0.0071777799999999999,0.0847218,0.31364799999999998,0.56004299999999996,0.00112845,0.033592400000000001,0.0060493300000000003,0.077777399999999997,2.2010800000000001e-26,1.4836000000000001e-13,1.4836e-13,0.4319043835355772,0.18654131945190625,2.3153272764077588,5.3607426115468124,0.39650243502852867,0.91803290298364759,1.7511431532380098e-12,3.0665191744522681e-24,1,1,not_skipped,success,1,0.0013731500000000001,0.037055999999999999,0.43738447483410409,0.19130566832641849,,,,,,,,,,,,,,,,,,,,,,,,
inner,2d,non_matching_initial,p1,1,adaptive_force_effective_rho_no_inner_refinement,force_eff_rho_no_inner,production_2M,2000000,completed,24339171,20260701_091331_675538_job24339171,snellius_next_mem216,algorithm_data_ordered/2d/non_matching_initial/p1/production_2M/adaptive_force_effective_rho_no_inner_refinement,inner_history.csv,completed,20,0,,5006,5006,7406,10010,10010,66867,3.13727,13.3552,,,,,,0,,1,0.0442177,1,computed_required,2.44444,1.00856,2.42371,0.24463699999999999,0.49460799999999999,0.598001,0.77330524374272802,0.24673,0.49671923659145717,-0.15312917442464211,0.15312917442464211,10,-0.13935275842382627,0.13935275842382627,10,-0.27870551684765255,0.27870551684765255,10,0.098940600000000004,0.31454799999999999,0.0014401399999999999,0.037949200000000002,0.30939100000000003,0.55622899999999997,0.00099170599999999997,0.031491400000000003,0.00044843299999999998,0.021176199999999999,2.8144699999999999e-26,1.67764e-13,1.67764e-13,1.4871128908869393,2.2114920177596207,0.67244390532018261,0.45218340919587052,0.82983040485701942,0.55801439819548238,4.4207519526103312e-12,1.9543030538697628e-23,1,1,not_skipped,success,1,0.00094630599999999995,0.030762100000000001,0.81061260843443339,0.65709306039690585,,,,,,,,,,,,,,,,,,,,,,,,
inner,2d,non_matching_initial,p1,1,adaptive_force_effective_rho_no_inner_refinement,force_eff_rho_no_inner,production_2M,2000000,completed,24339171,20260701_091331_675538_job24339171,snellius_next_mem216,algorithm_data_ordered/2d/non_matching_initial/p1/production_2M/adaptive_force_effective_rho_no_inner_refinement,inner_history.csv,completed,21,0,,7406,7406,10126,14810,14810,95655,4.26348,18.6359,,,,,,0,,1,0.0538664,1,computed_required,2.44444,1.01236,2.4146,0.22306999999999999,0.472302,0.54528100000000002,0.73843144570095332,0.225827,0.47521258400846245,-0.15312917442464211,0.15312917442464211,10,-0.13935275842382627,0.13935275842382627,10,-0.27870551684765255,0.27870551684765255,10,0.095352199999999998,0.30879200000000001,0.00185528,0.043072899999999997,0.279833,0.52899200000000002,0.00085413700000000004,0.029225600000000001,0.00100114,0.031640799999999997,4.3952399999999999e-26,2.09648e-13,2.09648e-13,0.92366817526737643,0.8531643925924447,1.082639877367787,1.1721070507424451,0.67851479700693484,0.73458717662381678,4.8672831409076247e-12,2.3690440256996248e-23,1,1,not_skipped,success,1,0.00087808199999999997,0.0296324,0.68795925048000017,0.47328812901556638,,,,,,,,,,,,,,,,,,,,,,,,
inner,2d,non_matching_initial,p1,1,adaptive_force_effective_rho_no_inner_refinement,force_eff_rho_no_inner,production_2M,2000000,completed,24339171,20260701_091331_675538_job24339171,snellius_next_mem216,algorithm_data_ordered/2d/non_matching_initial/p1/production_2M/adaptive_force_effective_rho_no_inner_refinement,inner_history.csv,completed,22,0,,10126,10126,14294,20250,20250,128715,6.91243,26.8857,,,,,,0,,1,0.0701807,1,computed_required,2.44444,1.02008,2.39634,0.19925200000000001,0.44637700000000002,0.48706100000000002,0.69789755695230804,0.20325199999999999,0.45083478126692933,-0.15312917442464211,0.15312917442464211,10,-0.13935275842382627,0.13935275842382627,10,-0.27870551684765255,0.27870551684765255,10,0.088886199999999999,0.29813800000000001,0.0026534200000000001,0.051511300000000003,0.248304,0.49830099999999999,0.00079988800000000001,0.0282823,0.0018535299999999999,0.043052600000000003,7.1089900000000003e-26,2.6662699999999998e-13,2.66627e-13,0.65692432048238658,0.43154845079389059,1.5222453619401535,2.3172369131678434,0.54905040253303639,0.83578942872728901,5.176087576900602e-12,2.67918007703266e-23,1,1,not_skipped,success,1,0.00096366799999999999,0.031043000000000001,0.60264446830113005,0.36317959463635607,,,,,,,,,,,,,,,,,,,,,,,,
inner,2d,non_matching_initial,p1,1,adaptive_force_effective_rho_no_inner_refinement,force_eff_rho_no_inner,production_2M,2000000,completed,24339171,20260701_091331_675538_job24339171,snellius_next_mem216,algorithm_data_ordered/2d/non_matching_initial/p1/production_2M/adaptive_force_effective_rho_no_inner_refinement,inner_history.csv,completed,23,0,,14294,14294,20665,28586,28586,186003,9.57335,38.5819,,,,,,0,,1,0.0830713,1,computed_required,2.44444,1.0272,2.37972,0.18604499999999999,0.43132900000000002,0.45477600000000001,0.67437081787396469,0.191105,0.43715557871311672,-0.15312917442464211,0.15312917442464211,10,-0.13935275842382627,0.13935275842382627,10,-0.27870551684765255,0.27870551684765255,10,0.082929600000000006,0.28797499999999998,0.0033769300000000002,0.058111299999999998,0.231874,0.48153299999999999,0.00078038499999999998,0.027935399999999999,0.00259654,0.050956300000000003,9.74619e-26,3.1218899999999998e-13,3.12189e-13,0.54822269277792923,0.30054803700308869,1.8240762616608319,3.3272551368875622,0.48072233799622449,0.87687420518900805,5.3722597842416187e-12,2.8861095728960921e-23,1,1,not_skipped,success,1,0.00097209300000000005,0.031178399999999998,0.53652903996296764,0.28786294059989398,,,,,,,,,,,,,,,,,,,,,,,,
inner,2d,non_matching_initial,p1,1,adaptive_force_effective_rho_no_inner_refinement,force_eff_rho_no_inner,production_2M,2000000,completed,24339171,20260701_091331_675538_job24339171,snellius_next_mem216,algorithm_data_ordered/2d/non_matching_initial/p1/production_2M/adaptive_force_effective_rho_no_inner_refinement,inner_history.csv,completed,24,0,,20665,20665,28451,41328,41328,263055,12.98,54.4794,,,,,,0,,1,0.0986765,1,computed_required,2.44444,1.0369,2.35745,0.17130500000000001,0.41388999999999998,0.41874499999999998,0.64710509192866039,0.17762700000000001,0.42145818297904719,-0.15312917442464211,0.15312917442464211,10,-0.13935275842382627,0.13935275842382627,10,-0.27870551684765255,0.27870551684765255,10,0.075532699999999994,0.27483200000000002,0.0042698500000000004,0.065344100000000002,0.21387,0.46246100000000001,0.00070750499999999998,0.026599000000000001,0.0035623400000000002,0.0596854,1.41845e-25,3.7662299999999998e-13,3.76623e-13,0.44565337586746512,0.19860681462184968,2.2438963870822208,5.0350739570745091,0.40706046911656907,0.91340151597466335,5.7636879228576104e-12,3.3220136538754284e-23,1,1,not_skipped,success,1,0.00097466000000000002,0.031219500000000001,0.47777075512555839,0.22826562994016181,,,,,,,,,,,,,,,,,,,,,,,,
inner,2d,non_matching_initial,p1,1,adaptive_force_effective_rho_no_inner_refinement,force_eff_rho_no_inner,production_2M,2000000,completed,24339171,20260701_091331_675538_job24339171,snellius_next_mem216,algorithm_data_ordered/2d/non_matching_initial/p1/production_2M/adaptive_force_effective_rho_no_inner_refinement,inner_history.csv,completed,25,0,,28451,28451,40241,56900,56900,356358,17.4361,75.8135,,,,,,0,,1,0.103447,1,computed_required,2.44444,1.04009,2.35023,0.1535,0.39179000000000003,0.37522100000000003,0.61255285486233757,0.15965299999999999,0.39956601457080904,-0.15312917442464211,0.15312917442464211,10,-0.13935275842382627,0.13935275842382627,10,-0.27870551684765255,0.27870551684765255,10,0.068277299999999999,0.261299,0.00414708,0.064397899999999994,0.19137599999999999,0.43746600000000002,0.00056994399999999996,0.023873499999999999,0.0035771399999999999,0.0598092,2.14603e-25,4.6325299999999999e-13,4.63253e-13,0.39916099864234933,0.15932952023124619,2.5052547804050516,6.2763008295551845,0.37071861038946924,0.92874457086333573,7.193604139265411e-12,5.1747976889763396e-23,1,1,not_skipped,success,1,0.00131807,0.036305200000000003,0.56376372521464224,0.31783085930341348,,,,,,,,,,,,,,,,,,,,,,,,
inner,2d,non_matching_initial,p1,1,adaptive_force_effective_rho_no_inner_refinement,force_eff_rho_no_inner,production_2M,2000000,completed,24339171,20260701_091331_675538_job24339171,snellius_next_mem216,algorithm_data_ordered/2d/non_matching_initial/p1/production_2M/adaptive_force_effective_rho_no_inner_refinement,inner_history.csv,completed,26,0,,40241,40241,60403,80480,80480,513546,29.2257,111.764,,,,,,0,,1,0.0746795,1,computed_required,2.44444,1.02246,2.39074,0.142763,0.37784000000000001,0.34897600000000001,0.59074190641937707,0.14596999999999999,0.38206020467983837,-0.15312917442464211,0.15312917442464211,10,-0.13935275842382627,0.13935275842382627,10,-0.27870551684765255,0.27870551684765255,10,0.065333799999999997,0.25560500000000003,0.0021037400000000002,0.045866499999999998,0.177176,0.42092299999999999,0.00047905700000000002,0.021887400000000001,0.0016246800000000001,0.040307299999999997,3.1033199999999999e-25,5.5707399999999995e-13,5.57074e-13,0.54301330032028949,0.29486237289804762,1.8415755183347495,3.3914127128922029,0.47719795493442935,0.87879607120665404,1.2145552854479848e-11,1.4751442668770853e-22,1,1,not_skipped,success,1,0.00059638400000000004,0.024421000000000002,0.53243652774901074,0.28348750320857141,,,,,,,,,,,,,,,,,,,,,,,,
inner,2d,non_matching_initial,p1,1,adaptive_force_effective_rho_no_inner_refinement,force_eff_rho_no_inner,production_2M,2000000,completed,24339171,20260701_091331_675538_job24339171,snellius_next_mem216,algorithm_data_ordered/2d/non_matching_initial/p1/production_2M/adaptive_force_effective_rho_no_inner_refinement,inner_history.csv,completed,27,0,,60403,60403,78109,120804,120804,756150,40.9718,161.895,,,,,,0,,1,0.0959407,1,computed_required,2.44444,1.03512,2.3615,0.12798999999999999,0.35775600000000002,0.312863,0.55934157721378086,0.13248499999999999,0.36398488979626614,-0.15312917442464211,0.15312917442464211,10,-0.13935275842382627,0.13935275842382627,10,-0.27870551684765255,0.27870551684765255,10,0.059328699999999998,0.24357500000000001,0.0029576400000000001,0.054384200000000001,0.15850600000000001,0.39812799999999998,0.00043896199999999999,0.020951399999999998,0.0025186800000000001,0.050186500000000002,4.8368799999999997e-25,6.9547599999999999e-13,6.95476e-13,0.41747083378996341,0.17428256070640175,2.3953769199194328,5.7378087397086768,0.38524792127125157,0.92281397906009466,1.2788199513829384e-11,1.6353849690969826e-22,1,1,not_skipped,success,1,0.00067174499999999996,0.025918,0.47657223973139257,0.22712196210492147,,,,,,,,,,,,,,,,,,,,,,,,
inner,2d,non_matching_initial,p1,1,adaptive_force_effective_rho_no_inner_refinement,force_eff_rho_no_inner,production_2M,2000000,completed,24339171,20260701_091331_675538_job24339171,snellius_next_mem216,algorithm_data_ordered/2d/non_matching_initial/p1/production_2M/adaptive_force_effective_rho_no_inner_refinement,inner_history.csv,completed,28,0,,78109,78109,106790,156216,156216,968274,52.1972,225.765,,,,,,0,,1,0.0945617,1,computed_required,2.44444,1.03424,2.36352,0.118523,0.34427200000000002,0.28972399999999998,0.53826016014563072,0.122581,0.35011569516375585,-0.15312917442464211,0.15312917442464211,10,-0.13935275842382627,0.13935275842382627,10,-0.27870551684765255,0.27870551684765255,10,0.054533400000000003,0.23352400000000001,0.0026784600000000001,0.051753899999999999,0.14696300000000001,0.38335799999999998,0.00038512000000000003,0.0196245,0.00229334,0.047888899999999998,6.4773800000000002e-25,8.0482200000000004e-13,8.04822e-13,0.40979224830806305,0.16792974439027794,2.4402608983668372,5.9548712089738265,0.37918881475598942,0.92531963774710702,1.5550943986829979e-11,2.418322468881372e-22,1,1,not_skipped,success,1,0.00067943099999999998,0.026065899999999999,0.50365093258672289,0.25366479245536611,,,,,,,,,,,,,,,,,,,,,,,,
inner,2d,non_matching_initial,p1,1,adaptive_force_effective_rho_no_inner_refinement,force_eff_rho_no_inner,production_2M,2000000,completed,24339171,20260701_091331_675538_job24339171,snellius_next_mem216,algorithm_data_ordered/2d/non_matching_initial/p1/production_2M/adaptive_force_effective_rho_no_inner_refinement,inner_history.csv,completed,29,0,,106790,106790,155106,213594,213594,1342746,87.9895,332.471,,,,,,0,,1,0.0723262,1,computed_required,2.44444,1.0212,2.3937,0.11097799999999999,0.33313399999999999,0.27128000000000002,0.52084546652534092,0.113331,0.33664669907783146,-0.15312917442464211,0.15312917442464211,10,-0.13935275842382627,0.13935275842382627,10,-0.27870551684765255,0.27870551684765255,10,0.052323799999999997,0.228744,0.00151724,0.038951800000000002,0.137047,0.37019800000000003,0.00034413100000000002,0.018550799999999999,0.00117311,0.034250700000000002,9.5868000000000008e-25,9.7912199999999991e-13,9.79122e-13,0.54161812751272231,0.29334930228196848,1.8463192962028594,3.4089053296564389,0.47625013478196127,0.87930981366714767,2.5136758763394757e-11,6.3185784714349747e-22,1,1,not_skipped,success,1,0.00059630900000000005,0.024419400000000001,0.62691326203153641,0.39302219820199841,,,,,,,,,,,,,,,,,,,,,,,,
inner,2d,non_matching_initial,p1,1,adaptive_force_effective_rho_no_inner_refinement,force_eff_rho_no_inner,production_2M,2000000,completed,24339171,20260701_091331_675538_job24339171,snellius_next_mem216,algorithm_data_ordered/2d/non_matching_initial/p1/production_2M/adaptive_force_effective_rho_no_inner_refinement,inner_history.csv,completed,30,0,,155106,155106,211935,310682,310682,1930254,125.096,484.267,,,,,,0,,1,0.0852441,1,computed_required,2.44444,1.02848,2.37675,0.10180699999999999,0.319073,0.248862,0.49886070200006732,0.10470699999999999,0.32358461026445617,-0.15312917442464211,0.15312917442464211,10,-0.13935275842382627,0.13935275842382627,10,-0.27870551684765255,0.27870551684765255,10,0.049438700000000002,0.22234799999999999,0.00185082,0.043021200000000002,0.125082,0.35366999999999998,0.00030558499999999998,0.017481,0.0015452300000000001,0.039309499999999997,1.47035e-24,1.2125800000000001e-12,1.21258e-12,0.44470166244800879,0.19776020398257863,2.2486985870373548,5.0566290884696574,0.40633455133748009,0.913723931457049,2.818563870835774e-11,7.9443165731945838e-22,1,1,not_skipped,success,1,0.00074710800000000002,0.027333300000000001,0.6353448997238571,0.40366324115797325,,,,,,,,,,,,,,,,,,,,,,,,
inner,2d,non_matching_initial,p1,1,adaptive_force_effective_rho_no_inner_refinement,force_eff_rho_no_inner,production_2M,2000000,completed,24339171,20260701_091331_675538_job24339171,snellius_next_mem216,algorithm_data_ordered/2d/non_matching_initial/p1/production_2M/adaptive_force_effective_rho_no_inner_refinement,inner_history.csv,completed,31,0,,211935,211935,280857,424348,424348,2613870,169.44,690.695,,,,,,0,,1,0.114967,1,computed_required,2.44444,1.04817,2.33211,0.0921791,0.30360999999999999,0.225327,0.47468621214440176,0.096618999999999997,0.31083596960454885,-0.15312917442464211,0.15312917442464211,10,-0.13935275842382627,0.13935275842382627,10,-0.27870551684765255,0.27870551684765255,10,0.044696399999999997,0.21141499999999999,0.0028778499999999999,0.053645600000000002,0.11328199999999999,0.33657500000000001,0.000259258,0.016101500000000001,0.0026185900000000001,0.051172200000000001,2.0739200000000002e-24,1.44011e-12,1.44011e-12,0.31465326876702587,0.099006717355523396,3.1781014191224419,10.10032477300604,0.30014577150782173,0.9538937023726084,2.6844885694260107e-11,7.2064909567906602e-22,1,1,not_skipped,success,1,0.0010751599999999999,0.032789600000000002,0.61122627018804898,0.37359834598745589,,,,,,,,,,,,,,,,,,,,,,,,
inner,2d,non_matching_initial,p1,1,adaptive_force_effective_rho_no_inner_refinement,force_eff_rho_no_inner,production_2M,2000000,completed,24339171,20260701_091331_675538_job24339171,snellius_next_mem216,algorithm_data_ordered/2d/non_matching_initial/p1/production_2M/adaptive_force_effective_rho_no_inner_refinement,inner_history.csv,completed,32,0,,280857,280857,396129,562184,562184,3462432,297.576,1040.73,,,,,,0,,1,0.116611,1,computed_required,2.44444,1.04936,2.32946,0.082247299999999995,0.28678799999999999,0.20104900000000001,0.44838487931686544,0.086307300000000003,0.29378104091312635,-0.15312917442464211,0.15312917442464211,10,-0.13935275842382627,0.13935275842382627,10,-0.27870551684765255,0.27870551684765255,10,0.039820300000000003,0.19955000000000001,0.0026358100000000001,0.0513401,0.101104,0.31796799999999997,0.000220733,0.0148571,0.00241508,0.049143399999999997,3.3260300000000001e-24,1.8237400000000001e-12,1.82374e-12,0.30232136970579976,0.091397800486940392,3.3077383877068876,10.94118233340733,0.28938587965352619,0.95721278299029411,3.5522720057031444e-11,1.2618625773481396e-21,1,1,not_skipped,success,1,0.0011264000000000001,0.033561899999999999,0.65371707495700238,0.42734491484591075,,,,,,,,,,,,,,,,,,,,,,,,
inner,2d,non_matching_initial,p1,1,adaptive_force_effective_rho_no_inner_refinement,force_eff_rho_no_inner,production_2M,2000000,completed,24339171,20260701_091331_675538_job24339171,snellius_next_mem216,algorithm_data_ordered/2d/non_matching_initial/p1/production_2M/adaptive_force_effective_rho_no_inner_refinement,inner_history.csv,completed,33,0,,396129,396129,550767,793128,793128,4893024,417.826,1537.13,,,,,,0,,1,0.117059,1,computed_required,2.44444,1.04969,2.32873,0.075933100000000003,0.27556000000000003,0.185614,0.43082943260645507,0.079706299999999994,0.28232304192183816,-0.15312917442464211,0.15312917442464211,10,-0.13935275842382627,0.13935275842382627,10,-0.27870551684765255,0.27870551684765255,10,0.0370937,0.19259699999999999,0.0024382499999999999,0.049378600000000002,0.093195,0.30527900000000002,0.000197562,0.014055700000000001,0.0022406800000000001,0.0473359,4.7259599999999997e-24,2.1739299999999998e-12,2.17393e-12,0.29693530702912591,0.088170555367120693,3.3677369323477304,11.341654771666617,0.28465165071508713,0.95863187696694518,4.4025752046433065e-11,1.9382589972316211e-21,1,1,not_skipped,success,1,0.00109906,0.033152000000000001,0.67138395985305377,0.45075771557469502,,,,,,,,,,,,,,,,,,,,,,,,
inner,2d,non_matching_initial,p1,1,adaptive_force_effective_rho_no_inner_refinement,force_eff_rho_no_inner,production_2M,2000000,completed,24339171,20260701_091331_675538_job24339171,snellius_next_mem216,algorithm_data_ordered/2d/non_matching_initial/p1/production_2M/adaptive_force_effective_rho_no_inner_refinement,inner_history.csv,completed,34,0,,550767,550767,711279,1103508,1103508,6761595,593.118,2242.79,,,,,,0,,1,0.135921,1,computed_required,2.44444,1.06416,2.29707,0.068090600000000001,0.26094200000000001,0.16644400000000001,0.40797548945984491,0.072459200000000001,0.26918246599658008,-0.15312917442464211,0.15312917442464211,10,-0.13935275842382627,0.13935275842382627,10,-0.27870551684765255,0.27870551684765255,10,0.032986000000000001,0.181621,0.0028616800000000001,0.053494699999999999,0.083692699999999995,0.28929700000000003,0.00017913200000000001,0.013384,0.0026825500000000001,0.0517933,7.1092100000000002e-24,2.6663100000000002e-12,2.66631e-12,0.25841180229875294,0.066776760917783451,3.8697922893006576,14.97526963356631,0.25019300977480013,0.96819498006344551,4.9842507762451241e-11,2.4842784657963154e-21,1,1,not_skipped,success,1,0.0011944,0.03456,0.6460453091614683,0.41737720499846243,,,,,,,,,,,,,,,,,,,,,,,,
inner,2d,non_matching_initial,p1,1,adaptive_force_effective_rho_no_inner_refinement,force_eff_rho_no_inner,production_2M,2000000,completed,24339171,20260701_091331_675538_job24339171,snellius_next_mem216,algorithm_data_ordered/2d/non_matching_initial/p1/production_2M/adaptive_force_effective_rho_no_inner_refinement,inner_history.csv,completed,35,0,,711279,711279,968396,1425052,1425052,8691414,843.499,3239.22,,,,,,0,,1,0.161979,1,computed_required,2.44444,1.08611,2.25064,0.061983200000000002,0.24896399999999999,0.15151500000000001,0.38924927745597682,0.067320599999999994,0.25946213596592471,-0.15312917442464211,0.15312917442464211,10,-0.13935275842382627,0.13935275842382627,10,-0.27870551684765255,0.27870551684765255,10,0.029668199999999999,0.17224400000000001,0.0035610500000000001,0.059674600000000001,0.076345499999999997,0.27630700000000002,0.00016076600000000001,0.0126794,0.0034002899999999998,0.058312000000000003,1.02492e-23,3.2014400000000001e-12,3.20144e-12,0.21744066401426806,0.047280084933932112,4.5989557865514143,21.150554221663782,0.21247565966089424,0.97716616449879856,5.3648285870370312e-11,2.8781398744752249e-21,1,1,not_skipped,success,1,0.0013485599999999999,0.0367228,0.61538409976774033,0.37869729433734428,,,,,,,,,,,,,,,,,,,,,,,,
inner,2d,non_matching_initial,p1,1,adaptive_force_effective_rho_no_inner_refinement,force_eff_rho_no_inner,production_2M,2000000,completed,24339171,20260701_091331_675538_job24339171,snellius_next_mem216,algorithm_data_ordered/2d/non_matching_initial/p1/production_2M/adaptive_force_effective_rho_no_inner_refinement,inner_history.csv,completed,36,0,,968396,968396,1374404,1939974,1939974,11915913,1647.47,5132.04,,,,,,0,,1,0.158343,1,computed_required,2.44444,1.08292,2.25727,0.057655199999999997,0.240115,0.140935,0.37541310579147341,0.062435999999999998,0.24987196721521204,-0.15312917442464211,0.15312917442464211,10,-0.13935275842382627,0.13935275842382627,10,-0.27870551684765255,0.27870551684765255,10,0.0280498,0.16748099999999999,0.0031581999999999999,0.056197799999999999,0.070813100000000004,0.26610699999999998,0.00014714400000000001,0.0121303,0.0030110499999999999,0.054873100000000001,1.60783e-23,4.0097799999999999e-12,4.00978e-12,0.22106095700807865,0.048868002856146529,4.5236391515461287,20.463287663785135,0.21585008665819658,0.97642790287164272,7.1351191683660214e-11,5.0909695396111712e-21,1,1,not_skipped,success,1,0.00125248,0.035390400000000002,0.6297470719494358,0.39658033056804509,,,,,,,,,,,,,,,,,,,,,,,,
inner,2d,non_matching_initial,p1,1,adaptive_force_effective_rho_no_inner_refinement,force_eff_rho_no_inner,production_2M,2000000,completed,24339171,20260701_091331_675538_job24339171,snellius_next_mem216,algorithm_data_ordered/2d/non_matching_initial/p1/production_2M/adaptive_force_effective_rho_no_inner_refinement,inner_history.csv,completed,37,0,,1374404,1374404,1800358,2755286,2755286,16831188,2482.16,8004.13,,,,,,0,,1,0.162775,1,computed_required,2.44444,1.08681,2.24919,0.052072199999999999,0.22819300000000001,0.12728800000000001,0.35677443854626134,0.056592799999999999,0.23789241265748684,-0.15312917442464211,0.15312917442464211,10,-0.13935275842382627,0.13935275842382627,10,-0.27870551684765255,0.27870551684765255,10,0.025871000000000002,0.16084499999999999,0.0029600799999999999,0.054406599999999999,0.063717200000000002,0.25242300000000001,0.00012916699999999999,0.011365200000000001,0.0028309099999999999,0.053206299999999998,2.4975700000000001e-23,4.9975700000000001e-12,4.99757e-12,0.21360628346643162,0.045627377768985941,4.6815102241931505,21.916666021507041,0.20889377391713507,0.9779383383633603,9.18559513000261e-11,8.4375084457176842e-21,1,1,not_skipped,success,1,0.00123354,0.035121699999999999,0.64554116596148259,0.41672522364260428,,,,,,,,,,,,,,,,,,,,,,,,
inner,2d,non_matching_initial,p1,1,adaptive_force_effective_rho_no_inner_refinement,force_eff_rho_no_inner,production_2M,2000000,completed,24339171,20260701_091331_675538_job24339171,snellius_next_mem216,algorithm_data_ordered/2d/non_matching_initial/p1/production_2M/adaptive_force_effective_rho_no_inner_refinement,inner_history.csv,completed,38,0,,1800358,1800358,2340143,3612938,3612938,21973683,3674.26,12244.3,,,,,,0,,1,0.188527,1,computed_required,2.44444,1.11052,2.20118,0.046854100000000003,0.21645800000000001,0.11453199999999999,0.33842576734049079,0.052032200000000001,0.22810567726385067,-0.15312917442464211,0.15312917442464211,10,-0.13935275842382627,0.13935275842382627,10,-0.27870551684765255,0.27870551684765255,10,0.022750900000000001,0.150834,0.0034723900000000001,0.058927,0.057566699999999998,0.23993100000000001,0.000118347,0.0108787,0.0033540499999999999,0.057914100000000003,2.1934499999999999e-20,1.4810300000000001e-10,1.48103e-10,0.18784199357324036,0.03528480493731459,5.3236232270399961,28.340811342915327,0.18461316544198755,0.9828109355643424,2.5133300524377621e-09,6.3168307707371573e-18,1,1,not_skipped,success,1,0.00143015,0.037817299999999998,0.64176523495171989,0.41186329876540367,,,,,,,,,,,,,,,,,,,,,,,,
inner_summary,2d,non_matching_initial,p1,1,adaptive_force_effective_rho_no_inner_refinement,force_eff_rho_no_inner,production_2M,2000000,completed,24339171,20260701_091331_675538_job24339171,snellius_next_mem216,algorithm_data_ordered/2d/non_matching_initial/p1/production_2M/adaptive_force_effective_rho_no_inner_refinement,inner_history.csv,,0,,1,2,2,2,,,,,,,,,,,,,,,,,,,,,,,,,,-0.15312917442464211,0.15312917442464211,10,-0.13935275842382627,0.13935275842382627,10,-0.27870551684765255,0.27870551684765255,10,,,,,,,,,,,,,,,,,,,,,,,,,,,,,,,286825086368304.94,286825086368304.94,286825086368304.94,286825086368304.94,3.4864453896334752e-15,3.4864453896334752e-15,3.4864453896334752e-15,3.4864453896334752e-15,0.23008956451343468,0.23008956451343468,0.23008956451343468,0.23008956451343468,1.6159519923927986e-14,1.6159519923927986e-14,1.6159519923927986e-14,1.6159519923927986e-14,1,1,1,1,1,1,1,1
inner_summary,2d,non_matching_initial,p1,1,adaptive_force_effective_rho_no_inner_refinement,force_eff_rho_no_inner,production_2M,2000000,completed,24339171,20260701_091331_675538_job24339171,snellius_next_mem216,algorithm_data_ordered/2d/non_matching_initial/p1/production_2M/adaptive_force_effective_rho_no_inner_refinement,inner_history.csv,,1,,1,2,2,3,,,,,,,,,,,,,,,,,,,,,,,,,,-0.15312917442464211,0.15312917442464211,10,-0.13935275842382627,0.13935275842382627,10,-0.27870551684765255,0.27870551684765255,10,,,,,,,,,,,,,,,,,,,,,,,,,,,,,,,38671861784308.641,38671861784308.641,38671861784308.641,38671861784308.641,2.5858594695478474e-14,2.5858594695478474e-14,2.5858594695478474e-14,2.5858594695478474e-14,0.47067251845695479,0.47067251845695479,0.47067251845695479,0.47067251845695479,1.318115762409538e-14,1.318115762409538e-14,1.318115762409538e-14,1.318115762409538e-14,1,1,1,1,1,1,1,1
inner_summary,2d,non_matching_initial,p1,1,adaptive_force_effective_rho_no_inner_refinement,force_eff_rho_no_inner,production_2M,2000000,completed,24339171,20260701_091331_675538_job24339171,snellius_next_mem216,algorithm_data_ordered/2d/non_matching_initial/p1/production_2M/adaptive_force_effective_rho_no_inner_refinement,inner_history.csv,,2,,1,3,3,7,,,,,,,,,,,,,,,,,,,,,,,,,,-0.15312917442464211,0.15312917442464211,10,-0.13935275842382627,0.13935275842382627,10,-0.27870551684765255,0.27870551684765255,10,,,,,,,,,,,,,,,,,,,,,,,,,,,,,,,150646549319607.72,150646549319607.72,150646549319607.72,150646549319607.72,6.6380544693289096e-15,6.6380544693289096e-15,6.6380544693289096e-15,6.6380544693289096e-15,0.75766036655211921,0.75766036655211921,0.75766036655211921,0.75766036655211921,9.3829985780305723e-15,9.3829985780305723e-15,9.3829985780305723e-15,9.3829985780305723e-15,1,1,1,1,1,1,1,1
inner_summary,2d,non_matching_initial,p1,1,adaptive_force_effective_rho_no_inner_refinement,force_eff_rho_no_inner,production_2M,2000000,completed,24339171,20260701_091331_675538_job24339171,snellius_next_mem216,algorithm_data_ordered/2d/non_matching_initial/p1/production_2M/adaptive_force_effective_rho_no_inner_refinement,inner_history.csv,,3,,1,7,7,7,,,,,,,,,,,,,,,,,,,,,,,,,,-0.15312917442464211,0.15312917442464211,10,-0.13935275842382627,0.13935275842382627,10,-0.27870551684765255,0.27870551684765255,10,,,,,,,,,,,,,,,,,,,,,,,,,,,,,,,84826123174321.109,84826123174321.109,84826123174321.109,84826123174321.109,1.1788821209534233e-14,1.1788821209534233e-14,1.1788821209534233e-14,1.1788821209534233e-14,0.91435477366406015,0.91435477366406015,0.91435477366406015,0.91435477366406015,1.8659058413160638e-14,1.8659058413160638e-14,1.8659058413160638e-14,1.8659058413160638e-14,1,1,1,1,1,1,1,1
inner_summary,2d,non_matching_initial,p1,1,adaptive_force_effective_rho_no_inner_refinement,force_eff_rho_no_inner,production_2M,2000000,completed,24339171,20260701_091331_675538_job24339171,snellius_next_mem216,algorithm_data_ordered/2d/non_matching_initial/p1/production_2M/adaptive_force_effective_rho_no_inner_refinement,inner_history.csv,,4,,1,7,7,20,,,,,,,,,,,,,,,,,,,,,,,,,,-0.15312917442464211,0.15312917442464211,10,-0.13935275842382627,0.13935275842382627,10,-0.27870551684765255,0.27870551684765255,10,,,,,,,,,,,,,,,,,,,,,,,,,,,,,,,47921842965276.797,47921842965276.797,47921842965276.797,47921842965276.797,2.0867310982271277e-14,2.0867310982271277e-14,2.0867310982271277e-14,2.0867310982271277e-14,0.92015132421790047,0.92015132421790047,0.92015132421790047,0.92015132421790047,3.9779196587869435e-14,3.9779196587869435e-14,3.9779196587869435e-14,3.9779196587869435e-14,1,1,1,1,1,1,1,1
inner_summary,2d,non_matching_initial,p1,1,adaptive_force_effective_rho_no_inner_refinement,force_eff_rho_no_inner,production_2M,2000000,completed,24339171,20260701_091331_675538_job24339171,snellius_next_mem216,algorithm_data_ordered/2d/non_matching_initial/p1/production_2M/adaptive_force_effective_rho_no_inner_refinement,inner_history.csv,,5,,1,20,20,29,,,,,,,,,,,,,,,,,,,,,,,,,,-0.15312917442464211,0.15312917442464211,10,-0.13935275842382627,0.13935275842382627,10,-0.27870551684765255,0.27870551684765255,10,,,,,,,,,,,,,,,,,,,,,,,,,,,,,,,101427560529126.69,101427560529126.69,101427560529126.69,101427560529126.69,9.8592531929507725e-15,9.8592531929507725e-15,9.8592531929507725e-15,9.8592531929507725e-15,0.93848976670685369,0.93848976670685369,0.93848976670685369,0.93848976670685369,4.9557501933302272e-14,4.9557501933302272e-14,4.9557501933302272e-14,4.9557501933302272e-14,1,1,1,1,1,1,1,1
inner_summary,2d,non_matching_initial,p1,1,adaptive_force_effective_rho_no_inner_refinement,force_eff_rho_no_inner,production_2M,2000000,completed,24339171,20260701_091331_675538_job24339171,snellius_next_mem216,algorithm_data_ordered/2d/non_matching_initial/p1/production_2M/adaptive_force_effective_rho_no_inner_refinement,inner_history.csv,,6,,1,29,29,32,,,,,,,,,,,,,,,,,,,,,,,,,,-0.15312917442464211,0.15312917442464211,10,-0.13935275842382627,0.13935275842382627,10,-0.27870551684765255,0.27870551684765255,10,,,,,,,,,,,,,,,,,,,,,,,,,,,,,,,100086583303314.56,100086583303314.56,100086583303314.56,100086583303314.56,9.9913491598517086e-15,9.9913491598517086e-15,9.9913491598517086e-15,9.9913491598517086e-15,0.94884867969780162,0.94884867969780162,0.94884867969780162,0.94884867969780162,9.0471164135166151e-14,9.0471164135166151e-14,9.0471164135166151e-14,9.0471164135166151e-14,1,1,1,1,1,1,1,1
inner_summary,2d,non_matching_initial,p1,1,adaptive_force_effective_rho_no_inner_refinement,force_eff_rho_no_inner,production_2M,2000000,completed,24339171,20260701_091331_675538_job24339171,snellius_next_mem216,algorithm_data_ordered/2d/non_matching_initial/p1/production_2M/adaptive_force_effective_rho_no_inner_refinement,inner_history.csv,,7,,1,32,32,54,,,,,,,,,,,,,,,,,,,,,,,,,,-0.15312917442464211,0.15312917442464211,10,-0.13935275842382627,0.13935275842382627,10,-0.27870551684765255,0.27870551684765255,10,,,,,,,,,,,,,,,,,,,,,,,,,,,,,,,36364933634805.727,36364933634805.727,36364933634805.727,36364933634805.727,2.7499018973676241e-14,2.7499018973676241e-14,2.7499018973676241e-14,2.7499018973676241e-14,0.95832922705876655,0.95832922705876655,0.95832922705876655,0.95832922705876655,1.412672530725386e-13,1.412672530725386e-13,1.412672530725386e-13,1.412672530725386e-13,1,1,1,1,1,1,1,1
inner_summary,2d,non_matching_initial,p1,1,adaptive_force_effective_rho_no_inner_refinement,force_eff_rho_no_inner,production_2M,2000000,completed,24339171,20260701_091331_675538_job24339171,snellius_next_mem216,algorithm_data_ordered/2d/non_matching_initial/p1/production_2M/adaptive_force_effective_rho_no_inner_refinement,inner_history.csv,,8,,1,54,54,81,,,,,,,,,,,,,,,,,,,,,,,,,,-0.15312917442464211,0.15312917442464211,10,-0.13935275842382627,0.13935275842382627,10,-0.27870551684765255,0.27870551684765255,10,,,,,,,,,,,,,,,,,,,,,,,,,,,,,,,15.50483444825454,15.50483444825454,15.50483444825454,15.50483444825454,0.064496012733149519,0.064496012733149519,0.064496012733149519,0.064496012733149519,0.95248544623700648,0.95248544623700648,0.95248544623700648,0.95248544623700648,1.8074471125840752e-13,1.8074471125840752e-13,1.8074471125840752e-13,1.8074471125840752e-13,0.99792502595978849,0.99792502595978849,0.99792502595978849,0.99792502595978849,1,1,1,1
inner_summary,2d,non_matching_initial,p1,1,adaptive_force_effective_rho_no_inner_refinement,force_eff_rho_no_inner,production_2M,2000000,completed,24339171,20260701_091331_675538_job24339171,snellius_next_mem216,algorithm_data_ordered/2d/non_matching_initial/p1/production_2M/adaptive_force_effective_rho_no_inner_refinement,inner_history.csv,,9,,1,81,81,120,,,,,,,,,,,,,,,,,,,,,,,,,,-0.15312917442464211,0.15312917442464211,10,-0.13935275842382627,0.13935275842382627,10,-0.27870551684765255,0.27870551684765255,10,,,,,,,,,,,,,,,,,,,,,,,,,,,,,,,10.347395518404793,10.347395518404793,10.347395518404793,10.347395518404793,0.096642676722012946,0.096642676722012946,0.096642676722012946,0.096642676722012946,0.95213970258067826,0.95213970258067826,0.95213970258067826,0.95213970258067826,2.2671923638754316e-13,2.2671923638754316e-13,2.2671923638754316e-13,2.2671923638754316e-13,0.99536194101252928,0.99536194101252928,0.99536194101252928,0.99536194101252928,1,1,1,1
inner_summary,2d,non_matching_initial,p1,1,adaptive_force_effective_rho_no_inner_refinement,force_eff_rho_no_inner,production_2M,2000000,completed,24339171,20260701_091331_675538_job24339171,snellius_next_mem216,algorithm_data_ordered/2d/non_matching_initial/p1/production_2M/adaptive_force_effective_rho_no_inner_refinement,inner_history.csv,,10,,1,120,120,180,,,,,,,,,,,,,,,,,,,,,,,,,,-0.15312917442464211,0.15312917442464211,10,-0.13935275842382627,0.13935275842382627,10,-0.27870551684765255,0.27870551684765255,10,,,,,,,,,,,,,,,,,,,,,,,,,,,,,,,1.3532602356234691,1.3532602356234691,1.3532602356234691,1.3532602356234691,0.73895616946084564,0.73895616946084564,0.73895616946084564,0.73895616946084564,0.78900511945983987,0.78900511945983987,0.78900511945983987,0.78900511945983987,2.8723913111293657e-13,2.8723913111293657e-13,2.8723913111293657e-13,2.8723913111293657e-13,0.80424391782521742,0.80424391782521742,0.80424391782521742,0.80424391782521742,1,1,1,1
inner_summary,2d,non_matching_initial,p1,1,adaptive_force_effective_rho_no_inner_refinement,force_eff_rho_no_inner,production_2M,2000000,completed,24339171,20260701_091331_675538_job24339171,snellius_next_mem216,algorithm_data_ordered/2d/non_matching_initial/p1/production_2M/adaptive_force_effective_rho_no_inner_refinement,inner_history.csv,,11,,1,180,180,260,,,,,,,,,,,,,,,,,,,,,,,,,,-0.15312917442464211,0.15312917442464211,10,-0.13935275842382627,0.13935275842382627,10,-0.27870551684765255,0.27870551684765255,10,,,,,,,,,,,,,,,,,,,,,,,,,,,,,,,1.3507120571880578,1.3507120571880578,1.3507120571880578,1.3507120571880578,0.74035024317604903,0.74035024317604903,0.74035024317604903,0.74035024317604903,0.78904647923796734,0.78904647923796734,0.78904647923796734,0.78904647923796734,3.5835765427173664e-13,3.5835765427173664e-13,3.5835765427173664e-13,3.5835765427173664e-13,0.80370728088409227,0.80370728088409227,0.80370728088409227,0.80370728088409227,1,1,1,1
inner_summary,2d,non_matching_initial,p1,1,adaptive_force_effective_rho_no_inner_refinement,force_eff_rho_no_inner,production_2M,2000000,completed,24339171,20260701_091331_675538_job24339171,snellius_next_mem216,algorithm_data_ordered/2d/non_matching_initial/p1/production_2M/adaptive_force_effective_rho_no_inner_refinement,inner_history.csv,,12,,1,260,260,353,,,,,,,,,,,,,,,,,,,,,,,,,,-0.15312917442464211,0.15312917442464211,10,-0.13935275842382627,0.13935275842382627,10,-0.27870551684765255,0.27870551684765255,10,,,,,,,,,,,,,,,,,,,,,,,,,,,,,,,1.3822426149433105,1.3822426149433105,1.3822426149433105,1.3822426149433105,0.72346199515850751,0.72346199515850751,0.72346199515850751,0.72346199515850751,0.79708694173174788,0.79708694173174788,0.79708694173174788,0.79708694173174788,4.0858290930222671e-13,4.0858290930222671e-13,4.0858290930222671e-13,4.0858290930222671e-13,0.81020119626380172,0.81020119626380172,0.81020119626380172,0.81020119626380172,1,1,1,1
inner_summary,2d,non_matching_initial,p1,1,adaptive_force_effective_rho_no_inner_refinement,force_eff_rho_no_inner,production_2M,2000000,completed,24339171,20260701_091331_675538_job24339171,snellius_next_mem216,algorithm_data_ordered/2d/non_matching_initial/p1/production_2M/adaptive_force_effective_rho_no_inner_refinement,inner_history.csv,,13,,1,353,353,489,,,,,,,,,,,,,,,,,,,,,,,,,,-0.15312917442464211,0.15312917442464211,10,-0.13935275842382627,0.13935275842382627,10,-0.27870551684765255,0.27870551684765255,10,,,,,,,,,,,,,,,,,,,,,,,,,,,,,,,6.0395069401544035,6.0395069401544035,6.0395069401544035,6.0395069401544035,0.16557643031277558,0.16557643031277558,0.16557643031277558,0.16557643031277558,0.95702679633272403,0.95702679633272403,0.95702679633272403,0.95702679633272403,8.4885484620407467e-13,8.4885484620407467e-13,8.4885484620407467e-13,8.4885484620407467e-13,0.98656805932815728,0.98656805932815728,0.98656805932815728,0.98656805932815728,1,1,1,1
inner_summary,2d,non_matching_initial,p1,1,adaptive_force_effective_rho_no_inner_refinement,force_eff_rho_no_inner,production_2M,2000000,completed,24339171,20260701_091331_675538_job24339171,snellius_next_mem216,algorithm_data_ordered/2d/non_matching_initial/p1/production_2M/adaptive_force_effective_rho_no_inner_refinement,inner_history.csv,,14,,1,489,489,807,,,,,,,,,,,,,,,,,,,,,,,,,,-0.15312917442464211,0.15312917442464211,10,-0.13935275842382627,0.13935275842382627,10,-0.27870551684765255,0.27870551684765255,10,,,,,,,,,,,,,,,,,,,,,,,,,,,,,,,5.8006696189619547,5.8006696189619547,5.8006696189619547,5.8006696189619547,0.17239388996247518,0.17239388996247518,0.17239388996247518,0.17239388996247518,0.95806009929448666,0.95806009929448666,0.95806009929448666,0.95806009929448666,9.6955108440031359e-13,9.6955108440031359e-13,9.6955108440031359e-13,9.6955108440031359e-13,0.98546328717010712,0.98546328717010712,0.98546328717010712,0.98546328717010712,1,1,1,1
inner_summary,2d,non_matching_initial,p1,1,adaptive_force_effective_rho_no_inner_refinement,force_eff_rho_no_inner,production_2M,2000000,completed,24339171,20260701_091331_675538_job24339171,snellius_next_mem216,algorithm_data_ordered/2d/non_matching_initial/p1/production_2M/adaptive_force_effective_rho_no_inner_refinement,inner_history.csv,,15,,1,807,807,1069,,,,,,,,,,,,,,,,,,,,,,,,,,-0.15312917442464211,0.15312917442464211,10,-0.13935275842382627,0.13935275842382627,10,-0.27870551684765255,0.27870551684765255,10,,,,,,,,,,,,,,,,,,,,,,,,,,,,,,,2.7718485798423105,2.7718485798423105,2.7718485798423105,2.7718485798423105,0.36077006777076176,0.36077006777076176,0.36077006777076176,0.36077006777076176,0.91472051353861727,0.91472051353861727,0.91472051353861727,0.91472051353861727,1.1621954340033969e-12,1.1621954340033969e-12,1.1621954340033969e-12,1.1621954340033969e-12,0.9406573568315667,0.9406573568315667,0.9406573568315667,0.9406573568315667,1,1,1,1
inner_summary,2d,non_matching_initial,p1,1,adaptive_force_effective_rho_no_inner_refinement,force_eff_rho_no_inner,production_2M,2000000,completed,24339171,20260701_091331_675538_job24339171,snellius_next_mem216,algorithm_data_ordered/2d/non_matching_initial/p1/production_2M/adaptive_force_effective_rho_no_inner_refinement,inner_history.csv,,16,,1,1069,1069,1771,,,,,,,,,,,,,,,,,,,,,,,,,,-0.15312917442464211,0.15312917442464211,10,-0.13935275842382627,0.13935275842382627,10,-0.27870551684765255,0.27870551684765255,10,,,,,,,,,,,,,,,,,,,,,,,,,,,,,,,1.7738483071502691,1.7738483071502691,1.7738483071502691,1.7738483071502691,0.563746063273316,0.563746063273316,0.563746063273316,0.563746063273316,0.85450774745948499,0.85450774745948499,0.85450774745948499,0.85450774745948499,1.3424643735371671e-12,1.3424643735371671e-12,1.3424643735371671e-12,1.3424643735371671e-12,0.87111071608449619,0.87111071608449619,0.87111071608449619,0.87111071608449619,1,1,1,1
inner_summary,2d,non_matching_initial,p1,1,adaptive_force_effective_rho_no_inner_refinement,force_eff_rho_no_inner,production_2M,2000000,completed,24339171,20260701_091331_675538_job24339171,snellius_next_mem216,algorithm_data_ordered/2d/non_matching_initial/p1/production_2M/adaptive_force_effective_rho_no_inner_refinement,inner_history.csv,,17,,1,1771,1771,2357,,,,,,,,,,,,,,,,,,,,,,,,,,-0.15312917442464211,0.15312917442464211,10,-0.13935275842382627,0.13935275842382627,10,-0.27870551684765255,0.27870551684765255,10,,,,,,,,,,,,,,,,,,,,,,,,,,,,,,,0.78900564895680958,0.78900564895680958,0.78900564895680958,0.78900564895680958,1.2674180486821081,1.2674180486821081,1.2674180486821081,1.2674180486821081,0.62793189436611818,0.62793189436611818,0.62793189436611818,0.62793189436611818,1.5305285377724889e-12,1.5305285377724889e-12,1.5305285377724889e-12,1.5305285377724889e-12,0.6194178893403568,0.6194178893403568,0.6194178893403568,0.6194178893403568,1,1,1,1
inner_summary,2d,non_matching_initial,p1,1,adaptive_force_effective_rho_no_inner_refinement,force_eff_rho_no_inner,production_2M,2000000,completed,24339171,20260701_091331_675538_job24339171,snellius_next_mem216,algorithm_data_ordered/2d/non_matching_initial/p1/production_2M/adaptive_force_effective_rho_no_inner_refinement,inner_history.csv,,18,,1,2357,2357,3509,,,,,,,,,,,,,,,,,,,,,,,,,,-0.15312917442464211,0.15312917442464211,10,-0.13935275842382627,0.13935275842382627,10,-0.27870551684765255,0.27870551684765255,10,,,,,,,,,,,,,,,,,,,,,,,,,,,,,,,0.5691234289445849,0.5691234289445849,0.5691234289445849,0.5691234289445849,1.7570880922165817,1.7570880922165817,1.7570880922165817,1.7570880922165817,0.50491895461589265,0.50491895461589265,0.50491895461589265,0.50491895461589265,1.4857426817227784e-12,1.4857426817227784e-12,1.4857426817227784e-12,1.4857426817227784e-12,0.49462857740667854,0.49462857740667854,0.49462857740667854,0.49462857740667854,1,1,1,1
inner_summary,2d,non_matching_initial,p1,1,adaptive_force_effective_rho_no_inner_refinement,force_eff_rho_no_inner,production_2M,2000000,completed,24339171,20260701_091331_675538_job24339171,snellius_next_mem216,algorithm_data_ordered/2d/non_matching_initial/p1/production_2M/adaptive_force_effective_rho_no_inner_refinement,inner_history.csv,,19,,1,3509,3509,5006,,,,,,,,,,,,,,,,,,,,,,,,,,-0.15312917442464211,0.15312917442464211,10,-0.13935275842382627,0.13935275842382627,10,-0.27870551684765255,0.27870551684765255,10,,,,,,,,,,,,,,,,,,,,,,,,,,,,,,,0.4319043835355772,0.4319043835355772,0.4319043835355772,0.4319043835355772,2.3153272764077588,2.3153272764077588,2.3153272764077588,2.3153272764077588,0.43738447483410409,0.43738447483410409,0.43738447483410409,0.43738447483410409,1.7511431532380098e-12,1.7511431532380098e-12,1.7511431532380098e-12,1.7511431532380098e-12,0.39650243502852867,0.39650243502852867,0.39650243502852867,0.39650243502852867,1,1,1,1
inner_summary,2d,non_matching_initial,p1,1,adaptive_force_effective_rho_no_inner_refinement,force_eff_rho_no_inner,production_2M,2000000,completed,24339171,20260701_091331_675538_job24339171,snellius_next_mem216,algorithm_data_ordered/2d/non_matching_initial/p1/production_2M/adaptive_force_effective_rho_no_inner_refinement,inner_history.csv,,20,,1,5006,5006,7406,,,,,,,,,,,,,,,,,,,,,,,,,,-0.15312917442464211,0.15312917442464211,10,-0.13935275842382627,0.13935275842382627,10,-0.27870551684765255,0.27870551684765255,10,,,,,,,,,,,,,,,,,,,,,,,,,,,,,,,1.4871128908869393,1.4871128908869393,1.4871128908869393,1.4871128908869393,0.67244390532018261,0.67244390532018261,0.67244390532018261,0.67244390532018261,0.81061260843443339,0.81061260843443339,0.81061260843443339,0.81061260843443339,4.4207519526103312e-12,4.4207519526103312e-12,4.4207519526103312e-12,4.4207519526103312e-12,0.82983040485701942,0.82983040485701942,0.82983040485701942,0.82983040485701942,1,1,1,1
inner_summary,2d,non_matching_initial,p1,1,adaptive_force_effective_rho_no_inner_refinement,force_eff_rho_no_inner,production_2M,2000000,completed,24339171,20260701_091331_675538_job24339171,snellius_next_mem216,algorithm_data_ordered/2d/non_matching_initial/p1/production_2M/adaptive_force_effective_rho_no_inner_refinement,inner_history.csv,,21,,1,7406,7406,10126,,,,,,,,,,,,,,,,,,,,,,,,,,-0.15312917442464211,0.15312917442464211,10,-0.13935275842382627,0.13935275842382627,10,-0.27870551684765255,0.27870551684765255,10,,,,,,,,,,,,,,,,,,,,,,,,,,,,,,,0.92366817526737643,0.92366817526737643,0.92366817526737643,0.92366817526737643,1.082639877367787,1.082639877367787,1.082639877367787,1.082639877367787,0.68795925048000017,0.68795925048000017,0.68795925048000017,0.68795925048000017,4.8672831409076247e-12,4.8672831409076247e-12,4.8672831409076247e-12,4.8672831409076247e-12,0.67851479700693484,0.67851479700693484,0.67851479700693484,0.67851479700693484,1,1,1,1
inner_summary,2d,non_matching_initial,p1,1,adaptive_force_effective_rho_no_inner_refinement,force_eff_rho_no_inner,production_2M,2000000,completed,24339171,20260701_091331_675538_job24339171,snellius_next_mem216,algorithm_data_ordered/2d/non_matching_initial/p1/production_2M/adaptive_force_effective_rho_no_inner_refinement,inner_history.csv,,22,,1,10126,10126,14294,,,,,,,,,,,,,,,,,,,,,,,,,,-0.15312917442464211,0.15312917442464211,10,-0.13935275842382627,0.13935275842382627,10,-0.27870551684765255,0.27870551684765255,10,,,,,,,,,,,,,,,,,,,,,,,,,,,,,,,0.65692432048238658,0.65692432048238658,0.65692432048238658,0.65692432048238658,1.5222453619401535,1.5222453619401535,1.5222453619401535,1.5222453619401535,0.60264446830113005,0.60264446830113005,0.60264446830113005,0.60264446830113005,5.176087576900602e-12,5.176087576900602e-12,5.176087576900602e-12,5.176087576900602e-12,0.54905040253303639,0.54905040253303639,0.54905040253303639,0.54905040253303639,1,1,1,1
inner_summary,2d,non_matching_initial,p1,1,adaptive_force_effective_rho_no_inner_refinement,force_eff_rho_no_inner,production_2M,2000000,completed,24339171,20260701_091331_675538_job24339171,snellius_next_mem216,algorithm_data_ordered/2d/non_matching_initial/p1/production_2M/adaptive_force_effective_rho_no_inner_refinement,inner_history.csv,,23,,1,14294,14294,20665,,,,,,,,,,,,,,,,,,,,,,,,,,-0.15312917442464211,0.15312917442464211,10,-0.13935275842382627,0.13935275842382627,10,-0.27870551684765255,0.27870551684765255,10,,,,,,,,,,,,,,,,,,,,,,,,,,,,,,,0.54822269277792923,0.54822269277792923,0.54822269277792923,0.54822269277792923,1.8240762616608319,1.8240762616608319,1.8240762616608319,1.8240762616608319,0.53652903996296764,0.53652903996296764,0.53652903996296764,0.53652903996296764,5.3722597842416187e-12,5.3722597842416187e-12,5.3722597842416187e-12,5.3722597842416187e-12,0.48072233799622449,0.48072233799622449,0.48072233799622449,0.48072233799622449,1,1,1,1
inner_summary,2d,non_matching_initial,p1,1,adaptive_force_effective_rho_no_inner_refinement,force_eff_rho_no_inner,production_2M,2000000,completed,24339171,20260701_091331_675538_job24339171,snellius_next_mem216,algorithm_data_ordered/2d/non_matching_initial/p1/production_2M/adaptive_force_effective_rho_no_inner_refinement,inner_history.csv,,24,,1,20665,20665,28451,,,,,,,,,,,,,,,,,,,,,,,,,,-0.15312917442464211,0.15312917442464211,10,-0.13935275842382627,0.13935275842382627,10,-0.27870551684765255,0.27870551684765255,10,,,,,,,,,,,,,,,,,,,,,,,,,,,,,,,0.44565337586746512,0.44565337586746512,0.44565337586746512,0.44565337586746512,2.2438963870822208,2.2438963870822208,2.2438963870822208,2.2438963870822208,0.47777075512555839,0.47777075512555839,0.47777075512555839,0.47777075512555839,5.7636879228576104e-12,5.7636879228576104e-12,5.7636879228576104e-12,5.7636879228576104e-12,0.40706046911656907,0.40706046911656907,0.40706046911656907,0.40706046911656907,1,1,1,1
inner_summary,2d,non_matching_initial,p1,1,adaptive_force_effective_rho_no_inner_refinement,force_eff_rho_no_inner,production_2M,2000000,completed,24339171,20260701_091331_675538_job24339171,snellius_next_mem216,algorithm_data_ordered/2d/non_matching_initial/p1/production_2M/adaptive_force_effective_rho_no_inner_refinement,inner_history.csv,,25,,1,28451,28451,40241,,,,,,,,,,,,,,,,,,,,,,,,,,-0.15312917442464211,0.15312917442464211,10,-0.13935275842382627,0.13935275842382627,10,-0.27870551684765255,0.27870551684765255,10,,,,,,,,,,,,,,,,,,,,,,,,,,,,,,,0.39916099864234933,0.39916099864234933,0.39916099864234933,0.39916099864234933,2.5052547804050516,2.5052547804050516,2.5052547804050516,2.5052547804050516,0.56376372521464224,0.56376372521464224,0.56376372521464224,0.56376372521464224,7.193604139265411e-12,7.193604139265411e-12,7.193604139265411e-12,7.193604139265411e-12,0.37071861038946924,0.37071861038946924,0.37071861038946924,0.37071861038946924,1,1,1,1
inner_summary,2d,non_matching_initial,p1,1,adaptive_force_effective_rho_no_inner_refinement,force_eff_rho_no_inner,production_2M,2000000,completed,24339171,20260701_091331_675538_job24339171,snellius_next_mem216,algorithm_data_ordered/2d/non_matching_initial/p1/production_2M/adaptive_force_effective_rho_no_inner_refinement,inner_history.csv,,26,,1,40241,40241,60403,,,,,,,,,,,,,,,,,,,,,,,,,,-0.15312917442464211,0.15312917442464211,10,-0.13935275842382627,0.13935275842382627,10,-0.27870551684765255,0.27870551684765255,10,,,,,,,,,,,,,,,,,,,,,,,,,,,,,,,0.54301330032028949,0.54301330032028949,0.54301330032028949,0.54301330032028949,1.8415755183347495,1.8415755183347495,1.8415755183347495,1.8415755183347495,0.53243652774901074,0.53243652774901074,0.53243652774901074,0.53243652774901074,1.2145552854479848e-11,1.2145552854479848e-11,1.2145552854479848e-11,1.2145552854479848e-11,0.47719795493442935,0.47719795493442935,0.47719795493442935,0.47719795493442935,1,1,1,1
inner_summary,2d,non_matching_initial,p1,1,adaptive_force_effective_rho_no_inner_refinement,force_eff_rho_no_inner,production_2M,2000000,completed,24339171,20260701_091331_675538_job24339171,snellius_next_mem216,algorithm_data_ordered/2d/non_matching_initial/p1/production_2M/adaptive_force_effective_rho_no_inner_refinement,inner_history.csv,,27,,1,60403,60403,78109,,,,,,,,,,,,,,,,,,,,,,,,,,-0.15312917442464211,0.15312917442464211,10,-0.13935275842382627,0.13935275842382627,10,-0.27870551684765255,0.27870551684765255,10,,,,,,,,,,,,,,,,,,,,,,,,,,,,,,,0.41747083378996341,0.41747083378996341,0.41747083378996341,0.41747083378996341,2.3953769199194328,2.3953769199194328,2.3953769199194328,2.3953769199194328,0.47657223973139257,0.47657223973139257,0.47657223973139257,0.47657223973139257,1.2788199513829384e-11,1.2788199513829384e-11,1.2788199513829384e-11,1.2788199513829384e-11,0.38524792127125157,0.38524792127125157,0.38524792127125157,0.38524792127125157,1,1,1,1
inner_summary,2d,non_matching_initial,p1,1,adaptive_force_effective_rho_no_inner_refinement,force_eff_rho_no_inner,production_2M,2000000,completed,24339171,20260701_091331_675538_job24339171,snellius_next_mem216,algorithm_data_ordered/2d/non_matching_initial/p1/production_2M/adaptive_force_effective_rho_no_inner_refinement,inner_history.csv,,28,,1,78109,78109,106790,,,,,,,,,,,,,,,,,,,,,,,,,,-0.15312917442464211,0.15312917442464211,10,-0.13935275842382627,0.13935275842382627,10,-0.27870551684765255,0.27870551684765255,10,,,,,,,,,,,,,,,,,,,,,,,,,,,,,,,0.40979224830806305,0.40979224830806305,0.40979224830806305,0.40979224830806305,2.4402608983668372,2.4402608983668372,2.4402608983668372,2.4402608983668372,0.50365093258672289,0.50365093258672289,0.50365093258672289,0.50365093258672289,1.5550943986829979e-11,1.5550943986829979e-11,1.5550943986829979e-11,1.5550943986829979e-11,0.37918881475598942,0.37918881475598942,0.37918881475598942,0.37918881475598942,1,1,1,1
inner_summary,2d,non_matching_initial,p1,1,adaptive_force_effective_rho_no_inner_refinement,force_eff_rho_no_inner,production_2M,2000000,completed,24339171,20260701_091331_675538_job24339171,snellius_next_mem216,algorithm_data_ordered/2d/non_matching_initial/p1/production_2M/adaptive_force_effective_rho_no_inner_refinement,inner_history.csv,,29,,1,106790,106790,155106,,,,,,,,,,,,,,,,,,,,,,,,,,-0.15312917442464211,0.15312917442464211,10,-0.13935275842382627,0.13935275842382627,10,-0.27870551684765255,0.27870551684765255,10,,,,,,,,,,,,,,,,,,,,,,,,,,,,,,,0.54161812751272231,0.54161812751272231,0.54161812751272231,0.54161812751272231,1.8463192962028594,1.8463192962028594,1.8463192962028594,1.8463192962028594,0.62691326203153641,0.62691326203153641,0.62691326203153641,0.62691326203153641,2.5136758763394757e-11,2.5136758763394757e-11,2.5136758763394757e-11,2.5136758763394757e-11,0.47625013478196127,0.47625013478196127,0.47625013478196127,0.47625013478196127,1,1,1,1
inner_summary,2d,non_matching_initial,p1,1,adaptive_force_effective_rho_no_inner_refinement,force_eff_rho_no_inner,production_2M,2000000,completed,24339171,20260701_091331_675538_job24339171,snellius_next_mem216,algorithm_data_ordered/2d/non_matching_initial/p1/production_2M/adaptive_force_effective_rho_no_inner_refinement,inner_history.csv,,30,,1,155106,155106,211935,,,,,,,,,,,,,,,,,,,,,,,,,,-0.15312917442464211,0.15312917442464211,10,-0.13935275842382627,0.13935275842382627,10,-0.27870551684765255,0.27870551684765255,10,,,,,,,,,,,,,,,,,,,,,,,,,,,,,,,0.44470166244800879,0.44470166244800879,0.44470166244800879,0.44470166244800879,2.2486985870373548,2.2486985870373548,2.2486985870373548,2.2486985870373548,0.6353448997238571,0.6353448997238571,0.6353448997238571,0.6353448997238571,2.818563870835774e-11,2.818563870835774e-11,2.818563870835774e-11,2.818563870835774e-11,0.40633455133748009,0.40633455133748009,0.40633455133748009,0.40633455133748009,1,1,1,1
inner_summary,2d,non_matching_initial,p1,1,adaptive_force_effective_rho_no_inner_refinement,force_eff_rho_no_inner,production_2M,2000000,completed,24339171,20260701_091331_675538_job24339171,snellius_next_mem216,algorithm_data_ordered/2d/non_matching_initial/p1/production_2M/adaptive_force_effective_rho_no_inner_refinement,inner_history.csv,,31,,1,211935,211935,280857,,,,,,,,,,,,,,,,,,,,,,,,,,-0.15312917442464211,0.15312917442464211,10,-0.13935275842382627,0.13935275842382627,10,-0.27870551684765255,0.27870551684765255,10,,,,,,,,,,,,,,,,,,,,,,,,,,,,,,,0.31465326876702587,0.31465326876702587,0.31465326876702587,0.31465326876702587,3.1781014191224419,3.1781014191224419,3.1781014191224419,3.1781014191224419,0.61122627018804898,0.61122627018804898,0.61122627018804898,0.61122627018804898,2.6844885694260107e-11,2.6844885694260107e-11,2.6844885694260107e-11,2.6844885694260107e-11,0.30014577150782173,0.30014577150782173,0.30014577150782173,0.30014577150782173,1,1,1,1
inner_summary,2d,non_matching_initial,p1,1,adaptive_force_effective_rho_no_inner_refinement,force_eff_rho_no_inner,production_2M,2000000,completed,24339171,20260701_091331_675538_job24339171,snellius_next_mem216,algorithm_data_ordered/2d/non_matching_initial/p1/production_2M/adaptive_force_effective_rho_no_inner_refinement,inner_history.csv,,32,,1,280857,280857,396129,,,,,,,,,,,,,,,,,,,,,,,,,,-0.15312917442464211,0.15312917442464211,10,-0.13935275842382627,0.13935275842382627,10,-0.27870551684765255,0.27870551684765255,10,,,,,,,,,,,,,,,,,,,,,,,,,,,,,,,0.30232136970579976,0.30232136970579976,0.30232136970579976,0.30232136970579976,3.3077383877068876,3.3077383877068876,3.3077383877068876,3.3077383877068876,0.65371707495700238,0.65371707495700238,0.65371707495700238,0.65371707495700238,3.5522720057031444e-11,3.5522720057031444e-11,3.5522720057031444e-11,3.5522720057031444e-11,0.28938587965352619,0.28938587965352619,0.28938587965352619,0.28938587965352619,1,1,1,1
inner_summary,2d,non_matching_initial,p1,1,adaptive_force_effective_rho_no_inner_refinement,force_eff_rho_no_inner,production_2M,2000000,completed,24339171,20260701_091331_675538_job24339171,snellius_next_mem216,algorithm_data_ordered/2d/non_matching_initial/p1/production_2M/adaptive_force_effective_rho_no_inner_refinement,inner_history.csv,,33,,1,396129,396129,550767,,,,,,,,,,,,,,,,,,,,,,,,,,-0.15312917442464211,0.15312917442464211,10,-0.13935275842382627,0.13935275842382627,10,-0.27870551684765255,0.27870551684765255,10,,,,,,,,,,,,,,,,,,,,,,,,,,,,,,,0.29693530702912591,0.29693530702912591,0.29693530702912591,0.29693530702912591,3.3677369323477304,3.3677369323477304,3.3677369323477304,3.3677369323477304,0.67138395985305377,0.67138395985305377,0.67138395985305377,0.67138395985305377,4.4025752046433065e-11,4.4025752046433065e-11,4.4025752046433065e-11,4.4025752046433065e-11,0.28465165071508713,0.28465165071508713,0.28465165071508713,0.28465165071508713,1,1,1,1
inner_summary,2d,non_matching_initial,p1,1,adaptive_force_effective_rho_no_inner_refinement,force_eff_rho_no_inner,production_2M,2000000,completed,24339171,20260701_091331_675538_job24339171,snellius_next_mem216,algorithm_data_ordered/2d/non_matching_initial/p1/production_2M/adaptive_force_effective_rho_no_inner_refinement,inner_history.csv,,34,,1,550767,550767,711279,,,,,,,,,,,,,,,,,,,,,,,,,,-0.15312917442464211,0.15312917442464211,10,-0.13935275842382627,0.13935275842382627,10,-0.27870551684765255,0.27870551684765255,10,,,,,,,,,,,,,,,,,,,,,,,,,,,,,,,0.25841180229875294,0.25841180229875294,0.25841180229875294,0.25841180229875294,3.8697922893006576,3.8697922893006576,3.8697922893006576,3.8697922893006576,0.6460453091614683,0.6460453091614683,0.6460453091614683,0.6460453091614683,4.9842507762451241e-11,4.9842507762451241e-11,4.9842507762451241e-11,4.9842507762451241e-11,0.25019300977480013,0.25019300977480013,0.25019300977480013,0.25019300977480013,1,1,1,1
inner_summary,2d,non_matching_initial,p1,1,adaptive_force_effective_rho_no_inner_refinement,force_eff_rho_no_inner,production_2M,2000000,completed,24339171,20260701_091331_675538_job24339171,snellius_next_mem216,algorithm_data_ordered/2d/non_matching_initial/p1/production_2M/adaptive_force_effective_rho_no_inner_refinement,inner_history.csv,,35,,1,711279,711279,968396,,,,,,,,,,,,,,,,,,,,,,,,,,-0.15312917442464211,0.15312917442464211,10,-0.13935275842382627,0.13935275842382627,10,-0.27870551684765255,0.27870551684765255,10,,,,,,,,,,,,,,,,,,,,,,,,,,,,,,,0.21744066401426806,0.21744066401426806,0.21744066401426806,0.21744066401426806,4.5989557865514143,4.5989557865514143,4.5989557865514143,4.5989557865514143,0.61538409976774033,0.61538409976774033,0.61538409976774033,0.61538409976774033,5.3648285870370312e-11,5.3648285870370312e-11,5.3648285870370312e-11,5.3648285870370312e-11,0.21247565966089424,0.21247565966089424,0.21247565966089424,0.21247565966089424,1,1,1,1
inner_summary,2d,non_matching_initial,p1,1,adaptive_force_effective_rho_no_inner_refinement,force_eff_rho_no_inner,production_2M,2000000,completed,24339171,20260701_091331_675538_job24339171,snellius_next_mem216,algorithm_data_ordered/2d/non_matching_initial/p1/production_2M/adaptive_force_effective_rho_no_inner_refinement,inner_history.csv,,36,,1,968396,968396,1374404,,,,,,,,,,,,,,,,,,,,,,,,,,-0.15312917442464211,0.15312917442464211,10,-0.13935275842382627,0.13935275842382627,10,-0.27870551684765255,0.27870551684765255,10,,,,,,,,,,,,,,,,,,,,,,,,,,,,,,,0.22106095700807865,0.22106095700807865,0.22106095700807865,0.22106095700807865,4.5236391515461287,4.5236391515461287,4.5236391515461287,4.5236391515461287,0.6297470719494358,0.6297470719494358,0.6297470719494358,0.6297470719494358,7.1351191683660214e-11,7.1351191683660214e-11,7.1351191683660214e-11,7.1351191683660214e-11,0.21585008665819658,0.21585008665819658,0.21585008665819658,0.21585008665819658,1,1,1,1
inner_summary,2d,non_matching_initial,p1,1,adaptive_force_effective_rho_no_inner_refinement,force_eff_rho_no_inner,production_2M,2000000,completed,24339171,20260701_091331_675538_job24339171,snellius_next_mem216,algorithm_data_ordered/2d/non_matching_initial/p1/production_2M/adaptive_force_effective_rho_no_inner_refinement,inner_history.csv,,37,,1,1374404,1374404,1800358,,,,,,,,,,,,,,,,,,,,,,,,,,-0.15312917442464211,0.15312917442464211,10,-0.13935275842382627,0.13935275842382627,10,-0.27870551684765255,0.27870551684765255,10,,,,,,,,,,,,,,,,,,,,,,,,,,,,,,,0.21360628346643162,0.21360628346643162,0.21360628346643162,0.21360628346643162,4.6815102241931505,4.6815102241931505,4.6815102241931505,4.6815102241931505,0.64554116596148259,0.64554116596148259,0.64554116596148259,0.64554116596148259,9.18559513000261e-11,9.18559513000261e-11,9.18559513000261e-11,9.18559513000261e-11,0.20889377391713507,0.20889377391713507,0.20889377391713507,0.20889377391713507,1,1,1,1
inner_summary,2d,non_matching_initial,p1,1,adaptive_force_effective_rho_no_inner_refinement,force_eff_rho_no_inner,production_2M,2000000,completed,24339171,20260701_091331_675538_job24339171,snellius_next_mem216,algorithm_data_ordered/2d/non_matching_initial/p1/production_2M/adaptive_force_effective_rho_no_inner_refinement,inner_history.csv,,38,,1,1800358,1800358,2340143,,,,,,,,,,,,,,,,,,,,,,,,,,-0.15312917442464211,0.15312917442464211,10,-0.13935275842382627,0.13935275842382627,10,-0.27870551684765255,0.27870551684765255,10,,,,,,,,,,,,,,,,,,,,,,,,,,,,,,,0.18784199357324036,0.18784199357324036,0.18784199357324036,0.18784199357324036,5.3236232270399961,5.3236232270399961,5.3236232270399961,5.3236232270399961,0.64176523495171989,0.64176523495171989,0.64176523495171989,0.64176523495171989,2.5133300524377621e-09,2.5133300524377621e-09,2.5133300524377621e-09,2.5133300524377621e-09,0.18461316544198755,0.18461316544198755,0.18461316544198755,0.18461316544198755,1,1,1,1
outer,2d,non_matching_initial,p1,1,adaptive_g_effective_rho,g_eff_rho,production_2M,2000000,completed,24339172,20260701_091332_498040_job24339172,snellius_next_mem216,algorithm_data_ordered/2d/non_matching_initial/p1/production_2M/adaptive_g_effective_rho,outer_history.csv,completed,0,,,2,2,2,2,2,15,0.0498639,0.0498663,1,1,0,1,0,0,adaptive,1,0.011717,1,computed,2.44444,1.00066,2.44283,0.89432699999999998,0.945689,2.1861299999999999,1.4785567287053953,0.89491799999999999,0.94600105708186177,-0.15312917442464211,0.15312917442464211,10,-0.13935275842382627,0.13935275842382627,10,-0.27870551684765255,0.27870551684765255,10,0.088923000000000002,0.29820000000000002,0.00054505000000000005,0.0233463,1.2522800000000001,1.1190500000000001,0.00054505000000000005,0.0233463,6.6252400000000005e-33,8.1395600000000005e-17,1.42329e-31,3.7726499999999998e-16,3.77265e-16,286825086368304.94,8.2268717812486792e+28,3.4864453896334752e-15,1.2155288505641684e-29,1,3.4864453896334752e-15,1.6159519923927986e-14,2.6113017154389503e-28,1,1,not_skipped,success,1,2.8855599999999999e-05,0.0053717399999999998,0.23008956451343468,0.052941198055224285,,,,,,,,,,,,,,,,,,,,,,,,
outer,2d,non_matching_initial,p1,1,adaptive_g_effective_rho,g_eff_rho,production_2M,2000000,completed,24339172,20260701_091332_498040_job24339172,snellius_next_mem216,algorithm_data_ordered/2d/non_matching_initial/p1/production_2M/adaptive_g_effective_rho,outer_history.csv,completed,1,,,2,2,3,2,2,30,0.0652245,0.120744,1,1,0,1,0,0,adaptive,1,0.010304,1,computed,2.44444,1.00051,2.44319,0.89432699999999998,0.945689,2.1861299999999999,1.4785567287053953,0.89478599999999997,0.94593128714510755,-0.15312917442464211,0.15312917442464211,10,-0.13935275842382627,0.13935275842382627,10,-0.27870551684765255,0.27870551684765255,10,0.088923000000000002,0.29820000000000002,0.000423325,0.0205749,1.2522800000000001,1.1190500000000001,0.000423325,0.0205749,2.8306399999999999e-31,5.3203800000000003e-16,7.3549699999999996e-32,2.7120100000000002e-16,2.71201e-16,38671861784308.641,1.4955098493626883e+27,2.5858594695478474e-14,6.6866828087167068e-28,1,2.5858594695478474e-14,1.318115762409538e-14,1.7374286895411326e-28,1,1,not_skipped,success,1,9.3780600000000001e-05,0.0096840399999999997,0.47067251845695479,0.22153333727041871,,,,,,,,,,,,,,,,,,,,,,,,
outer,2d,non_matching_initial,p1,1,adaptive_g_effective_rho,g_eff_rho,production_2M,2000000,completed,24339172,20260701_091332_498040_job24339172,snellius_next_mem216,algorithm_data_ordered/2d/non_matching_initial/p1/production_2M/adaptive_g_effective_rho,outer_history.csv,completed,2,,,3,3,7,4,4,54,0.0704671,0.196282,1,1,0,1,0,0,adaptive,1,0.0222701,1,computed,2.44444,1.00231,2.4388,0.81428999999999996,0.90237999999999996,1.9904900000000001,1.4108472631720275,0.81617499999999998,0.90342404218617067,-0.15312917442464211,0.15312917442464211,10,-0.13935275842382627,0.13935275842382627,10,-0.27870551684765255,0.27870551684765255,10,0.13397800000000001,0.36602899999999999,0.00164084,0.0405072,1.1166499999999999,1.0567200000000001,0.00164084,0.0405072,7.2301000000000003e-32,2.68889e-16,1.4446e-31,3.8007899999999999e-16,3.80079e-16,150646549319607.72,2.2694568539854219e+28,6.6380544693289096e-15,4.406340654786573e-29,1,6.6380544693289096e-15,9.3829985780305723e-15,8.8040272055776317e-29,1,1,not_skipped,success,1,0.00094191900000000005,0.030690700000000001,0.75766036655211921,0.57404682967260678,,,,,,,,,,,,,,,,,,,,,,,,
outer,2d,non_matching_initial,p1,1,adaptive_g_effective_rho,g_eff_rho,production_2M,2000000,completed,24339172,20260701_091332_498040_job24339172,snellius_next_mem216,algorithm_data_ordered/2d/non_matching_initial/p1/production_2M/adaptive_g_effective_rho,outer_history.csv,completed,3,,,7,7,7,12,12,102,0.0712296,0.272596,1,1,0,1,0,0,adaptive,1,0.0209523,1,computed,2.44444,1.00206,2.43943,0.81442800000000004,0.90245699999999995,1.99082,1.4109642093263741,0.81610300000000002,0.90338419291019256,-0.15312917442464211,0.15312917442464211,10,-0.13935275842382627,0.13935275842382627,10,-0.27870551684765255,0.27870551684765255,10,0.13398199999999999,0.36603599999999997,0.0014582200000000001,0.038186600000000001,1.1168499999999999,1.05681,0.0014582200000000001,0.038186600000000001,2.0265800000000001e-31,4.5017499999999996e-16,5.0769299999999999e-31,7.1252599999999999e-16,7.12526e-16,84826123174321.109,7.1954721747969485e+27,1.1788821209534233e-14,1.3897628615709564e-28,1,1.1788821209534233e-14,1.8659058413160638e-14,3.4815939981621427e-28,1,1,not_skipped,success,1,0.0012191400000000001,0.034916099999999999,0.91435477366406015,0.83604668705682272,,,,,,,,,,,,,,,,,,,,,,,,
outer,2d,non_matching_initial,p1,1,adaptive_g_effective_rho,g_eff_rho,production_2M,2000000,completed,24339172,20260701_091332_498040_job24339172,snellius_next_mem216,algorithm_data_ordered/2d/non_matching_initial/p1/production_2M/adaptive_g_effective_rho,outer_history.csv,completed,4,,,7,7,20,12,12,147,0.0751787,0.352924,1,1,0,1,0,0,adaptive,1,0.0209428,1,computed,2.44444,1.00205,2.43943,0.81442800000000004,0.90245699999999995,1.99082,1.4109642093263741,0.81610199999999999,0.9033836394356497,-0.15312917442464211,0.15312917442464211,10,-0.13935275842382627,0.13935275842382627,10,-0.27870551684765255,0.27870551684765255,10,0.13398199999999999,0.36603599999999997,0.00145692,0.038169700000000001,1.1168499999999999,1.05681,0.00145692,0.038169700000000001,6.3441100000000003e-31,7.9649900000000001e-16,2.30542e-30,1.5183600000000001e-15,1.51836e-15,47921842965276.797,2.2964923369865906e+27,2.0867310982271277e-14,4.3544669576915687e-28,1,2.0867310982271277e-14,3.9779196587869435e-14,1.5823929934382121e-27,1,1,not_skipped,success,1,0.0012335499999999999,0.035121899999999998,0.92015132421790047,0.8466834143261126,,,,,,,,,,,,,,,,,,,,,,,,
outer,2d,non_matching_initial,p1,1,adaptive_g_effective_rho,g_eff_rho,production_2M,2000000,completed,24339172,20260701_091332_498040_job24339172,snellius_next_mem216,algorithm_data_ordered/2d/non_matching_initial/p1/production_2M/adaptive_g_effective_rho,outer_history.csv,completed,5,,,20,20,29,38,38,321,0.0813514,0.442605,1,1,0,1,0,0,adaptive,1,0.0569892,1,computed,2.44444,1.01372,2.41137,0.64016899999999999,0.80010599999999998,1.5648599999999999,1.2509436438145405,0.64895000000000003,0.80557432928315187,-0.15312917442464211,0.15312917442464211,10,-0.13935275842382627,0.13935275842382627,10,-0.27870551684765255,0.27870551684765255,10,0.176311,0.41989399999999999,0.0069350999999999996,0.083277199999999996,0.84632799999999997,0.91996100000000003,0.0069350999999999996,0.083277199999999996,6.74124e-31,8.2105100000000002e-16,1.7032199999999999e-29,4.12701e-15,4.12701e-15,101427560529126.69,1.0287573206116382e+28,9.8592531929507725e-15,9.7204654583207169e-29,1,9.8592531929507725e-15,4.9557501933302272e-14,2.4559415149024527e-27,1,1,not_skipped,success,1,0.0061081800000000004,0.078154799999999996,0.93848976670685369,0.88076307479344218,,,,,,,,,,,,,,,,,,,,,,,,
outer,2d,non_matching_initial,p1,1,adaptive_g_effective_rho,g_eff_rho,production_2M,2000000,completed,24339172,20260701_091332_498040_job24339172,snellius_next_mem216,algorithm_data_ordered/2d/non_matching_initial/p1/production_2M/adaptive_g_effective_rho,outer_history.csv,completed,6,,,29,29,32,56,56,429,0.0897594,0.537607,1,1,0,1,0,0,adaptive,1,0.0420504,1,computed,2.44444,1.00779,2.42556,0.62793900000000002,0.79242599999999996,1.5349600000000001,1.2389350265449759,0.63282799999999995,0.7955048711353061,-0.15312917442464211,0.15312917442464211,10,-0.13935275842382627,0.13935275842382627,10,-0.27870551684765255,0.27870551684765255,10,0.17454,0.41777999999999998,0.0038389499999999998,0.061959300000000002,0.82944899999999999,0.91074100000000002,0.0038389499999999998,0.061959300000000002,3.8323200000000001e-31,6.1905699999999999e-16,3.1422e-29,5.6055300000000002e-15,5.60553e-15,100086583303314.56,1.0017300225450901e+28,9.9913491598517086e-15,9.9827296526393944e-29,1,9.9913491598517086e-15,9.0471164135166151e-14,8.1850505997733756e-27,1,1,not_skipped,success,1,0.0034562600000000001,0.058790000000000002,0.94884867969780162,0.90031388791205935,,,,,,,,,,,,,,,,,,,,,,,,
outer,2d,non_matching_initial,p1,1,adaptive_g_effective_rho,g_eff_rho,production_2M,2000000,completed,24339172,20260701_091332_498040_job24339172,snellius_next_mem216,algorithm_data_ordered/2d/non_matching_initial/p1/production_2M/adaptive_g_effective_rho,outer_history.csv,completed,7,,,32,32,54,62,62,510,0.104341,0.647095,1,1,0,1,0,0,adaptive,1,0.0379054,1,computed,2.44444,1.0064,2.42889,0.62243400000000004,0.78894500000000001,1.5215000000000001,1.2334909809155477,0.62641899999999995,0.79146636062437925,-0.15312917442464211,0.15312917442464211,10,-0.13935275842382627,0.13935275842382627,10,-0.27870551684765255,0.27870551684765255,10,0.175314,0.41870499999999999,0.0031146400000000001,0.055808900000000002,0.82115300000000002,0.90617499999999995,0.0031146400000000001,0.055808900000000002,2.3552899999999998e-30,1.5346900000000001e-15,6.2156899999999996e-29,7.8839700000000002e-15,7.88397e-15,36364933634805.727,1.3224019122910555e+27,2.7499018973676241e-14,7.5619975342254636e-28,1,2.7499018973676241e-14,1.412672530725386e-13,1.995636734903552e-26,1,1,not_skipped,success,1,0.0028604699999999999,0.053483299999999998,0.95832922705876655,0.9183950633138982,,,,,,,,,,,,,,,,,,,,,,,,
outer,2d,non_matching_initial,p1,1,adaptive_g_effective_rho,g_eff_rho,production_2M,2000000,completed,24339172,20260701_091332_498040_job24339172,snellius_next_mem216,algorithm_data_ordered/2d/non_matching_initial/p1/production_2M/adaptive_g_effective_rho,outer_history.csv,completed,8,,,54,54,81,106,106,894,0.107232,0.759761,1,1,0,1,0,0,adaptive,1,0.0385069,1,computed,2.44444,1.0066,2.42843,0.606711,0.77891600000000005,1.4830700000000001,1.2178136146389562,0.61071299999999995,0.78148128576441289,-0.15312917442464211,0.15312917442464211,10,-0.13935275842382627,0.13935275842382627,10,-0.27870551684765255,0.27870551684765255,10,0.185056,0.43018200000000001,0.0030556300000000002,0.055277800000000002,0.79411299999999996,0.89112999999999998,0.0030429699999999999,0.0551631,1.26579e-05,0.0035577999999999999,9.9823599999999999e-29,9.9911699999999994e-15,9.99117e-15,15.50483444825454,240.40085638218031,0.064496012733149519,0.004159718958780402,0.99792502595978849,0.064362185181031081,1.8074471125840752e-13,3.2668745888736529e-26,1,1,not_skipped,success,1,0.0027721600000000001,0.052651299999999998,0.95248544623700648,0.90723026020820585,,,,,,,,,,,,,,,,,,,,,,,,
outer,2d,non_matching_initial,p1,1,adaptive_g_effective_rho,g_eff_rho,production_2M,2000000,completed,24339172,20260701_091332_498040_job24339172,snellius_next_mem216,algorithm_data_ordered/2d/non_matching_initial/p1/production_2M/adaptive_g_effective_rho,outer_history.csv,completed,9,,,81,81,120,160,160,1245,0.131572,0.896672,1,1,0,1,0,0,adaptive,1,0.0371676,1,computed,2.44444,1.00617,2.42946,0.598109,0.77337500000000003,1.46204,1.2091484606945502,0.60179800000000006,0.77575640506540455,-0.15312917442464211,0.15312917442464211,10,-0.13935275842382627,0.13935275842382627,10,-0.27870551684765255,0.27870551684765255,10,0.188802,0.43451400000000001,0.0027858000000000002,0.0527807,0.78002199999999999,0.883189,0.0027600200000000002,0.052535900000000003,2.57781e-05,0.0050772100000000004,1.43194e-28,1.19664e-14,1.19664e-14,10.347395518404793,107.06840302427256,0.096642676722012946,0.0093398236244664895,0.99536194101252928,0.096194442286669193,2.2671923638754316e-13,5.1401392777658118e-26,1,1,not_skipped,success,1,0.0025255199999999998,0.050254600000000003,0.95213970258067826,0.90656902864527233,,,,,,,,,,,,,,,,,,,,,,,,
outer,2d,non_matching_initial,p1,1,adaptive_g_effective_rho,g_eff_rho,production_2M,2000000,completed,24339172,20260701_091332_498040_job24339172,snellius_next_mem216,algorithm_data_ordered/2d/non_matching_initial/p1/production_2M/adaptive_g_effective_rho,outer_history.csv,completed,10,,,120,120,180,238,238,1803,0.178385,1.08072,1,1,0,1,0,0,adaptive,1,0.0446458,1,computed,2.44444,1.00871,2.42333,0.53014300000000003,0.72810900000000001,1.2959000000000001,1.1383760362902937,0.53476199999999996,0.73127423036778749,-0.15312917442464211,0.15312917442464211,10,-0.13935275842382627,0.13935275842382627,10,-0.27870551684765255,0.27870551684765255,10,0.191908,0.43807299999999999,0.0033294499999999999,0.0577014,0.68046899999999999,0.82490600000000003,0.00215351,0.046406000000000003,0.0011759400000000001,0.034292000000000003,2.7470199999999999e-28,1.6574099999999999e-14,1.65741e-14,1.3532602356234691,1.8313094205486673,0.73895616946084564,0.54605736681046302,0.80424391782521742,0.59430100482830583,2.8723913111293657e-13,8.2506720329183501e-26,1,1,not_skipped,success,1,0.0020726799999999999,0.045526700000000003,0.78900511945983987,0.62252924657225672,,,,,,,,,,,,,,,,,,,,,,,,
outer,2d,non_matching_initial,p1,1,adaptive_g_effective_rho,g_eff_rho,production_2M,2000000,completed,24339172,20260701_091332_498040_job24339172,snellius_next_mem216,algorithm_data_ordered/2d/non_matching_initial/p1/production_2M/adaptive_g_effective_rho,outer_history.csv,completed,11,,,180,180,260,358,358,2841,0.212278,1.29948,1,1,0,1,0,0,adaptive,1,0.0447659,1,computed,2.44444,1.00876,2.42323,0.523953,0.72384599999999999,1.28077,1.1317110938751109,0.52854100000000004,0.72700825304806549,-0.15312917442464211,0.15312917442464211,10,-0.13935275842382627,0.13935275842382627,10,-0.27870551684765255,0.27870551684765255,10,0.19572700000000001,0.442411,0.0032664,0.057152399999999999,0.66983199999999998,0.81843200000000005,0.00210991,0.045933799999999997,0.0011564800000000001,0.034007099999999998,4.1947200000000002e-28,2.0481000000000001e-14,2.0481e-14,1.3507120571880578,1.8244241145545101,0.74035024317604903,0.54811816617770426,0.80370728088409227,0.59502488084489891,3.5835765427173664e-13,1.2842027920646585e-25,1,1,not_skipped,success,1,0.0020336400000000002,0.045095900000000001,0.78904647923796734,0.62259368111682589,,,,,,,,,,,,,,,,,,,,,,,,
outer,2d,non_matching_initial,p1,1,adaptive_g_effective_rho,g_eff_rho,production_2M,2000000,completed,24339172,20260701_091332_498040_job24339172,snellius_next_mem216,algorithm_data_ordered/2d/non_matching_initial/p1/production_2M/adaptive_g_effective_rho,outer_history.csv,completed,12,,,260,260,353,518,518,3777,0.259271,1.56801,1,1,0,1,0,0,adaptive,1,0.0449377,1,computed,2.44444,1.00882,2.42307,0.51513299999999995,0.71772800000000003,1.2592099999999999,1.1221452668883829,0.51967699999999994,0.72088626009933077,-0.15312917442464211,0.15312917442464211,10,-0.13935275842382627,0.13935275842382627,10,-0.27870551684765255,0.27870551684765255,10,0.19963600000000001,0.44680599999999998,0.0031857399999999998,0.056442399999999997,0.65535399999999999,0.80954000000000004,0.00209121,0.045729699999999998,0.00109453,0.033083700000000001,5.3182899999999997e-28,2.3061399999999999e-14,2.30614e-14,1.3822426149433105,1.9106008971887476,0.72346199515850751,0.52339554611923245,0.81020119626380172,0.58614977392881951,4.0858290930222671e-13,1.6694049106330083e-25,1,1,not_skipped,success,1,0.0020240599999999998,0.044989500000000002,0.79708694173174788,0.63535002856479184,,,,,,,,,,,,,,,,,,,,,,,,
outer,2d,non_matching_initial,p1,1,adaptive_g_effective_rho,g_eff_rho,production_2M,2000000,completed,24339172,20260701_091332_498040_job24339172,snellius_next_mem216,algorithm_data_ordered/2d/non_matching_initial/p1/production_2M/adaptive_g_effective_rho,outer_history.csv,completed,13,,,353,353,489,704,704,5100,0.377896,1.95244,1,1,0,1,0,0,adaptive,1,0.0433422,1,computed,2.44444,1.00824,2.42446,0.40088200000000002,0.63315200000000005,0.97993300000000005,0.9899156529725146,0.40418500000000002,0.63575545613073592,-0.15312917442464211,0.15312917442464211,10,-0.13935275842382627,0.13935275842382627,10,-0.27870551684765255,0.27870551684765255,10,0.144153,0.37967499999999998,0.00238668,0.0488537,0.51498299999999997,0.71762300000000001,0.002323,0.048197499999999997,6.3686400000000001e-05,0.0079803700000000005,1.7197300000000002e-27,4.1469700000000003e-14,4.14697e-14,6.0395069401544035,36.475605466787258,0.16557643031277558,0.027415583297460182,0.98656805932815728,0.16335241752415888,8.4885484620407467e-13,7.2055323713275355e-25,1,1,not_skipped,success,1,0.0021859599999999998,0.046754299999999999,0.95702679633272403,0.91589991117368053,,,,,,,,,,,,,,,,,,,,,,,,
outer,2d,non_matching_initial,p1,1,adaptive_g_effective_rho,g_eff_rho,production_2M,2000000,completed,24339172,20260701_091332_498040_job24339172,snellius_next_mem216,algorithm_data_ordered/2d/non_matching_initial/p1/production_2M/adaptive_g_effective_rho,outer_history.csv,completed,14,,,489,489,807,976,976,7404,0.496792,2.45692,1,1,0,1,0,0,adaptive,1,0.0426149,1,computed,2.44444,1.00798,2.42508,0.39890300000000001,0.63158800000000004,0.97509599999999996,0.98746949319966337,0.402088,0.63410409240123977,-0.15312917442464211,0.15312917442464211,10,-0.13935275842382627,0.13935275842382627,10,-0.27870551684765255,0.27870551684765255,10,0.14533099999999999,0.38122299999999998,0.0022884300000000002,0.047837499999999998,0.511602,0.71526299999999998,0.0022223799999999999,0.047142099999999999,6.6048400000000003e-05,0.0081270100000000005,2.1511899999999999e-27,4.6380900000000002e-14,4.63809e-14,5.8006696189619547,33.647749226324933,0.17239388996247518,0.029719669903436857,0.98546328717010712,0.16988784949046251,9.6955108440031359e-13,9.4002875333744076e-25,1,1,not_skipped,success,1,0.0021004999999999999,0.045831200000000002,0.95806009929448666,0.91787819596841491,,,,,,,,,,,,,,,,,,,,,,,,
outer,2d,non_matching_initial,p1,1,adaptive_g_effective_rho,g_eff_rho,production_2M,2000000,completed,24339172,20260701_091332_498040_job24339172,snellius_next_mem216,algorithm_data_ordered/2d/non_matching_initial/p1/production_2M/adaptive_g_effective_rho,outer_history.csv,completed,15,,,807,807,1069,1612,1612,11172,0.663411,3.12896,1,1,0,1,0,0,adaptive,1,0.0465009,1,computed,2.44444,1.0094,2.42167,0.37606499999999998,0.61324100000000004,0.91927000000000003,0.9587856903396087,0.37960100000000002,0.61611768356378149,-0.15312917442464211,0.15312917442464211,10,-0.13935275842382627,0.13935275842382627,10,-0.27870551684765255,0.27870551684765255,10,0.148142,0.38489299999999999,0.00246335,0.049632099999999998,0.47736400000000001,0.69091499999999995,0.0021796599999999999,0.046686800000000001,0.00028369300000000001,0.016843199999999999,3.3105000000000002e-27,5.7536900000000003e-14,5.75369e-14,2.7718485798423105,7.6831645475919386,0.36077006777076176,0.13015470302707763,0.9406573568315667,0.33936101837318994,1.1592678931578556e-12,1.3439015974181502e-24,1,1,not_skipped,success,1,0.0020611100000000001,0.045399500000000002,0.91472051353861727,0.83671017110844992,,,,,,,,,,,,,,,,,,,,,,,,
outer,2d,non_matching_initial,p1,1,adaptive_g_effective_rho,g_eff_rho,production_2M,2000000,completed,24339172,20260701_091332_498040_job24339172,snellius_next_mem216,algorithm_data_ordered/2d/non_matching_initial/p1/production_2M/adaptive_g_effective_rho,outer_history.csv,completed,16,,,1069,1069,1771,2136,2136,14760,1.06188,4.20042,1,1,0,1,0,0,adaptive,1,0.0493464,1,computed,2.44444,1.0105,2.41903,0.35807099999999997,0.59838999999999998,0.87528399999999995,0.93556613876304862,0.36183199999999999,0.6015247293337157,-0.15312917442464211,0.15312917442464211,10,-0.13935275842382627,0.13935275842382627,10,-0.27870551684765255,0.27870551684765255,10,0.148451,0.385293,0.0025633499999999998,0.050629500000000001,0.451235,0.67174,0.00194516,0.044103900000000001,0.00061819100000000003,0.024863400000000001,4.6031300000000002e-27,6.7846400000000001e-14,6.78464e-14,1.7738483071502691,3.1465356176327379,0.563746063273316,0.3178098459766806,0.87111071608449619,0.49108523686783395,1.3400566863192408e-12,1.795747751965202e-24,1,1,not_skipped,success,1,0.0018717199999999999,0.043263299999999998,0.85450774745948499,0.73018510932958824,,,,,,,,,,,,,,,,,,,,,,,,
outer,2d,non_matching_initial,p1,1,adaptive_g_effective_rho,g_eff_rho,production_2M,2000000,completed,24339172,20260701_091332_498040_job24339172,snellius_next_mem216,algorithm_data_ordered/2d/non_matching_initial/p1/production_2M/adaptive_g_effective_rho,outer_history.csv,completed,17,,,1771,1771,2357,3540,3540,24432,1.43501,5.64866,1,1,0,1,0,0,adaptive,1,0.0674174,1,computed,2.44444,1.01866,2.39966,0.311583,0.55819600000000003,0.76164799999999999,0.87272446969246831,0.31739800000000001,0.56338086584476754,-0.15312917442464211,0.15312917442464211,10,-0.13935275842382627,0.13935275842382627,10,-0.27870551684765255,0.27870551684765255,10,0.135739,0.36842799999999998,0.0038985399999999998,0.062438300000000002,0.38973600000000003,0.62428899999999998,0.0014957900000000001,0.038675399999999999,0.0024027599999999999,0.049017900000000003,9.1044300000000007e-27,9.5417199999999998e-14,9.54172e-14,0.78900564895680958,0.6225299239208244,1.2674180486821081,1.6063484847471903,0.6194178893403568,0.78506141262654494,1.5281838230701348e-12,2.3353434875620108e-24,1,1,not_skipped,success,1,0.00153718,0.039206999999999999,0.62793189436611818,0.39429632631703154,,,,,,,,,,,,,,,,,,,,,,,,
outer,2d,non_matching_initial,p1,1,adaptive_g_effective_rho,g_eff_rho,production_2M,2000000,completed,24339172,20260701_091332_498040_job24339172,snellius_next_mem216,algorithm_data_ordered/2d/non_matching_initial/p1/production_2M/adaptive_g_effective_rho,outer_history.csv,completed,18,,,2357,2357,3509,4712,4712,31500,1.84013,7.50929,1,1,0,1,0,0,adaptive,1,0.0875389,1,computed,2.44444,1.02986,2.37357,0.28490500000000002,0.53376500000000004,0.69643500000000003,0.83452681203182444,0.29341299999999998,0.54167610248191678,-0.15312917442464211,0.15312917442464211,10,-0.13935275842382627,0.13935275842382627,10,-0.27870551684765255,0.27870551684765255,10,0.119836,0.34617300000000001,0.0058475899999999997,0.076469499999999996,0.358269,0.59855599999999998,0.0014306500000000001,0.037824000000000003,0.0044169400000000003,0.066460099999999994,1.2826499999999999e-26,1.13254e-13,1.13254e-13,0.5691234289445849,0.32390070954099442,1.7570880922165817,3.0873658826407575,0.49462857740667854,0.86910598343130263,1.4810349224200499e-12,2.1934677362811006e-24,1,1,not_skipped,success,1,0.0014908,0.038610899999999997,0.50491895461589265,0.25494263448702803,,,,,,,,,,,,,,,,,,,,,,,,
outer,2d,non_matching_initial,p1,1,adaptive_g_effective_rho,g_eff_rho,production_2M,2000000,completed,24339172,20260701_091332_498040_job24339172,snellius_next_mem216,algorithm_data_ordered/2d/non_matching_initial/p1/production_2M/adaptive_g_effective_rho,outer_history.csv,completed,19,,,3509,3509,5006,7016,7016,45252,2.60763,10.1356,1,1,0,1,0,0,adaptive,1,0.105211,1,computed,2.44444,1.04129,2.34751,0.24854999999999999,0.49854799999999999,0.607568,0.7794664842057033,0.25881300000000002,0.5087366705870533,-0.15312917442464211,0.15312917442464211,10,-0.13935275842382627,0.13935275842382627,10,-0.27870551684765255,0.27870551684765255,10,0.10208100000000001,0.31950099999999998,0.0071777799999999999,0.0847218,0.31364799999999998,0.56004299999999996,0.00112845,0.033592400000000001,0.0060493300000000003,0.077777399999999997,2.20773e-26,1.48584e-13,1.48584e-13,0.4319043835355772,0.18654131945190625,2.3153272764077588,5.3607426115468124,0.39650243502852867,0.91803290298364759,1.7537871008406337e-12,3.0757838774662917e-24,1,1,not_skipped,success,1,0.0013731500000000001,0.037055999999999999,0.43738447483410409,0.19130566832641849,,,,,,,,,,,,,,,,,,,,,,,,
outer,2d,non_matching_initial,p1,1,adaptive_g_effective_rho,g_eff_rho,production_2M,2000000,completed,24339172,20260701_091332_498040_job24339172,snellius_next_mem216,algorithm_data_ordered/2d/non_matching_initial/p1/production_2M/adaptive_g_effective_rho,outer_history.csv,completed,20,,,5006,5006,7406,10010,10010,66867,4.12694,14.2856,1,1,0,1,0,0,adaptive,1,0.0442177,1,computed,2.44444,1.00856,2.42371,0.24463699999999999,0.49460799999999999,0.598001,0.77330524374272802,0.24673,0.49671923659145717,-0.15312917442464211,0.15312917442464211,10,-0.13935275842382627,0.13935275842382627,10,-0.27870551684765255,0.27870551684765255,10,0.098940600000000004,0.31454799999999999,0.0014401399999999999,0.037949200000000002,0.30939100000000003,0.55622899999999997,0.00099170599999999997,0.031491400000000003,0.00044843299999999998,0.021176199999999999,2.8174700000000001e-26,1.67853e-13,1.67853e-13,1.4871128908869393,2.2114920177596207,0.67244390532018261,0.45218340919587052,0.82983040485701942,0.55801439819548238,4.4230971930897093e-12,1.9563861846764899e-23,1,1,not_skipped,success,1,0.00094630599999999995,0.030762100000000001,0.81061260843443339,0.65709306039690585,,,,,,,,,,,,,,,,,,,,,,,,
outer,2d,non_matching_initial,p1,1,adaptive_g_effective_rho,g_eff_rho,production_2M,2000000,completed,24339172,20260701_091332_498040_job24339172,snellius_next_mem216,algorithm_data_ordered/2d/non_matching_initial/p1/production_2M/adaptive_g_effective_rho,outer_history.csv,completed,21,,,7406,7406,10126,14810,14810,95655,5.56505,19.8869,1,1,0,1,0,0,adaptive,1,0.0538664,1,computed,2.44444,1.01236,2.4146,0.22306999999999999,0.472302,0.54528100000000002,0.73843144570095332,0.225827,0.47521258400846245,-0.15312917442464211,0.15312917442464211,10,-0.13935275842382627,0.13935275842382627,10,-0.27870551684765255,0.27870551684765255,10,0.095352199999999998,0.30879200000000001,0.00185528,0.043072899999999997,0.279833,0.52899200000000002,0.00085413700000000004,0.029225600000000001,0.00100114,0.031640799999999997,4.4087399999999998e-26,2.0996999999999999e-13,2.0997e-13,0.92366817526737643,0.8531643925924447,1.082639877367787,1.1721070507424451,0.67851479700693484,0.73458717662381678,4.8747588390844356e-12,2.376320555387866e-23,1,1,not_skipped,success,1,0.00087808199999999997,0.0296324,0.68795925048000017,0.47328812901556638,,,,,,,,,,,,,,,,,,,,,,,,
outer,2d,non_matching_initial,p1,1,adaptive_g_effective_rho,g_eff_rho,production_2M,2000000,completed,24339172,20260701_091332_498040_job24339172,snellius_next_mem216,algorithm_data_ordered/2d/non_matching_initial/p1/production_2M/adaptive_g_effective_rho,outer_history.csv,completed,22,,,10126,10126,14294,20250,20250,128715,8.9696,28.9021,1,1,0,1,0,0,adaptive,1,0.0701807,1,computed,2.44444,1.02008,2.39634,0.19925200000000001,0.44637700000000002,0.48706100000000002,0.69789755695230804,0.20325199999999999,0.45083478126692933,-0.15312917442464211,0.15312917442464211,10,-0.13935275842382627,0.13935275842382627,10,-0.27870551684765255,0.27870551684765255,10,0.088886199999999999,0.29813800000000001,0.0026534200000000001,0.051511300000000003,0.248304,0.49830099999999999,0.00079988800000000001,0.0282823,0.0018535299999999999,0.043052600000000003,7.1186199999999997e-26,2.6680699999999999e-13,2.66807e-13,0.65692432048238658,0.43154845079389059,1.5222453619401535,2.3172369131678434,0.54905040253303639,0.83578942872728901,5.1795819558038719e-12,2.6828093554733132e-23,1,1,not_skipped,success,1,0.00096366799999999999,0.031043000000000001,0.60264446830113005,0.36317959463635607,,,,,,,,,,,,,,,,,,,,,,,,
outer,2d,non_matching_initial,p1,1,adaptive_g_effective_rho,g_eff_rho,production_2M,2000000,completed,24339172,20260701_091332_498040_job24339172,snellius_next_mem216,algorithm_data_ordered/2d/non_matching_initial/p1/production_2M/adaptive_g_effective_rho,outer_history.csv,completed,23,,,14294,14294,20665,28586,28586,186003,12.3564,41.3356,1,1,0,1,0,0,adaptive,1,0.0830713,1,computed,2.44444,1.0272,2.37972,0.18604499999999999,0.43132900000000002,0.45477600000000001,0.67437081787396469,0.191105,0.43715557871311672,-0.15312917442464211,0.15312917442464211,10,-0.13935275842382627,0.13935275842382627,10,-0.27870551684765255,0.27870551684765255,10,0.082929600000000006,0.28797499999999998,0.0033769300000000002,0.058111299999999998,0.231874,0.48153299999999999,0.00078038499999999998,0.027935399999999999,0.00259654,0.050956300000000003,9.7710700000000001e-26,3.1258700000000002e-13,3.12587e-13,0.54822269277792923,0.30054803700308869,1.8240762616608319,3.3272551368875622,0.48072233799622449,0.87687420518900805,5.3791087103540969e-12,2.8934772115501358e-23,1,1,not_skipped,success,1,0.00097209300000000005,0.031178399999999998,0.53652903996296764,0.28786294059989398,,,,,,,,,,,,,,,,,,,,,,,,
outer,2d,non_matching_initial,p1,1,adaptive_g_effective_rho,g_eff_rho,production_2M,2000000,completed,24339172,20260701_091332_498040_job24339172,snellius_next_mem216,algorithm_data_ordered/2d/non_matching_initial/p1/production_2M/adaptive_g_effective_rho,outer_history.csv,completed,24,,,20665,20665,28451,41328,41328,263055,16.75,58.1907,1,1,0,1,0,0,adaptive,1,0.0986765,1,computed,2.44444,1.0369,2.35745,0.17130500000000001,0.41388999999999998,0.41874499999999998,0.64710509192866039,0.17762700000000001,0.42145818297904719,-0.15312917442464211,0.15312917442464211,10,-0.13935275842382627,0.13935275842382627,10,-0.27870551684765255,0.27870551684765255,10,0.075532699999999994,0.27483200000000002,0.0042698500000000004,0.065344100000000002,0.21387,0.46246100000000001,0.00070750499999999998,0.026599000000000001,0.0035623400000000002,0.0596854,1.4185999999999999e-25,3.7664300000000001e-13,3.76643e-13,0.44565337586746512,0.19860681462184968,2.2438963870822208,5.0350739570745091,0.40706046911656907,0.91340151597466335,5.7639939948671721e-12,3.3223649542723978e-23,1,1,not_skipped,success,1,0.00097466000000000002,0.031219500000000001,0.47777075512555839,0.22826562994016181,,,,,,,,,,,,,,,,,,,,,,,,
outer,2d,non_matching_initial,p1,1,adaptive_g_effective_rho,g_eff_rho,production_2M,2000000,completed,24339172,20260701_091332_498040_job24339172,snellius_next_mem216,algorithm_data_ordered/2d/non_matching_initial/p1/production_2M/adaptive_g_effective_rho,outer_history.csv,completed,25,,,28451,28451,40241,56900,56900,356358,23.8886,82.2179,1,1,0,1,0,0,adaptive,1,0.103447,1,computed,2.44444,1.04009,2.35023,0.1535,0.39179000000000003,0.37522100000000003,0.61255285486233757,0.15965299999999999,0.39956601457080904,-0.15312917442464211,0.15312917442464211,10,-0.13935275842382627,0.13935275842382627,10,-0.27870551684765255,0.27870551684765255,10,0.068277299999999999,0.261299,0.00414708,0.064397899999999994,0.19137599999999999,0.43746600000000002,0.00056994399999999996,0.023873499999999999,0.0035771399999999999,0.0598092,2.1446000000000002e-25,4.6309900000000004e-13,4.63099e-13,0.39916099864234933,0.15932952023124619,2.5052547804050516,6.2763008295551845,0.37071861038946924,0.92874457086333573,7.1912127569377274e-12,5.1713494796338631e-23,1,1,not_skipped,success,1,0.00131807,0.036305200000000003,0.56376372521464224,0.31783085930341348,,,,,,,,,,,,,,,,,,,,,,,,
outer,2d,non_matching_initial,p1,1,adaptive_g_effective_rho,g_eff_rho,production_2M,2000000,completed,24339172,20260701_091332_498040_job24339172,snellius_next_mem216,algorithm_data_ordered/2d/non_matching_initial/p1/production_2M/adaptive_g_effective_rho,outer_history.csv,completed,26,,,40241,40241,60403,80480,80480,513546,38.1677,120.558,1,1,0,1,0,0,adaptive,1,0.0746795,1,computed,2.44444,1.02246,2.39074,0.142763,0.37784000000000001,0.34897600000000001,0.59074190641937707,0.14596999999999999,0.38206020467983837,-0.15312917442464211,0.15312917442464211,10,-0.13935275842382627,0.13935275842382627,10,-0.27870551684765255,0.27870551684765255,10,0.065333799999999997,0.25560500000000003,0.0021037400000000002,0.045866499999999998,0.177176,0.42092299999999999,0.00047905700000000002,0.021887400000000001,0.0016246800000000001,0.040307299999999997,3.0996099999999998e-25,5.5674199999999995e-13,5.56742e-13,0.54301330032028949,0.29486237289804762,1.8415755183347495,3.3914127128922029,0.47719795493442935,0.87879607120665404,1.2138314456084505e-11,1.4733807409660887e-22,1,1,not_skipped,success,1,0.00059638400000000004,0.024421000000000002,0.53243652774901074,0.28348750320857141,,,,,,,,,,,,,,,,,,,,,,,,
outer,2d,non_matching_initial,p1,1,adaptive_g_effective_rho,g_eff_rho,production_2M,2000000,completed,24339172,20260701_091332_498040_job24339172,snellius_next_mem216,algorithm_data_ordered/2d/non_matching_initial/p1/production_2M/adaptive_g_effective_rho,outer_history.csv,completed,27,,,60403,60403,78109,120804,120804,756150,52.1987,173.074,1,1,0,1,0,0,adaptive,1,0.0959407,1,computed,2.44444,1.03512,2.3615,0.12798999999999999,0.35775600000000002,0.312863,0.55934157721378086,0.13248499999999999,0.36398488979626614,-0.15312917442464211,0.15312917442464211,10,-0.13935275842382627,0.13935275842382627,10,-0.27870551684765255,0.27870551684765255,10,0.059328699999999998,0.24357500000000001,0.0029576400000000001,0.054384200000000001,0.15850600000000001,0.39812799999999998,0.00043896199999999999,0.020951399999999998,0.0025186800000000001,0.050186500000000002,4.8363600000000002e-25,6.9544000000000001e-13,6.9544e-13,0.41747083378996341,0.17428256070640175,2.3953769199194328,5.7378087397086768,0.38524792127125157,0.92281397906009466,1.2787537556863942e-11,1.6352091532438026e-22,1,1,not_skipped,success,1,0.00067174499999999996,0.025918,0.47657223973139257,0.22712196210492147,,,,,,,,,,,,,,,,,,,,,,,,
outer,2d,non_matching_initial,p1,1,adaptive_g_effective_rho,g_eff_rho,production_2M,2000000,completed,24339172,20260701_091332_498040_job24339172,snellius_next_mem216,algorithm_data_ordered/2d/non_matching_initial/p1/production_2M/adaptive_g_effective_rho,outer_history.csv,completed,28,,,78109,78109,106790,156216,156216,968274,70.394,243.91,1,1,0,1,0,0,adaptive,1,0.0945617,1,computed,2.44444,1.03424,2.36352,0.118523,0.34427200000000002,0.28972399999999998,0.53826016014563072,0.122581,0.35011569516375585,-0.15312917442464211,0.15312917442464211,10,-0.13935275842382627,0.13935275842382627,10,-0.27870551684765255,0.27870551684765255,10,0.054533400000000003,0.23352400000000001,0.0026784600000000001,0.051753899999999999,0.14696300000000001,0.38335799999999998,0.00038512000000000003,0.0196245,0.00229334,0.047888899999999998,6.4825399999999997e-25,8.0514199999999998e-13,8.05142e-13,0.40979224830806305,0.16792974439027794,2.4402608983668372,5.9548712089738265,0.37918881475598942,0.92531963774710702,1.5557127095735779e-11,2.4202489490229459e-22,1,1,not_skipped,success,1,0.00067943099999999998,0.026065899999999999,0.50365093258672289,0.25366479245536611,,,,,,,,,,,,,,,,,,,,,,,,
outer,2d,non_matching_initial,p1,1,adaptive_g_effective_rho,g_eff_rho,production_2M,2000000,completed,24339172,20260701_091332_498040_job24339172,snellius_next_mem216,algorithm_data_ordered/2d/non_matching_initial/p1/production_2M/adaptive_g_effective_rho,outer_history.csv,completed,29,,,106790,106790,155106,213594,213594,1342746,113.46,357.96,1,1,0,1,0,0,adaptive,1,0.0723262,1,computed,2.44444,1.0212,2.3937,0.11097799999999999,0.33313399999999999,0.27128000000000002,0.52084546652534092,0.113331,0.33664669907783146,-0.15312917442464211,0.15312917442464211,10,-0.13935275842382627,0.13935275842382627,10,-0.27870551684765255,0.27870551684765255,10,0.052323799999999997,0.228744,0.00151724,0.038951800000000002,0.137047,0.37019800000000003,0.00034413100000000002,0.018550799999999999,0.00117311,0.034250700000000002,9.6051300000000003e-25,9.8005800000000002e-13,9.80058e-13,0.54161812751272231,0.29334930228196848,1.8463192962028594,3.4089053296564389,0.47625013478196127,0.87930981366714767,2.5160788461637202e-11,6.3306596187814716e-22,1,1,not_skipped,success,1,0.00059630900000000005,0.024419400000000001,0.62691326203153641,0.39302219820199841,,,,,,,,,,,,,,,,,,,,,,,,
outer,2d,non_matching_initial,p1,1,adaptive_g_effective_rho,g_eff_rho,production_2M,2000000,completed,24339172,20260701_091332_498040_job24339172,snellius_next_mem216,algorithm_data_ordered/2d/non_matching_initial/p1/production_2M/adaptive_g_effective_rho,outer_history.csv,completed,30,,,155106,155106,211935,310682,310682,1930254,160.106,519.183,1,1,0,1,0,0,adaptive,1,0.0852441,1,computed,2.44444,1.02848,2.37675,0.10180699999999999,0.319073,0.248862,0.49886070200006732,0.10470699999999999,0.32358461026445617,-0.15312917442464211,0.15312917442464211,10,-0.13935275842382627,0.13935275842382627,10,-0.27870551684765255,0.27870551684765255,10,0.049438700000000002,0.22234799999999999,0.00185082,0.043021200000000002,0.125082,0.35366999999999998,0.00030558499999999998,0.017481,0.0015452300000000001,0.039309499999999997,1.47372e-24,1.2139699999999999e-12,1.21397e-12,0.44470166244800879,0.19776020398257863,2.2486985870373548,5.0566290884696574,0.40633455133748009,0.913723931457049,2.821794836034327e-11,7.9625247187733004e-22,1,1,not_skipped,success,1,0.00074710800000000002,0.027333300000000001,0.6353448997238571,0.40366324115797325,,,,,,,,,,,,,,,,,,,,,,,,
outer,2d,non_matching_initial,p1,1,adaptive_g_effective_rho,g_eff_rho,production_2M,2000000,completed,24339172,20260701_091332_498040_job24339172,snellius_next_mem216,algorithm_data_ordered/2d/non_matching_initial/p1/production_2M/adaptive_g_effective_rho,outer_history.csv,completed,31,,,211935,211935,280857,424348,424348,2613870,220.342,741.021,1,1,0,1,0,0,adaptive,1,0.114967,1,computed,2.44444,1.04817,2.33211,0.0921791,0.30360999999999999,0.225327,0.47468621214440176,0.096618999999999997,0.31083596960454885,-0.15312917442464211,0.15312917442464211,10,-0.13935275842382627,0.13935275842382627,10,-0.27870551684765255,0.27870551684765255,10,0.044696399999999997,0.21141499999999999,0.0028778499999999999,0.053645600000000002,0.11328199999999999,0.33657500000000001,0.000259258,0.016101500000000001,0.0026185900000000001,0.051172200000000001,2.0658800000000001e-24,1.43732e-12,1.43732e-12,0.31465326876702587,0.099006717355523396,3.1781014191224419,10.10032477300604,0.30014577150782173,0.9538937023726084,2.679287770106029e-11,7.1785534339871784e-22,1,1,not_skipped,success,1,0.0010751599999999999,0.032789600000000002,0.61122627018804898,0.37359834598745589,,,,,,,,,,,,,,,,,,,,,,,,
outer,2d,non_matching_initial,p1,1,adaptive_g_effective_rho,g_eff_rho,production_2M,2000000,completed,24339172,20260701_091332_498040_job24339172,snellius_next_mem216,algorithm_data_ordered/2d/non_matching_initial/p1/production_2M/adaptive_g_effective_rho,outer_history.csv,completed,32,,,280857,280857,396129,562184,562184,3462432,369.593,1112.55,1,1,0,1,0,0,adaptive,1,0.116611,1,computed,2.44444,1.04936,2.32946,0.082247299999999995,0.28678799999999999,0.20104900000000001,0.44838487931686544,0.086307300000000003,0.29378104091312635,-0.15312917442464211,0.15312917442464211,10,-0.13935275842382627,0.13935275842382627,10,-0.27870551684765255,0.27870551684765255,10,0.039820300000000003,0.19955000000000001,0.0026358100000000001,0.0513401,0.101104,0.31796799999999997,0.000220733,0.0148571,0.00241508,0.049143399999999997,3.3145399999999996e-24,1.82059e-12,1.82059e-12,0.30232136970579976,0.091397800486940392,3.3077383877068876,10.94118233340733,0.28938587965352619,0.95721278299029411,3.546136450844467e-11,1.257503386055899e-21,1,1,not_skipped,success,1,0.0011264000000000001,0.033561899999999999,0.65371707495700238,0.42734491484591075,,,,,,,,,,,,,,,,,,,,,,,,
outer,2d,non_matching_initial,p1,1,adaptive_g_effective_rho,g_eff_rho,production_2M,2000000,completed,24339172,20260701_091332_498040_job24339172,snellius_next_mem216,algorithm_data_ordered/2d/non_matching_initial/p1/production_2M/adaptive_g_effective_rho,outer_history.csv,completed,33,,,396129,396129,550767,793128,793128,4893024,518.022,1633.86,1,1,0,1,0,0,adaptive,1,0.117059,1,computed,2.44444,1.04969,2.32873,0.075933100000000003,0.27556000000000003,0.185614,0.43082943260645507,0.079706299999999994,0.28232304192183816,-0.15312917442464211,0.15312917442464211,10,-0.13935275842382627,0.13935275842382627,10,-0.27870551684765255,0.27870551684765255,10,0.0370937,0.19259699999999999,0.0024382499999999999,0.049378600000000002,0.093195,0.30527900000000002,0.000197562,0.014055700000000001,0.0022406800000000001,0.0473359,4.7296400000000003e-24,2.17477e-12,2.17477e-12,0.29693530702912591,0.088170555367120693,3.3677369323477304,11.341654771666617,0.28465165071508713,0.95863187696694518,4.404276346433475e-11,1.9397682764277659e-21,1,1,not_skipped,success,1,0.00109906,0.033152000000000001,0.67138395985305377,0.45075771557469502,,,,,,,,,,,,,,,,,,,,,,,,
outer,2d,non_matching_initial,p1,1,adaptive_g_effective_rho,g_eff_rho,production_2M,2000000,completed,24339172,20260701_091332_498040_job24339172,snellius_next_mem216,algorithm_data_ordered/2d/non_matching_initial/p1/production_2M/adaptive_g_effective_rho,outer_history.csv,completed,34,,,550767,550767,711279,1103508,1103508,6761595,739.762,2377.94,1,1,0,1,0,0,adaptive,1,0.135921,1,computed,2.44444,1.06416,2.29707,0.068090600000000001,0.26094200000000001,0.16644400000000001,0.40797548945984491,0.072459200000000001,0.26918246599658008,-0.15312917442464211,0.15312917442464211,10,-0.13935275842382627,0.13935275842382627,10,-0.27870551684765255,0.27870551684765255,10,0.032986000000000001,0.181621,0.0028616800000000001,0.053494699999999999,0.083692699999999995,0.28929700000000003,0.00017913200000000001,0.013384,0.0026825500000000001,0.0517933,7.1181900000000001e-24,2.6679899999999998e-12,2.66799e-12,0.25841180229875294,0.066776760917783451,3.8697922893006576,14.97526963356631,0.25019300977480013,0.96819498006344551,4.9873912742757694e-11,2.4874164826255904e-21,1,1,not_skipped,success,1,0.0011944,0.03456,0.6460453091614683,0.41737720499846243,,,,,,,,,,,,,,,,,,,,,,,,
outer,2d,non_matching_initial,p1,1,adaptive_g_effective_rho,g_eff_rho,production_2M,2000000,completed,24339172,20260701_091332_498040_job24339172,snellius_next_mem216,algorithm_data_ordered/2d/non_matching_initial/p1/production_2M/adaptive_g_effective_rho,outer_history.csv,completed,35,,,711279,711279,968396,1425052,1425052,8691414,1078.38,3461.97,1,1,0,1,0,0,adaptive,1,0.161979,1,computed,2.44444,1.08611,2.25064,0.061983200000000002,0.24896399999999999,0.15151500000000001,0.38924927745597682,0.067320599999999994,0.25946213596592471,-0.15312917442464211,0.15312917442464211,10,-0.13935275842382627,0.13935275842382627,10,-0.27870551684765255,0.27870551684765255,10,0.029668199999999999,0.17224400000000001,0.0035610500000000001,0.059674600000000001,0.076345499999999997,0.27630700000000002,0.00016076600000000001,0.0126794,0.0034002899999999998,0.058312000000000003,1.02641e-23,3.2037600000000001e-12,3.20376e-12,0.21744066401426806,0.047280084933932112,4.5989557865514143,21.150554221663782,0.21247565966089424,0.97716616449879856,5.3687163382745757e-11,2.882324033641763e-21,1,1,not_skipped,success,1,0.0013485599999999999,0.0367228,0.61538409976774033,0.37869729433734428,,,,,,,,,,,,,,,,,,,,,,,,
outer,2d,non_matching_initial,p1,1,adaptive_g_effective_rho,g_eff_rho,production_2M,2000000,completed,24339172,20260701_091332_498040_job24339172,snellius_next_mem216,algorithm_data_ordered/2d/non_matching_initial/p1/production_2M/adaptive_g_effective_rho,outer_history.csv,completed,36,,,968396,968396,1374404,1939974,1939974,11915913,1998.94,5468.55,1,1,0,1,0,0,adaptive,1,0.158343,1,computed,2.44444,1.08292,2.25727,0.057655199999999997,0.240115,0.140935,0.37541310579147341,0.062435999999999998,0.24987196721521204,-0.15312917442464211,0.15312917442464211,10,-0.13935275842382627,0.13935275842382627,10,-0.27870551684765255,0.27870551684765255,10,0.0280498,0.16748099999999999,0.0031581999999999999,0.056197799999999999,0.070813100000000004,0.26610699999999998,0.00014714400000000001,0.0121303,0.0030110499999999999,0.054873100000000001,1.6098999999999999e-23,4.0123500000000004e-12,4.01235e-12,0.22106095700807865,0.048868002856146529,4.5236391515461287,20.463287663785135,0.21585008665819658,0.97642790287164272,7.1396923011221087e-11,5.0975239060224176e-21,1,1,not_skipped,success,1,0.00125248,0.035390400000000002,0.6297470719494358,0.39658033056804509,,,,,,,,,,,,,,,,,,,,,,,,
outer,2d,non_matching_initial,p1,1,adaptive_g_effective_rho,g_eff_rho,production_2M,2000000,completed,24339172,20260701_091332_498040_job24339172,snellius_next_mem216,algorithm_data_ordered/2d/non_matching_initial/p1/production_2M/adaptive_g_effective_rho,outer_history.csv,completed,37,,,1374404,1374404,1800358,2755286,2755286,16831188,3006.65,8489.13,1,1,0,1,0,0,adaptive,1,0.162775,1,computed,2.44444,1.08681,2.24919,0.052072199999999999,0.22819300000000001,0.12728800000000001,0.35677443854626134,0.056592799999999999,0.23789241265748684,-0.15312917442464211,0.15312917442464211,10,-0.13935275842382627,0.13935275842382627,10,-0.27870551684765255,0.27870551684765255,10,0.025871000000000002,0.16084499999999999,0.0029600799999999999,0.054406599999999999,0.063717200000000002,0.25242300000000001,0.00012916699999999999,0.011365200000000001,0.0028309099999999999,0.053206299999999998,2.49579e-23,4.9957799999999999e-12,4.99578e-12,0.21360628346643162,0.045627377768985941,4.6815102241931505,21.916666021507041,0.20889377391713507,0.9779383383633603,9.1823050879856484e-11,8.4314950947271703e-21,1,1,not_skipped,success,1,0.00123354,0.035121699999999999,0.64554116596148259,0.41672522364260428,,,,,,,,,,,,,,,,,,,,,,,,
outer,2d,non_matching_initial,p1,1,adaptive_g_effective_rho,g_eff_rho,production_2M,2000000,completed,24339172,20260701_091332_498040_job24339172,snellius_next_mem216,algorithm_data_ordered/2d/non_matching_initial/p1/production_2M/adaptive_g_effective_rho,outer_history.csv,completed,38,,,1800358,1800358,2340143,3612938,3612938,21973683,4390.18,12897.7,1,1,0,1,0,0,adaptive,1,0.188527,1,computed,2.44444,1.11052,2.20118,0.046854100000000003,0.21645800000000001,0.11453199999999999,0.33842576734049079,0.052032200000000001,0.22810567726385067,-0.15312917442464211,0.15312917442464211,10,-0.13935275842382627,0.13935275842382627,10,-0.27870551684765255,0.27870551684765255,10,0.022750900000000001,0.150834,0.0034723900000000001,0.058927,0.057566699999999998,0.23993100000000001,0.000118347,0.0108787,0.0033540499999999999,0.057914100000000003,2.1934400000000001e-20,1.4810300000000001e-10,1.48103e-10,0.18784199357324036,0.03528480493731459,5.3236232270399961,28.340811342915327,0.18461316544198755,0.9828109355643424,2.5133300524377621e-09,6.3168019721287068e-18,1,1,not_skipped,success,1,0.00143015,0.037817299999999998,0.64176523495171989,0.41186329876540367,,,,,,,,,,,,,,,,,,,,,,,,
inner,2d,non_matching_initial,p1,1,adaptive_g_effective_rho,g_eff_rho,production_2M,2000000,completed,24339172,20260701_091332_498040_job24339172,snellius_next_mem216,algorithm_data_ordered/2d/non_matching_initial/p1/production_2M/adaptive_g_effective_rho,inner_history.csv,completed,0,0,,2,2,2,2,2,15,0.031521,0.032793,,,,,,0,,1,0.011717,1,computed,2.44444,1.00066,2.44283,0.89432699999999998,0.945689,2.1861299999999999,1.4785567287053953,0.89491799999999999,0.94600105708186177,-0.15312917442464211,0.15312917442464211,10,-0.13935275842382627,0.13935275842382627,10,-0.27870551684765255,0.27870551684765255,10,0.088923000000000002,0.29820000000000002,0.00054505000000000005,0.0233463,1.2522800000000001,1.1190500000000001,0.00054505000000000005,0.0233463,6.6252400000000005e-33,8.1395600000000005e-17,1.42329e-31,3.7726499999999998e-16,3.77265e-16,286825086368304.94,8.2268717812486792e+28,3.4864453896334752e-15,1.2155288505641684e-29,1,3.4864453896334752e-15,1.6159519923927986e-14,2.6113017154389503e-28,1,1,not_skipped,success,1,2.8855599999999999e-05,0.0053717399999999998,0.23008956451343468,0.052941198055224285,,,,,,,,,,,,,,,,,,,,,,,,
inner,2d,non_matching_initial,p1,1,adaptive_g_effective_rho,g_eff_rho,production_2M,2000000,completed,24339172,20260701_091332_498040_job24339172,snellius_next_mem216,algorithm_data_ordered/2d/non_matching_initial/p1/production_2M/adaptive_g_effective_rho,inner_history.csv,completed,1,0,,2,2,3,2,2,30,0.0407432,0.101548,,,,,,0,,1,0.010304,1,computed,2.44444,1.00051,2.44319,0.89432699999999998,0.945689,2.1861299999999999,1.4785567287053953,0.89478599999999997,0.94593128714510755,-0.15312917442464211,0.15312917442464211,10,-0.13935275842382627,0.13935275842382627,10,-0.27870551684765255,0.27870551684765255,10,0.088923000000000002,0.29820000000000002,0.000423325,0.0205749,1.2522800000000001,1.1190500000000001,0.000423325,0.0205749,2.8306399999999999e-31,5.3203800000000003e-16,7.3549699999999996e-32,2.7120100000000002e-16,2.71201e-16,38671861784308.641,1.4955098493626883e+27,2.5858594695478474e-14,6.6866828087167068e-28,1,2.5858594695478474e-14,1.318115762409538e-14,1.7374286895411326e-28,1,1,not_skipped,success,1,9.3780600000000001e-05,0.0096840399999999997,0.47067251845695479,0.22153333727041871,,,,,,,,,,,,,,,,,,,,,,,,
inner,2d,non_matching_initial,p1,1,adaptive_g_effective_rho,g_eff_rho,production_2M,2000000,completed,24339172,20260701_091332_498040_job24339172,snellius_next_mem216,algorithm_data_ordered/2d/non_matching_initial/p1/production_2M/adaptive_g_effective_rho,inner_history.csv,completed,2,0,,3,3,7,4,4,54,0.0412803,0.176798,,,,,,0,,1,0.0222701,1,computed,2.44444,1.00231,2.4388,0.81428999999999996,0.90237999999999996,1.9904900000000001,1.4108472631720275,0.81617499999999998,0.90342404218617067,-0.15312917442464211,0.15312917442464211,10,-0.13935275842382627,0.13935275842382627,10,-0.27870551684765255,0.27870551684765255,10,0.13397800000000001,0.36602899999999999,0.00164084,0.0405072,1.1166499999999999,1.0567200000000001,0.00164084,0.0405072,7.2301000000000003e-32,2.68889e-16,1.4446e-31,3.8007899999999999e-16,3.80079e-16,150646549319607.72,2.2694568539854219e+28,6.6380544693289096e-15,4.406340654786573e-29,1,6.6380544693289096e-15,9.3829985780305723e-15,8.8040272055776317e-29,1,1,not_skipped,success,1,0.00094191900000000005,0.030690700000000001,0.75766036655211921,0.57404682967260678,,,,,,,,,,,,,,,,,,,,,,,,
inner,2d,non_matching_initial,p1,1,adaptive_g_effective_rho,g_eff_rho,production_2M,2000000,completed,24339172,20260701_091332_498040_job24339172,snellius_next_mem216,algorithm_data_ordered/2d/non_matching_initial/p1/production_2M/adaptive_g_effective_rho,inner_history.csv,completed,3,0,,7,7,7,12,12,102,0.045907,0.252427,,,,,,0,,1,0.0209523,1,computed,2.44444,1.00206,2.43943,0.81442800000000004,0.90245699999999995,1.99082,1.4109642093263741,0.81610300000000002,0.90338419291019256,-0.15312917442464211,0.15312917442464211,10,-0.13935275842382627,0.13935275842382627,10,-0.27870551684765255,0.27870551684765255,10,0.13398199999999999,0.36603599999999997,0.0014582200000000001,0.038186600000000001,1.1168499999999999,1.05681,0.0014582200000000001,0.038186600000000001,2.0265800000000001e-31,4.5017499999999996e-16,5.0769299999999999e-31,7.1252599999999999e-16,7.12526e-16,84826123174321.109,7.1954721747969485e+27,1.1788821209534233e-14,1.3897628615709564e-28,1,1.1788821209534233e-14,1.8659058413160638e-14,3.4815939981621427e-28,1,1,not_skipped,success,1,0.0012191400000000001,0.034916099999999999,0.91435477366406015,0.83604668705682272,,,,,,,,,,,,,,,,,,,,,,,,
inner,2d,non_matching_initial,p1,1,adaptive_g_effective_rho,g_eff_rho,production_2M,2000000,completed,24339172,20260701_091332_498040_job24339172,snellius_next_mem216,algorithm_data_ordered/2d/non_matching_initial/p1/production_2M/adaptive_g_effective_rho,inner_history.csv,completed,4,0,,7,7,20,12,12,147,0.0484971,0.331875,,,,,,0,,1,0.0209428,1,computed,2.44444,1.00205,2.43943,0.81442800000000004,0.90245699999999995,1.99082,1.4109642093263741,0.81610199999999999,0.9033836394356497,-0.15312917442464211,0.15312917442464211,10,-0.13935275842382627,0.13935275842382627,10,-0.27870551684765255,0.27870551684765255,10,0.13398199999999999,0.36603599999999997,0.00145692,0.038169700000000001,1.1168499999999999,1.05681,0.00145692,0.038169700000000001,6.3441100000000003e-31,7.9649900000000001e-16,2.30542e-30,1.5183600000000001e-15,1.51836e-15,47921842965276.797,2.2964923369865906e+27,2.0867310982271277e-14,4.3544669576915687e-28,1,2.0867310982271277e-14,3.9779196587869435e-14,1.5823929934382121e-27,1,1,not_skipped,success,1,0.0012335499999999999,0.035121899999999998,0.92015132421790047,0.8466834143261126,,,,,,,,,,,,,,,,,,,,,,,,
inner,2d,non_matching_initial,p1,1,adaptive_g_effective_rho,g_eff_rho,production_2M,2000000,completed,24339172,20260701_091332_498040_job24339172,snellius_next_mem216,algorithm_data_ordered/2d/non_matching_initial/p1/production_2M/adaptive_g_effective_rho,inner_history.csv,completed,5,0,,20,20,29,38,38,321,0.0542275,0.420933,,,,,,0,,1,0.0569892,1,computed,2.44444,1.01372,2.41137,0.64016899999999999,0.80010599999999998,1.5648599999999999,1.2509436438145405,0.64895000000000003,0.80557432928315187,-0.15312917442464211,0.15312917442464211,10,-0.13935275842382627,0.13935275842382627,10,-0.27870551684765255,0.27870551684765255,10,0.176311,0.41989399999999999,0.0069350999999999996,0.083277199999999996,0.84632799999999997,0.91996100000000003,0.0069350999999999996,0.083277199999999996,6.74124e-31,8.2105100000000002e-16,1.7032199999999999e-29,4.12701e-15,4.12701e-15,101427560529126.69,1.0287573206116382e+28,9.8592531929507725e-15,9.7204654583207169e-29,1,9.8592531929507725e-15,4.9557501933302272e-14,2.4559415149024527e-27,1,1,not_skipped,success,1,0.0061081800000000004,0.078154799999999996,0.93848976670685369,0.88076307479344218,,,,,,,,,,,,,,,,,,,,,,,,
inner,2d,non_matching_initial,p1,1,adaptive_g_effective_rho,g_eff_rho,production_2M,2000000,completed,24339172,20260701_091332_498040_job24339172,snellius_next_mem216,algorithm_data_ordered/2d/non_matching_initial/p1/production_2M/adaptive_g_effective_rho,inner_history.csv,completed,6,0,,29,29,32,56,56,429,0.0616041,0.514671,,,,,,0,,1,0.0420504,1,computed,2.44444,1.00779,2.42556,0.62793900000000002,0.79242599999999996,1.5349600000000001,1.2389350265449759,0.63282799999999995,0.7955048711353061,-0.15312917442464211,0.15312917442464211,10,-0.13935275842382627,0.13935275842382627,10,-0.27870551684765255,0.27870551684765255,10,0.17454,0.41777999999999998,0.0038389499999999998,0.061959300000000002,0.82944899999999999,0.91074100000000002,0.0038389499999999998,0.061959300000000002,3.8323200000000001e-31,6.1905699999999999e-16,3.1422e-29,5.6055300000000002e-15,5.60553e-15,100086583303314.56,1.0017300225450901e+28,9.9913491598517086e-15,9.9827296526393944e-29,1,9.9913491598517086e-15,9.0471164135166151e-14,8.1850505997733756e-27,1,1,not_skipped,success,1,0.0034562600000000001,0.058790000000000002,0.94884867969780162,0.90031388791205935,,,,,,,,,,,,,,,,,,,,,,,,
inner,2d,non_matching_initial,p1,1,adaptive_g_effective_rho,g_eff_rho,production_2M,2000000,completed,24339172,20260701_091332_498040_job24339172,snellius_next_mem216,algorithm_data_ordered/2d/non_matching_initial/p1/production_2M/adaptive_g_effective_rho,inner_history.csv,completed,7,0,,32,32,54,62,62,510,0.068073,0.616082,,,,,,0,,1,0.0379054,1,computed,2.44444,1.0064,2.42889,0.62243400000000004,0.78894500000000001,1.5215000000000001,1.2334909809155477,0.62641899999999995,0.79146636062437925,-0.15312917442464211,0.15312917442464211,10,-0.13935275842382627,0.13935275842382627,10,-0.27870551684765255,0.27870551684765255,10,0.175314,0.41870499999999999,0.0031146400000000001,0.055808900000000002,0.82115300000000002,0.90617499999999995,0.0031146400000000001,0.055808900000000002,2.3552899999999998e-30,1.5346900000000001e-15,6.2156899999999996e-29,7.8839700000000002e-15,7.88397e-15,36364933634805.727,1.3224019122910555e+27,2.7499018973676241e-14,7.5619975342254636e-28,1,2.7499018973676241e-14,1.412672530725386e-13,1.995636734903552e-26,1,1,not_skipped,success,1,0.0028604699999999999,0.053483299999999998,0.95832922705876655,0.9183950633138982,,,,,,,,,,,,,,,,,,,,,,,,
inner,2d,non_matching_initial,p1,1,adaptive_g_effective_rho,g_eff_rho,production_2M,2000000,completed,24339172,20260701_091332_498040_job24339172,snellius_next_mem216,algorithm_data_ordered/2d/non_matching_initial/p1/production_2M/adaptive_g_effective_rho,inner_history.csv,completed,8,0,,54,54,81,106,106,894,0.0723153,0.730173,,,,,,0,,1,0.0385069,1,computed,2.44444,1.0066,2.42843,0.606711,0.77891600000000005,1.4830700000000001,1.2178136146389562,0.61071299999999995,0.78148128576441289,-0.15312917442464211,0.15312917442464211,10,-0.13935275842382627,0.13935275842382627,10,-0.27870551684765255,0.27870551684765255,10,0.185056,0.43018200000000001,0.0030556300000000002,0.055277800000000002,0.79411299999999996,0.89112999999999998,0.0030429699999999999,0.0551631,1.26579e-05,0.0035577999999999999,9.9823599999999999e-29,9.9911699999999994e-15,9.99117e-15,15.50483444825454,240.40085638218031,0.064496012733149519,0.004159718958780402,0.99792502595978849,0.064362185181031081,1.8074471125840752e-13,3.2668745888736529e-26,1,1,not_skipped,success,1,0.0027721600000000001,0.052651299999999998,0.95248544623700648,0.90723026020820585,,,,,,,,,,,,,,,,,,,,,,,,
inner,2d,non_matching_initial,p1,1,adaptive_g_effective_rho,g_eff_rho,production_2M,2000000,completed,24339172,20260701_091332_498040_job24339172,snellius_next_mem216,algorithm_data_ordered/2d/non_matching_initial/p1/production_2M/adaptive_g_effective_rho,inner_history.csv,completed,9,0,,81,81,120,160,160,1245,0.0875739,0.85778,,,,,,0,,1,0.0371676,1,computed,2.44444,1.00617,2.42946,0.598109,0.77337500000000003,1.46204,1.2091484606945502,0.60179800000000006,0.77575640506540455,-0.15312917442464211,0.15312917442464211,10,-0.13935275842382627,0.13935275842382627,10,-0.27870551684765255,0.27870551684765255,10,0.188802,0.43451400000000001,0.0027858000000000002,0.0527807,0.78002199999999999,0.883189,0.0027600200000000002,0.052535900000000003,2.57781e-05,0.0050772100000000004,1.43194e-28,1.19664e-14,1.19664e-14,10.347395518404793,107.06840302427256,0.096642676722012946,0.0093398236244664895,0.99536194101252928,0.096194442286669193,2.2671923638754316e-13,5.1401392777658118e-26,1,1,not_skipped,success,1,0.0025255199999999998,0.050254600000000003,0.95213970258067826,0.90656902864527233,,,,,,,,,,,,,,,,,,,,,,,,
inner,2d,non_matching_initial,p1,1,adaptive_g_effective_rho,g_eff_rho,production_2M,2000000,completed,24339172,20260701_091332_498040_job24339172,snellius_next_mem216,algorithm_data_ordered/2d/non_matching_initial/p1/production_2M/adaptive_g_effective_rho,inner_history.csv,completed,10,0,,120,120,180,238,238,1803,0.12358,1.03119,,,,,,0,,1,0.0446458,1,computed,2.44444,1.00871,2.42333,0.53014300000000003,0.72810900000000001,1.2959000000000001,1.1383760362902937,0.53476199999999996,0.73127423036778749,-0.15312917442464211,0.15312917442464211,10,-0.13935275842382627,0.13935275842382627,10,-0.27870551684765255,0.27870551684765255,10,0.191908,0.43807299999999999,0.0033294499999999999,0.0577014,0.68046899999999999,0.82490600000000003,0.00215351,0.046406000000000003,0.0011759400000000001,0.034292000000000003,2.7470199999999999e-28,1.6574099999999999e-14,1.65741e-14,1.3532602356234691,1.8313094205486673,0.73895616946084564,0.54605736681046302,0.80424391782521742,0.59430100482830583,2.8723913111293657e-13,8.2506720329183501e-26,1,1,not_skipped,success,1,0.0020726799999999999,0.045526700000000003,0.78900511945983987,0.62252924657225672,,,,,,,,,,,,,,,,,,,,,,,,
inner,2d,non_matching_initial,p1,1,adaptive_g_effective_rho,g_eff_rho,production_2M,2000000,completed,24339172,20260701_091332_498040_job24339172,snellius_next_mem216,algorithm_data_ordered/2d/non_matching_initial/p1/production_2M/adaptive_g_effective_rho,inner_history.csv,completed,11,0,,180,180,260,358,358,2841,0.155972,1.24826,,,,,,0,,1,0.0447659,1,computed,2.44444,1.00876,2.42323,0.523953,0.72384599999999999,1.28077,1.1317110938751109,0.52854100000000004,0.72700825304806549,-0.15312917442464211,0.15312917442464211,10,-0.13935275842382627,0.13935275842382627,10,-0.27870551684765255,0.27870551684765255,10,0.19572700000000001,0.442411,0.0032664,0.057152399999999999,0.66983199999999998,0.81843200000000005,0.00210991,0.045933799999999997,0.0011564800000000001,0.034007099999999998,4.1947200000000002e-28,2.0481000000000001e-14,2.0481e-14,1.3507120571880578,1.8244241145545101,0.74035024317604903,0.54811816617770426,0.80370728088409227,0.59502488084489891,3.5835765427173664e-13,1.2842027920646585e-25,1,1,not_skipped,success,1,0.0020336400000000002,0.045095900000000001,0.78904647923796734,0.62259368111682589,,,,,,,,,,,,,,,,,,,,,,,,
inner,2d,non_matching_initial,p1,1,adaptive_g_effective_rho,g_eff_rho,production_2M,2000000,completed,24339172,20260701_091332_498040_job24339172,snellius_next_mem216,algorithm_data_ordered/2d/non_matching_initial/p1/production_2M/adaptive_g_effective_rho,inner_history.csv,completed,12,0,,260,260,353,518,518,3777,0.182429,1.49677,,,,,,0,,1,0.0449377,1,computed,2.44444,1.00882,2.42307,0.51513299999999995,0.71772800000000003,1.2592099999999999,1.1221452668883829,0.51967699999999994,0.72088626009933077,-0.15312917442464211,0.15312917442464211,10,-0.13935275842382627,0.13935275842382627,10,-0.27870551684765255,0.27870551684765255,10,0.19963600000000001,0.44680599999999998,0.0031857399999999998,0.056442399999999997,0.65535399999999999,0.80954000000000004,0.00209121,0.045729699999999998,0.00109453,0.033083700000000001,5.3182899999999997e-28,2.3061399999999999e-14,2.30614e-14,1.3822426149433105,1.9106008971887476,0.72346199515850751,0.52339554611923245,0.81020119626380172,0.58614977392881951,4.0858290930222671e-13,1.6694049106330083e-25,1,1,not_skipped,success,1,0.0020240599999999998,0.044989500000000002,0.79708694173174788,0.63535002856479184,,,,,,,,,,,,,,,,,,,,,,,,
inner,2d,non_matching_initial,p1,1,adaptive_g_effective_rho,g_eff_rho,production_2M,2000000,completed,24339172,20260701_091332_498040_job24339172,snellius_next_mem216,algorithm_data_ordered/2d/non_matching_initial/p1/production_2M/adaptive_g_effective_rho,inner_history.csv,completed,13,0,,353,353,489,704,704,5100,0.281082,1.8609,,,,,,0,,1,0.0433422,1,computed,2.44444,1.00824,2.42446,0.40088200000000002,0.63315200000000005,0.97993300000000005,0.9899156529725146,0.40418500000000002,0.63575545613073592,-0.15312917442464211,0.15312917442464211,10,-0.13935275842382627,0.13935275842382627,10,-0.27870551684765255,0.27870551684765255,10,0.144153,0.37967499999999998,0.00238668,0.0488537,0.51498299999999997,0.71762300000000001,0.002323,0.048197499999999997,6.3686400000000001e-05,0.0079803700000000005,1.7197300000000002e-27,4.1469700000000003e-14,4.14697e-14,6.0395069401544035,36.475605466787258,0.16557643031277558,0.027415583297460182,0.98656805932815728,0.16335241752415888,8.4885484620407467e-13,7.2055323713275355e-25,1,1,not_skipped,success,1,0.0021859599999999998,0.046754299999999999,0.95702679633272403,0.91589991117368053,,,,,,,,,,,,,,,,,,,,,,,,
inner,2d,non_matching_initial,p1,1,adaptive_g_effective_rho,g_eff_rho,production_2M,2000000,completed,24339172,20260701_091332_498040_job24339172,snellius_next_mem216,algorithm_data_ordered/2d/non_matching_initial/p1/production_2M/adaptive_g_effective_rho,inner_history.csv,completed,14,0,,489,489,807,976,976,7404,0.356827,2.32233,,,,,,0,,1,0.0426149,1,computed,2.44444,1.00798,2.42508,0.39890300000000001,0.63158800000000004,0.97509599999999996,0.98746949319966337,0.402088,0.63410409240123977,-0.15312917442464211,0.15312917442464211,10,-0.13935275842382627,0.13935275842382627,10,-0.27870551684765255,0.27870551684765255,10,0.14533099999999999,0.38122299999999998,0.0022884300000000002,0.047837499999999998,0.511602,0.71526299999999998,0.0022223799999999999,0.047142099999999999,6.6048400000000003e-05,0.0081270100000000005,2.1511899999999999e-27,4.6380900000000002e-14,4.63809e-14,5.8006696189619547,33.647749226324933,0.17239388996247518,0.029719669903436857,0.98546328717010712,0.16988784949046251,9.6955108440031359e-13,9.4002875333744076e-25,1,1,not_skipped,success,1,0.0021004999999999999,0.045831200000000002,0.95806009929448666,0.91787819596841491,,,,,,,,,,,,,,,,,,,,,,,,
inner,2d,non_matching_initial,p1,1,adaptive_g_effective_rho,g_eff_rho,production_2M,2000000,completed,24339172,20260701_091332_498040_job24339172,snellius_next_mem216,algorithm_data_ordered/2d/non_matching_initial/p1/production_2M/adaptive_g_effective_rho,inner_history.csv,completed,15,0,,807,807,1069,1612,1612,11172,0.484868,2.95572,,,,,,0,,1,0.0465009,1,computed,2.44444,1.0094,2.42167,0.37606499999999998,0.61324100000000004,0.91927000000000003,0.9587856903396087,0.37960100000000002,0.61611768356378149,-0.15312917442464211,0.15312917442464211,10,-0.13935275842382627,0.13935275842382627,10,-0.27870551684765255,0.27870551684765255,10,0.148142,0.38489299999999999,0.00246335,0.049632099999999998,0.47736400000000001,0.69091499999999995,0.0021796599999999999,0.046686800000000001,0.00028369300000000001,0.016843199999999999,3.3105000000000002e-27,5.7536900000000003e-14,5.75369e-14,2.7718485798423105,7.6831645475919386,0.36077006777076176,0.13015470302707763,0.9406573568315667,0.33936101837318994,1.1592678931578556e-12,1.3439015974181502e-24,1,1,not_skipped,success,1,0.0020611100000000001,0.045399500000000002,0.91472051353861727,0.83671017110844992,,,,,,,,,,,,,,,,,,,,,,,,
inner,2d,non_matching_initial,p1,1,adaptive_g_effective_rho,g_eff_rho,production_2M,2000000,completed,24339172,20260701_091332_498040_job24339172,snellius_next_mem216,algorithm_data_ordered/2d/non_matching_initial/p1/production_2M/adaptive_g_effective_rho,inner_history.csv,completed,16,0,,1069,1069,1771,2136,2136,14760,0.766331,3.91349,,,,,,0,,1,0.0493464,1,computed,2.44444,1.0105,2.41903,0.35807099999999997,0.59838999999999998,0.87528399999999995,0.93556613876304862,0.36183199999999999,0.6015247293337157,-0.15312917442464211,0.15312917442464211,10,-0.13935275842382627,0.13935275842382627,10,-0.27870551684765255,0.27870551684765255,10,0.148451,0.385293,0.0025633499999999998,0.050629500000000001,0.451235,0.67174,0.00194516,0.044103900000000001,0.00061819100000000003,0.024863400000000001,4.6031300000000002e-27,6.7846400000000001e-14,6.78464e-14,1.7738483071502691,3.1465356176327379,0.563746063273316,0.3178098459766806,0.87111071608449619,0.49108523686783395,1.3400566863192408e-12,1.795747751965202e-24,1,1,not_skipped,success,1,0.0018717199999999999,0.043263299999999998,0.85450774745948499,0.73018510932958824,,,,,,,,,,,,,,,,,,,,,,,,
inner,2d,non_matching_initial,p1,1,adaptive_g_effective_rho,g_eff_rho,production_2M,2000000,completed,24339172,20260701_091332_498040_job24339172,snellius_next_mem216,algorithm_data_ordered/2d/non_matching_initial/p1/production_2M/adaptive_g_effective_rho,inner_history.csv,completed,17,0,,1771,1771,2357,3540,3540,24432,1.12935,5.34878,,,,,,0,,1,0.0674174,1,computed,2.44444,1.01866,2.39966,0.311583,0.55819600000000003,0.76164799999999999,0.87272446969246831,0.31739800000000001,0.56338086584476754,-0.15312917442464211,0.15312917442464211,10,-0.13935275842382627,0.13935275842382627,10,-0.27870551684765255,0.27870551684765255,10,0.135739,0.36842799999999998,0.0038985399999999998,0.062438300000000002,0.38973600000000003,0.62428899999999998,0.0014957900000000001,0.038675399999999999,0.0024027599999999999,0.049017900000000003,9.1044300000000007e-27,9.5417199999999998e-14,9.54172e-14,0.78900564895680958,0.6225299239208244,1.2674180486821081,1.6063484847471903,0.6194178893403568,0.78506141262654494,1.5281838230701348e-12,2.3353434875620108e-24,1,1,not_skipped,success,1,0.00153718,0.039206999999999999,0.62793189436611818,0.39429632631703154,,,,,,,,,,,,,,,,,,,,,,,,
inner,2d,non_matching_initial,p1,1,adaptive_g_effective_rho,g_eff_rho,production_2M,2000000,completed,24339172,20260701_091332_498040_job24339172,snellius_next_mem216,algorithm_data_ordered/2d/non_matching_initial/p1/production_2M/adaptive_g_effective_rho,inner_history.csv,completed,18,0,,2357,2357,3509,4712,4712,31500,1.37331,7.04827,,,,,,0,,1,0.0875389,1,computed,2.44444,1.02986,2.37357,0.28490500000000002,0.53376500000000004,0.69643500000000003,0.83452681203182444,0.29341299999999998,0.54167610248191678,-0.15312917442464211,0.15312917442464211,10,-0.13935275842382627,0.13935275842382627,10,-0.27870551684765255,0.27870551684765255,10,0.119836,0.34617300000000001,0.0058475899999999997,0.076469499999999996,0.358269,0.59855599999999998,0.0014306500000000001,0.037824000000000003,0.0044169400000000003,0.066460099999999994,1.2826499999999999e-26,1.13254e-13,1.13254e-13,0.5691234289445849,0.32390070954099442,1.7570880922165817,3.0873658826407575,0.49462857740667854,0.86910598343130263,1.4810349224200499e-12,2.1934677362811006e-24,1,1,not_skipped,success,1,0.0014908,0.038610899999999997,0.50491895461589265,0.25494263448702803,,,,,,,,,,,,,,,,,,,,,,,,
inner,2d,non_matching_initial,p1,1,adaptive_g_effective_rho,g_eff_rho,production_2M,2000000,completed,24339172,20260701_091332_498040_job24339172,snellius_next_mem216,algorithm_data_ordered/2d/non_matching_initial/p1/production_2M/adaptive_g_effective_rho,inner_history.csv,completed,19,0,,3509,3509,5006,7016,7016,45252,1.86488,9.399,,,,,,0,,1,0.105211,1,computed,2.44444,1.04129,2.34751,0.24854999999999999,0.49854799999999999,0.607568,0.7794664842057033,0.25881300000000002,0.5087366705870533,-0.15312917442464211,0.15312917442464211,10,-0.13935275842382627,0.13935275842382627,10,-0.27870551684765255,0.27870551684765255,10,0.10208100000000001,0.31950099999999998,0.0071777799999999999,0.0847218,0.31364799999999998,0.56004299999999996,0.00112845,0.033592400000000001,0.0060493300000000003,0.077777399999999997,2.20773e-26,1.48584e-13,1.48584e-13,0.4319043835355772,0.18654131945190625,2.3153272764077588,5.3607426115468124,0.39650243502852867,0.91803290298364759,1.7537871008406337e-12,3.0757838774662917e-24,1,1,not_skipped,success,1,0.0013731500000000001,0.037055999999999999,0.43738447483410409,0.19130566832641849,,,,,,,,,,,,,,,,,,,,,,,,
inner,2d,non_matching_initial,p1,1,adaptive_g_effective_rho,g_eff_rho,production_2M,2000000,completed,24339172,20260701_091332_498040_job24339172,snellius_next_mem216,algorithm_data_ordered/2d/non_matching_initial/p1/production_2M/adaptive_g_effective_rho,inner_history.csv,completed,20,0,,5006,5006,7406,10010,10010,66867,3.1406,13.3085,,,,,,0,,1,0.0442177,1,computed,2.44444,1.00856,2.42371,0.24463699999999999,0.49460799999999999,0.598001,0.77330524374272802,0.24673,0.49671923659145717,-0.15312917442464211,0.15312917442464211,10,-0.13935275842382627,0.13935275842382627,10,-0.27870551684765255,0.27870551684765255,10,0.098940600000000004,0.31454799999999999,0.0014401399999999999,0.037949200000000002,0.30939100000000003,0.55622899999999997,0.00099170599999999997,0.031491400000000003,0.00044843299999999998,0.021176199999999999,2.8174700000000001e-26,1.67853e-13,1.67853e-13,1.4871128908869393,2.2114920177596207,0.67244390532018261,0.45218340919587052,0.82983040485701942,0.55801439819548238,4.4230971930897093e-12,1.9563861846764899e-23,1,1,not_skipped,success,1,0.00094630599999999995,0.030762100000000001,0.81061260843443339,0.65709306039690585,,,,,,,,,,,,,,,,,,,,,,,,
inner,2d,non_matching_initial,p1,1,adaptive_g_effective_rho,g_eff_rho,production_2M,2000000,completed,24339172,20260701_091332_498040_job24339172,snellius_next_mem216,algorithm_data_ordered/2d/non_matching_initial/p1/production_2M/adaptive_g_effective_rho,inner_history.csv,completed,21,0,,7406,7406,10126,14810,14810,95655,4.27668,18.6052,,,,,,0,,1,0.0538664,1,computed,2.44444,1.01236,2.4146,0.22306999999999999,0.472302,0.54528100000000002,0.73843144570095332,0.225827,0.47521258400846245,-0.15312917442464211,0.15312917442464211,10,-0.13935275842382627,0.13935275842382627,10,-0.27870551684765255,0.27870551684765255,10,0.095352199999999998,0.30879200000000001,0.00185528,0.043072899999999997,0.279833,0.52899200000000002,0.00085413700000000004,0.029225600000000001,0.00100114,0.031640799999999997,4.4087399999999998e-26,2.0996999999999999e-13,2.0997e-13,0.92366817526737643,0.8531643925924447,1.082639877367787,1.1721070507424451,0.67851479700693484,0.73458717662381678,4.8747588390844356e-12,2.376320555387866e-23,1,1,not_skipped,success,1,0.00087808199999999997,0.0296324,0.68795925048000017,0.47328812901556638,,,,,,,,,,,,,,,,,,,,,,,,
inner,2d,non_matching_initial,p1,1,adaptive_g_effective_rho,g_eff_rho,production_2M,2000000,completed,24339172,20260701_091332_498040_job24339172,snellius_next_mem216,algorithm_data_ordered/2d/non_matching_initial/p1/production_2M/adaptive_g_effective_rho,inner_history.csv,completed,22,0,,10126,10126,14294,20250,20250,128715,6.92716,26.8666,,,,,,0,,1,0.0701807,1,computed,2.44444,1.02008,2.39634,0.19925200000000001,0.44637700000000002,0.48706100000000002,0.69789755695230804,0.20325199999999999,0.45083478126692933,-0.15312917442464211,0.15312917442464211,10,-0.13935275842382627,0.13935275842382627,10,-0.27870551684765255,0.27870551684765255,10,0.088886199999999999,0.29813800000000001,0.0026534200000000001,0.051511300000000003,0.248304,0.49830099999999999,0.00079988800000000001,0.0282823,0.0018535299999999999,0.043052600000000003,7.1186199999999997e-26,2.6680699999999999e-13,2.66807e-13,0.65692432048238658,0.43154845079389059,1.5222453619401535,2.3172369131678434,0.54905040253303639,0.83578942872728901,5.1795819558038719e-12,2.6828093554733132e-23,1,1,not_skipped,success,1,0.00096366799999999999,0.031043000000000001,0.60264446830113005,0.36317959463635607,,,,,,,,,,,,,,,,,,,,,,,,
inner,2d,non_matching_initial,p1,1,adaptive_g_effective_rho,g_eff_rho,production_2M,2000000,completed,24339172,20260701_091332_498040_job24339172,snellius_next_mem216,algorithm_data_ordered/2d/non_matching_initial/p1/production_2M/adaptive_g_effective_rho,inner_history.csv,completed,23,0,,14294,14294,20665,28586,28586,186003,9.55566,38.5425,,,,,,0,,1,0.0830713,1,computed,2.44444,1.0272,2.37972,0.18604499999999999,0.43132900000000002,0.45477600000000001,0.67437081787396469,0.191105,0.43715557871311672,-0.15312917442464211,0.15312917442464211,10,-0.13935275842382627,0.13935275842382627,10,-0.27870551684765255,0.27870551684765255,10,0.082929600000000006,0.28797499999999998,0.0033769300000000002,0.058111299999999998,0.231874,0.48153299999999999,0.00078038499999999998,0.027935399999999999,0.00259654,0.050956300000000003,9.7710700000000001e-26,3.1258700000000002e-13,3.12587e-13,0.54822269277792923,0.30054803700308869,1.8240762616608319,3.3272551368875622,0.48072233799622449,0.87687420518900805,5.3791087103540969e-12,2.8934772115501358e-23,1,1,not_skipped,success,1,0.00097209300000000005,0.031178399999999998,0.53652903996296764,0.28786294059989398,,,,,,,,,,,,,,,,,,,,,,,,
inner,2d,non_matching_initial,p1,1,adaptive_g_effective_rho,g_eff_rho,production_2M,2000000,completed,24339172,20260701_091332_498040_job24339172,snellius_next_mem216,algorithm_data_ordered/2d/non_matching_initial/p1/production_2M/adaptive_g_effective_rho,inner_history.csv,completed,24,0,,20665,20665,28451,41328,41328,263055,13.0171,54.4668,,,,,,0,,1,0.0986765,1,computed,2.44444,1.0369,2.35745,0.17130500000000001,0.41388999999999998,0.41874499999999998,0.64710509192866039,0.17762700000000001,0.42145818297904719,-0.15312917442464211,0.15312917442464211,10,-0.13935275842382627,0.13935275842382627,10,-0.27870551684765255,0.27870551684765255,10,0.075532699999999994,0.27483200000000002,0.0042698500000000004,0.065344100000000002,0.21387,0.46246100000000001,0.00070750499999999998,0.026599000000000001,0.0035623400000000002,0.0596854,1.4185999999999999e-25,3.7664300000000001e-13,3.76643e-13,0.44565337586746512,0.19860681462184968,2.2438963870822208,5.0350739570745091,0.40706046911656907,0.91340151597466335,5.7639939948671721e-12,3.3223649542723978e-23,1,1,not_skipped,success,1,0.00097466000000000002,0.031219500000000001,0.47777075512555839,0.22826562994016181,,,,,,,,,,,,,,,,,,,,,,,,
inner,2d,non_matching_initial,p1,1,adaptive_g_effective_rho,g_eff_rho,production_2M,2000000,completed,24339172,20260701_091332_498040_job24339172,snellius_next_mem216,algorithm_data_ordered/2d/non_matching_initial/p1/production_2M/adaptive_g_effective_rho,inner_history.csv,completed,25,0,,28451,28451,40241,56900,56900,356358,17.3738,75.7142,,,,,,0,,1,0.103447,1,computed,2.44444,1.04009,2.35023,0.1535,0.39179000000000003,0.37522100000000003,0.61255285486233757,0.15965299999999999,0.39956601457080904,-0.15312917442464211,0.15312917442464211,10,-0.13935275842382627,0.13935275842382627,10,-0.27870551684765255,0.27870551684765255,10,0.068277299999999999,0.261299,0.00414708,0.064397899999999994,0.19137599999999999,0.43746600000000002,0.00056994399999999996,0.023873499999999999,0.0035771399999999999,0.0598092,2.1446000000000002e-25,4.6309900000000004e-13,4.63099e-13,0.39916099864234933,0.15932952023124619,2.5052547804050516,6.2763008295551845,0.37071861038946924,0.92874457086333573,7.1912127569377274e-12,5.1713494796338631e-23,1,1,not_skipped,success,1,0.00131807,0.036305200000000003,0.56376372521464224,0.31783085930341348,,,,,,,,,,,,,,,,,,,,,,,,
inner,2d,non_matching_initial,p1,1,adaptive_g_effective_rho,g_eff_rho,production_2M,2000000,completed,24339172,20260701_091332_498040_job24339172,snellius_next_mem216,algorithm_data_ordered/2d/non_matching_initial/p1/production_2M/adaptive_g_effective_rho,inner_history.csv,completed,26,0,,40241,40241,60403,80480,80480,513546,29.3162,111.721,,,,,,0,,1,0.0746795,1,computed,2.44444,1.02246,2.39074,0.142763,0.37784000000000001,0.34897600000000001,0.59074190641937707,0.14596999999999999,0.38206020467983837,-0.15312917442464211,0.15312917442464211,10,-0.13935275842382627,0.13935275842382627,10,-0.27870551684765255,0.27870551684765255,10,0.065333799999999997,0.25560500000000003,0.0021037400000000002,0.045866499999999998,0.177176,0.42092299999999999,0.00047905700000000002,0.021887400000000001,0.0016246800000000001,0.040307299999999997,3.0996099999999998e-25,5.5674199999999995e-13,5.56742e-13,0.54301330032028949,0.29486237289804762,1.8415755183347495,3.3914127128922029,0.47719795493442935,0.87879607120665404,1.2138314456084505e-11,1.4733807409660887e-22,1,1,not_skipped,success,1,0.00059638400000000004,0.024421000000000002,0.53243652774901074,0.28348750320857141,,,,,,,,,,,,,,,,,,,,,,,,
inner,2d,non_matching_initial,p1,1,adaptive_g_effective_rho,g_eff_rho,production_2M,2000000,completed,24339172,20260701_091332_498040_job24339172,snellius_next_mem216,algorithm_data_ordered/2d/non_matching_initial/p1/production_2M/adaptive_g_effective_rho,inner_history.csv,completed,27,0,,60403,60403,78109,120804,120804,756150,41.0786,161.973,,,,,,0,,1,0.0959407,1,computed,2.44444,1.03512,2.3615,0.12798999999999999,0.35775600000000002,0.312863,0.55934157721378086,0.13248499999999999,0.36398488979626614,-0.15312917442464211,0.15312917442464211,10,-0.13935275842382627,0.13935275842382627,10,-0.27870551684765255,0.27870551684765255,10,0.059328699999999998,0.24357500000000001,0.0029576400000000001,0.054384200000000001,0.15850600000000001,0.39812799999999998,0.00043896199999999999,0.020951399999999998,0.0025186800000000001,0.050186500000000002,4.8363600000000002e-25,6.9544000000000001e-13,6.9544e-13,0.41747083378996341,0.17428256070640175,2.3953769199194328,5.7378087397086768,0.38524792127125157,0.92281397906009466,1.2787537556863942e-11,1.6352091532438026e-22,1,1,not_skipped,success,1,0.00067174499999999996,0.025918,0.47657223973139257,0.22712196210492147,,,,,,,,,,,,,,,,,,,,,,,,
inner,2d,non_matching_initial,p1,1,adaptive_g_effective_rho,g_eff_rho,production_2M,2000000,completed,24339172,20260701_091332_498040_job24339172,snellius_next_mem216,algorithm_data_ordered/2d/non_matching_initial/p1/production_2M/adaptive_g_effective_rho,inner_history.csv,completed,28,0,,78109,78109,106790,156216,156216,968274,52.3796,225.921,,,,,,0,,1,0.0945617,1,computed,2.44444,1.03424,2.36352,0.118523,0.34427200000000002,0.28972399999999998,0.53826016014563072,0.122581,0.35011569516375585,-0.15312917442464211,0.15312917442464211,10,-0.13935275842382627,0.13935275842382627,10,-0.27870551684765255,0.27870551684765255,10,0.054533400000000003,0.23352400000000001,0.0026784600000000001,0.051753899999999999,0.14696300000000001,0.38335799999999998,0.00038512000000000003,0.0196245,0.00229334,0.047888899999999998,6.4825399999999997e-25,8.0514199999999998e-13,8.05142e-13,0.40979224830806305,0.16792974439027794,2.4402608983668372,5.9548712089738265,0.37918881475598942,0.92531963774710702,1.5557127095735779e-11,2.4202489490229459e-22,1,1,not_skipped,success,1,0.00067943099999999998,0.026065899999999999,0.50365093258672289,0.25366479245536611,,,,,,,,,,,,,,,,,,,,,,,,
inner,2d,non_matching_initial,p1,1,adaptive_g_effective_rho,g_eff_rho,production_2M,2000000,completed,24339172,20260701_091332_498040_job24339172,snellius_next_mem216,algorithm_data_ordered/2d/non_matching_initial/p1/production_2M/adaptive_g_effective_rho,inner_history.csv,completed,29,0,,106790,106790,155106,213594,213594,1342746,87.909,332.441,,,,,,0,,1,0.0723262,1,computed,2.44444,1.0212,2.3937,0.11097799999999999,0.33313399999999999,0.27128000000000002,0.52084546652534092,0.113331,0.33664669907783146,-0.15312917442464211,0.15312917442464211,10,-0.13935275842382627,0.13935275842382627,10,-0.27870551684765255,0.27870551684765255,10,0.052323799999999997,0.228744,0.00151724,0.038951800000000002,0.137047,0.37019800000000003,0.00034413100000000002,0.018550799999999999,0.00117311,0.034250700000000002,9.6051300000000003e-25,9.8005800000000002e-13,9.80058e-13,0.54161812751272231,0.29334930228196848,1.8463192962028594,3.4089053296564389,0.47625013478196127,0.87930981366714767,2.5160788461637202e-11,6.3306596187814716e-22,1,1,not_skipped,success,1,0.00059630900000000005,0.024419400000000001,0.62691326203153641,0.39302219820199841,,,,,,,,,,,,,,,,,,,,,,,,
inner,2d,non_matching_initial,p1,1,adaptive_g_effective_rho,g_eff_rho,production_2M,2000000,completed,24339172,20260701_091332_498040_job24339172,snellius_next_mem216,algorithm_data_ordered/2d/non_matching_initial/p1/production_2M/adaptive_g_effective_rho,inner_history.csv,completed,30,0,,155106,155106,211935,310682,310682,1930254,124.369,483.489,,,,,,0,,1,0.0852441,1,computed,2.44444,1.02848,2.37675,0.10180699999999999,0.319073,0.248862,0.49886070200006732,0.10470699999999999,0.32358461026445617,-0.15312917442464211,0.15312917442464211,10,-0.13935275842382627,0.13935275842382627,10,-0.27870551684765255,0.27870551684765255,10,0.049438700000000002,0.22234799999999999,0.00185082,0.043021200000000002,0.125082,0.35366999999999998,0.00030558499999999998,0.017481,0.0015452300000000001,0.039309499999999997,1.47372e-24,1.2139699999999999e-12,1.21397e-12,0.44470166244800879,0.19776020398257863,2.2486985870373548,5.0566290884696574,0.40633455133748009,0.913723931457049,2.821794836034327e-11,7.9625247187733004e-22,1,1,not_skipped,success,1,0.00074710800000000002,0.027333300000000001,0.6353448997238571,0.40366324115797325,,,,,,,,,,,,,,,,,,,,,,,,
inner,2d,non_matching_initial,p1,1,adaptive_g_effective_rho,g_eff_rho,production_2M,2000000,completed,24339172,20260701_091332_498040_job24339172,snellius_next_mem216,algorithm_data_ordered/2d/non_matching_initial/p1/production_2M/adaptive_g_effective_rho,inner_history.csv,completed,31,0,,211935,211935,280857,424348,424348,2613870,169.67,690.407,,,,,,0,,1,0.114967,1,computed,2.44444,1.04817,2.33211,0.0921791,0.30360999999999999,0.225327,0.47468621214440176,0.096618999999999997,0.31083596960454885,-0.15312917442464211,0.15312917442464211,10,-0.13935275842382627,0.13935275842382627,10,-0.27870551684765255,0.27870551684765255,10,0.044696399999999997,0.21141499999999999,0.0028778499999999999,0.053645600000000002,0.11328199999999999,0.33657500000000001,0.000259258,0.016101500000000001,0.0026185900000000001,0.051172200000000001,2.0658800000000001e-24,1.43732e-12,1.43732e-12,0.31465326876702587,0.099006717355523396,3.1781014191224419,10.10032477300604,0.30014577150782173,0.9538937023726084,2.679287770106029e-11,7.1785534339871784e-22,1,1,not_skipped,success,1,0.0010751599999999999,0.032789600000000002,0.61122627018804898,0.37359834598745589,,,,,,,,,,,,,,,,,,,,,,,,
inner,2d,non_matching_initial,p1,1,adaptive_g_effective_rho,g_eff_rho,production_2M,2000000,completed,24339172,20260701_091332_498040_job24339172,snellius_next_mem216,algorithm_data_ordered/2d/non_matching_initial/p1/production_2M/adaptive_g_effective_rho,inner_history.csv,completed,32,0,,280857,280857,396129,562184,562184,3462432,294.352,1037.39,,,,,,0,,1,0.116611,1,computed,2.44444,1.04936,2.32946,0.082247299999999995,0.28678799999999999,0.20104900000000001,0.44838487931686544,0.086307300000000003,0.29378104091312635,-0.15312917442464211,0.15312917442464211,10,-0.13935275842382627,0.13935275842382627,10,-0.27870551684765255,0.27870551684765255,10,0.039820300000000003,0.19955000000000001,0.0026358100000000001,0.0513401,0.101104,0.31796799999999997,0.000220733,0.0148571,0.00241508,0.049143399999999997,3.3145399999999996e-24,1.82059e-12,1.82059e-12,0.30232136970579976,0.091397800486940392,3.3077383877068876,10.94118233340733,0.28938587965352619,0.95721278299029411,3.546136450844467e-11,1.257503386055899e-21,1,1,not_skipped,success,1,0.0011264000000000001,0.033561899999999999,0.65371707495700238,0.42734491484591075,,,,,,,,,,,,,,,,,,,,,,,,
inner,2d,non_matching_initial,p1,1,adaptive_g_effective_rho,g_eff_rho,production_2M,2000000,completed,24339172,20260701_091332_498040_job24339172,snellius_next_mem216,algorithm_data_ordered/2d/non_matching_initial/p1/production_2M/adaptive_g_effective_rho,inner_history.csv,completed,33,0,,396129,396129,550767,793128,793128,4893024,410.891,1526.83,,,,,,0,,1,0.117059,1,computed,2.44444,1.04969,2.32873,0.075933100000000003,0.27556000000000003,0.185614,0.43082943260645507,0.079706299999999994,0.28232304192183816,-0.15312917442464211,0.15312917442464211,10,-0.13935275842382627,0.13935275842382627,10,-0.27870551684765255,0.27870551684765255,10,0.0370937,0.19259699999999999,0.0024382499999999999,0.049378600000000002,0.093195,0.30527900000000002,0.000197562,0.014055700000000001,0.0022406800000000001,0.0473359,4.7296400000000003e-24,2.17477e-12,2.17477e-12,0.29693530702912591,0.088170555367120693,3.3677369323477304,11.341654771666617,0.28465165071508713,0.95863187696694518,4.404276346433475e-11,1.9397682764277659e-21,1,1,not_skipped,success,1,0.00109906,0.033152000000000001,0.67138395985305377,0.45075771557469502,,,,,,,,,,,,,,,,,,,,,,,,
inner,2d,non_matching_initial,p1,1,adaptive_g_effective_rho,g_eff_rho,production_2M,2000000,completed,24339172,20260701_091332_498040_job24339172,snellius_next_mem216,algorithm_data_ordered/2d/non_matching_initial/p1/production_2M/adaptive_g_effective_rho,inner_history.csv,completed,34,0,,550767,550767,711279,1103508,1103508,6761595,593.428,2231.75,,,,,,0,,1,0.135921,1,computed,2.44444,1.06416,2.29707,0.068090600000000001,0.26094200000000001,0.16644400000000001,0.40797548945984491,0.072459200000000001,0.26918246599658008,-0.15312917442464211,0.15312917442464211,10,-0.13935275842382627,0.13935275842382627,10,-0.27870551684765255,0.27870551684765255,10,0.032986000000000001,0.181621,0.0028616800000000001,0.053494699999999999,0.083692699999999995,0.28929700000000003,0.00017913200000000001,0.013384,0.0026825500000000001,0.0517933,7.1181900000000001e-24,2.6679899999999998e-12,2.66799e-12,0.25841180229875294,0.066776760917783451,3.8697922893006576,14.97526963356631,0.25019300977480013,0.96819498006344551,4.9873912742757694e-11,2.4874164826255904e-21,1,1,not_skipped,success,1,0.0011944,0.03456,0.6460453091614683,0.41737720499846243,,,,,,,,,,,,,,,,,,,,,,,,
inner,2d,non_matching_initial,p1,1,adaptive_g_effective_rho,g_eff_rho,production_2M,2000000,completed,24339172,20260701_091332_498040_job24339172,snellius_next_mem216,algorithm_data_ordered/2d/non_matching_initial/p1/production_2M/adaptive_g_effective_rho,inner_history.csv,completed,35,0,,711279,711279,968396,1425052,1425052,8691414,841.167,3224.95,,,,,,0,,1,0.161979,1,computed,2.44444,1.08611,2.25064,0.061983200000000002,0.24896399999999999,0.15151500000000001,0.38924927745597682,0.067320599999999994,0.25946213596592471,-0.15312917442464211,0.15312917442464211,10,-0.13935275842382627,0.13935275842382627,10,-0.27870551684765255,0.27870551684765255,10,0.029668199999999999,0.17224400000000001,0.0035610500000000001,0.059674600000000001,0.076345499999999997,0.27630700000000002,0.00016076600000000001,0.0126794,0.0034002899999999998,0.058312000000000003,1.02641e-23,3.2037600000000001e-12,3.20376e-12,0.21744066401426806,0.047280084933932112,4.5989557865514143,21.150554221663782,0.21247565966089424,0.97716616449879856,5.3687163382745757e-11,2.882324033641763e-21,1,1,not_skipped,success,1,0.0013485599999999999,0.0367228,0.61538409976774033,0.37869729433734428,,,,,,,,,,,,,,,,,,,,,,,,
inner,2d,non_matching_initial,p1,1,adaptive_g_effective_rho,g_eff_rho,production_2M,2000000,completed,24339172,20260701_091332_498040_job24339172,snellius_next_mem216,algorithm_data_ordered/2d/non_matching_initial/p1/production_2M/adaptive_g_effective_rho,inner_history.csv,completed,36,0,,968396,968396,1374404,1939974,1939974,11915913,1622.97,5092.86,,,,,,0,,1,0.158343,1,computed,2.44444,1.08292,2.25727,0.057655199999999997,0.240115,0.140935,0.37541310579147341,0.062435999999999998,0.24987196721521204,-0.15312917442464211,0.15312917442464211,10,-0.13935275842382627,0.13935275842382627,10,-0.27870551684765255,0.27870551684765255,10,0.0280498,0.16748099999999999,0.0031581999999999999,0.056197799999999999,0.070813100000000004,0.26610699999999998,0.00014714400000000001,0.0121303,0.0030110499999999999,0.054873100000000001,1.6098999999999999e-23,4.0123500000000004e-12,4.01235e-12,0.22106095700807865,0.048868002856146529,4.5236391515461287,20.463287663785135,0.21585008665819658,0.97642790287164272,7.1396923011221087e-11,5.0975239060224176e-21,1,1,not_skipped,success,1,0.00125248,0.035390400000000002,0.6297470719494358,0.39658033056804509,,,,,,,,,,,,,,,,,,,,,,,,
inner,2d,non_matching_initial,p1,1,adaptive_g_effective_rho,g_eff_rho,production_2M,2000000,completed,24339172,20260701_091332_498040_job24339172,snellius_next_mem216,algorithm_data_ordered/2d/non_matching_initial/p1/production_2M/adaptive_g_effective_rho,inner_history.csv,completed,37,0,,1374404,1374404,1800358,2755286,2755286,16831188,2458.38,7941.27,,,,,,0,,1,0.162775,1,computed,2.44444,1.08681,2.24919,0.052072199999999999,0.22819300000000001,0.12728800000000001,0.35677443854626134,0.056592799999999999,0.23789241265748684,-0.15312917442464211,0.15312917442464211,10,-0.13935275842382627,0.13935275842382627,10,-0.27870551684765255,0.27870551684765255,10,0.025871000000000002,0.16084499999999999,0.0029600799999999999,0.054406599999999999,0.063717200000000002,0.25242300000000001,0.00012916699999999999,0.011365200000000001,0.0028309099999999999,0.053206299999999998,2.49579e-23,4.9957799999999999e-12,4.99578e-12,0.21360628346643162,0.045627377768985941,4.6815102241931505,21.916666021507041,0.20889377391713507,0.9779383383633603,9.1823050879856484e-11,8.4314950947271703e-21,1,1,not_skipped,success,1,0.00123354,0.035121699999999999,0.64554116596148259,0.41672522364260428,,,,,,,,,,,,,,,,,,,,,,,,
inner,2d,non_matching_initial,p1,1,adaptive_g_effective_rho,g_eff_rho,production_2M,2000000,completed,24339172,20260701_091332_498040_job24339172,snellius_next_mem216,algorithm_data_ordered/2d/non_matching_initial/p1/production_2M/adaptive_g_effective_rho,inner_history.csv,completed,38,0,,1800358,1800358,2340143,3612938,3612938,21973683,3544.38,12052.6,,,,,,0,,1,0.188527,1,computed,2.44444,1.11052,2.20118,0.046854100000000003,0.21645800000000001,0.11453199999999999,0.33842576734049079,0.052032200000000001,0.22810567726385067,-0.15312917442464211,0.15312917442464211,10,-0.13935275842382627,0.13935275842382627,10,-0.27870551684765255,0.27870551684765255,10,0.022750900000000001,0.150834,0.0034723900000000001,0.058927,0.057566699999999998,0.23993100000000001,0.000118347,0.0108787,0.0033540499999999999,0.057914100000000003,2.1934400000000001e-20,1.4810300000000001e-10,1.48103e-10,0.18784199357324036,0.03528480493731459,5.3236232270399961,28.340811342915327,0.18461316544198755,0.9828109355643424,2.5133300524377621e-09,6.3168019721287068e-18,1,1,not_skipped,success,1,0.00143015,0.037817299999999998,0.64176523495171989,0.41186329876540367,,,,,,,,,,,,,,,,,,,,,,,,
inner_summary,2d,non_matching_initial,p1,1,adaptive_g_effective_rho,g_eff_rho,production_2M,2000000,completed,24339172,20260701_091332_498040_job24339172,snellius_next_mem216,algorithm_data_ordered/2d/non_matching_initial/p1/production_2M/adaptive_g_effective_rho,inner_history.csv,,0,,1,2,2,2,,,,,,,,,,,,,,,,,,,,,,,,,,-0.15312917442464211,0.15312917442464211,10,-0.13935275842382627,0.13935275842382627,10,-0.27870551684765255,0.27870551684765255,10,,,,,,,,,,,,,,,,,,,,,,,,,,,,,,,286825086368304.94,286825086368304.94,286825086368304.94,286825086368304.94,3.4864453896334752e-15,3.4864453896334752e-15,3.4864453896334752e-15,3.4864453896334752e-15,0.23008956451343468,0.23008956451343468,0.23008956451343468,0.23008956451343468,1.6159519923927986e-14,1.6159519923927986e-14,1.6159519923927986e-14,1.6159519923927986e-14,1,1,1,1,1,1,1,1
inner_summary,2d,non_matching_initial,p1,1,adaptive_g_effective_rho,g_eff_rho,production_2M,2000000,completed,24339172,20260701_091332_498040_job24339172,snellius_next_mem216,algorithm_data_ordered/2d/non_matching_initial/p1/production_2M/adaptive_g_effective_rho,inner_history.csv,,1,,1,2,2,3,,,,,,,,,,,,,,,,,,,,,,,,,,-0.15312917442464211,0.15312917442464211,10,-0.13935275842382627,0.13935275842382627,10,-0.27870551684765255,0.27870551684765255,10,,,,,,,,,,,,,,,,,,,,,,,,,,,,,,,38671861784308.641,38671861784308.641,38671861784308.641,38671861784308.641,2.5858594695478474e-14,2.5858594695478474e-14,2.5858594695478474e-14,2.5858594695478474e-14,0.47067251845695479,0.47067251845695479,0.47067251845695479,0.47067251845695479,1.318115762409538e-14,1.318115762409538e-14,1.318115762409538e-14,1.318115762409538e-14,1,1,1,1,1,1,1,1
inner_summary,2d,non_matching_initial,p1,1,adaptive_g_effective_rho,g_eff_rho,production_2M,2000000,completed,24339172,20260701_091332_498040_job24339172,snellius_next_mem216,algorithm_data_ordered/2d/non_matching_initial/p1/production_2M/adaptive_g_effective_rho,inner_history.csv,,2,,1,3,3,7,,,,,,,,,,,,,,,,,,,,,,,,,,-0.15312917442464211,0.15312917442464211,10,-0.13935275842382627,0.13935275842382627,10,-0.27870551684765255,0.27870551684765255,10,,,,,,,,,,,,,,,,,,,,,,,,,,,,,,,150646549319607.72,150646549319607.72,150646549319607.72,150646549319607.72,6.6380544693289096e-15,6.6380544693289096e-15,6.6380544693289096e-15,6.6380544693289096e-15,0.75766036655211921,0.75766036655211921,0.75766036655211921,0.75766036655211921,9.3829985780305723e-15,9.3829985780305723e-15,9.3829985780305723e-15,9.3829985780305723e-15,1,1,1,1,1,1,1,1
inner_summary,2d,non_matching_initial,p1,1,adaptive_g_effective_rho,g_eff_rho,production_2M,2000000,completed,24339172,20260701_091332_498040_job24339172,snellius_next_mem216,algorithm_data_ordered/2d/non_matching_initial/p1/production_2M/adaptive_g_effective_rho,inner_history.csv,,3,,1,7,7,7,,,,,,,,,,,,,,,,,,,,,,,,,,-0.15312917442464211,0.15312917442464211,10,-0.13935275842382627,0.13935275842382627,10,-0.27870551684765255,0.27870551684765255,10,,,,,,,,,,,,,,,,,,,,,,,,,,,,,,,84826123174321.109,84826123174321.109,84826123174321.109,84826123174321.109,1.1788821209534233e-14,1.1788821209534233e-14,1.1788821209534233e-14,1.1788821209534233e-14,0.91435477366406015,0.91435477366406015,0.91435477366406015,0.91435477366406015,1.8659058413160638e-14,1.8659058413160638e-14,1.8659058413160638e-14,1.8659058413160638e-14,1,1,1,1,1,1,1,1
inner_summary,2d,non_matching_initial,p1,1,adaptive_g_effective_rho,g_eff_rho,production_2M,2000000,completed,24339172,20260701_091332_498040_job24339172,snellius_next_mem216,algorithm_data_ordered/2d/non_matching_initial/p1/production_2M/adaptive_g_effective_rho,inner_history.csv,,4,,1,7,7,20,,,,,,,,,,,,,,,,,,,,,,,,,,-0.15312917442464211,0.15312917442464211,10,-0.13935275842382627,0.13935275842382627,10,-0.27870551684765255,0.27870551684765255,10,,,,,,,,,,,,,,,,,,,,,,,,,,,,,,,47921842965276.797,47921842965276.797,47921842965276.797,47921842965276.797,2.0867310982271277e-14,2.0867310982271277e-14,2.0867310982271277e-14,2.0867310982271277e-14,0.92015132421790047,0.92015132421790047,0.92015132421790047,0.92015132421790047,3.9779196587869435e-14,3.9779196587869435e-14,3.9779196587869435e-14,3.9779196587869435e-14,1,1,1,1,1,1,1,1
inner_summary,2d,non_matching_initial,p1,1,adaptive_g_effective_rho,g_eff_rho,production_2M,2000000,completed,24339172,20260701_091332_498040_job24339172,snellius_next_mem216,algorithm_data_ordered/2d/non_matching_initial/p1/production_2M/adaptive_g_effective_rho,inner_history.csv,,5,,1,20,20,29,,,,,,,,,,,,,,,,,,,,,,,,,,-0.15312917442464211,0.15312917442464211,10,-0.13935275842382627,0.13935275842382627,10,-0.27870551684765255,0.27870551684765255,10,,,,,,,,,,,,,,,,,,,,,,,,,,,,,,,101427560529126.69,101427560529126.69,101427560529126.69,101427560529126.69,9.8592531929507725e-15,9.8592531929507725e-15,9.8592531929507725e-15,9.8592531929507725e-15,0.93848976670685369,0.93848976670685369,0.93848976670685369,0.93848976670685369,4.9557501933302272e-14,4.9557501933302272e-14,4.9557501933302272e-14,4.9557501933302272e-14,1,1,1,1,1,1,1,1
inner_summary,2d,non_matching_initial,p1,1,adaptive_g_effective_rho,g_eff_rho,production_2M,2000000,completed,24339172,20260701_091332_498040_job24339172,snellius_next_mem216,algorithm_data_ordered/2d/non_matching_initial/p1/production_2M/adaptive_g_effective_rho,inner_history.csv,,6,,1,29,29,32,,,,,,,,,,,,,,,,,,,,,,,,,,-0.15312917442464211,0.15312917442464211,10,-0.13935275842382627,0.13935275842382627,10,-0.27870551684765255,0.27870551684765255,10,,,,,,,,,,,,,,,,,,,,,,,,,,,,,,,100086583303314.56,100086583303314.56,100086583303314.56,100086583303314.56,9.9913491598517086e-15,9.9913491598517086e-15,9.9913491598517086e-15,9.9913491598517086e-15,0.94884867969780162,0.94884867969780162,0.94884867969780162,0.94884867969780162,9.0471164135166151e-14,9.0471164135166151e-14,9.0471164135166151e-14,9.0471164135166151e-14,1,1,1,1,1,1,1,1
inner_summary,2d,non_matching_initial,p1,1,adaptive_g_effective_rho,g_eff_rho,production_2M,2000000,completed,24339172,20260701_091332_498040_job24339172,snellius_next_mem216,algorithm_data_ordered/2d/non_matching_initial/p1/production_2M/adaptive_g_effective_rho,inner_history.csv,,7,,1,32,32,54,,,,,,,,,,,,,,,,,,,,,,,,,,-0.15312917442464211,0.15312917442464211,10,-0.13935275842382627,0.13935275842382627,10,-0.27870551684765255,0.27870551684765255,10,,,,,,,,,,,,,,,,,,,,,,,,,,,,,,,36364933634805.727,36364933634805.727,36364933634805.727,36364933634805.727,2.7499018973676241e-14,2.7499018973676241e-14,2.7499018973676241e-14,2.7499018973676241e-14,0.95832922705876655,0.95832922705876655,0.95832922705876655,0.95832922705876655,1.412672530725386e-13,1.412672530725386e-13,1.412672530725386e-13,1.412672530725386e-13,1,1,1,1,1,1,1,1
inner_summary,2d,non_matching_initial,p1,1,adaptive_g_effective_rho,g_eff_rho,production_2M,2000000,completed,24339172,20260701_091332_498040_job24339172,snellius_next_mem216,algorithm_data_ordered/2d/non_matching_initial/p1/production_2M/adaptive_g_effective_rho,inner_history.csv,,8,,1,54,54,81,,,,,,,,,,,,,,,,,,,,,,,,,,-0.15312917442464211,0.15312917442464211,10,-0.13935275842382627,0.13935275842382627,10,-0.27870551684765255,0.27870551684765255,10,,,,,,,,,,,,,,,,,,,,,,,,,,,,,,,15.50483444825454,15.50483444825454,15.50483444825454,15.50483444825454,0.064496012733149519,0.064496012733149519,0.064496012733149519,0.064496012733149519,0.95248544623700648,0.95248544623700648,0.95248544623700648,0.95248544623700648,1.8074471125840752e-13,1.8074471125840752e-13,1.8074471125840752e-13,1.8074471125840752e-13,0.99792502595978849,0.99792502595978849,0.99792502595978849,0.99792502595978849,1,1,1,1
inner_summary,2d,non_matching_initial,p1,1,adaptive_g_effective_rho,g_eff_rho,production_2M,2000000,completed,24339172,20260701_091332_498040_job24339172,snellius_next_mem216,algorithm_data_ordered/2d/non_matching_initial/p1/production_2M/adaptive_g_effective_rho,inner_history.csv,,9,,1,81,81,120,,,,,,,,,,,,,,,,,,,,,,,,,,-0.15312917442464211,0.15312917442464211,10,-0.13935275842382627,0.13935275842382627,10,-0.27870551684765255,0.27870551684765255,10,,,,,,,,,,,,,,,,,,,,,,,,,,,,,,,10.347395518404793,10.347395518404793,10.347395518404793,10.347395518404793,0.096642676722012946,0.096642676722012946,0.096642676722012946,0.096642676722012946,0.95213970258067826,0.95213970258067826,0.95213970258067826,0.95213970258067826,2.2671923638754316e-13,2.2671923638754316e-13,2.2671923638754316e-13,2.2671923638754316e-13,0.99536194101252928,0.99536194101252928,0.99536194101252928,0.99536194101252928,1,1,1,1
inner_summary,2d,non_matching_initial,p1,1,adaptive_g_effective_rho,g_eff_rho,production_2M,2000000,completed,24339172,20260701_091332_498040_job24339172,snellius_next_mem216,algorithm_data_ordered/2d/non_matching_initial/p1/production_2M/adaptive_g_effective_rho,inner_history.csv,,10,,1,120,120,180,,,,,,,,,,,,,,,,,,,,,,,,,,-0.15312917442464211,0.15312917442464211,10,-0.13935275842382627,0.13935275842382627,10,-0.27870551684765255,0.27870551684765255,10,,,,,,,,,,,,,,,,,,,,,,,,,,,,,,,1.3532602356234691,1.3532602356234691,1.3532602356234691,1.3532602356234691,0.73895616946084564,0.73895616946084564,0.73895616946084564,0.73895616946084564,0.78900511945983987,0.78900511945983987,0.78900511945983987,0.78900511945983987,2.8723913111293657e-13,2.8723913111293657e-13,2.8723913111293657e-13,2.8723913111293657e-13,0.80424391782521742,0.80424391782521742,0.80424391782521742,0.80424391782521742,1,1,1,1
inner_summary,2d,non_matching_initial,p1,1,adaptive_g_effective_rho,g_eff_rho,production_2M,2000000,completed,24339172,20260701_091332_498040_job24339172,snellius_next_mem216,algorithm_data_ordered/2d/non_matching_initial/p1/production_2M/adaptive_g_effective_rho,inner_history.csv,,11,,1,180,180,260,,,,,,,,,,,,,,,,,,,,,,,,,,-0.15312917442464211,0.15312917442464211,10,-0.13935275842382627,0.13935275842382627,10,-0.27870551684765255,0.27870551684765255,10,,,,,,,,,,,,,,,,,,,,,,,,,,,,,,,1.3507120571880578,1.3507120571880578,1.3507120571880578,1.3507120571880578,0.74035024317604903,0.74035024317604903,0.74035024317604903,0.74035024317604903,0.78904647923796734,0.78904647923796734,0.78904647923796734,0.78904647923796734,3.5835765427173664e-13,3.5835765427173664e-13,3.5835765427173664e-13,3.5835765427173664e-13,0.80370728088409227,0.80370728088409227,0.80370728088409227,0.80370728088409227,1,1,1,1
inner_summary,2d,non_matching_initial,p1,1,adaptive_g_effective_rho,g_eff_rho,production_2M,2000000,completed,24339172,20260701_091332_498040_job24339172,snellius_next_mem216,algorithm_data_ordered/2d/non_matching_initial/p1/production_2M/adaptive_g_effective_rho,inner_history.csv,,12,,1,260,260,353,,,,,,,,,,,,,,,,,,,,,,,,,,-0.15312917442464211,0.15312917442464211,10,-0.13935275842382627,0.13935275842382627,10,-0.27870551684765255,0.27870551684765255,10,,,,,,,,,,,,,,,,,,,,,,,,,,,,,,,1.3822426149433105,1.3822426149433105,1.3822426149433105,1.3822426149433105,0.72346199515850751,0.72346199515850751,0.72346199515850751,0.72346199515850751,0.79708694173174788,0.79708694173174788,0.79708694173174788,0.79708694173174788,4.0858290930222671e-13,4.0858290930222671e-13,4.0858290930222671e-13,4.0858290930222671e-13,0.81020119626380172,0.81020119626380172,0.81020119626380172,0.81020119626380172,1,1,1,1
inner_summary,2d,non_matching_initial,p1,1,adaptive_g_effective_rho,g_eff_rho,production_2M,2000000,completed,24339172,20260701_091332_498040_job24339172,snellius_next_mem216,algorithm_data_ordered/2d/non_matching_initial/p1/production_2M/adaptive_g_effective_rho,inner_history.csv,,13,,1,353,353,489,,,,,,,,,,,,,,,,,,,,,,,,,,-0.15312917442464211,0.15312917442464211,10,-0.13935275842382627,0.13935275842382627,10,-0.27870551684765255,0.27870551684765255,10,,,,,,,,,,,,,,,,,,,,,,,,,,,,,,,6.0395069401544035,6.0395069401544035,6.0395069401544035,6.0395069401544035,0.16557643031277558,0.16557643031277558,0.16557643031277558,0.16557643031277558,0.95702679633272403,0.95702679633272403,0.95702679633272403,0.95702679633272403,8.4885484620407467e-13,8.4885484620407467e-13,8.4885484620407467e-13,8.4885484620407467e-13,0.98656805932815728,0.98656805932815728,0.98656805932815728,0.98656805932815728,1,1,1,1
inner_summary,2d,non_matching_initial,p1,1,adaptive_g_effective_rho,g_eff_rho,production_2M,2000000,completed,24339172,20260701_091332_498040_job24339172,snellius_next_mem216,algorithm_data_ordered/2d/non_matching_initial/p1/production_2M/adaptive_g_effective_rho,inner_history.csv,,14,,1,489,489,807,,,,,,,,,,,,,,,,,,,,,,,,,,-0.15312917442464211,0.15312917442464211,10,-0.13935275842382627,0.13935275842382627,10,-0.27870551684765255,0.27870551684765255,10,,,,,,,,,,,,,,,,,,,,,,,,,,,,,,,5.8006696189619547,5.8006696189619547,5.8006696189619547,5.8006696189619547,0.17239388996247518,0.17239388996247518,0.17239388996247518,0.17239388996247518,0.95806009929448666,0.95806009929448666,0.95806009929448666,0.95806009929448666,9.6955108440031359e-13,9.6955108440031359e-13,9.6955108440031359e-13,9.6955108440031359e-13,0.98546328717010712,0.98546328717010712,0.98546328717010712,0.98546328717010712,1,1,1,1
inner_summary,2d,non_matching_initial,p1,1,adaptive_g_effective_rho,g_eff_rho,production_2M,2000000,completed,24339172,20260701_091332_498040_job24339172,snellius_next_mem216,algorithm_data_ordered/2d/non_matching_initial/p1/production_2M/adaptive_g_effective_rho,inner_history.csv,,15,,1,807,807,1069,,,,,,,,,,,,,,,,,,,,,,,,,,-0.15312917442464211,0.15312917442464211,10,-0.13935275842382627,0.13935275842382627,10,-0.27870551684765255,0.27870551684765255,10,,,,,,,,,,,,,,,,,,,,,,,,,,,,,,,2.7718485798423105,2.7718485798423105,2.7718485798423105,2.7718485798423105,0.36077006777076176,0.36077006777076176,0.36077006777076176,0.36077006777076176,0.91472051353861727,0.91472051353861727,0.91472051353861727,0.91472051353861727,1.1592678931578556e-12,1.1592678931578556e-12,1.1592678931578556e-12,1.1592678931578556e-12,0.9406573568315667,0.9406573568315667,0.9406573568315667,0.9406573568315667,1,1,1,1
inner_summary,2d,non_matching_initial,p1,1,adaptive_g_effective_rho,g_eff_rho,production_2M,2000000,completed,24339172,20260701_091332_498040_job24339172,snellius_next_mem216,algorithm_data_ordered/2d/non_matching_initial/p1/production_2M/adaptive_g_effective_rho,inner_history.csv,,16,,1,1069,1069,1771,,,,,,,,,,,,,,,,,,,,,,,,,,-0.15312917442464211,0.15312917442464211,10,-0.13935275842382627,0.13935275842382627,10,-0.27870551684765255,0.27870551684765255,10,,,,,,,,,,,,,,,,,,,,,,,,,,,,,,,1.7738483071502691,1.7738483071502691,1.7738483071502691,1.7738483071502691,0.563746063273316,0.563746063273316,0.563746063273316,0.563746063273316,0.85450774745948499,0.85450774745948499,0.85450774745948499,0.85450774745948499,1.3400566863192408e-12,1.3400566863192408e-12,1.3400566863192408e-12,1.3400566863192408e-12,0.87111071608449619,0.87111071608449619,0.87111071608449619,0.87111071608449619,1,1,1,1
inner_summary,2d,non_matching_initial,p1,1,adaptive_g_effective_rho,g_eff_rho,production_2M,2000000,completed,24339172,20260701_091332_498040_job24339172,snellius_next_mem216,algorithm_data_ordered/2d/non_matching_initial/p1/production_2M/adaptive_g_effective_rho,inner_history.csv,,17,,1,1771,1771,2357,,,,,,,,,,,,,,,,,,,,,,,,,,-0.15312917442464211,0.15312917442464211,10,-0.13935275842382627,0.13935275842382627,10,-0.27870551684765255,0.27870551684765255,10,,,,,,,,,,,,,,,,,,,,,,,,,,,,,,,0.78900564895680958,0.78900564895680958,0.78900564895680958,0.78900564895680958,1.2674180486821081,1.2674180486821081,1.2674180486821081,1.2674180486821081,0.62793189436611818,0.62793189436611818,0.62793189436611818,0.62793189436611818,1.5281838230701348e-12,1.5281838230701348e-12,1.5281838230701348e-12,1.5281838230701348e-12,0.6194178893403568,0.6194178893403568,0.6194178893403568,0.6194178893403568,1,1,1,1
inner_summary,2d,non_matching_initial,p1,1,adaptive_g_effective_rho,g_eff_rho,production_2M,2000000,completed,24339172,20260701_091332_498040_job24339172,snellius_next_mem216,algorithm_data_ordered/2d/non_matching_initial/p1/production_2M/adaptive_g_effective_rho,inner_history.csv,,18,,1,2357,2357,3509,,,,,,,,,,,,,,,,,,,,,,,,,,-0.15312917442464211,0.15312917442464211,10,-0.13935275842382627,0.13935275842382627,10,-0.27870551684765255,0.27870551684765255,10,,,,,,,,,,,,,,,,,,,,,,,,,,,,,,,0.5691234289445849,0.5691234289445849,0.5691234289445849,0.5691234289445849,1.7570880922165817,1.7570880922165817,1.7570880922165817,1.7570880922165817,0.50491895461589265,0.50491895461589265,0.50491895461589265,0.50491895461589265,1.4810349224200499e-12,1.4810349224200499e-12,1.4810349224200499e-12,1.4810349224200499e-12,0.49462857740667854,0.49462857740667854,0.49462857740667854,0.49462857740667854,1,1,1,1
inner_summary,2d,non_matching_initial,p1,1,adaptive_g_effective_rho,g_eff_rho,production_2M,2000000,completed,24339172,20260701_091332_498040_job24339172,snellius_next_mem216,algorithm_data_ordered/2d/non_matching_initial/p1/production_2M/adaptive_g_effective_rho,inner_history.csv,,19,,1,3509,3509,5006,,,,,,,,,,,,,,,,,,,,,,,,,,-0.15312917442464211,0.15312917442464211,10,-0.13935275842382627,0.13935275842382627,10,-0.27870551684765255,0.27870551684765255,10,,,,,,,,,,,,,,,,,,,,,,,,,,,,,,,0.4319043835355772,0.4319043835355772,0.4319043835355772,0.4319043835355772,2.3153272764077588,2.3153272764077588,2.3153272764077588,2.3153272764077588,0.43738447483410409,0.43738447483410409,0.43738447483410409,0.43738447483410409,1.7537871008406337e-12,1.7537871008406337e-12,1.7537871008406337e-12,1.7537871008406337e-12,0.39650243502852867,0.39650243502852867,0.39650243502852867,0.39650243502852867,1,1,1,1
inner_summary,2d,non_matching_initial,p1,1,adaptive_g_effective_rho,g_eff_rho,production_2M,2000000,completed,24339172,20260701_091332_498040_job24339172,snellius_next_mem216,algorithm_data_ordered/2d/non_matching_initial/p1/production_2M/adaptive_g_effective_rho,inner_history.csv,,20,,1,5006,5006,7406,,,,,,,,,,,,,,,,,,,,,,,,,,-0.15312917442464211,0.15312917442464211,10,-0.13935275842382627,0.13935275842382627,10,-0.27870551684765255,0.27870551684765255,10,,,,,,,,,,,,,,,,,,,,,,,,,,,,,,,1.4871128908869393,1.4871128908869393,1.4871128908869393,1.4871128908869393,0.67244390532018261,0.67244390532018261,0.67244390532018261,0.67244390532018261,0.81061260843443339,0.81061260843443339,0.81061260843443339,0.81061260843443339,4.4230971930897093e-12,4.4230971930897093e-12,4.4230971930897093e-12,4.4230971930897093e-12,0.82983040485701942,0.82983040485701942,0.82983040485701942,0.82983040485701942,1,1,1,1
inner_summary,2d,non_matching_initial,p1,1,adaptive_g_effective_rho,g_eff_rho,production_2M,2000000,completed,24339172,20260701_091332_498040_job24339172,snellius_next_mem216,algorithm_data_ordered/2d/non_matching_initial/p1/production_2M/adaptive_g_effective_rho,inner_history.csv,,21,,1,7406,7406,10126,,,,,,,,,,,,,,,,,,,,,,,,,,-0.15312917442464211,0.15312917442464211,10,-0.13935275842382627,0.13935275842382627,10,-0.27870551684765255,0.27870551684765255,10,,,,,,,,,,,,,,,,,,,,,,,,,,,,,,,0.92366817526737643,0.92366817526737643,0.92366817526737643,0.92366817526737643,1.082639877367787,1.082639877367787,1.082639877367787,1.082639877367787,0.68795925048000017,0.68795925048000017,0.68795925048000017,0.68795925048000017,4.8747588390844356e-12,4.8747588390844356e-12,4.8747588390844356e-12,4.8747588390844356e-12,0.67851479700693484,0.67851479700693484,0.67851479700693484,0.67851479700693484,1,1,1,1
inner_summary,2d,non_matching_initial,p1,1,adaptive_g_effective_rho,g_eff_rho,production_2M,2000000,completed,24339172,20260701_091332_498040_job24339172,snellius_next_mem216,algorithm_data_ordered/2d/non_matching_initial/p1/production_2M/adaptive_g_effective_rho,inner_history.csv,,22,,1,10126,10126,14294,,,,,,,,,,,,,,,,,,,,,,,,,,-0.15312917442464211,0.15312917442464211,10,-0.13935275842382627,0.13935275842382627,10,-0.27870551684765255,0.27870551684765255,10,,,,,,,,,,,,,,,,,,,,,,,,,,,,,,,0.65692432048238658,0.65692432048238658,0.65692432048238658,0.65692432048238658,1.5222453619401535,1.5222453619401535,1.5222453619401535,1.5222453619401535,0.60264446830113005,0.60264446830113005,0.60264446830113005,0.60264446830113005,5.1795819558038719e-12,5.1795819558038719e-12,5.1795819558038719e-12,5.1795819558038719e-12,0.54905040253303639,0.54905040253303639,0.54905040253303639,0.54905040253303639,1,1,1,1
inner_summary,2d,non_matching_initial,p1,1,adaptive_g_effective_rho,g_eff_rho,production_2M,2000000,completed,24339172,20260701_091332_498040_job24339172,snellius_next_mem216,algorithm_data_ordered/2d/non_matching_initial/p1/production_2M/adaptive_g_effective_rho,inner_history.csv,,23,,1,14294,14294,20665,,,,,,,,,,,,,,,,,,,,,,,,,,-0.15312917442464211,0.15312917442464211,10,-0.13935275842382627,0.13935275842382627,10,-0.27870551684765255,0.27870551684765255,10,,,,,,,,,,,,,,,,,,,,,,,,,,,,,,,0.54822269277792923,0.54822269277792923,0.54822269277792923,0.54822269277792923,1.8240762616608319,1.8240762616608319,1.8240762616608319,1.8240762616608319,0.53652903996296764,0.53652903996296764,0.53652903996296764,0.53652903996296764,5.3791087103540969e-12,5.3791087103540969e-12,5.3791087103540969e-12,5.3791087103540969e-12,0.48072233799622449,0.48072233799622449,0.48072233799622449,0.48072233799622449,1,1,1,1
inner_summary,2d,non_matching_initial,p1,1,adaptive_g_effective_rho,g_eff_rho,production_2M,2000000,completed,24339172,20260701_091332_498040_job24339172,snellius_next_mem216,algorithm_data_ordered/2d/non_matching_initial/p1/production_2M/adaptive_g_effective_rho,inner_history.csv,,24,,1,20665,20665,28451,,,,,,,,,,,,,,,,,,,,,,,,,,-0.15312917442464211,0.15312917442464211,10,-0.13935275842382627,0.13935275842382627,10,-0.27870551684765255,0.27870551684765255,10,,,,,,,,,,,,,,,,,,,,,,,,,,,,,,,0.44565337586746512,0.44565337586746512,0.44565337586746512,0.44565337586746512,2.2438963870822208,2.2438963870822208,2.2438963870822208,2.2438963870822208,0.47777075512555839,0.47777075512555839,0.47777075512555839,0.47777075512555839,5.7639939948671721e-12,5.7639939948671721e-12,5.7639939948671721e-12,5.7639939948671721e-12,0.40706046911656907,0.40706046911656907,0.40706046911656907,0.40706046911656907,1,1,1,1
inner_summary,2d,non_matching_initial,p1,1,adaptive_g_effective_rho,g_eff_rho,production_2M,2000000,completed,24339172,20260701_091332_498040_job24339172,snellius_next_mem216,algorithm_data_ordered/2d/non_matching_initial/p1/production_2M/adaptive_g_effective_rho,inner_history.csv,,25,,1,28451,28451,40241,,,,,,,,,,,,,,,,,,,,,,,,,,-0.15312917442464211,0.15312917442464211,10,-0.13935275842382627,0.13935275842382627,10,-0.27870551684765255,0.27870551684765255,10,,,,,,,,,,,,,,,,,,,,,,,,,,,,,,,0.39916099864234933,0.39916099864234933,0.39916099864234933,0.39916099864234933,2.5052547804050516,2.5052547804050516,2.5052547804050516,2.5052547804050516,0.56376372521464224,0.56376372521464224,0.56376372521464224,0.56376372521464224,7.1912127569377274e-12,7.1912127569377274e-12,7.1912127569377274e-12,7.1912127569377274e-12,0.37071861038946924,0.37071861038946924,0.37071861038946924,0.37071861038946924,1,1,1,1
inner_summary,2d,non_matching_initial,p1,1,adaptive_g_effective_rho,g_eff_rho,production_2M,2000000,completed,24339172,20260701_091332_498040_job24339172,snellius_next_mem216,algorithm_data_ordered/2d/non_matching_initial/p1/production_2M/adaptive_g_effective_rho,inner_history.csv,,26,,1,40241,40241,60403,,,,,,,,,,,,,,,,,,,,,,,,,,-0.15312917442464211,0.15312917442464211,10,-0.13935275842382627,0.13935275842382627,10,-0.27870551684765255,0.27870551684765255,10,,,,,,,,,,,,,,,,,,,,,,,,,,,,,,,0.54301330032028949,0.54301330032028949,0.54301330032028949,0.54301330032028949,1.8415755183347495,1.8415755183347495,1.8415755183347495,1.8415755183347495,0.53243652774901074,0.53243652774901074,0.53243652774901074,0.53243652774901074,1.2138314456084505e-11,1.2138314456084505e-11,1.2138314456084505e-11,1.2138314456084505e-11,0.47719795493442935,0.47719795493442935,0.47719795493442935,0.47719795493442935,1,1,1,1
inner_summary,2d,non_matching_initial,p1,1,adaptive_g_effective_rho,g_eff_rho,production_2M,2000000,completed,24339172,20260701_091332_498040_job24339172,snellius_next_mem216,algorithm_data_ordered/2d/non_matching_initial/p1/production_2M/adaptive_g_effective_rho,inner_history.csv,,27,,1,60403,60403,78109,,,,,,,,,,,,,,,,,,,,,,,,,,-0.15312917442464211,0.15312917442464211,10,-0.13935275842382627,0.13935275842382627,10,-0.27870551684765255,0.27870551684765255,10,,,,,,,,,,,,,,,,,,,,,,,,,,,,,,,0.41747083378996341,0.41747083378996341,0.41747083378996341,0.41747083378996341,2.3953769199194328,2.3953769199194328,2.3953769199194328,2.3953769199194328,0.47657223973139257,0.47657223973139257,0.47657223973139257,0.47657223973139257,1.2787537556863942e-11,1.2787537556863942e-11,1.2787537556863942e-11,1.2787537556863942e-11,0.38524792127125157,0.38524792127125157,0.38524792127125157,0.38524792127125157,1,1,1,1
inner_summary,2d,non_matching_initial,p1,1,adaptive_g_effective_rho,g_eff_rho,production_2M,2000000,completed,24339172,20260701_091332_498040_job24339172,snellius_next_mem216,algorithm_data_ordered/2d/non_matching_initial/p1/production_2M/adaptive_g_effective_rho,inner_history.csv,,28,,1,78109,78109,106790,,,,,,,,,,,,,,,,,,,,,,,,,,-0.15312917442464211,0.15312917442464211,10,-0.13935275842382627,0.13935275842382627,10,-0.27870551684765255,0.27870551684765255,10,,,,,,,,,,,,,,,,,,,,,,,,,,,,,,,0.40979224830806305,0.40979224830806305,0.40979224830806305,0.40979224830806305,2.4402608983668372,2.4402608983668372,2.4402608983668372,2.4402608983668372,0.50365093258672289,0.50365093258672289,0.50365093258672289,0.50365093258672289,1.5557127095735779e-11,1.5557127095735779e-11,1.5557127095735779e-11,1.5557127095735779e-11,0.37918881475598942,0.37918881475598942,0.37918881475598942,0.37918881475598942,1,1,1,1
inner_summary,2d,non_matching_initial,p1,1,adaptive_g_effective_rho,g_eff_rho,production_2M,2000000,completed,24339172,20260701_091332_498040_job24339172,snellius_next_mem216,algorithm_data_ordered/2d/non_matching_initial/p1/production_2M/adaptive_g_effective_rho,inner_history.csv,,29,,1,106790,106790,155106,,,,,,,,,,,,,,,,,,,,,,,,,,-0.15312917442464211,0.15312917442464211,10,-0.13935275842382627,0.13935275842382627,10,-0.27870551684765255,0.27870551684765255,10,,,,,,,,,,,,,,,,,,,,,,,,,,,,,,,0.54161812751272231,0.54161812751272231,0.54161812751272231,0.54161812751272231,1.8463192962028594,1.8463192962028594,1.8463192962028594,1.8463192962028594,0.62691326203153641,0.62691326203153641,0.62691326203153641,0.62691326203153641,2.5160788461637202e-11,2.5160788461637202e-11,2.5160788461637202e-11,2.5160788461637202e-11,0.47625013478196127,0.47625013478196127,0.47625013478196127,0.47625013478196127,1,1,1,1
inner_summary,2d,non_matching_initial,p1,1,adaptive_g_effective_rho,g_eff_rho,production_2M,2000000,completed,24339172,20260701_091332_498040_job24339172,snellius_next_mem216,algorithm_data_ordered/2d/non_matching_initial/p1/production_2M/adaptive_g_effective_rho,inner_history.csv,,30,,1,155106,155106,211935,,,,,,,,,,,,,,,,,,,,,,,,,,-0.15312917442464211,0.15312917442464211,10,-0.13935275842382627,0.13935275842382627,10,-0.27870551684765255,0.27870551684765255,10,,,,,,,,,,,,,,,,,,,,,,,,,,,,,,,0.44470166244800879,0.44470166244800879,0.44470166244800879,0.44470166244800879,2.2486985870373548,2.2486985870373548,2.2486985870373548,2.2486985870373548,0.6353448997238571,0.6353448997238571,0.6353448997238571,0.6353448997238571,2.821794836034327e-11,2.821794836034327e-11,2.821794836034327e-11,2.821794836034327e-11,0.40633455133748009,0.40633455133748009,0.40633455133748009,0.40633455133748009,1,1,1,1
inner_summary,2d,non_matching_initial,p1,1,adaptive_g_effective_rho,g_eff_rho,production_2M,2000000,completed,24339172,20260701_091332_498040_job24339172,snellius_next_mem216,algorithm_data_ordered/2d/non_matching_initial/p1/production_2M/adaptive_g_effective_rho,inner_history.csv,,31,,1,211935,211935,280857,,,,,,,,,,,,,,,,,,,,,,,,,,-0.15312917442464211,0.15312917442464211,10,-0.13935275842382627,0.13935275842382627,10,-0.27870551684765255,0.27870551684765255,10,,,,,,,,,,,,,,,,,,,,,,,,,,,,,,,0.31465326876702587,0.31465326876702587,0.31465326876702587,0.31465326876702587,3.1781014191224419,3.1781014191224419,3.1781014191224419,3.1781014191224419,0.61122627018804898,0.61122627018804898,0.61122627018804898,0.61122627018804898,2.679287770106029e-11,2.679287770106029e-11,2.679287770106029e-11,2.679287770106029e-11,0.30014577150782173,0.30014577150782173,0.30014577150782173,0.30014577150782173,1,1,1,1
inner_summary,2d,non_matching_initial,p1,1,adaptive_g_effective_rho,g_eff_rho,production_2M,2000000,completed,24339172,20260701_091332_498040_job24339172,snellius_next_mem216,algorithm_data_ordered/2d/non_matching_initial/p1/production_2M/adaptive_g_effective_rho,inner_history.csv,,32,,1,280857,280857,396129,,,,,,,,,,,,,,,,,,,,,,,,,,-0.15312917442464211,0.15312917442464211,10,-0.13935275842382627,0.13935275842382627,10,-0.27870551684765255,0.27870551684765255,10,,,,,,,,,,,,,,,,,,,,,,,,,,,,,,,0.30232136970579976,0.30232136970579976,0.30232136970579976,0.30232136970579976,3.3077383877068876,3.3077383877068876,3.3077383877068876,3.3077383877068876,0.65371707495700238,0.65371707495700238,0.65371707495700238,0.65371707495700238,3.546136450844467e-11,3.546136450844467e-11,3.546136450844467e-11,3.546136450844467e-11,0.28938587965352619,0.28938587965352619,0.28938587965352619,0.28938587965352619,1,1,1,1
inner_summary,2d,non_matching_initial,p1,1,adaptive_g_effective_rho,g_eff_rho,production_2M,2000000,completed,24339172,20260701_091332_498040_job24339172,snellius_next_mem216,algorithm_data_ordered/2d/non_matching_initial/p1/production_2M/adaptive_g_effective_rho,inner_history.csv,,33,,1,396129,396129,550767,,,,,,,,,,,,,,,,,,,,,,,,,,-0.15312917442464211,0.15312917442464211,10,-0.13935275842382627,0.13935275842382627,10,-0.27870551684765255,0.27870551684765255,10,,,,,,,,,,,,,,,,,,,,,,,,,,,,,,,0.29693530702912591,0.29693530702912591,0.29693530702912591,0.29693530702912591,3.3677369323477304,3.3677369323477304,3.3677369323477304,3.3677369323477304,0.67138395985305377,0.67138395985305377,0.67138395985305377,0.67138395985305377,4.404276346433475e-11,4.404276346433475e-11,4.404276346433475e-11,4.404276346433475e-11,0.28465165071508713,0.28465165071508713,0.28465165071508713,0.28465165071508713,1,1,1,1
inner_summary,2d,non_matching_initial,p1,1,adaptive_g_effective_rho,g_eff_rho,production_2M,2000000,completed,24339172,20260701_091332_498040_job24339172,snellius_next_mem216,algorithm_data_ordered/2d/non_matching_initial/p1/production_2M/adaptive_g_effective_rho,inner_history.csv,,34,,1,550767,550767,711279,,,,,,,,,,,,,,,,,,,,,,,,,,-0.15312917442464211,0.15312917442464211,10,-0.13935275842382627,0.13935275842382627,10,-0.27870551684765255,0.27870551684765255,10,,,,,,,,,,,,,,,,,,,,,,,,,,,,,,,0.25841180229875294,0.25841180229875294,0.25841180229875294,0.25841180229875294,3.8697922893006576,3.8697922893006576,3.8697922893006576,3.8697922893006576,0.6460453091614683,0.6460453091614683,0.6460453091614683,0.6460453091614683,4.9873912742757694e-11,4.9873912742757694e-11,4.9873912742757694e-11,4.9873912742757694e-11,0.25019300977480013,0.25019300977480013,0.25019300977480013,0.25019300977480013,1,1,1,1
inner_summary,2d,non_matching_initial,p1,1,adaptive_g_effective_rho,g_eff_rho,production_2M,2000000,completed,24339172,20260701_091332_498040_job24339172,snellius_next_mem216,algorithm_data_ordered/2d/non_matching_initial/p1/production_2M/adaptive_g_effective_rho,inner_history.csv,,35,,1,711279,711279,968396,,,,,,,,,,,,,,,,,,,,,,,,,,-0.15312917442464211,0.15312917442464211,10,-0.13935275842382627,0.13935275842382627,10,-0.27870551684765255,0.27870551684765255,10,,,,,,,,,,,,,,,,,,,,,,,,,,,,,,,0.21744066401426806,0.21744066401426806,0.21744066401426806,0.21744066401426806,4.5989557865514143,4.5989557865514143,4.5989557865514143,4.5989557865514143,0.61538409976774033,0.61538409976774033,0.61538409976774033,0.61538409976774033,5.3687163382745757e-11,5.3687163382745757e-11,5.3687163382745757e-11,5.3687163382745757e-11,0.21247565966089424,0.21247565966089424,0.21247565966089424,0.21247565966089424,1,1,1,1
inner_summary,2d,non_matching_initial,p1,1,adaptive_g_effective_rho,g_eff_rho,production_2M,2000000,completed,24339172,20260701_091332_498040_job24339172,snellius_next_mem216,algorithm_data_ordered/2d/non_matching_initial/p1/production_2M/adaptive_g_effective_rho,inner_history.csv,,36,,1,968396,968396,1374404,,,,,,,,,,,,,,,,,,,,,,,,,,-0.15312917442464211,0.15312917442464211,10,-0.13935275842382627,0.13935275842382627,10,-0.27870551684765255,0.27870551684765255,10,,,,,,,,,,,,,,,,,,,,,,,,,,,,,,,0.22106095700807865,0.22106095700807865,0.22106095700807865,0.22106095700807865,4.5236391515461287,4.5236391515461287,4.5236391515461287,4.5236391515461287,0.6297470719494358,0.6297470719494358,0.6297470719494358,0.6297470719494358,7.1396923011221087e-11,7.1396923011221087e-11,7.1396923011221087e-11,7.1396923011221087e-11,0.21585008665819658,0.21585008665819658,0.21585008665819658,0.21585008665819658,1,1,1,1
inner_summary,2d,non_matching_initial,p1,1,adaptive_g_effective_rho,g_eff_rho,production_2M,2000000,completed,24339172,20260701_091332_498040_job24339172,snellius_next_mem216,algorithm_data_ordered/2d/non_matching_initial/p1/production_2M/adaptive_g_effective_rho,inner_history.csv,,37,,1,1374404,1374404,1800358,,,,,,,,,,,,,,,,,,,,,,,,,,-0.15312917442464211,0.15312917442464211,10,-0.13935275842382627,0.13935275842382627,10,-0.27870551684765255,0.27870551684765255,10,,,,,,,,,,,,,,,,,,,,,,,,,,,,,,,0.21360628346643162,0.21360628346643162,0.21360628346643162,0.21360628346643162,4.6815102241931505,4.6815102241931505,4.6815102241931505,4.6815102241931505,0.64554116596148259,0.64554116596148259,0.64554116596148259,0.64554116596148259,9.1823050879856484e-11,9.1823050879856484e-11,9.1823050879856484e-11,9.1823050879856484e-11,0.20889377391713507,0.20889377391713507,0.20889377391713507,0.20889377391713507,1,1,1,1
inner_summary,2d,non_matching_initial,p1,1,adaptive_g_effective_rho,g_eff_rho,production_2M,2000000,completed,24339172,20260701_091332_498040_job24339172,snellius_next_mem216,algorithm_data_ordered/2d/non_matching_initial/p1/production_2M/adaptive_g_effective_rho,inner_history.csv,,38,,1,1800358,1800358,2340143,,,,,,,,,,,,,,,,,,,,,,,,,,-0.15312917442464211,0.15312917442464211,10,-0.13935275842382627,0.13935275842382627,10,-0.27870551684765255,0.27870551684765255,10,,,,,,,,,,,,,,,,,,,,,,,,,,,,,,,0.18784199357324036,0.18784199357324036,0.18784199357324036,0.18784199357324036,5.3236232270399961,5.3236232270399961,5.3236232270399961,5.3236232270399961,0.64176523495171989,0.64176523495171989,0.64176523495171989,0.64176523495171989,2.5133300524377621e-09,2.5133300524377621e-09,2.5133300524377621e-09,2.5133300524377621e-09,0.18461316544198755,0.18461316544198755,0.18461316544198755,0.18461316544198755,1,1,1,1
outer,2d,non_matching_initial,p1,1,uniform_standard,uniform,production_2M,2000000,completed,24339173,20260701_091333_351983_job24339173,snellius_next_mem216,algorithm_data_ordered/2d/non_matching_initial/p1/production_2M/uniform_standard,outer_history.csv,completed,0,,,2,2,27,2,2,MISSING,0.073244,0.0732611,1,1,0,1,1,1,uniform,1,0.011717,1,computed,2.44444,1.00066,2.44283,0.89432699999999998,0.945689,2.1861299999999999,1.4785567287053953,0.89491799999999999,0.94600105708186177,-0.073022568891944126,0.073022568891944126,7,-0.073026031017869988,0.073026031017869988,7,-0.14605206203574,0.14605206203574,7,0.088923000000000002,0.29820000000000002,0.00054505000000000005,0.0233463,1.2522800000000001,1.1190500000000001,0.00054505000000000005,0.0233463,6.6252400000000005e-33,8.1395600000000005e-17,1.42329e-31,3.7726499999999998e-16,3.77265e-16,286825086368304.94,8.2268717812486792e+28,3.4864453896334752e-15,1.2155288505641684e-29,1,3.4864453896334752e-15,1.6159519923927986e-14,2.6113017154389503e-28,0,0,not_requested,not_requested,0,,,,,,,,,,,,,,,,,,,,,,,,,,,,
outer,2d,non_matching_initial,p1,1,uniform_standard,uniform,production_2M,2000000,completed,24339173,20260701_091333_351983_job24339173,snellius_next_mem216,algorithm_data_ordered/2d/non_matching_initial/p1/production_2M/uniform_standard,outer_history.csv,completed,1,,,27,27,245,36,36,MISSING,0.0653445,0.141984,1,1,0,1,1,1,uniform,1,0.0199279,1,computed,2.44444,1.00187,2.43989,0.79771700000000001,0.89315,1.94997,1.3964132626124688,0.79920599999999997,0.89398322131905805,-0.073022568891944126,0.073022568891944126,7,-0.073026031017869988,0.073026031017869988,7,-0.14605206203574,0.14605206203574,7,0.14399899999999999,0.37947199999999998,0.00127713,0.035736900000000002,1.08826,1.0431999999999999,0.00127713,0.035736900000000002,4.6279700000000001e-31,6.8029199999999999e-16,1.0607799999999999e-30,1.0299399999999999e-15,1.02994e-15,52531706972888.117,2.7595900578439362e+27,1.9036122327342327e-14,3.6237266370690532e-28,1,1.9036122327342327e-14,2.8820071130959875e-14,8.3059672860241314e-28,0,0,not_requested,not_requested,0,,,,,,,,,,,,,,,,,,,,,,,,,,,,
outer,2d,non_matching_initial,p1,1,uniform_standard,uniform,production_2M,2000000,completed,24339173,20260701_091333_351983_job24339173,snellius_next_mem216,algorithm_data_ordered/2d/non_matching_initial/p1/production_2M/uniform_standard,outer_history.csv,completed,2,,,245,245,2025,392,392,MISSING,0.234565,0.379963,1,1,0,1,1,1,uniform,1,0.0321385,1,computed,2.44444,1.00468,2.43306,0.61034299999999997,0.78124400000000005,1.4919500000000001,1.2214540515303882,0.61319900000000005,0.78307023950601007,-0.073022568891944126,0.073022568891944126,7,-0.073026031017869988,0.073026031017869988,7,-0.14605206203574,0.14605206203574,7,0.18013899999999999,0.42442800000000003,0.0021995999999999999,0.046899900000000001,0.80154400000000003,0.89529000000000003,0.0021995999999999999,0.046899900000000001,2.6374999999999997e-29,5.1356600000000003e-15,8.82522e-29,9.3942699999999995e-15,9.39427e-15,9132205013571.7695,8.3397156398104266e+25,1.0950257889675671e-13,1.1990816512093107e-26,1,1.0950257889675671e-13,2.0030469148121849e-13,4.0121931260229133e-26,0,0,not_requested,not_requested,0,,,,,,,,,,,,,,,,,,,,,,,,,,,,
outer,2d,non_matching_initial,p1,1,uniform_standard,uniform,production_2M,2000000,completed,24339173,20260701_091333_351983_job24339173,snellius_next_mem216,algorithm_data_ordered/2d/non_matching_initial/p1/production_2M/uniform_standard,outer_history.csv,completed,3,,,2025,2025,16337,3600,3600,MISSING,1.68069,2.06515,1,1,0,1,1,1,uniform,1,0.0347577,1,computed,2.44444,1.00543,2.43124,0.41915400000000003,0.64742100000000002,1.0246,1.0122252713699653,0.421431,0.64917717150251053,-0.073022568891944126,0.073022568891944126,7,-0.073026031017869988,0.073026031017869988,7,-0.14605206203574,0.14605206203574,7,0.136627,0.36963099999999999,0.00169995,0.041230500000000003,0.54472200000000004,0.73805299999999996,0.00169995,0.041230500000000003,9.7459099999999995e-29,9.8721399999999995e-15,1.9473200000000001e-27,4.4128400000000001e-14,4.41284e-14,4176450090861.7588,1.744270160508357e+25,2.3943779483634687e-13,5.7330568546133709e-26,1,2.3943779483634687e-13,1.0702853470125272e-12,1.1455160445895469e-24,0,0,not_requested,not_requested,0,,,,,,,,,,,,,,,,,,,,,,,,,,,,
outer,2d,non_matching_initial,p1,1,uniform_standard,uniform,production_2M,2000000,completed,24339173,20260701_091333_351983_job24339173,snellius_next_mem216,algorithm_data_ordered/2d/non_matching_initial/p1/production_2M/uniform_standard,outer_history.csv,completed,4,,,16337,16337,130977,30752,30752,MISSING,14.8399,16.9206,1,1,0,1,1,1,uniform,1,0.0267162,1,computed,2.44444,1.00329,2.43644,0.29030699999999998,0.53880099999999997,0.70963799999999999,0.8424001424501304,0.29126099999999999,0.53968601983004894,-0.073022568891944126,0.073022568891944126,7,-0.073026031017869988,0.073026031017869988,7,-0.14605206203574,0.14605206203574,7,0.088768299999999994,0.29793999999999998,0.00072571300000000001,0.026939100000000001,0.37987900000000002,0.61634299999999997,0.00072571300000000001,0.026939100000000001,1.12292e-27,3.3510000000000001e-14,7.1483399999999995e-26,2.6736400000000002e-13,2.67364e-13,803912264995.52368,6.462731093933673e+23,1.2439168346381282e-12,1.5473334500002067e-24,1,1.2439168346381282e-12,9.9247562093759634e-12,9.850092254100449e-23,0,0,not_requested,not_requested,0,,,,,,,,,,,,,,,,,,,,,,,,,,,,
outer,2d,non_matching_initial,p1,1,uniform_standard,uniform,production_2M,2000000,completed,24339173,20260701_091333_351983_job24339173,snellius_next_mem216,algorithm_data_ordered/2d/non_matching_initial/p1/production_2M/uniform_standard,outer_history.csv,completed,5,,,130977,130977,1048385,254016,254016,MISSING,178.563,195.588,1,1,0,1,1,1,uniform,1,0.0190193,1,computed,2.44444,1.0017,2.44028,0.20540900000000001,0.45322000000000001,0.50210999999999995,0.70859720575232299,0.205759,0.45360665779946396,-0.073022568891944126,0.073022568891944126,7,-0.073026031017869988,0.073026031017869988,7,-0.14605206203574,0.14605206203574,7,0.063520599999999997,0.25203300000000001,0.00026483600000000001,0.016273800000000001,0.26846999999999999,0.51814099999999996,0.00026483600000000001,0.016273800000000001,8.1204899999999998e-27,9.0113800000000004e-14,7.4767100000000005e-24,2.7343600000000001e-12,2.73436e-12,180591651889.05585,3.2613302891820567e+22,5.5373545207634352e-12,3.0662334425833341e-23,1,5.5373545207634352e-12,1.6802221976428369e-10,2.8231471552205897e-20,0,0,not_requested,not_requested,0,,,,,,,,,,,,,,,,,,,,,,,,,,,,
outer,2d,non_matching_initial,p1,1,uniform_standard,uniform,production_2M,2000000,completed,24339173,20260701_091333_351983_job24339173,snellius_next_mem216,algorithm_data_ordered/2d/non_matching_initial/p1/production_2M/uniform_standard,outer_history.csv,completed,6,,,1048385,1048385,8388225,2064512,2064512,MISSING,5302.42,5498.88,1,1,0,1,1,1,uniform,1,0.0134478,1,computed,2.44444,1.00087,2.44233,0.14505499999999999,0.38086100000000001,0.35458000000000001,0.5954662039108517,0.145181,0.38102624581516692,-0.073022568891944126,0.073022568891944126,7,-0.073026031017869988,0.073026031017869988,7,-0.14605206203574,0.14605206203574,7,0.045005499999999997,0.212145,9.4864000000000005e-05,0.0097398099999999998,0.189522,0.43534099999999998,9.4864000000000005e-05,0.0097398099999999998,2.1304e-23,4.6156200000000001e-12,7.6829400000000003e-21,8.7652400000000005e-11,8.76524e-11,2110184547.2547567,4.4528726999624484e+18,4.7389220118256934e-10,2.2457412717152974e-19,1,4.7389220118256934e-10,8.9993952654107217e-09,8.0988994771462306e-17,0,0,not_requested,not_requested,0,,,,,,,,,,,,,,,,,,,,,,,,,,,,
inner,2d,non_matching_initial,p1,1,uniform_standard,uniform,production_2M,2000000,completed,24339173,20260701_091333_351983_job24339173,snellius_next_mem216,algorithm_data_ordered/2d/non_matching_initial/p1/production_2M/uniform_standard,inner_history.csv,completed,0,0,,2,2,27,2,2,MISSING,0.0576189,0.0588978,,,,,,1,,1,0.011717,1,computed,2.44444,1.00066,2.44283,0.89432699999999998,0.945689,2.1861299999999999,1.4785567287053953,0.89491799999999999,0.94600105708186177,-0.073022568891944126,0.073022568891944126,7,-0.073026031017869988,0.073026031017869988,7,-0.14605206203574,0.14605206203574,7,0.088923000000000002,0.29820000000000002,0.00054505000000000005,0.0233463,1.2522800000000001,1.1190500000000001,0.00054505000000000005,0.0233463,6.6252400000000005e-33,8.1395600000000005e-17,1.42329e-31,3.7726499999999998e-16,3.77265e-16,286825086368304.94,8.2268717812486792e+28,3.4864453896334752e-15,1.2155288505641684e-29,1,3.4864453896334752e-15,1.6159519923927986e-14,2.6113017154389503e-28,0,0,not_requested,not_requested,0,,,,,,,,,,,,,,,,,,,,,,,,,,,,
inner,2d,non_matching_initial,p1,1,uniform_standard,uniform,production_2M,2000000,completed,24339173,20260701_091333_351983_job24339173,snellius_next_mem216,algorithm_data_ordered/2d/non_matching_initial/p1/production_2M/uniform_standard,inner_history.csv,completed,1,0,,27,27,245,36,36,MISSING,0.0343378,0.114385,,,,,,1,,1,0.0199279,1,computed,2.44444,1.00187,2.43989,0.79771700000000001,0.89315,1.94997,1.3964132626124688,0.79920599999999997,0.89398322131905805,-0.073022568891944126,0.073022568891944126,7,-0.073026031017869988,0.073026031017869988,7,-0.14605206203574,0.14605206203574,7,0.14399899999999999,0.37947199999999998,0.00127713,0.035736900000000002,1.08826,1.0431999999999999,0.00127713,0.035736900000000002,4.6279700000000001e-31,6.8029199999999999e-16,1.0607799999999999e-30,1.0299399999999999e-15,1.02994e-15,52531706972888.117,2.7595900578439362e+27,1.9036122327342327e-14,3.6237266370690532e-28,1,1.9036122327342327e-14,2.8820071130959875e-14,8.3059672860241314e-28,0,0,not_requested,not_requested,0,,,,,,,,,,,,,,,,,,,,,,,,,,,,
inner,2d,non_matching_initial,p1,1,uniform_standard,uniform,production_2M,2000000,completed,24339173,20260701_091333_351983_job24339173,snellius_next_mem216,algorithm_data_ordered/2d/non_matching_initial/p1/production_2M/uniform_standard,inner_history.csv,completed,2,0,,245,245,2025,392,392,MISSING,0.0847144,0.233476,,,,,,1,,1,0.0321385,1,computed,2.44444,1.00468,2.43306,0.61034299999999997,0.78124400000000005,1.4919500000000001,1.2214540515303882,0.61319900000000005,0.78307023950601007,-0.073022568891944126,0.073022568891944126,7,-0.073026031017869988,0.073026031017869988,7,-0.14605206203574,0.14605206203574,7,0.18013899999999999,0.42442800000000003,0.0021995999999999999,0.046899900000000001,0.80154400000000003,0.89529000000000003,0.0021995999999999999,0.046899900000000001,2.6374999999999997e-29,5.1356600000000003e-15,8.82522e-29,9.3942699999999995e-15,9.39427e-15,9132205013571.7695,8.3397156398104266e+25,1.0950257889675671e-13,1.1990816512093107e-26,1,1.0950257889675671e-13,2.0030469148121849e-13,4.0121931260229133e-26,0,0,not_requested,not_requested,0,,,,,,,,,,,,,,,,,,,,,,,,,,,,
inner,2d,non_matching_initial,p1,1,uniform_standard,uniform,production_2M,2000000,completed,24339173,20260701_091333_351983_job24339173,snellius_next_mem216,algorithm_data_ordered/2d/non_matching_initial/p1/production_2M/uniform_standard,inner_history.csv,completed,3,0,,2025,2025,16337,3600,3600,MISSING,0.521049,0.909041,,,,,,1,,1,0.0347577,1,computed,2.44444,1.00543,2.43124,0.41915400000000003,0.64742100000000002,1.0246,1.0122252713699653,0.421431,0.64917717150251053,-0.073022568891944126,0.073022568891944126,7,-0.073026031017869988,0.073026031017869988,7,-0.14605206203574,0.14605206203574,7,0.136627,0.36963099999999999,0.00169995,0.041230500000000003,0.54472200000000004,0.73805299999999996,0.00169995,0.041230500000000003,9.7459099999999995e-29,9.8721399999999995e-15,1.9473200000000001e-27,4.4128400000000001e-14,4.41284e-14,4176450090861.7588,1.744270160508357e+25,2.3943779483634687e-13,5.7330568546133709e-26,1,2.3943779483634687e-13,1.0702853470125272e-12,1.1455160445895469e-24,0,0,not_requested,not_requested,0,,,,,,,,,,,,,,,,,,,,,,,,,,,,
inner,2d,non_matching_initial,p1,1,uniform_standard,uniform,production_2M,2000000,completed,24339173,20260701_091333_351983_job24339173,snellius_next_mem216,algorithm_data_ordered/2d/non_matching_initial/p1/production_2M/uniform_standard,inner_history.csv,completed,4,0,,16337,16337,130977,30752,30752,MISSING,4.421,6.50631,,,,,,1,,1,0.0267162,1,computed,2.44444,1.00329,2.43644,0.29030699999999998,0.53880099999999997,0.70963799999999999,0.8424001424501304,0.29126099999999999,0.53968601983004894,-0.073022568891944126,0.073022568891944126,7,-0.073026031017869988,0.073026031017869988,7,-0.14605206203574,0.14605206203574,7,0.088768299999999994,0.29793999999999998,0.00072571300000000001,0.026939100000000001,0.37987900000000002,0.61634299999999997,0.00072571300000000001,0.026939100000000001,1.12292e-27,3.3510000000000001e-14,7.1483399999999995e-26,2.6736400000000002e-13,2.67364e-13,803912264995.52368,6.462731093933673e+23,1.2439168346381282e-12,1.5473334500002067e-24,1,1.2439168346381282e-12,9.9247562093759634e-12,9.850092254100449e-23,0,0,not_requested,not_requested,0,,,,,,,,,,,,,,,,,,,,,,,,,,,,
inner,2d,non_matching_initial,p1,1,uniform_standard,uniform,production_2M,2000000,completed,24339173,20260701_091333_351983_job24339173,snellius_next_mem216,algorithm_data_ordered/2d/non_matching_initial/p1/production_2M/uniform_standard,inner_history.csv,completed,5,0,,130977,130977,1048385,254016,254016,MISSING,61.4426,78.4767,,,,,,1,,1,0.0190193,1,computed,2.44444,1.0017,2.44028,0.20540900000000001,0.45322000000000001,0.50210999999999995,0.70859720575232299,0.205759,0.45360665779946396,-0.073022568891944126,0.073022568891944126,7,-0.073026031017869988,0.073026031017869988,7,-0.14605206203574,0.14605206203574,7,0.063520599999999997,0.25203300000000001,0.00026483600000000001,0.016273800000000001,0.26846999999999999,0.51814099999999996,0.00026483600000000001,0.016273800000000001,8.1204899999999998e-27,9.0113800000000004e-14,7.4767100000000005e-24,2.7343600000000001e-12,2.73436e-12,180591651889.05585,3.2613302891820567e+22,5.5373545207634352e-12,3.0662334425833341e-23,1,5.5373545207634352e-12,1.6802221976428369e-10,2.8231471552205897e-20,0,0,not_requested,not_requested,0,,,,,,,,,,,,,,,,,,,,,,,,,,,,
inner,2d,non_matching_initial,p1,1,uniform_standard,uniform,production_2M,2000000,completed,24339173,20260701_091333_351983_job24339173,snellius_next_mem216,algorithm_data_ordered/2d/non_matching_initial/p1/production_2M/uniform_standard,inner_history.csv,completed,6,0,,1048385,1048385,8388225,2064512,2064512,MISSING,1998.45,2194.96,,,,,,1,,1,0.0134478,1,computed,2.44444,1.00087,2.44233,0.14505499999999999,0.38086100000000001,0.35458000000000001,0.5954662039108517,0.145181,0.38102624581516692,-0.073022568891944126,0.073022568891944126,7,-0.073026031017869988,0.073026031017869988,7,-0.14605206203574,0.14605206203574,7,0.045005499999999997,0.212145,9.4864000000000005e-05,0.0097398099999999998,0.189522,0.43534099999999998,9.4864000000000005e-05,0.0097398099999999998,2.1304e-23,4.6156200000000001e-12,7.6829400000000003e-21,8.7652400000000005e-11,8.76524e-11,2110184547.2547567,4.4528726999624484e+18,4.7389220118256934e-10,2.2457412717152974e-19,1,4.7389220118256934e-10,8.9993952654107217e-09,8.0988994771462306e-17,0,0,not_requested,not_requested,0,,,,,,,,,,,,,,,,,,,,,,,,,,,,
inner_summary,2d,non_matching_initial,p1,1,uniform_standard,uniform,production_2M,2000000,completed,24339173,20260701_091333_351983_job24339173,snellius_next_mem216,algorithm_data_ordered/2d/non_matching_initial/p1/production_2M/uniform_standard,inner_history.csv,,0,,1,2,2,27,,,,,,,,,,,,,,,,,,,,,,,,,,-0.073022568891944126,0.073022568891944126,7,-0.073026031017869988,0.073026031017869988,7,-0.14605206203574,0.14605206203574,7,,,,,,,,,,,,,,,,,,,,,,,,,,,,,,,286825086368304.94,286825086368304.94,286825086368304.94,286825086368304.94,3.4864453896334752e-15,3.4864453896334752e-15,3.4864453896334752e-15,3.4864453896334752e-15,,,,,1.6159519923927986e-14,1.6159519923927986e-14,1.6159519923927986e-14,1.6159519923927986e-14,1,1,1,1,0,1,1,1
inner_summary,2d,non_matching_initial,p1,1,uniform_standard,uniform,production_2M,2000000,completed,24339173,20260701_091333_351983_job24339173,snellius_next_mem216,algorithm_data_ordered/2d/non_matching_initial/p1/production_2M/uniform_standard,inner_history.csv,,1,,1,27,27,245,,,,,,,,,,,,,,,,,,,,,,,,,,-0.073022568891944126,0.073022568891944126,7,-0.073026031017869988,0.073026031017869988,7,-0.14605206203574,0.14605206203574,7,,,,,,,,,,,,,,,,,,,,,,,,,,,,,,,52531706972888.117,52531706972888.117,52531706972888.117,52531706972888.117,1.9036122327342327e-14,1.9036122327342327e-14,1.9036122327342327e-14,1.9036122327342327e-14,,,,,2.8820071130959875e-14,2.8820071130959875e-14,2.8820071130959875e-14,2.8820071130959875e-14,1,1,1,1,0,1,1,1
inner_summary,2d,non_matching_initial,p1,1,uniform_standard,uniform,production_2M,2000000,completed,24339173,20260701_091333_351983_job24339173,snellius_next_mem216,algorithm_data_ordered/2d/non_matching_initial/p1/production_2M/uniform_standard,inner_history.csv,,2,,1,245,245,2025,,,,,,,,,,,,,,,,,,,,,,,,,,-0.073022568891944126,0.073022568891944126,7,-0.073026031017869988,0.073026031017869988,7,-0.14605206203574,0.14605206203574,7,,,,,,,,,,,,,,,,,,,,,,,,,,,,,,,9132205013571.7695,9132205013571.7695,9132205013571.7695,9132205013571.7695,1.0950257889675671e-13,1.0950257889675671e-13,1.0950257889675671e-13,1.0950257889675671e-13,,,,,2.0030469148121849e-13,2.0030469148121849e-13,2.0030469148121849e-13,2.0030469148121849e-13,1,1,1,1,0,1,1,1
inner_summary,2d,non_matching_initial,p1,1,uniform_standard,uniform,production_2M,2000000,completed,24339173,20260701_091333_351983_job24339173,snellius_next_mem216,algorithm_data_ordered/2d/non_matching_initial/p1/production_2M/uniform_standard,inner_history.csv,,3,,1,2025,2025,16337,,,,,,,,,,,,,,,,,,,,,,,,,,-0.073022568891944126,0.073022568891944126,7,-0.073026031017869988,0.073026031017869988,7,-0.14605206203574,0.14605206203574,7,,,,,,,,,,,,,,,,,,,,,,,,,,,,,,,4176450090861.7588,4176450090861.7588,4176450090861.7588,4176450090861.7588,2.3943779483634687e-13,2.3943779483634687e-13,2.3943779483634687e-13,2.3943779483634687e-13,,,,,1.0702853470125272e-12,1.0702853470125272e-12,1.0702853470125272e-12,1.0702853470125272e-12,1,1,1,1,0,1,1,1
inner_summary,2d,non_matching_initial,p1,1,uniform_standard,uniform,production_2M,2000000,completed,24339173,20260701_091333_351983_job24339173,snellius_next_mem216,algorithm_data_ordered/2d/non_matching_initial/p1/production_2M/uniform_standard,inner_history.csv,,4,,1,16337,16337,130977,,,,,,,,,,,,,,,,,,,,,,,,,,-0.073022568891944126,0.073022568891944126,7,-0.073026031017869988,0.073026031017869988,7,-0.14605206203574,0.14605206203574,7,,,,,,,,,,,,,,,,,,,,,,,,,,,,,,,803912264995.52368,803912264995.52368,803912264995.52368,803912264995.52368,1.2439168346381282e-12,1.2439168346381282e-12,1.2439168346381282e-12,1.2439168346381282e-12,,,,,9.9247562093759634e-12,9.9247562093759634e-12,9.9247562093759634e-12,9.9247562093759634e-12,1,1,1,1,0,1,1,1
inner_summary,2d,non_matching_initial,p1,1,uniform_standard,uniform,production_2M,2000000,completed,24339173,20260701_091333_351983_job24339173,snellius_next_mem216,algorithm_data_ordered/2d/non_matching_initial/p1/production_2M/uniform_standard,inner_history.csv,,5,,1,130977,130977,1048385,,,,,,,,,,,,,,,,,,,,,,,,,,-0.073022568891944126,0.073022568891944126,7,-0.073026031017869988,0.073026031017869988,7,-0.14605206203574,0.14605206203574,7,,,,,,,,,,,,,,,,,,,,,,,,,,,,,,,180591651889.05585,180591651889.05585,180591651889.05585,180591651889.05585,5.5373545207634352e-12,5.5373545207634352e-12,5.5373545207634352e-12,5.5373545207634352e-12,,,,,1.6802221976428369e-10,1.6802221976428369e-10,1.6802221976428369e-10,1.6802221976428369e-10,1,1,1,1,0,1,1,1
inner_summary,2d,non_matching_initial,p1,1,uniform_standard,uniform,production_2M,2000000,completed,24339173,20260701_091333_351983_job24339173,snellius_next_mem216,algorithm_data_ordered/2d/non_matching_initial/p1/production_2M/uniform_standard,inner_history.csv,,6,,1,1048385,1048385,8388225,,,,,,,,,,,,,,,,,,,,,,,,,,-0.073022568891944126,0.073022568891944126,7,-0.073026031017869988,0.073026031017869988,7,-0.14605206203574,0.14605206203574,7,,,,,,,,,,,,,,,,,,,,,,,,,,,,,,,2110184547.2547567,2110184547.2547567,2110184547.2547567,2110184547.2547567,4.7389220118256934e-10,4.7389220118256934e-10,4.7389220118256934e-10,4.7389220118256934e-10,,,,,8.9993952654107217e-09,8.9993952654107217e-09,8.9993952654107217e-09,8.9993952654107217e-09,1,1,1,1,0,1,1,1
outer,2d,non_matching_initial,p2,2,adaptive_force_effective_rho_no_inner_refinement,force_eff_rho_no_inner,production_2M,2000000,completed,24339174,20260701_091334_821954_job24339174,snellius_next_mem216,algorithm_data_ordered/2d/non_matching_initial/p2/production_2M/adaptive_force_effective_rho_no_inner_refinement,outer_history.csv,completed,0,,,15,15,27,15,15,52,0.0899157,0.0899202,1,1,0,1,0,0,adaptive,1,0.0290109,1,computed_required,2.44444,1.00385,2.43507,0.74202000000000001,0.86140600000000001,1.8138300000000001,1.3467850608022054,0.74487599999999998,0.86306199082105339,-0.13314439418976431,0.13314439418976431,10,-0.12536555498924806,0.12536555498924806,10,-0.25073110997849629,0.25073110997849629,10,0.16958599999999999,0.41180800000000001,0.0023460600000000001,0.048436100000000003,0.99643499999999996,0.99821599999999999,0.0023460600000000001,0.048436100000000003,2.8592700000000001e-31,5.3472099999999996e-16,2.7936500000000001e-30,1.6714200000000001e-15,1.67142e-15,90582004447179.016,8.2051013020806006e+27,1.1039720373853385e-14,1.2187539960614818e-28,1,1.1039720373853385e-14,3.4507732868666139e-14,1.1907836969216474e-27,1,1,not_skipped,success,1,0.0022303399999999999,0.047226400000000002,0.97502482652401823,0.95067474830140741,,,,,,,,,,,,,,,,,,,,,,,,
outer,2d,non_matching_initial,p2,2,adaptive_force_effective_rho_no_inner_refinement,force_eff_rho_no_inner,production_2M,2000000,completed,24339174,20260701_091334_821954_job24339174,snellius_next_mem216,algorithm_data_ordered/2d/non_matching_initial/p2/production_2M/adaptive_force_effective_rho_no_inner_refinement,outer_history.csv,completed,1,,,27,27,45,30,30,116,0.0864728,0.18151,1,1,0,1,0,0,adaptive,1,0.034344,1,computed_required,2.44444,1.00531,2.43153,0.69389900000000004,0.83300600000000002,1.6961999999999999,1.3023824323139497,0.69758399999999998,0.83521494239506988,-0.13314439418976431,0.13314439418976431,10,-0.12536555498924806,0.12536555498924806,10,-0.25073110997849629,0.25073110997849629,10,0.17971500000000001,0.42392800000000003,0.0029425900000000001,0.054245599999999998,0.92242500000000005,0.96043000000000001,0.00257333,0.050728000000000002,0.00036925499999999997,0.019216,6.5706999999999996e-30,2.56334e-15,2.56334e-15,2.6398834304746046,6.9689780774803323,0.37880460495190033,0.14349306151950972,0.9351541876207472,0.35424071261079243,4.7254339522468184e-14,2.2329648370992899e-27,1,1,not_skipped,success,1,0.0025470200000000001,0.050467999999999999,0.93036117215036795,0.86557080667031427,,,,,,,,,,,,,,,,,,,,,,,,
outer,2d,non_matching_initial,p2,2,adaptive_force_effective_rho_no_inner_refinement,force_eff_rho_no_inner,production_2M,2000000,completed,24339174,20260701_091334_821954_job24339174,snellius_next_mem216,algorithm_data_ordered/2d/non_matching_initial/p2/production_2M/adaptive_force_effective_rho_no_inner_refinement,outer_history.csv,completed,2,,,45,45,77,54,54,200,0.101629,0.288098,1,1,0,1,0,0,adaptive,1,0.0557388,1,computed_required,2.44444,1.01317,2.41268,0.54331700000000005,0.73710100000000001,1.3281099999999999,1.152436549229501,0.55047100000000004,0.74193732888971153,-0.13314439418976431,0.13314439418976431,10,-0.12536555498924806,0.12536555498924806,10,-0.25073110997849629,0.25073110997849629,10,0.17417099999999999,0.41733799999999999,0.0054013899999999998,0.073494100000000007,0.70738199999999996,0.84106000000000003,0.0054013899999999998,0.073494100000000007,3.3613899999999997e-30,1.8334099999999999e-15,3.1492899999999997e-29,5.6118499999999999e-15,5.61185e-15,40086014584844.641,1.6068917917885161e+27,2.4946356238119791e-14,6.2231943999600102e-28,1,2.4946356238119791e-14,7.635783008431969e-14,5.8305177000734994e-27,1,1,not_skipped,success,1,0.0052551899999999999,0.072492699999999993,0.98637441644975565,0.97293289319971343,,,,,,,,,,,,,,,,,,,,,,,,
outer,2d,non_matching_initial,p2,2,adaptive_force_effective_rho_no_inner_refinement,force_eff_rho_no_inner,production_2M,2000000,completed,24339174,20260701_091334_821954_job24339174,snellius_next_mem216,algorithm_data_ordered/2d/non_matching_initial/p2/production_2M/adaptive_force_effective_rho_no_inner_refinement,outer_history.csv,completed,3,,,77,77,99,102,102,344,0.121094,0.414327,1,1,0,1,0,0,adaptive,1,0.0181045,1,computed_required,2.44444,1.00155,2.44066,0.534304,0.73096099999999997,1.3060799999999999,1.1428385712776761,0.53513100000000002,0.73152648619171678,-0.13314439418976431,0.13314439418976431,10,-0.12536555498924806,0.12536555498924806,10,-0.25073110997849629,0.25073110997849629,10,0.16873299999999999,0.410771,0.00062151199999999995,0.0249301,0.69677999999999995,0.83473299999999995,0.00062151199999999995,0.0249301,5.7671600000000001e-31,7.5941799999999999e-16,8.3592300000000004e-29,9.14288e-15,9.14288e-15,32827902420011.113,1.0776742798881945e+27,3.0461891448489977e-14,9.2792415914736976e-28,1,3.0461891448489977e-14,3.6674060673643507e-13,1.3449828804592672e-25,1,1,not_skipped,success,1,0.00058886799999999999,0.024266599999999999,0.97338558609873205,0.94747647672128621,,,,,,,,,,,,,,,,,,,,,,,,
outer,2d,non_matching_initial,p2,2,adaptive_force_effective_rho_no_inner_refinement,force_eff_rho_no_inner,production_2M,2000000,completed,24339174,20260701_091334_821954_job24339174,snellius_next_mem216,algorithm_data_ordered/2d/non_matching_initial/p2/production_2M/adaptive_force_effective_rho_no_inner_refinement,outer_history.csv,completed,4,,,99,99,141,135,135,492,0.161306,0.580797,1,1,0,1,0,0,adaptive,1,0.0174726,1,computed_required,2.44444,1.00145,2.44092,0.52400400000000003,0.723881,1.2808999999999999,1.1317685275708986,0.52476199999999995,0.72440458308875988,-0.13314439418976431,0.13314439418976431,10,-0.12536555498924806,0.12536555498924806,10,-0.25073110997849629,0.25073110997849629,10,0.17288300000000001,0.41579199999999999,0.00056028600000000001,0.023670400000000001,0.68005800000000005,0.82465599999999994,0.00053500499999999996,0.0231302,2.5281200000000001e-05,0.0050280400000000001,1.3932899999999999e-28,1.18038e-14,1.18038e-14,4.6002418437403039,21.162167935066371,0.21737987566039205,0.04725413781179616,0.97717824793835339,0.21241888603487899,4.9867344869541703e-13,2.4867478394962573e-25,1,1,not_skipped,success,1,0.00051405500000000002,0.0226728,0.95785453562254963,0.91748678353555146,,,,,,,,,,,,,,,,,,,,,,,,
outer,2d,non_matching_initial,p2,2,adaptive_force_effective_rho_no_inner_refinement,force_eff_rho_no_inner,production_2M,2000000,completed,24339174,20260701_091334_821954_job24339174,snellius_next_mem216,algorithm_data_ordered/2d/non_matching_initial/p2/production_2M/adaptive_force_effective_rho_no_inner_refinement,outer_history.csv,completed,5,,,141,141,319,198,198,708,0.188324,0.774642,1,1,0,1,0,0,adaptive,1,0.0167343,1,computed_required,2.44444,1.00133,2.4412,0.50903500000000002,0.71346699999999996,1.24431,1.1154864409754159,0.50971200000000005,0.71394117404727409,-0.13314439418976431,0.13314439418976431,10,-0.12536555498924806,0.12536555498924806,10,-0.25073110997849629,0.25073110997849629,10,0.178623,0.42263899999999999,0.00048907699999999998,0.022115099999999999,0.65588500000000005,0.809867,0.00039319099999999998,0.019828999999999999,9.5885900000000003e-05,0.0097921399999999995,2.0138899999999999e-28,1.4191200000000001e-14,1.41912e-14,2.0249914727526361,4.1006133331386572,0.49382924000201722,0.24386595827473165,0.8966271913760282,0.44278072448236727,6.4169730184353682e-13,4.1177360620106855e-25,1,1,not_skipped,success,1,0.00040636699999999998,0.020158499999999999,0.91152651355860925,0.83088552518315106,,,,,,,,,,,,,,,,,,,,,,,,
outer,2d,non_matching_initial,p2,2,adaptive_force_effective_rho_no_inner_refinement,force_eff_rho_no_inner,production_2M,2000000,completed,24339174,20260701_091334_821954_job24339174,snellius_next_mem216,algorithm_data_ordered/2d/non_matching_initial/p2/production_2M/adaptive_force_effective_rho_no_inner_refinement,outer_history.csv,completed,6,,,319,319,367,465,465,1500,0.275499,1.05537,1,1,0,1,0,0,adaptive,1,0.0115653,1,computed_required,2.44444,1.00064,2.44287,0.35051700000000002,0.59204500000000004,0.85682000000000003,0.92564572056483896,0.35074300000000003,0.59223559501266054,-0.13314439418976431,0.13314439418976431,10,-0.12536555498924806,0.12536555498924806,10,-0.25073110997849629,0.25073110997849629,10,0.102434,0.32005299999999998,0.00017368,0.013178799999999999,0.46077699999999999,0.67880499999999999,0.00017368,0.013178799999999999,1.2060099999999999e-29,3.4727600000000001e-15,1.13866e-27,3.3744000000000002e-14,3.3744e-14,3794906644858.8438,1.4401207286838419e+25,2.6351109357452879e-13,6.9438622754491008e-26,1,2.6351109357452879e-13,2.5604759158648743e-12,6.5560801473975127e-24,1,1,not_skipped,success,1,0.00016581500000000001,0.0128769,0.97709199623637966,0.95471556886227549,,,,,,,,,,,,,,,,,,,,,,,,
outer,2d,non_matching_initial,p2,2,adaptive_force_effective_rho_no_inner_refinement,force_eff_rho_no_inner,production_2M,2000000,completed,24339174,20260701_091334_821954_job24339174,snellius_next_mem216,algorithm_data_ordered/2d/non_matching_initial/p2/production_2M/adaptive_force_effective_rho_no_inner_refinement,outer_history.csv,completed,7,,,367,367,655,537,537,1812,0.360736,1.42145,1,1,0,1,0,0,adaptive,1,0.0114702,1,computed_required,2.44444,1.00063,2.44289,0.347138,0.58918400000000004,0.84855899999999995,0.92117262225925922,0.347358,0.58937085099281927,-0.13314439418976431,0.13314439418976431,10,-0.12536555498924806,0.12536555498924806,10,-0.25073110997849629,0.25073110997849629,10,0.104639,0.32347999999999999,0.000167629,0.012947200000000001,0.45491500000000001,0.67447400000000002,0.00016489299999999999,0.012841099999999999,2.73647e-06,0.00165423,1.5180599999999999e-27,3.8962300000000001e-14,3.89623e-14,7.7625844048288322,60.257558094917904,0.12882307590471223,0.016595428550635866,0.99180517795353429,0.12776739372219476,3.0093224789915966e-12,9.0560702503743379e-24,1,1,not_skipped,success,1,0.00015834399999999999,0.012583499999999999,0.97190898418190796,0.94460982288267537,,,,,,,,,,,,,,,,,,,,,,,,
outer,2d,non_matching_initial,p2,2,adaptive_force_effective_rho_no_inner_refinement,force_eff_rho_no_inner,production_2M,2000000,completed,24339174,20260701_091334_821954_job24339174,snellius_next_mem216,algorithm_data_ordered/2d/non_matching_initial/p2/production_2M/adaptive_force_effective_rho_no_inner_refinement,outer_history.csv,completed,8,,,655,655,887,969,969,3184,0.52212,1.94898,1,1,0,1,0,0,adaptive,1,0.0250662,1,computed_required,2.44444,1.00291,2.43736,0.31409500000000001,0.560442,0.767787,0.87623455763853553,0.31500800000000001,0.56125573493729219,-0.13314439418976431,0.13314439418976431,10,-0.12536555498924806,0.12536555498924806,10,-0.25073110997849629,0.25073110997849629,10,0.108611,0.32956200000000002,0.00066565400000000001,0.025800300000000002,0.40542099999999998,0.63672700000000004,0.00016675699999999999,0.0129135,0.00049889699999999999,0.022336000000000002,2.6835199999999999e-27,5.1802699999999997e-14,5.18027e-14,0.57814738538681942,0.33425135849684401,1.7296627560305109,2.9917604658275216,0.50051743584376918,0.86572636752285825,2.0078332422491208e-12,4.0314037022236777e-24,1,1,not_skipped,success,1,0.00035741100000000002,0.0189053,0.73275504548396719,0.53693209985968693,,,,,,,,,,,,,,,,,,,,,,,,
outer,2d,non_matching_initial,p2,2,adaptive_force_effective_rho_no_inner_refinement,force_eff_rho_no_inner,production_2M,2000000,completed,24339174,20260701_091334_821954_job24339174,snellius_next_mem216,algorithm_data_ordered/2d/non_matching_initial/p2/production_2M/adaptive_force_effective_rho_no_inner_refinement,outer_history.csv,completed,9,,,887,887,1011,1317,1317,4248,0.470345,2.42487,1,1,0,1,0,0,adaptive,1,0.0307965,1,computed_required,2.44444,1.00431,2.43394,0.30588100000000001,0.55306500000000003,0.74770999999999999,0.86470226089677826,0.307201,0.55425716053110219,-0.13314439418976431,0.13314439418976431,10,-0.12536555498924806,0.12536555498924806,10,-0.25073110997849629,0.25073110997849629,10,0.109998,0.33165899999999998,0.00094950099999999995,0.030814000000000001,0.39294099999999998,0.62685000000000002,0.00011837600000000001,0.0108801,0.00083112500000000005,0.028829199999999999,4.3377200000000001e-27,6.5861399999999997e-14,6.58614e-14,0.37739860974289957,0.14242863588509549,2.6497182930303946,7.0210600121646278,0.35308950477055884,0.93558771986759259,2.1373856039462581e-12,4.5684206757022899e-24,1,1,not_skipped,success,1,0.00044859400000000002,0.021180000000000001,0.68734990588693456,0.472452372351372,,,,,,,,,,,,,,,,,,,,,,,,
outer,2d,non_matching_initial,p2,2,adaptive_force_effective_rho_no_inner_refinement,force_eff_rho_no_inner,production_2M,2000000,completed,24339174,20260701_091334_821954_job24339174,snellius_next_mem216,algorithm_data_ordered/2d/non_matching_initial/p2/production_2M/adaptive_force_effective_rho_no_inner_refinement,outer_history.csv,completed,10,,,1011,1011,1891,1503,1503,5084,0.712962,3.14351,1,1,0,1,0,0,adaptive,1,0.0308271,1,computed_required,2.44444,1.00432,2.43392,0.30521500000000001,0.55246300000000004,0.74608099999999999,0.86375980457532286,0.30653399999999997,0.55365512731302324,-0.13314439418976431,0.13314439418976431,10,-0.12536555498924806,0.12536555498924806,10,-0.25073110997849629,0.25073110997849629,10,0.11046499999999999,0.33236300000000002,0.00094685500000000003,0.030771,0.39177000000000001,0.62591600000000003,0.00011647299999999999,0.010792299999999999,0.00083038199999999995,0.028816399999999999,5.1624200000000002e-27,7.1850000000000004e-14,7.185e-14,0.37451937091378518,0.14026436025829075,2.6700888596499355,7.1293947953602981,0.35072958304897467,0.93647915244873414,2.3349907380325633e-12,5.452175887543499e-24,1,1,not_skipped,success,1,0.00044929300000000002,0.0211965,0.68884664131812423,0.4745108807578774,,,,,,,,,,,,,,,,,,,,,,,,
outer,2d,non_matching_initial,p2,2,adaptive_force_effective_rho_no_inner_refinement,force_eff_rho_no_inner,production_2M,2000000,completed,24339174,20260701_091334_821954_job24339174,snellius_next_mem216,algorithm_data_ordered/2d/non_matching_initial/p2/production_2M/adaptive_force_effective_rho_no_inner_refinement,outer_history.csv,completed,11,,,1891,1891,2279,2823,2823,9188,1.06355,4.21392,1,1,0,1,0,0,adaptive,1,0.0327718,1,computed_required,2.44444,1.00486,2.43263,0.29420000000000002,0.54240200000000005,0.71915499999999999,0.8480300702215694,0.29562899999999998,0.54371775766476482,-0.13314439418976431,0.13314439418976431,10,-0.12536555498924806,0.12536555498924806,10,-0.25073110997849629,0.25073110997849629,10,0.114968,0.33906900000000001,0.00099412999999999997,0.031529799999999997,0.373859,0.61143999999999998,0.000111434,0.010556299999999999,0.00088269499999999996,0.029710199999999999,9.5501199999999995e-27,9.7724699999999999e-14,9.77247e-14,0.35530895113462713,0.1262429264921632,2.8144520333829091,7.9212358885079954,0.33480389980272635,0.94228951658431082,3.0994392606359702e-12,9.606510214961826e-24,1,1,not_skipped,success,1,0.00056161399999999999,0.023698400000000001,0.75161910319761005,0.56493013992133823,,,,,,,,,,,,,,,,,,,,,,,,
outer,2d,non_matching_initial,p2,2,adaptive_force_effective_rho_no_inner_refinement,force_eff_rho_no_inner,production_2M,2000000,completed,24339174,20260701_091334_821954_job24339174,snellius_next_mem216,algorithm_data_ordered/2d/non_matching_initial/p2/production_2M/adaptive_force_effective_rho_no_inner_refinement,outer_history.csv,completed,12,,,2279,2279,4193,3405,3405,11284,1.5695,5.78998,1,1,0,1,0,0,adaptive,1,0.0329295,1,computed_required,2.44444,1.0049,2.43252,0.29343599999999997,0.54169699999999998,0.71728700000000001,0.84692797804772046,0.29487400000000002,0.54302301976988054,-0.13314439418976431,0.13314439418976431,10,-0.12536555498924806,0.12536555498924806,10,-0.25073110997849629,0.25073110997849629,10,0.115326,0.33959699999999998,0.00099820300000000002,0.031594299999999999,0.37259500000000001,0.610406,0.00010897,0.010438899999999999,0.000889232,0.029819999999999999,1.20559e-26,1.098e-13,1.098e-13,0.35006371562709587,0.12254394803605807,2.8566228242439338,8.1603377076259527,0.33040453499523648,0.94384113590109608,3.4753104199175167e-12,1.2077603453405771e-23,1,1,not_skipped,success,1,0.00056998499999999996,0.0238744,0.7556552922520835,0.57101110695920565,,,,,,,,,,,,,,,,,,,,,,,,
outer,2d,non_matching_initial,p2,2,adaptive_force_effective_rho_no_inner_refinement,force_eff_rho_no_inner,production_2M,2000000,completed,24339174,20260701_091334_821954_job24339174,snellius_next_mem216,algorithm_data_ordered/2d/non_matching_initial/p2/production_2M/adaptive_force_effective_rho_no_inner_refinement,outer_history.csv,completed,13,,,4193,4193,5471,6276,6276,20356,2.41137,8.20874,1,1,0,1,0,0,adaptive,1,0.102761,1,computed_required,2.44444,1.03962,2.35128,0.22037899999999999,0.469445,0.53870399999999996,0.7339645768019053,0.22911100000000001,0.47865540840984971,-0.13314439418976431,0.13314439418976431,10,-0.12536555498924806,0.12536555498924806,10,-0.25073110997849629,0.25073110997849629,10,0.085511199999999996,0.29242299999999999,0.0062470599999999996,0.079038399999999995,0.28032000000000001,0.52945299999999995,2.7937500000000001e-05,0.0052855999999999997,0.0062191199999999999,0.078861399999999998,2.4825300000000001e-26,1.5756000000000001e-13,1.5756e-13,0.067023917911677958,0.0044921950372399959,14.920046919933405,222.60832214765099,0.066873823356748116,0.99776058219802022,1.9934614061013382e-12,3.9739173307123677e-24,1,1,not_skipped,success,1,0.0033074900000000002,0.057510800000000001,0.72763112613615666,0.52944745208145916,,,,,,,,,,,,,,,,,,,,,,,,
outer,2d,non_matching_initial,p2,2,adaptive_force_effective_rho_no_inner_refinement,force_eff_rho_no_inner,production_2M,2000000,completed,24339174,20260701_091334_821954_job24339174,snellius_next_mem216,algorithm_data_ordered/2d/non_matching_initial/p2/production_2M/adaptive_force_effective_rho_no_inner_refinement,outer_history.csv,completed,14,,,5471,5471,8297,8193,8193,26172,3.02819,11.2453,1,1,0,1,0,0,adaptive,1,0.103064,1,computed_required,2.44444,1.03983,2.35081,0.219803,0.46883200000000003,0.53729700000000002,0.73300545700560782,0.22855800000000001,0.47807739959132139,-0.13314439418976431,0.13314439418976431,10,-0.12536555498924806,0.12536555498924806,10,-0.25073110997849629,0.25073110997849629,10,0.085861499999999993,0.29302099999999998,0.00624684,0.079036899999999993,0.279333,0.52851899999999996,2.72136e-05,0.0052166599999999997,0.0062196300000000003,0.078864600000000007,3.52465e-26,1.8774100000000001e-13,1.87741e-13,0.066147041892052949,0.004375437124073297,15.117834016401302,228.54859335038364,0.066002841710644022,0.99782000559232475,2.3753588513719544e-12,5.6422927432109672e-24,1,1,not_skipped,success,1,0.0033169200000000001,0.057592699999999997,0.72868116031878782,0.53097566129435048,,,,,,,,,,,,,,,,,,,,,,,,
outer,2d,non_matching_initial,p2,2,adaptive_force_effective_rho_no_inner_refinement,force_eff_rho_no_inner,production_2M,2000000,completed,24339174,20260701_091334_821954_job24339174,snellius_next_mem216,algorithm_data_ordered/2d/non_matching_initial/p2/production_2M/adaptive_force_effective_rho_no_inner_refinement,outer_history.csv,completed,15,,,8297,8297,12409,12432,12432,40112,5.34974,16.6047,1,1,0,1,0,0,adaptive,1,0.0448063,1,computed_required,2.44444,1.00877,2.42319,0.194962,0.44154500000000002,0.47657300000000002,0.69034266853498205,0.19667200000000001,0.44347716964912637,-0.13314439418976431,0.13314439418976431,10,-0.12536555498924806,0.12536555498924806,10,-0.25073110997849629,0.25073110997849629,10,0.0743143,0.27260600000000001,0.0012074500000000001,0.034748300000000003,0.248583,0.498581,9.7150999999999995e-06,0.0031169100000000001,0.0011977299999999999,0.034608300000000002,6.0300799999999997e-26,2.4556200000000001e-13,2.45562e-13,0.09006249945822245,0.0081112604677181007,11.103400483170834,123.28540107667446,0.089699639982387627,0.99597102592069253,7.066878091877876e-12,4.9940618659157723e-23,1,1,not_skipped,success,1,0.00066987700000000004,0.025881999999999999,0.74484219371882932,0.55478653360387598,,,,,,,,,,,,,,,,,,,,,,,,
outer,2d,non_matching_initial,p2,2,adaptive_force_effective_rho_no_inner_refinement,force_eff_rho_no_inner,production_2M,2000000,completed,24339174,20260701_091334_821954_job24339174,snellius_next_mem216,algorithm_data_ordered/2d/non_matching_initial/p2/production_2M/adaptive_force_effective_rho_no_inner_refinement,outer_history.csv,completed,16,,,12409,12409,17649,18600,18600,59164,7.28375,23.902,1,1,0,1,0,0,adaptive,1,0.0655603,1,computed_required,2.44444,1.01774,2.40185,0.18027000000000001,0.42458200000000001,0.44066,0.66382226536927791,0.18346699999999999,0.42833047988673417,-0.13314439418976431,0.13314439418976431,10,-0.12536555498924806,0.12536555498924806,10,-0.25073110997849629,0.25073110997849629,10,0.067408499999999996,0.259631,0.0022914300000000001,0.047868899999999999,0.230431,0.48003200000000001,8.5026000000000006e-06,0.0029159199999999998,0.0022829199999999999,0.047780000000000003,9.28171e-26,3.0465900000000001e-13,3.04659e-13,0.061028045207199656,0.0037244406286685476,16.385909078438367,268.49669512854888,0.06091470662580506,0.99814284431018896,6.3644453914754678e-12,4.0506190457487242e-23,1,1,not_skipped,success,1,0.00114579,0.033849499999999998,0.70712926346751226,0.50003273065291109,,,,,,,,,,,,,,,,,,,,,,,,
outer,2d,non_matching_initial,p2,2,adaptive_force_effective_rho_no_inner_refinement,force_eff_rho_no_inner,production_2M,2000000,completed,24339174,20260701_091334_821954_job24339174,snellius_next_mem216,algorithm_data_ordered/2d/non_matching_initial/p2/production_2M/adaptive_force_effective_rho_no_inner_refinement,outer_history.csv,completed,17,,,17649,17649,24033,26460,26460,82720,9.65318,33.5742,1,1,0,1,0,0,adaptive,1,0.0885034,1,computed_required,2.44444,1.03045,2.37221,0.16659299999999999,0.40815800000000002,0.40722700000000001,0.63814340081207455,0.17166500000000001,0.41432475185535322,-0.13314439418976431,0.13314439418976431,10,-0.12536555498924806,0.12536555498924806,10,-0.25073110997849629,0.25073110997849629,10,0.059744199999999997,0.244426,0.00372142,0.061003500000000002,0.21408099999999999,0.46268900000000002,6.6993399999999998e-06,0.0025883099999999999,0.0037147199999999999,0.060948500000000003,1.3868899999999999e-25,3.72409e-13,3.72409e-13,0.042467164901515211,0.0018034575957272688,23.547604421417837,554.49044234208145,0.042428877031645724,0.99909841238617458,6.104715303220307e-12,3.7267763380645018e-23,1,1,not_skipped,success,1,0.0017347700000000001,0.0416505,0.68275590744793324,0.46615807944279336,,,,,,,,,,,,,,,,,,,,,,,,
outer,2d,non_matching_initial,p2,2,adaptive_force_effective_rho_no_inner_refinement,force_eff_rho_no_inner,production_2M,2000000,completed,24339174,20260701_091334_821954_job24339174,snellius_next_mem216,algorithm_data_ordered/2d/non_matching_initial/p2/production_2M/adaptive_force_effective_rho_no_inner_refinement,outer_history.csv,completed,18,,,24033,24033,40049,36036,36036,114288,16.0094,49.603,1,1,0,1,0,0,adaptive,1,0.0999789,1,computed_required,2.44444,1.03776,2.35549,0.15600700000000001,0.394978,0.381351,0.61753623375474898,0.16189899999999999,0.40236674812911666,-0.13314439418976431,0.13314439418976431,10,-0.12536555498924806,0.12536555498924806,10,-0.25073110997849629,0.25073110997849629,10,0.057036299999999998,0.23882300000000001,0.0043076499999999997,0.065632700000000002,0.19999500000000001,0.44720700000000002,4.3952200000000004e-06,0.00209648,0.0043032499999999998,0.065599199999999996,2.1756599999999998e-25,4.6643999999999998e-13,4.6644e-13,0.031958926328369858,0.0010213722186719341,31.29016255819278,979.07499510832213,0.031942613971389262,0.99948958369836982,7.1068232755928058e-12,5.0506888906944621e-23,1,1,not_skipped,success,1,0.0020585099999999999,0.045370800000000003,0.69128346083583336,0.4778730862535257,,,,,,,,,,,,,,,,,,,,,,,,
outer,2d,non_matching_initial,p2,2,adaptive_force_effective_rho_no_inner_refinement,force_eff_rho_no_inner,production_2M,2000000,completed,24339174,20260701_091334_821954_job24339174,snellius_next_mem216,algorithm_data_ordered/2d/non_matching_initial/p2/production_2M/adaptive_force_effective_rho_no_inner_refinement,outer_history.csv,completed,19,,,40049,40049,50947,60060,60060,187144,23.2063,72.8478,1,1,0,1,0,0,adaptive,1,0.0611553,1,computed_required,2.44444,1.01562,2.40686,0.13590099999999999,0.36864799999999998,0.332202,0.57636967303979481,0.13802300000000001,0.3715144680897367,-0.13314439418976431,0.13314439418976431,10,-0.12536555498924806,0.12536555498924806,10,-0.25073110997849629,0.25073110997849629,10,0.055495299999999997,0.23557400000000001,0.00146323,0.0382522,0.17163700000000001,0.41429100000000002,3.0020199999999999e-06,0.00173263,0.0014602300000000001,0.038212999999999997,3.4804999999999998e-25,5.89958e-13,5.89958e-13,0.045341375971528014,0.0020558542147469916,22.054910742628259,486.41581335234281,0.045294911142365668,0.9989752223401529,1.54228514961231e-11,2.3786417719702302e-22,1,1,not_skipped,success,1,0.000781185,0.027949700000000001,0.73066908569964606,0.53387710749506223,,,,,,,,,,,,,,,,,,,,,,,,
outer,2d,non_matching_initial,p2,2,adaptive_force_effective_rho_no_inner_refinement,force_eff_rho_no_inner,production_2M,2000000,completed,24339174,20260701_091334_821954_job24339174,snellius_next_mem216,algorithm_data_ordered/2d/non_matching_initial/p2/production_2M/adaptive_force_effective_rho_no_inner_refinement,outer_history.csv,completed,20,,,50947,50947,71691,76407,76407,236140,29.4055,102.294,1,1,0,1,0,0,adaptive,1,0.0753338,1,computed_required,2.44444,1.02282,2.38991,0.125722,0.354574,0.30732100000000001,0.55436540296089909,0.12859100000000001,0.35859587281506744,-0.13314439418976431,0.13314439418976431,10,-0.12536555498924806,0.12536555498924806,10,-0.25073110997849629,0.25073110997849629,10,0.049924900000000001,0.223439,0.0020130500000000002,0.044866999999999997,0.15941,0.39926200000000001,2.6552500000000001e-06,0.0016294899999999999,0.0020103999999999999,0.044837399999999999,4.9471099999999996e-25,7.0335700000000003e-13,7.03357e-13,0.036342205391035158,0.001320757063270991,27.516216730388038,757.14151209867237,0.036318229433659484,0.99934027236053224,1.567648828760559e-11,2.4575196840614983e-22,1,1,not_skipped,success,1,0.0010473699999999999,0.032363200000000002,0.72131410613591285,0.52029010705148893,,,,,,,,,,,,,,,,,,,,,,,,
outer,2d,non_matching_initial,p2,2,adaptive_force_effective_rho_no_inner_refinement,force_eff_rho_no_inner,production_2M,2000000,completed,24339174,20260701_091334_821954_job24339174,snellius_next_mem216,algorithm_data_ordered/2d/non_matching_initial/p2/production_2M/adaptive_force_effective_rho_no_inner_refinement,outer_history.csv,completed,21,,,71691,71691,105323,107523,107523,336052,49.7666,152.114,1,1,0,1,0,0,adaptive,1,0.0997621,1,computed_required,2.44444,1.03762,2.35582,0.11276700000000001,0.33580900000000002,0.27565400000000001,0.52502761832116984,0.11701,0.34206724485106726,-0.13314439418976431,0.13314439418976431,10,-0.12536555498924806,0.12536555498924806,10,-0.25073110997849629,0.25073110997849629,10,0.045912799999999997,0.21427299999999999,0.0029720300000000001,0.054516299999999997,0.142481,0.37746600000000002,1.9802300000000001e-06,0.0014072100000000001,0.0029700500000000001,0.054498199999999997,7.5644699999999996e-25,8.6973900000000002e-13,8.69739e-13,0.025821219783405694,0.00066673288328479314,38.727837351923306,1499.8510274059074,0.025812646859746539,0.9996679892068977,1.5953742275246122e-11,2.5452199338499273e-22,1,1,not_skipped,success,1,0.0017214299999999999,0.041490100000000002,0.76105861916527728,0.57921016948011961,,,,,,,,,,,,,,,,,,,,,,,,
outer,2d,non_matching_initial,p2,2,adaptive_force_effective_rho_no_inner_refinement,force_eff_rho_no_inner,production_2M,2000000,completed,24339174,20260701_091334_821954_job24339174,snellius_next_mem216,algorithm_data_ordered/2d/non_matching_initial/p2/production_2M/adaptive_force_effective_rho_no_inner_refinement,outer_history.csv,completed,22,,,105323,105323,138711,157971,157971,488692,67.5059,219.704,1,1,0,1,0,0,adaptive,1,0.060615,1,computed_required,2.44444,1.01536,2.40745,0.102937,0.32083699999999998,0.25162299999999999,0.50162037438684648,0.104518,0.32329243727622209,-0.13314439418976431,0.13314439418976431,10,-0.12536555498924806,0.12536555498924806,10,-0.25073110997849629,0.25073110997849629,10,0.042122100000000003,0.205237,0.00108916,0.033002400000000001,0.129965,0.36050700000000002,1.4944400000000001e-06,0.00122247,0.0010876600000000001,0.032979700000000001,1.1437400000000001e-24,1.06946e-12,1.06946e-12,0.037067347489516275,0.0013739955500799883,26.977921748590969,727.80439495730843,0.037041851501708967,0.99931217123603133,3.2405522022640774e-11,1.0501120129273936e-21,1,1,not_skipped,success,1,0.00061308800000000002,0.024760600000000001,0.75026664727413761,0.56289984942524518,,,,,,,,,,,,,,,,,,,,,,,,
outer,2d,non_matching_initial,p2,2,adaptive_force_effective_rho_no_inner_refinement,force_eff_rho_no_inner,production_2M,2000000,completed,24339174,20260701_091334_821954_job24339174,snellius_next_mem216,algorithm_data_ordered/2d/non_matching_initial/p2/production_2M/adaptive_force_effective_rho_no_inner_refinement,outer_history.csv,completed,23,,,138711,138711,185015,208053,208053,638800,86.6442,306.485,1,1,0,1,0,0,adaptive,1,0.0770371,1,computed_required,2.44444,1.02376,2.38772,0.095835400000000001,0.30957299999999999,0.234264,0.48400826439225186,0.098112199999999997,0.3132286704629702,-0.13314439418976431,0.13314439418976431,10,-0.12536555498924806,0.12536555498924806,10,-0.25073110997849629,0.25073110997849629,10,0.0394597,0.19864499999999999,0.00157357,0.039668200000000001,0.120891,0.347694,1.4005200000000001e-06,0.00118344,0.0015721699999999999,0.039650499999999998,1.6513099999999999e-24,1.28503e-12,1.28503e-12,0.02984678629525479,0.00089081969507114381,33.504444669776241,1122.5616199697254,0.029833468622221325,0.99955379876072015,3.2394462062811018e-11,1.0494035854776082e-21,1,1,not_skipped,success,1,0.00062808999999999999,0.025061699999999999,0.63178314115588807,0.39914970417585488,,,,,,,,,,,,,,,,,,,,,,,,
outer,2d,non_matching_initial,p2,2,adaptive_force_effective_rho_no_inner_refinement,force_eff_rho_no_inner,production_2M,2000000,completed,24339174,20260701_091334_821954_job24339174,snellius_next_mem216,algorithm_data_ordered/2d/non_matching_initial/p2/production_2M/adaptive_force_effective_rho_no_inner_refinement,outer_history.csv,completed,24,,,185015,185015,270991,277509,277509,857748,137.763,444.425,1,1,0,1,0,0,adaptive,1,0.124497,1,computed_required,2.44444,1.05524,2.31648,0.085439699999999993,0.29230099999999998,0.20885300000000001,0.45700437634666041,0.090159600000000006,0.30026588217777922,-0.13314439418976431,0.13314439418976431,10,-0.12536555498924806,0.12536555498924806,10,-0.25073110997849629,0.25073110997849629,10,0.035123000000000001,0.18741099999999999,0.0033240000000000001,0.0576541,0.107803,0.32833299999999999,1.28148e-06,0.00113203,0.0033227199999999999,0.057643,2.7581499999999999e-24,1.66077e-12,1.66077e-12,0.019638637822458928,0.00038567197958299228,50.920028621149612,2592.8769859849549,0.019634856844526236,0.99980747249545132,2.8805757092730613e-11,8.2976835138387482e-22,1,1,not_skipped,success,1,0.00114689,0.033865699999999999,0.58739447844992809,0.34503309265944643,,,,,,,,,,,,,,,,,,,,,,,,
outer,2d,non_matching_initial,p2,2,adaptive_force_effective_rho_no_inner_refinement,force_eff_rho_no_inner,production_2M,2000000,completed,24339174,20260701_091334_821954_job24339174,snellius_next_mem216,algorithm_data_ordered/2d/non_matching_initial/p2/production_2M/adaptive_force_effective_rho_no_inner_refinement,outer_history.csv,completed,25,,,270991,270991,367555,406473,406473,1249768,186.728,631.388,1,1,0,1,0,0,adaptive,1,0.148772,1,computed_required,2.44444,1.07472,2.2745,0.079143599999999995,0.28132499999999999,0.193462,0.43984315386282868,0.085057099999999997,0.29164550399414696,-0.13314439418976431,0.13314439418976431,10,-0.12536555498924806,0.12536555498924806,10,-0.25073110997849629,0.25073110997849629,10,0.032430199999999999,0.18008399999999999,0.0042081200000000001,0.064869999999999997,0.099905099999999997,0.31607800000000003,1.2033e-06,0.00109695,0.0042069200000000003,0.064860699999999993,4.0947800000000003e-24,2.0235599999999999e-12,2.02356e-12,0.016912398416915022,0.00028602873361033721,59.128219153106336,3496.152247984709,0.016909973793741328,0.9998566363496223,3.1194080468629567e-11,9.7306635742326753e-22,1,1,not_skipped,success,1,0.0014036599999999999,0.037465499999999999,0.5775474024973023,0.3335598794711177,,,,,,,,,,,,,,,,,,,,,,,,
outer,2d,non_matching_initial,p2,2,adaptive_force_effective_rho_no_inner_refinement,force_eff_rho_no_inner,production_2M,2000000,completed,24339174,20260701_091334_821954_job24339174,snellius_next_mem216,algorithm_data_ordered/2d/non_matching_initial/p2/production_2M/adaptive_force_effective_rho_no_inner_refinement,outer_history.csv,completed,26,,,367555,367555,483999,551319,551319,1684648,242.289,874.13,1,1,0,1,0,0,adaptive,1,0.123447,1,computed_required,2.44444,1.05445,2.31823,0.074151999999999996,0.27230900000000002,0.18126,0.42574640339056302,0.078189300000000003,0.27962349686676907,-0.13314439418976431,0.13314439418976431,10,-0.12536555498924806,0.12536555498924806,10,-0.25073110997849629,0.25073110997849629,10,0.03073,0.17530000000000001,0.0028324499999999998,0.053220799999999999,0.093450699999999998,0.305697,1.10108e-06,0.0010493200000000001,0.0028313499999999998,0.053210500000000001,5.8000500000000003e-24,2.4083300000000001e-12,2.40833e-12,0.019720168011952529,0.00038888869267310648,50.709507109366065,2571.429868856032,0.019716351501668523,0.99980646664462014,4.5251668520578421e-11,2.0477148758142249e-21,1,1,not_skipped,success,1,0.00084711200000000002,0.029105200000000001,0.54687640922346159,0.29907394658334657,,,,,,,,,,,,,,,,,,,,,,,,
outer,2d,non_matching_initial,p2,2,adaptive_force_effective_rho_no_inner_refinement,force_eff_rho_no_inner,production_2M,2000000,completed,24339174,20260701_091334_821954_job24339174,snellius_next_mem216,algorithm_data_ordered/2d/non_matching_initial/p2/production_2M/adaptive_force_effective_rho_no_inner_refinement,outer_history.csv,completed,27,,,483999,483999,681281,725985,725985,2210876,377.615,1252.3,1,1,0,1,0,0,adaptive,1,0.103974,1,computed_required,2.44444,1.04045,2.34942,0.0683203,0.261382,0.16700499999999999,0.40866245239806409,0.071083599999999997,0.26661507834329251,-0.13314439418976431,0.13314439418976431,10,-0.12536555498924806,0.12536555498924806,10,-0.25073110997849629,0.25073110997849629,10,0.029796099999999999,0.17261599999999999,0.0018802599999999999,0.043361999999999998,0.085442199999999996,0.29230499999999998,1.06401e-06,0.00103151,0.0018791999999999999,0.043349699999999998,1.01415e-23,3.1845800000000001e-12,3.18458e-12,0.02379508970073611,0.00056620370370370375,42.025477213017808,1766.1488143908423,0.023788340021216735,0.99971634149716337,7.3441723167750574e-11,5.3936689606756519e-21,1,1,not_skipped,success,1,0.00076804900000000003,0.027713700000000001,0.63912411789124124,0.40848021018369801,,,,,,,,,,,,,,,,,,,,,,,,
outer,2d,non_matching_initial,p2,2,adaptive_force_effective_rho_no_inner_refinement,force_eff_rho_no_inner,production_2M,2000000,completed,24339174,20260701_091334_821954_job24339174,snellius_next_mem216,algorithm_data_ordered/2d/non_matching_initial/p2/production_2M/adaptive_force_effective_rho_no_inner_refinement,outer_history.csv,completed,28,,,681281,681281,961085,1021956,1021956,3131984,519.17,1772.43,1,1,0,1,0,0,adaptive,1,0.100543,1,computed_required,2.44444,1.03814,2.35464,0.063356700000000002,0.25170700000000001,0.15487200000000001,0.39353779996335803,0.065772999999999998,0.25646247288833507,-0.13314439418976431,0.13314439418976431,10,-0.12536555498924806,0.12536555498924806,10,-0.25073110997849629,0.25073110997849629,10,0.028044699999999999,0.167466,0.0016302300000000001,0.040376099999999998,0.079050800000000004,0.28116000000000002,1.03051e-06,0.0010151400000000001,0.0016291999999999999,0.040363299999999998,1.4138e-23,3.76006e-12,3.76006e-12,0.025150074448818609,0.00063252516572550948,39.761313710424169,1580.9647650192624,0.025142101391664874,0.99968298077327922,9.3125883876847936e-11,8.6723959195941677e-21,1,1,not_skipped,success,1,0.00087087600000000003,0.029510600000000001,0.7308927806301253,0.53420437606963433,,,,,,,,,,,,,,,,,,,,,,,,
outer,2d,non_matching_initial,p2,2,adaptive_force_effective_rho_no_inner_refinement,force_eff_rho_no_inner,production_2M,2000000,completed,24339174,20260701_091334_821954_job24339174,snellius_next_mem216,algorithm_data_ordered/2d/non_matching_initial/p2/production_2M/adaptive_force_effective_rho_no_inner_refinement,outer_history.csv,completed,29,,,961085,961085,1244453,1442046,1442046,4392360,704.497,2478.17,1,1,0,1,0,0,adaptive,1,0.152943,1,computed_required,2.44444,1.07826,2.26703,0.056520899999999999,0.23774100000000001,0.13816200000000001,0.37170149313662976,0.060944199999999997,0.24686879106116269,-0.13314439418976431,0.13314439418976431,10,-0.12536555498924806,0.12536555498924806,10,-0.25073110997849629,0.25073110997849629,10,0.024119600000000001,0.155305,0.0030998800000000002,0.055676499999999997,0.070921499999999998,0.26631100000000002,7.3585000000000001e-07,0.00085781699999999998,0.0030991399999999998,0.055669900000000001,2.17599e-23,4.6647500000000003e-12,4.66475e-12,0.015408991214282762,0.0002374368373161587,64.897175038498887,4211.6463953251341,0.01540716460266001,0.99988145806579087,8.3783104182195373e-11,7.0195943068763948e-21,1,1,not_skipped,success,1,0.0010908999999999999,0.033028700000000001,0.59322514885095157,0.35191684839413134,,,,,,,,,,,,,,,,,,,,,,,,
outer,2d,non_matching_initial,p2,2,adaptive_force_effective_rho_no_inner_refinement,force_eff_rho_no_inner,production_2M,2000000,completed,24339174,20260701_091334_821954_job24339174,snellius_next_mem216,algorithm_data_ordered/2d/non_matching_initial/p2/production_2M/adaptive_force_effective_rho_no_inner_refinement,outer_history.csv,completed,30,,,1244453,1244453,1657753,1866714,1866714,5666816,920.971,3400.77,1,1,0,1,0,0,adaptive,1,0.14416,1,computed_required,2.44444,1.07087,2.28268,0.052623700000000002,0.22939899999999999,0.128636,0.35865861205330063,0.056353,0.23738786826626165,-0.13314439418976431,0.13314439418976431,10,-0.12536555498924806,0.12536555498924806,10,-0.25073110997849629,0.25073110997849629,10,0.023101400000000001,0.15199099999999999,0.0025722499999999999,0.050717400000000003,0.065744700000000003,0.256407,6.9948199999999996e-07,0.00083635000000000003,0.0025715500000000001,0.050710499999999999,8.0387199999999993e-21,8.9658900000000002e-11,8.96589e-11,0.016492639591406118,0.00027200793295872135,60.633108148502416,3676.3633660337223,0.016490395801046585,0.99986395201646761,1.7678134131481504e-09,3.1251705705121975e-18,1,1,not_skipped,success,1,0.00070238799999999997,0.026502600000000001,0.52255438961776435,0.27306366021965206,,,,,,,,,,,,,,,,,,,,,,,,
outer,2d,non_matching_initial,p2,2,adaptive_force_effective_rho_no_inner_refinement,force_eff_rho_no_inner,production_2M,2000000,completed,24339174,20260701_091334_821954_job24339174,snellius_next_mem216,algorithm_data_ordered/2d/non_matching_initial/p2/production_2M/adaptive_force_effective_rho_no_inner_refinement,outer_history.csv,completed,31,,,1657753,1657753,2367541,2486664,2486664,7593544,1493.78,4896.64,1,1,0,1,0,0,adaptive,1,0.14581,1,computed_required,2.44444,1.07224,2.27976,0.048912200000000003,0.221161,0.119563,0.34577883104666773,0.052445400000000003,0.22900960678539231,-0.13314439418976431,0.13314439418976431,10,-0.12536555498924806,0.12536555498924806,10,-0.25073110997849629,0.25073110997849629,10,0.022129699999999999,0.148761,0.0024051599999999999,0.0490424,0.060815500000000002,0.24660799999999999,5.5743000000000004e-07,0.00074661200000000001,0.0024045999999999998,0.049036700000000003,5.6465800000000003e-23,7.5143699999999992e-12,7.51437e-12,0.015225575946179086,0.00023181818181818186,65.678960423888185,4313.7254901960778,0.015223806339004617,0.99988377404042217,1.5322190594261291e-10,2.347694124299423e-20,1,1,not_skipped,success,1,0.000692261,0.026310900000000002,0.53649291225551776,0.28782326331720137,,,,,,,,,,,,,,,,,,,,,,,,
inner,2d,non_matching_initial,p2,2,adaptive_force_effective_rho_no_inner_refinement,force_eff_rho_no_inner,production_2M,2000000,completed,24339174,20260701_091334_821954_job24339174,snellius_next_mem216,algorithm_data_ordered/2d/non_matching_initial/p2/production_2M/adaptive_force_effective_rho_no_inner_refinement,inner_history.csv,completed,0,0,,15,15,27,15,15,52,0.0708896,0.0724565,,,,,,0,,1,0.0290109,1,computed_required,2.44444,1.00385,2.43507,0.74202000000000001,0.86140600000000001,1.8138300000000001,1.3467850608022054,0.74487599999999998,0.86306199082105339,-0.13314439418976431,0.13314439418976431,10,-0.12536555498924806,0.12536555498924806,10,-0.25073110997849629,0.25073110997849629,10,0.16958599999999999,0.41180800000000001,0.0023460600000000001,0.048436100000000003,0.99643499999999996,0.99821599999999999,0.0023460600000000001,0.048436100000000003,2.8592700000000001e-31,5.3472099999999996e-16,2.7936500000000001e-30,1.6714200000000001e-15,1.67142e-15,90582004447179.016,8.2051013020806006e+27,1.1039720373853385e-14,1.2187539960614818e-28,1,1.1039720373853385e-14,3.4507732868666139e-14,1.1907836969216474e-27,1,1,not_skipped,success,1,0.0022303399999999999,0.047226400000000002,0.97502482652401823,0.95067474830140741,,,,,,,,,,,,,,,,,,,,,,,,
inner,2d,non_matching_initial,p2,2,adaptive_force_effective_rho_no_inner_refinement,force_eff_rho_no_inner,production_2M,2000000,completed,24339174,20260701_091334_821954_job24339174,snellius_next_mem216,algorithm_data_ordered/2d/non_matching_initial/p2/production_2M/adaptive_force_effective_rho_no_inner_refinement,inner_history.csv,completed,1,0,,27,27,45,30,30,116,0.0622189,0.162895,,,,,,0,,1,0.034344,1,computed_required,2.44444,1.00531,2.43153,0.69389900000000004,0.83300600000000002,1.6961999999999999,1.3023824323139497,0.69758399999999998,0.83521494239506988,-0.13314439418976431,0.13314439418976431,10,-0.12536555498924806,0.12536555498924806,10,-0.25073110997849629,0.25073110997849629,10,0.17971500000000001,0.42392800000000003,0.0029425900000000001,0.054245599999999998,0.92242500000000005,0.96043000000000001,0.00257333,0.050728000000000002,0.00036925499999999997,0.019216,6.5706999999999996e-30,2.56334e-15,2.56334e-15,2.6398834304746046,6.9689780774803323,0.37880460495190033,0.14349306151950972,0.9351541876207472,0.35424071261079243,4.7254339522468184e-14,2.2329648370992899e-27,1,1,not_skipped,success,1,0.0025470200000000001,0.050467999999999999,0.93036117215036795,0.86557080667031427,,,,,,,,,,,,,,,,,,,,,,,,
inner,2d,non_matching_initial,p2,2,adaptive_force_effective_rho_no_inner_refinement,force_eff_rho_no_inner,production_2M,2000000,completed,24339174,20260701_091334_821954_job24339174,snellius_next_mem216,algorithm_data_ordered/2d/non_matching_initial/p2/production_2M/adaptive_force_effective_rho_no_inner_refinement,inner_history.csv,completed,2,0,,45,45,77,54,54,200,0.0740045,0.2685,,,,,,0,,1,0.0557388,1,computed_required,2.44444,1.01317,2.41268,0.54331700000000005,0.73710100000000001,1.3281099999999999,1.152436549229501,0.55047100000000004,0.74193732888971153,-0.13314439418976431,0.13314439418976431,10,-0.12536555498924806,0.12536555498924806,10,-0.25073110997849629,0.25073110997849629,10,0.17417099999999999,0.41733799999999999,0.0054013899999999998,0.073494100000000007,0.70738199999999996,0.84106000000000003,0.0054013899999999998,0.073494100000000007,3.3613899999999997e-30,1.8334099999999999e-15,3.1492899999999997e-29,5.6118499999999999e-15,5.61185e-15,40086014584844.641,1.6068917917885161e+27,2.4946356238119791e-14,6.2231943999600102e-28,1,2.4946356238119791e-14,7.635783008431969e-14,5.8305177000734994e-27,1,1,not_skipped,success,1,0.0052551899999999999,0.072492699999999993,0.98637441644975565,0.97293289319971343,,,,,,,,,,,,,,,,,,,,,,,,
inner,2d,non_matching_initial,p2,2,adaptive_force_effective_rho_no_inner_refinement,force_eff_rho_no_inner,production_2M,2000000,completed,24339174,20260701_091334_821954_job24339174,snellius_next_mem216,algorithm_data_ordered/2d/non_matching_initial/p2/production_2M/adaptive_force_effective_rho_no_inner_refinement,inner_history.csv,completed,3,0,,77,77,99,102,102,344,0.094406,0.392723,,,,,,0,,1,0.0181045,1,computed_required,2.44444,1.00155,2.44066,0.534304,0.73096099999999997,1.3060799999999999,1.1428385712776761,0.53513100000000002,0.73152648619171678,-0.13314439418976431,0.13314439418976431,10,-0.12536555498924806,0.12536555498924806,10,-0.25073110997849629,0.25073110997849629,10,0.16873299999999999,0.410771,0.00062151199999999995,0.0249301,0.69677999999999995,0.83473299999999995,0.00062151199999999995,0.0249301,5.7671600000000001e-31,7.5941799999999999e-16,8.3592300000000004e-29,9.14288e-15,9.14288e-15,32827902420011.113,1.0776742798881945e+27,3.0461891448489977e-14,9.2792415914736976e-28,1,3.0461891448489977e-14,3.6674060673643507e-13,1.3449828804592672e-25,1,1,not_skipped,success,1,0.00058886799999999999,0.024266599999999999,0.97338558609873205,0.94747647672128621,,,,,,,,,,,,,,,,,,,,,,,,
inner,2d,non_matching_initial,p2,2,adaptive_force_effective_rho_no_inner_refinement,force_eff_rho_no_inner,production_2M,2000000,completed,24339174,20260701_091334_821954_job24339174,snellius_next_mem216,algorithm_data_ordered/2d/non_matching_initial/p2/production_2M/adaptive_force_effective_rho_no_inner_refinement,inner_history.csv,completed,4,0,,99,99,141,135,135,492,0.131146,0.555917,,,,,,0,,1,0.0174726,1,computed_required,2.44444,1.00145,2.44092,0.52400400000000003,0.723881,1.2808999999999999,1.1317685275708986,0.52476199999999995,0.72440458308875988,-0.13314439418976431,0.13314439418976431,10,-0.12536555498924806,0.12536555498924806,10,-0.25073110997849629,0.25073110997849629,10,0.17288300000000001,0.41579199999999999,0.00056028600000000001,0.023670400000000001,0.68005800000000005,0.82465599999999994,0.00053500499999999996,0.0231302,2.5281200000000001e-05,0.0050280400000000001,1.3932899999999999e-28,1.18038e-14,1.18038e-14,4.6002418437403039,21.162167935066371,0.21737987566039205,0.04725413781179616,0.97717824793835339,0.21241888603487899,4.9867344869541703e-13,2.4867478394962573e-25,1,1,not_skipped,success,1,0.00051405500000000002,0.0226728,0.95785453562254963,0.91748678353555146,,,,,,,,,,,,,,,,,,,,,,,,
inner,2d,non_matching_initial,p2,2,adaptive_force_effective_rho_no_inner_refinement,force_eff_rho_no_inner,production_2M,2000000,completed,24339174,20260701_091334_821954_job24339174,snellius_next_mem216,algorithm_data_ordered/2d/non_matching_initial/p2/production_2M/adaptive_force_effective_rho_no_inner_refinement,inner_history.csv,completed,5,0,,141,141,319,198,198,708,0.157298,0.748855,,,,,,0,,1,0.0167343,1,computed_required,2.44444,1.00133,2.4412,0.50903500000000002,0.71346699999999996,1.24431,1.1154864409754159,0.50971200000000005,0.71394117404727409,-0.13314439418976431,0.13314439418976431,10,-0.12536555498924806,0.12536555498924806,10,-0.25073110997849629,0.25073110997849629,10,0.178623,0.42263899999999999,0.00048907699999999998,0.022115099999999999,0.65588500000000005,0.809867,0.00039319099999999998,0.019828999999999999,9.5885900000000003e-05,0.0097921399999999995,2.0138899999999999e-28,1.4191200000000001e-14,1.41912e-14,2.0249914727526361,4.1006133331386572,0.49382924000201722,0.24386595827473165,0.8966271913760282,0.44278072448236727,6.4169730184353682e-13,4.1177360620106855e-25,1,1,not_skipped,success,1,0.00040636699999999998,0.020158499999999999,0.91152651355860925,0.83088552518315106,,,,,,,,,,,,,,,,,,,,,,,,
inner,2d,non_matching_initial,p2,2,adaptive_force_effective_rho_no_inner_refinement,force_eff_rho_no_inner,production_2M,2000000,completed,24339174,20260701_091334_821954_job24339174,snellius_next_mem216,algorithm_data_ordered/2d/non_matching_initial/p2/production_2M/adaptive_force_effective_rho_no_inner_refinement,inner_history.csv,completed,6,0,,319,319,367,465,465,1500,0.242679,1.0278,,,,,,0,,1,0.0115653,1,computed_required,2.44444,1.00064,2.44287,0.35051700000000002,0.59204500000000004,0.85682000000000003,0.92564572056483896,0.35074300000000003,0.59223559501266054,-0.13314439418976431,0.13314439418976431,10,-0.12536555498924806,0.12536555498924806,10,-0.25073110997849629,0.25073110997849629,10,0.102434,0.32005299999999998,0.00017368,0.013178799999999999,0.46077699999999999,0.67880499999999999,0.00017368,0.013178799999999999,1.2060099999999999e-29,3.4727600000000001e-15,1.13866e-27,3.3744000000000002e-14,3.3744e-14,3794906644858.8438,1.4401207286838419e+25,2.6351109357452879e-13,6.9438622754491008e-26,1,2.6351109357452879e-13,2.5604759158648743e-12,6.5560801473975127e-24,1,1,not_skipped,success,1,0.00016581500000000001,0.0128769,0.97709199623637966,0.95471556886227549,,,,,,,,,,,,,,,,,,,,,,,,
inner,2d,non_matching_initial,p2,2,adaptive_force_effective_rho_no_inner_refinement,force_eff_rho_no_inner,production_2M,2000000,completed,24339174,20260701_091334_821954_job24339174,snellius_next_mem216,algorithm_data_ordered/2d/non_matching_initial/p2/production_2M/adaptive_force_effective_rho_no_inner_refinement,inner_history.csv,completed,7,0,,367,367,655,537,537,1812,0.318593,1.3844,,,,,,0,,1,0.0114702,1,computed_required,2.44444,1.00063,2.44289,0.347138,0.58918400000000004,0.84855899999999995,0.92117262225925922,0.347358,0.58937085099281927,-0.13314439418976431,0.13314439418976431,10,-0.12536555498924806,0.12536555498924806,10,-0.25073110997849629,0.25073110997849629,10,0.104639,0.32347999999999999,0.000167629,0.012947200000000001,0.45491500000000001,0.67447400000000002,0.00016489299999999999,0.012841099999999999,2.73647e-06,0.00165423,1.5180599999999999e-27,3.8962300000000001e-14,3.89623e-14,7.7625844048288322,60.257558094917904,0.12882307590471223,0.016595428550635866,0.99180517795353429,0.12776739372219476,3.0093224789915966e-12,9.0560702503743379e-24,1,1,not_skipped,success,1,0.00015834399999999999,0.012583499999999999,0.97190898418190796,0.94460982288267537,,,,,,,,,,,,,,,,,,,,,,,,
inner,2d,non_matching_initial,p2,2,adaptive_force_effective_rho_no_inner_refinement,force_eff_rho_no_inner,production_2M,2000000,completed,24339174,20260701_091334_821954_job24339174,snellius_next_mem216,algorithm_data_ordered/2d/non_matching_initial/p2/production_2M/adaptive_force_effective_rho_no_inner_refinement,inner_history.csv,completed,8,0,,655,655,887,969,969,3184,0.480348,1.91231,,,,,,0,,1,0.0250662,1,computed_required,2.44444,1.00291,2.43736,0.31409500000000001,0.560442,0.767787,0.87623455763853553,0.31500800000000001,0.56125573493729219,-0.13314439418976431,0.13314439418976431,10,-0.12536555498924806,0.12536555498924806,10,-0.25073110997849629,0.25073110997849629,10,0.108611,0.32956200000000002,0.00066565400000000001,0.025800300000000002,0.40542099999999998,0.63672700000000004,0.00016675699999999999,0.0129135,0.00049889699999999999,0.022336000000000002,2.6835199999999999e-27,5.1802699999999997e-14,5.18027e-14,0.57814738538681942,0.33425135849684401,1.7296627560305109,2.9917604658275216,0.50051743584376918,0.86572636752285825,2.0078332422491208e-12,4.0314037022236777e-24,1,1,not_skipped,success,1,0.00035741100000000002,0.0189053,0.73275504548396719,0.53693209985968693,,,,,,,,,,,,,,,,,,,,,,,,
inner,2d,non_matching_initial,p2,2,adaptive_force_effective_rho_no_inner_refinement,force_eff_rho_no_inner,production_2M,2000000,completed,24339174,20260701_091334_821954_job24339174,snellius_next_mem216,algorithm_data_ordered/2d/non_matching_initial/p2/production_2M/adaptive_force_effective_rho_no_inner_refinement,inner_history.csv,completed,9,0,,887,887,1011,1317,1317,4248,0.422111,2.38184,,,,,,0,,1,0.0307965,1,computed_required,2.44444,1.00431,2.43394,0.30588100000000001,0.55306500000000003,0.74770999999999999,0.86470226089677826,0.307201,0.55425716053110219,-0.13314439418976431,0.13314439418976431,10,-0.12536555498924806,0.12536555498924806,10,-0.25073110997849629,0.25073110997849629,10,0.109998,0.33165899999999998,0.00094950099999999995,0.030814000000000001,0.39294099999999998,0.62685000000000002,0.00011837600000000001,0.0108801,0.00083112500000000005,0.028829199999999999,4.3377200000000001e-27,6.5861399999999997e-14,6.58614e-14,0.37739860974289957,0.14242863588509549,2.6497182930303946,7.0210600121646278,0.35308950477055884,0.93558771986759259,2.1373856039462581e-12,4.5684206757022899e-24,1,1,not_skipped,success,1,0.00044859400000000002,0.021180000000000001,0.68734990588693456,0.472452372351372,,,,,,,,,,,,,,,,,,,,,,,,
inner,2d,non_matching_initial,p2,2,adaptive_force_effective_rho_no_inner_refinement,force_eff_rho_no_inner,production_2M,2000000,completed,24339174,20260701_091334_821954_job24339174,snellius_next_mem216,algorithm_data_ordered/2d/non_matching_initial/p2/production_2M/adaptive_force_effective_rho_no_inner_refinement,inner_history.csv,completed,10,0,,1011,1011,1891,1503,1503,5084,0.633014,3.06877,,,,,,0,,1,0.0308271,1,computed_required,2.44444,1.00432,2.43392,0.30521500000000001,0.55246300000000004,0.74608099999999999,0.86375980457532286,0.30653399999999997,0.55365512731302324,-0.13314439418976431,0.13314439418976431,10,-0.12536555498924806,0.12536555498924806,10,-0.25073110997849629,0.25073110997849629,10,0.11046499999999999,0.33236300000000002,0.00094685500000000003,0.030771,0.39177000000000001,0.62591600000000003,0.00011647299999999999,0.010792299999999999,0.00083038199999999995,0.028816399999999999,5.1624200000000002e-27,7.1850000000000004e-14,7.185e-14,0.37451937091378518,0.14026436025829075,2.6700888596499355,7.1293947953602981,0.35072958304897467,0.93647915244873414,2.3349907380325633e-12,5.452175887543499e-24,1,1,not_skipped,success,1,0.00044929300000000002,0.0211965,0.68884664131812423,0.4745108807578774,,,,,,,,,,,,,,,,,,,,,,,,
inner,2d,non_matching_initial,p2,2,adaptive_force_effective_rho_no_inner_refinement,force_eff_rho_no_inner,production_2M,2000000,completed,24339174,20260701_091334_821954_job24339174,snellius_next_mem216,algorithm_data_ordered/2d/non_matching_initial/p2/production_2M/adaptive_force_effective_rho_no_inner_refinement,inner_history.csv,completed,11,0,,1891,1891,2279,2823,2823,9188,0.9809,4.13645,,,,,,0,,1,0.0327718,1,computed_required,2.44444,1.00486,2.43263,0.29420000000000002,0.54240200000000005,0.71915499999999999,0.8480300702215694,0.29562899999999998,0.54371775766476482,-0.13314439418976431,0.13314439418976431,10,-0.12536555498924806,0.12536555498924806,10,-0.25073110997849629,0.25073110997849629,10,0.114968,0.33906900000000001,0.00099412999999999997,0.031529799999999997,0.373859,0.61143999999999998,0.000111434,0.010556299999999999,0.00088269499999999996,0.029710199999999999,9.5501199999999995e-27,9.7724699999999999e-14,9.77247e-14,0.35530895113462713,0.1262429264921632,2.8144520333829091,7.9212358885079954,0.33480389980272635,0.94228951658431082,3.0994392606359702e-12,9.606510214961826e-24,1,1,not_skipped,success,1,0.00056161399999999999,0.023698400000000001,0.75161910319761005,0.56493013992133823,,,,,,,,,,,,,,,,,,,,,,,,
inner,2d,non_matching_initial,p2,2,adaptive_force_effective_rho_no_inner_refinement,force_eff_rho_no_inner,production_2M,2000000,completed,24339174,20260701_091334_821954_job24339174,snellius_next_mem216,algorithm_data_ordered/2d/non_matching_initial/p2/production_2M/adaptive_force_effective_rho_no_inner_refinement,inner_history.csv,completed,12,0,,2279,2279,4193,3405,3405,11284,1.43326,5.65895,,,,,,0,,1,0.0329295,1,computed_required,2.44444,1.0049,2.43252,0.29343599999999997,0.54169699999999998,0.71728700000000001,0.84692797804772046,0.29487400000000002,0.54302301976988054,-0.13314439418976431,0.13314439418976431,10,-0.12536555498924806,0.12536555498924806,10,-0.25073110997849629,0.25073110997849629,10,0.115326,0.33959699999999998,0.00099820300000000002,0.031594299999999999,0.37259500000000001,0.610406,0.00010897,0.010438899999999999,0.000889232,0.029819999999999999,1.20559e-26,1.098e-13,1.098e-13,0.35006371562709587,0.12254394803605807,2.8566228242439338,8.1603377076259527,0.33040453499523648,0.94384113590109608,3.4753104199175167e-12,1.2077603453405771e-23,1,1,not_skipped,success,1,0.00056998499999999996,0.0238744,0.7556552922520835,0.57101110695920565,,,,,,,,,,,,,,,,,,,,,,,,
inner,2d,non_matching_initial,p2,2,adaptive_force_effective_rho_no_inner_refinement,force_eff_rho_no_inner,production_2M,2000000,completed,24339174,20260701_091334_821954_job24339174,snellius_next_mem216,algorithm_data_ordered/2d/non_matching_initial/p2/production_2M/adaptive_force_effective_rho_no_inner_refinement,inner_history.csv,completed,13,0,,4193,4193,5471,6276,6276,20356,2.26444,8.06741,,,,,,0,,1,0.102761,1,computed_required,2.44444,1.03962,2.35128,0.22037899999999999,0.469445,0.53870399999999996,0.7339645768019053,0.22911100000000001,0.47865540840984971,-0.13314439418976431,0.13314439418976431,10,-0.12536555498924806,0.12536555498924806,10,-0.25073110997849629,0.25073110997849629,10,0.085511199999999996,0.29242299999999999,0.0062470599999999996,0.079038399999999995,0.28032000000000001,0.52945299999999995,2.7937500000000001e-05,0.0052855999999999997,0.0062191199999999999,0.078861399999999998,2.4825300000000001e-26,1.5756000000000001e-13,1.5756e-13,0.067023917911677958,0.0044921950372399959,14.920046919933405,222.60832214765099,0.066873823356748116,0.99776058219802022,1.9934614061013382e-12,3.9739173307123677e-24,1,1,not_skipped,success,1,0.0033074900000000002,0.057510800000000001,0.72763112613615666,0.52944745208145916,,,,,,,,,,,,,,,,,,,,,,,,
inner,2d,non_matching_initial,p2,2,adaptive_force_effective_rho_no_inner_refinement,force_eff_rho_no_inner,production_2M,2000000,completed,24339174,20260701_091334_821954_job24339174,snellius_next_mem216,algorithm_data_ordered/2d/non_matching_initial/p2/production_2M/adaptive_force_effective_rho_no_inner_refinement,inner_history.csv,completed,14,0,,5471,5471,8297,8193,8193,26172,2.76024,10.9829,,,,,,0,,1,0.103064,1,computed_required,2.44444,1.03983,2.35081,0.219803,0.46883200000000003,0.53729700000000002,0.73300545700560782,0.22855800000000001,0.47807739959132139,-0.13314439418976431,0.13314439418976431,10,-0.12536555498924806,0.12536555498924806,10,-0.25073110997849629,0.25073110997849629,10,0.085861499999999993,0.29302099999999998,0.00624684,0.079036899999999993,0.279333,0.52851899999999996,2.72136e-05,0.0052166599999999997,0.0062196300000000003,0.078864600000000007,3.52465e-26,1.8774100000000001e-13,1.87741e-13,0.066147041892052949,0.004375437124073297,15.117834016401302,228.54859335038364,0.066002841710644022,0.99782000559232475,2.3753588513719544e-12,5.6422927432109672e-24,1,1,not_skipped,success,1,0.0033169200000000001,0.057592699999999997,0.72868116031878782,0.53097566129435048,,,,,,,,,,,,,,,,,,,,,,,,
inner,2d,non_matching_initial,p2,2,adaptive_force_effective_rho_no_inner_refinement,force_eff_rho_no_inner,production_2M,2000000,completed,24339174,20260701_091334_821954_job24339174,snellius_next_mem216,algorithm_data_ordered/2d/non_matching_initial/p2/production_2M/adaptive_force_effective_rho_no_inner_refinement,inner_history.csv,completed,15,0,,8297,8297,12409,12432,12432,40112,5.01607,16.2768,,,,,,0,,1,0.0448063,1,computed_required,2.44444,1.00877,2.42319,0.194962,0.44154500000000002,0.47657300000000002,0.69034266853498205,0.19667200000000001,0.44347716964912637,-0.13314439418976431,0.13314439418976431,10,-0.12536555498924806,0.12536555498924806,10,-0.25073110997849629,0.25073110997849629,10,0.0743143,0.27260600000000001,0.0012074500000000001,0.034748300000000003,0.248583,0.498581,9.7150999999999995e-06,0.0031169100000000001,0.0011977299999999999,0.034608300000000002,6.0300799999999997e-26,2.4556200000000001e-13,2.45562e-13,0.09006249945822245,0.0081112604677181007,11.103400483170834,123.28540107667446,0.089699639982387627,0.99597102592069253,7.066878091877876e-12,4.9940618659157723e-23,1,1,not_skipped,success,1,0.00066987700000000004,0.025881999999999999,0.74484219371882932,0.55478653360387598,,,,,,,,,,,,,,,,,,,,,,,,
inner,2d,non_matching_initial,p2,2,adaptive_force_effective_rho_no_inner_refinement,force_eff_rho_no_inner,production_2M,2000000,completed,24339174,20260701_091334_821954_job24339174,snellius_next_mem216,algorithm_data_ordered/2d/non_matching_initial/p2/production_2M/adaptive_force_effective_rho_no_inner_refinement,inner_history.csv,completed,16,0,,12409,12409,17649,18600,18600,59164,6.82674,23.4512,,,,,,0,,1,0.0655603,1,computed_required,2.44444,1.01774,2.40185,0.18027000000000001,0.42458200000000001,0.44066,0.66382226536927791,0.18346699999999999,0.42833047988673417,-0.13314439418976431,0.13314439418976431,10,-0.12536555498924806,0.12536555498924806,10,-0.25073110997849629,0.25073110997849629,10,0.067408499999999996,0.259631,0.0022914300000000001,0.047868899999999999,0.230431,0.48003200000000001,8.5026000000000006e-06,0.0029159199999999998,0.0022829199999999999,0.047780000000000003,9.28171e-26,3.0465900000000001e-13,3.04659e-13,0.061028045207199656,0.0037244406286685476,16.385909078438367,268.49669512854888,0.06091470662580506,0.99814284431018896,6.3644453914754678e-12,4.0506190457487242e-23,1,1,not_skipped,success,1,0.00114579,0.033849499999999998,0.70712926346751226,0.50003273065291109,,,,,,,,,,,,,,,,,,,,,,,,
inner,2d,non_matching_initial,p2,2,adaptive_force_effective_rho_no_inner_refinement,force_eff_rho_no_inner,production_2M,2000000,completed,24339174,20260701_091334_821954_job24339174,snellius_next_mem216,algorithm_data_ordered/2d/non_matching_initial/p2/production_2M/adaptive_force_effective_rho_no_inner_refinement,inner_history.csv,completed,17,0,,17649,17649,24033,26460,26460,82720,8.95416,32.8815,,,,,,0,,1,0.0885034,1,computed_required,2.44444,1.03045,2.37221,0.16659299999999999,0.40815800000000002,0.40722700000000001,0.63814340081207455,0.17166500000000001,0.41432475185535322,-0.13314439418976431,0.13314439418976431,10,-0.12536555498924806,0.12536555498924806,10,-0.25073110997849629,0.25073110997849629,10,0.059744199999999997,0.244426,0.00372142,0.061003500000000002,0.21408099999999999,0.46268900000000002,6.6993399999999998e-06,0.0025883099999999999,0.0037147199999999999,0.060948500000000003,1.3868899999999999e-25,3.72409e-13,3.72409e-13,0.042467164901515211,0.0018034575957272688,23.547604421417837,554.49044234208145,0.042428877031645724,0.99909841238617458,6.104715303220307e-12,3.7267763380645018e-23,1,1,not_skipped,success,1,0.0017347700000000001,0.0416505,0.68275590744793324,0.46615807944279336,,,,,,,,,,,,,,,,,,,,,,,,
inner,2d,non_matching_initial,p2,2,adaptive_force_effective_rho_no_inner_refinement,force_eff_rho_no_inner,production_2M,2000000,completed,24339174,20260701_091334_821954_job24339174,snellius_next_mem216,algorithm_data_ordered/2d/non_matching_initial/p2/production_2M/adaptive_force_effective_rho_no_inner_refinement,inner_history.csv,completed,18,0,,24033,24033,40049,36036,36036,114288,14.9136,48.514,,,,,,0,,1,0.0999789,1,computed_required,2.44444,1.03776,2.35549,0.15600700000000001,0.394978,0.381351,0.61753623375474898,0.16189899999999999,0.40236674812911666,-0.13314439418976431,0.13314439418976431,10,-0.12536555498924806,0.12536555498924806,10,-0.25073110997849629,0.25073110997849629,10,0.057036299999999998,0.23882300000000001,0.0043076499999999997,0.065632700000000002,0.19999500000000001,0.44720700000000002,4.3952200000000004e-06,0.00209648,0.0043032499999999998,0.065599199999999996,2.1756599999999998e-25,4.6643999999999998e-13,4.6644e-13,0.031958926328369858,0.0010213722186719341,31.29016255819278,979.07499510832213,0.031942613971389262,0.99948958369836982,7.1068232755928058e-12,5.0506888906944621e-23,1,1,not_skipped,success,1,0.0020585099999999999,0.045370800000000003,0.69128346083583336,0.4778730862535257,,,,,,,,,,,,,,,,,,,,,,,,
inner,2d,non_matching_initial,p2,2,adaptive_force_effective_rho_no_inner_refinement,force_eff_rho_no_inner,production_2M,2000000,completed,24339174,20260701_091334_821954_job24339174,snellius_next_mem216,algorithm_data_ordered/2d/non_matching_initial/p2/production_2M/adaptive_force_effective_rho_no_inner_refinement,inner_history.csv,completed,19,0,,40049,40049,50947,60060,60060,187144,21.938,71.5872,,,,,,0,,1,0.0611553,1,computed_required,2.44444,1.01562,2.40686,0.13590099999999999,0.36864799999999998,0.332202,0.57636967303979481,0.13802300000000001,0.3715144680897367,-0.13314439418976431,0.13314439418976431,10,-0.12536555498924806,0.12536555498924806,10,-0.25073110997849629,0.25073110997849629,10,0.055495299999999997,0.23557400000000001,0.00146323,0.0382522,0.17163700000000001,0.41429100000000002,3.0020199999999999e-06,0.00173263,0.0014602300000000001,0.038212999999999997,3.4804999999999998e-25,5.89958e-13,5.89958e-13,0.045341375971528014,0.0020558542147469916,22.054910742628259,486.41581335234281,0.045294911142365668,0.9989752223401529,1.54228514961231e-11,2.3786417719702302e-22,1,1,not_skipped,success,1,0.000781185,0.027949700000000001,0.73066908569964606,0.53387710749506223,,,,,,,,,,,,,,,,,,,,,,,,
inner,2d,non_matching_initial,p2,2,adaptive_force_effective_rho_no_inner_refinement,force_eff_rho_no_inner,production_2M,2000000,completed,24339174,20260701_091334_821954_job24339174,snellius_next_mem216,algorithm_data_ordered/2d/non_matching_initial/p2/production_2M/adaptive_force_effective_rho_no_inner_refinement,inner_history.csv,completed,20,0,,50947,50947,71691,76407,76407,236140,27.2391,100.137,,,,,,0,,1,0.0753338,1,computed_required,2.44444,1.02282,2.38991,0.125722,0.354574,0.30732100000000001,0.55436540296089909,0.12859100000000001,0.35859587281506744,-0.13314439418976431,0.13314439418976431,10,-0.12536555498924806,0.12536555498924806,10,-0.25073110997849629,0.25073110997849629,10,0.049924900000000001,0.223439,0.0020130500000000002,0.044866999999999997,0.15941,0.39926200000000001,2.6552500000000001e-06,0.0016294899999999999,0.0020103999999999999,0.044837399999999999,4.9471099999999996e-25,7.0335700000000003e-13,7.03357e-13,0.036342205391035158,0.001320757063270991,27.516216730388038,757.14151209867237,0.036318229433659484,0.99934027236053224,1.567648828760559e-11,2.4575196840614983e-22,1,1,not_skipped,success,1,0.0010473699999999999,0.032363200000000002,0.72131410613591285,0.52029010705148893,,,,,,,,,,,,,,,,,,,,,,,,
inner,2d,non_matching_initial,p2,2,adaptive_force_effective_rho_no_inner_refinement,force_eff_rho_no_inner,production_2M,2000000,completed,24339174,20260701_091334_821954_job24339174,snellius_next_mem216,algorithm_data_ordered/2d/non_matching_initial/p2/production_2M/adaptive_force_effective_rho_no_inner_refinement,inner_history.csv,completed,21,0,,71691,71691,105323,107523,107523,336052,46.7342,149.093,,,,,,0,,1,0.0997621,1,computed_required,2.44444,1.03762,2.35582,0.11276700000000001,0.33580900000000002,0.27565400000000001,0.52502761832116984,0.11701,0.34206724485106726,-0.13314439418976431,0.13314439418976431,10,-0.12536555498924806,0.12536555498924806,10,-0.25073110997849629,0.25073110997849629,10,0.045912799999999997,0.21427299999999999,0.0029720300000000001,0.054516299999999997,0.142481,0.37746600000000002,1.9802300000000001e-06,0.0014072100000000001,0.0029700500000000001,0.054498199999999997,7.5644699999999996e-25,8.6973900000000002e-13,8.69739e-13,0.025821219783405694,0.00066673288328479314,38.727837351923306,1499.8510274059074,0.025812646859746539,0.9996679892068977,1.5953742275246122e-11,2.5452199338499273e-22,1,1,not_skipped,success,1,0.0017214299999999999,0.041490100000000002,0.76105861916527728,0.57921016948011961,,,,,,,,,,,,,,,,,,,,,,,,
inner,2d,non_matching_initial,p2,2,adaptive_force_effective_rho_no_inner_refinement,force_eff_rho_no_inner,production_2M,2000000,completed,24339174,20260701_091334_821954_job24339174,snellius_next_mem216,algorithm_data_ordered/2d/non_matching_initial/p2/production_2M/adaptive_force_effective_rho_no_inner_refinement,inner_history.csv,completed,22,0,,105323,105323,138711,157971,157971,488692,63.5756,215.789,,,,,,0,,1,0.060615,1,computed_required,2.44444,1.01536,2.40745,0.102937,0.32083699999999998,0.25162299999999999,0.50162037438684648,0.104518,0.32329243727622209,-0.13314439418976431,0.13314439418976431,10,-0.12536555498924806,0.12536555498924806,10,-0.25073110997849629,0.25073110997849629,10,0.042122100000000003,0.205237,0.00108916,0.033002400000000001,0.129965,0.36050700000000002,1.4944400000000001e-06,0.00122247,0.0010876600000000001,0.032979700000000001,1.1437400000000001e-24,1.06946e-12,1.06946e-12,0.037067347489516275,0.0013739955500799883,26.977921748590969,727.80439495730843,0.037041851501708967,0.99931217123603133,3.2405522022640774e-11,1.0501120129273936e-21,1,1,not_skipped,success,1,0.00061308800000000002,0.024760600000000001,0.75026664727413761,0.56289984942524518,,,,,,,,,,,,,,,,,,,,,,,,
inner,2d,non_matching_initial,p2,2,adaptive_force_effective_rho_no_inner_refinement,force_eff_rho_no_inner,production_2M,2000000,completed,24339174,20260701_091334_821954_job24339174,snellius_next_mem216,algorithm_data_ordered/2d/non_matching_initial/p2/production_2M/adaptive_force_effective_rho_no_inner_refinement,inner_history.csv,completed,23,0,,138711,138711,185015,208053,208053,638800,80.4715,300.332,,,,,,0,,1,0.0770371,1,computed_required,2.44444,1.02376,2.38772,0.095835400000000001,0.30957299999999999,0.234264,0.48400826439225186,0.098112199999999997,0.3132286704629702,-0.13314439418976431,0.13314439418976431,10,-0.12536555498924806,0.12536555498924806,10,-0.25073110997849629,0.25073110997849629,10,0.0394597,0.19864499999999999,0.00157357,0.039668200000000001,0.120891,0.347694,1.4005200000000001e-06,0.00118344,0.0015721699999999999,0.039650499999999998,1.6513099999999999e-24,1.28503e-12,1.28503e-12,0.02984678629525479,0.00089081969507114381,33.504444669776241,1122.5616199697254,0.029833468622221325,0.99955379876072015,3.2394462062811018e-11,1.0494035854776082e-21,1,1,not_skipped,success,1,0.00062808999999999999,0.025061699999999999,0.63178314115588807,0.39914970417585488,,,,,,,,,,,,,,,,,,,,,,,,
inner,2d,non_matching_initial,p2,2,adaptive_force_effective_rho_no_inner_refinement,force_eff_rho_no_inner,production_2M,2000000,completed,24339174,20260701_091334_821954_job24339174,snellius_next_mem216,algorithm_data_ordered/2d/non_matching_initial/p2/production_2M/adaptive_force_effective_rho_no_inner_refinement,inner_history.csv,completed,24,0,,185015,185015,270991,277509,277509,857748,128.976,435.664,,,,,,0,,1,0.124497,1,computed_required,2.44444,1.05524,2.31648,0.085439699999999993,0.29230099999999998,0.20885300000000001,0.45700437634666041,0.090159600000000006,0.30026588217777922,-0.13314439418976431,0.13314439418976431,10,-0.12536555498924806,0.12536555498924806,10,-0.25073110997849629,0.25073110997849629,10,0.035123000000000001,0.18741099999999999,0.0033240000000000001,0.0576541,0.107803,0.32833299999999999,1.28148e-06,0.00113203,0.0033227199999999999,0.057643,2.7581499999999999e-24,1.66077e-12,1.66077e-12,0.019638637822458928,0.00038567197958299228,50.920028621149612,2592.8769859849549,0.019634856844526236,0.99980747249545132,2.8805757092730613e-11,8.2976835138387482e-22,1,1,not_skipped,success,1,0.00114689,0.033865699999999999,0.58739447844992809,0.34503309265944643,,,,,,,,,,,,,,,,,,,,,,,,
inner,2d,non_matching_initial,p2,2,adaptive_force_effective_rho_no_inner_refinement,force_eff_rho_no_inner,production_2M,2000000,completed,24339174,20260701_091334_821954_job24339174,snellius_next_mem216,algorithm_data_ordered/2d/non_matching_initial/p2/production_2M/adaptive_force_effective_rho_no_inner_refinement,inner_history.csv,completed,25,0,,270991,270991,367555,406473,406473,1249768,174.506,619.201,,,,,,0,,1,0.148772,1,computed_required,2.44444,1.07472,2.2745,0.079143599999999995,0.28132499999999999,0.193462,0.43984315386282868,0.085057099999999997,0.29164550399414696,-0.13314439418976431,0.13314439418976431,10,-0.12536555498924806,0.12536555498924806,10,-0.25073110997849629,0.25073110997849629,10,0.032430199999999999,0.18008399999999999,0.0042081200000000001,0.064869999999999997,0.099905099999999997,0.31607800000000003,1.2033e-06,0.00109695,0.0042069200000000003,0.064860699999999993,4.0947800000000003e-24,2.0235599999999999e-12,2.02356e-12,0.016912398416915022,0.00028602873361033721,59.128219153106336,3496.152247984709,0.016909973793741328,0.9998566363496223,3.1194080468629567e-11,9.7306635742326753e-22,1,1,not_skipped,success,1,0.0014036599999999999,0.037465499999999999,0.5775474024973023,0.3335598794711177,,,,,,,,,,,,,,,,,,,,,,,,
inner,2d,non_matching_initial,p2,2,adaptive_force_effective_rho_no_inner_refinement,force_eff_rho_no_inner,production_2M,2000000,completed,24339174,20260701_091334_821954_job24339174,snellius_next_mem216,algorithm_data_ordered/2d/non_matching_initial/p2/production_2M/adaptive_force_effective_rho_no_inner_refinement,inner_history.csv,completed,26,0,,367555,367555,483999,551319,551319,1684648,226.518,858.411,,,,,,0,,1,0.123447,1,computed_required,2.44444,1.05445,2.31823,0.074151999999999996,0.27230900000000002,0.18126,0.42574640339056302,0.078189300000000003,0.27962349686676907,-0.13314439418976431,0.13314439418976431,10,-0.12536555498924806,0.12536555498924806,10,-0.25073110997849629,0.25073110997849629,10,0.03073,0.17530000000000001,0.0028324499999999998,0.053220799999999999,0.093450699999999998,0.305697,1.10108e-06,0.0010493200000000001,0.0028313499999999998,0.053210500000000001,5.8000500000000003e-24,2.4083300000000001e-12,2.40833e-12,0.019720168011952529,0.00038888869267310648,50.709507109366065,2571.429868856032,0.019716351501668523,0.99980646664462014,4.5251668520578421e-11,2.0477148758142249e-21,1,1,not_skipped,success,1,0.00084711200000000002,0.029105200000000001,0.54687640922346159,0.29907394658334657,,,,,,,,,,,,,,,,,,,,,,,,
inner,2d,non_matching_initial,p2,2,adaptive_force_effective_rho_no_inner_refinement,force_eff_rho_no_inner,production_2M,2000000,completed,24339174,20260701_091334_821954_job24339174,snellius_next_mem216,algorithm_data_ordered/2d/non_matching_initial/p2/production_2M/adaptive_force_effective_rho_no_inner_refinement,inner_history.csv,completed,27,0,,483999,483999,681281,725985,725985,2210876,352.82,1227.57,,,,,,0,,1,0.103974,1,computed_required,2.44444,1.04045,2.34942,0.0683203,0.261382,0.16700499999999999,0.40866245239806409,0.071083599999999997,0.26661507834329251,-0.13314439418976431,0.13314439418976431,10,-0.12536555498924806,0.12536555498924806,10,-0.25073110997849629,0.25073110997849629,10,0.029796099999999999,0.17261599999999999,0.0018802599999999999,0.043361999999999998,0.085442199999999996,0.29230499999999998,1.06401e-06,0.00103151,0.0018791999999999999,0.043349699999999998,1.01415e-23,3.1845800000000001e-12,3.18458e-12,0.02379508970073611,0.00056620370370370375,42.025477213017808,1766.1488143908423,0.023788340021216735,0.99971634149716337,7.3441723167750574e-11,5.3936689606756519e-21,1,1,not_skipped,success,1,0.00076804900000000003,0.027713700000000001,0.63912411789124124,0.40848021018369801,,,,,,,,,,,,,,,,,,,,,,,,
inner,2d,non_matching_initial,p2,2,adaptive_force_effective_rho_no_inner_refinement,force_eff_rho_no_inner,production_2M,2000000,completed,24339174,20260701_091334_821954_job24339174,snellius_next_mem216,algorithm_data_ordered/2d/non_matching_initial/p2/production_2M/adaptive_force_effective_rho_no_inner_refinement,inner_history.csv,completed,28,0,,681281,681281,961085,1021956,1021956,3131984,484.784,1738.13,,,,,,0,,1,0.100543,1,computed_required,2.44444,1.03814,2.35464,0.063356700000000002,0.25170700000000001,0.15487200000000001,0.39353779996335803,0.065772999999999998,0.25646247288833507,-0.13314439418976431,0.13314439418976431,10,-0.12536555498924806,0.12536555498924806,10,-0.25073110997849629,0.25073110997849629,10,0.028044699999999999,0.167466,0.0016302300000000001,0.040376099999999998,0.079050800000000004,0.28116000000000002,1.03051e-06,0.0010151400000000001,0.0016291999999999999,0.040363299999999998,1.4138e-23,3.76006e-12,3.76006e-12,0.025150074448818609,0.00063252516572550948,39.761313710424169,1580.9647650192624,0.025142101391664874,0.99968298077327922,9.3125883876847936e-11,8.6723959195941677e-21,1,1,not_skipped,success,1,0.00087087600000000003,0.029510600000000001,0.7308927806301253,0.53420437606963433,,,,,,,,,,,,,,,,,,,,,,,,
inner,2d,non_matching_initial,p2,2,adaptive_force_effective_rho_no_inner_refinement,force_eff_rho_no_inner,production_2M,2000000,completed,24339174,20260701_091334_821954_job24339174,snellius_next_mem216,algorithm_data_ordered/2d/non_matching_initial/p2/production_2M/adaptive_force_effective_rho_no_inner_refinement,inner_history.csv,completed,29,0,,961085,961085,1244453,1442046,1442046,4392360,660.002,2433.81,,,,,,0,,1,0.152943,1,computed_required,2.44444,1.07826,2.26703,0.056520899999999999,0.23774100000000001,0.13816200000000001,0.37170149313662976,0.060944199999999997,0.24686879106116269,-0.13314439418976431,0.13314439418976431,10,-0.12536555498924806,0.12536555498924806,10,-0.25073110997849629,0.25073110997849629,10,0.024119600000000001,0.155305,0.0030998800000000002,0.055676499999999997,0.070921499999999998,0.26631100000000002,7.3585000000000001e-07,0.00085781699999999998,0.0030991399999999998,0.055669900000000001,2.17599e-23,4.6647500000000003e-12,4.66475e-12,0.015408991214282762,0.0002374368373161587,64.897175038498887,4211.6463953251341,0.01540716460266001,0.99988145806579087,8.3783104182195373e-11,7.0195943068763948e-21,1,1,not_skipped,success,1,0.0010908999999999999,0.033028700000000001,0.59322514885095157,0.35191684839413134,,,,,,,,,,,,,,,,,,,,,,,,
inner,2d,non_matching_initial,p2,2,adaptive_force_effective_rho_no_inner_refinement,force_eff_rho_no_inner,production_2M,2000000,completed,24339174,20260701_091334_821954_job24339174,snellius_next_mem216,algorithm_data_ordered/2d/non_matching_initial/p2/production_2M/adaptive_force_effective_rho_no_inner_refinement,inner_history.csv,completed,30,0,,1244453,1244453,1657753,1866714,1866714,5666816,855.366,3335.33,,,,,,0,,1,0.14416,1,computed_required,2.44444,1.07087,2.28268,0.052623700000000002,0.22939899999999999,0.128636,0.35865861205330063,0.056353,0.23738786826626165,-0.13314439418976431,0.13314439418976431,10,-0.12536555498924806,0.12536555498924806,10,-0.25073110997849629,0.25073110997849629,10,0.023101400000000001,0.15199099999999999,0.0025722499999999999,0.050717400000000003,0.065744700000000003,0.256407,6.9948199999999996e-07,0.00083635000000000003,0.0025715500000000001,0.050710499999999999,8.0387199999999993e-21,8.9658900000000002e-11,8.96589e-11,0.016492639591406118,0.00027200793295872135,60.633108148502416,3676.3633660337223,0.016490395801046585,0.99986395201646761,1.7678134131481504e-09,3.1251705705121975e-18,1,1,not_skipped,success,1,0.00070238799999999997,0.026502600000000001,0.52255438961776435,0.27306366021965206,,,,,,,,,,,,,,,,,,,,,,,,
inner,2d,non_matching_initial,p2,2,adaptive_force_effective_rho_no_inner_refinement,force_eff_rho_no_inner,production_2M,2000000,completed,24339174,20260701_091334_821954_job24339174,snellius_next_mem216,algorithm_data_ordered/2d/non_matching_initial/p2/production_2M/adaptive_force_effective_rho_no_inner_refinement,inner_history.csv,completed,31,0,,1657753,1657753,2367541,2486664,2486664,7593544,1400.19,4803.28,,,,,,0,,1,0.14581,1,computed_required,2.44444,1.07224,2.27976,0.048912200000000003,0.221161,0.119563,0.34577883104666773,0.052445400000000003,0.22900960678539231,-0.13314439418976431,0.13314439418976431,10,-0.12536555498924806,0.12536555498924806,10,-0.25073110997849629,0.25073110997849629,10,0.022129699999999999,0.148761,0.0024051599999999999,0.0490424,0.060815500000000002,0.24660799999999999,5.5743000000000004e-07,0.00074661200000000001,0.0024045999999999998,0.049036700000000003,5.6465800000000003e-23,7.5143699999999992e-12,7.51437e-12,0.015225575946179086,0.00023181818181818186,65.678960423888185,4313.7254901960778,0.015223806339004617,0.99988377404042217,1.5322190594261291e-10,2.347694124299423e-20,1,1,not_skipped,success,1,0.000692261,0.026310900000000002,0.53649291225551776,0.28782326331720137,,,,,,,,,,,,,,,,,,,,,,,,
inner_summary,2d,non_matching_initial,p2,2,adaptive_force_effective_rho_no_inner_refinement,force_eff_rho_no_inner,production_2M,2000000,completed,24339174,20260701_091334_821954_job24339174,snellius_next_mem216,algorithm_data_ordered/2d/non_matching_initial/p2/production_2M/adaptive_force_effective_rho_no_inner_refinement,inner_history.csv,,0,,1,15,15,27,,,,,,,,,,,,,,,,,,,,,,,,,,-0.13314439418976431,0.13314439418976431,10,-0.12536555498924806,0.12536555498924806,10,-0.25073110997849629,0.25073110997849629,10,,,,,,,,,,,,,,,,,,,,,,,,,,,,,,,90582004447179.016,90582004447179.016,90582004447179.016,90582004447179.016,1.1039720373853385e-14,1.1039720373853385e-14,1.1039720373853385e-14,1.1039720373853385e-14,0.97502482652401823,0.97502482652401823,0.97502482652401823,0.97502482652401823,3.4507732868666139e-14,3.4507732868666139e-14,3.4507732868666139e-14,3.4507732868666139e-14,1,1,1,1,1,1,1,1
inner_summary,2d,non_matching_initial,p2,2,adaptive_force_effective_rho_no_inner_refinement,force_eff_rho_no_inner,production_2M,2000000,completed,24339174,20260701_091334_821954_job24339174,snellius_next_mem216,algorithm_data_ordered/2d/non_matching_initial/p2/production_2M/adaptive_force_effective_rho_no_inner_refinement,inner_history.csv,,1,,1,27,27,45,,,,,,,,,,,,,,,,,,,,,,,,,,-0.13314439418976431,0.13314439418976431,10,-0.12536555498924806,0.12536555498924806,10,-0.25073110997849629,0.25073110997849629,10,,,,,,,,,,,,,,,,,,,,,,,,,,,,,,,2.6398834304746046,2.6398834304746046,2.6398834304746046,2.6398834304746046,0.37880460495190033,0.37880460495190033,0.37880460495190033,0.37880460495190033,0.93036117215036795,0.93036117215036795,0.93036117215036795,0.93036117215036795,4.7254339522468184e-14,4.7254339522468184e-14,4.7254339522468184e-14,4.7254339522468184e-14,0.9351541876207472,0.9351541876207472,0.9351541876207472,0.9351541876207472,1,1,1,1
inner_summary,2d,non_matching_initial,p2,2,adaptive_force_effective_rho_no_inner_refinement,force_eff_rho_no_inner,production_2M,2000000,completed,24339174,20260701_091334_821954_job24339174,snellius_next_mem216,algorithm_data_ordered/2d/non_matching_initial/p2/production_2M/adaptive_force_effective_rho_no_inner_refinement,inner_history.csv,,2,,1,45,45,77,,,,,,,,,,,,,,,,,,,,,,,,,,-0.13314439418976431,0.13314439418976431,10,-0.12536555498924806,0.12536555498924806,10,-0.25073110997849629,0.25073110997849629,10,,,,,,,,,,,,,,,,,,,,,,,,,,,,,,,40086014584844.641,40086014584844.641,40086014584844.641,40086014584844.641,2.4946356238119791e-14,2.4946356238119791e-14,2.4946356238119791e-14,2.4946356238119791e-14,0.98637441644975565,0.98637441644975565,0.98637441644975565,0.98637441644975565,7.635783008431969e-14,7.635783008431969e-14,7.635783008431969e-14,7.635783008431969e-14,1,1,1,1,1,1,1,1
inner_summary,2d,non_matching_initial,p2,2,adaptive_force_effective_rho_no_inner_refinement,force_eff_rho_no_inner,production_2M,2000000,completed,24339174,20260701_091334_821954_job24339174,snellius_next_mem216,algorithm_data_ordered/2d/non_matching_initial/p2/production_2M/adaptive_force_effective_rho_no_inner_refinement,inner_history.csv,,3,,1,77,77,99,,,,,,,,,,,,,,,,,,,,,,,,,,-0.13314439418976431,0.13314439418976431,10,-0.12536555498924806,0.12536555498924806,10,-0.25073110997849629,0.25073110997849629,10,,,,,,,,,,,,,,,,,,,,,,,,,,,,,,,32827902420011.113,32827902420011.113,32827902420011.113,32827902420011.113,3.0461891448489977e-14,3.0461891448489977e-14,3.0461891448489977e-14,3.0461891448489977e-14,0.97338558609873205,0.97338558609873205,0.97338558609873205,0.97338558609873205,3.6674060673643507e-13,3.6674060673643507e-13,3.6674060673643507e-13,3.6674060673643507e-13,1,1,1,1,1,1,1,1
inner_summary,2d,non_matching_initial,p2,2,adaptive_force_effective_rho_no_inner_refinement,force_eff_rho_no_inner,production_2M,2000000,completed,24339174,20260701_091334_821954_job24339174,snellius_next_mem216,algorithm_data_ordered/2d/non_matching_initial/p2/production_2M/adaptive_force_effective_rho_no_inner_refinement,inner_history.csv,,4,,1,99,99,141,,,,,,,,,,,,,,,,,,,,,,,,,,-0.13314439418976431,0.13314439418976431,10,-0.12536555498924806,0.12536555498924806,10,-0.25073110997849629,0.25073110997849629,10,,,,,,,,,,,,,,,,,,,,,,,,,,,,,,,4.6002418437403039,4.6002418437403039,4.6002418437403039,4.6002418437403039,0.21737987566039205,0.21737987566039205,0.21737987566039205,0.21737987566039205,0.95785453562254963,0.95785453562254963,0.95785453562254963,0.95785453562254963,4.9867344869541703e-13,4.9867344869541703e-13,4.9867344869541703e-13,4.9867344869541703e-13,0.97717824793835339,0.97717824793835339,0.97717824793835339,0.97717824793835339,1,1,1,1
inner_summary,2d,non_matching_initial,p2,2,adaptive_force_effective_rho_no_inner_refinement,force_eff_rho_no_inner,production_2M,2000000,completed,24339174,20260701_091334_821954_job24339174,snellius_next_mem216,algorithm_data_ordered/2d/non_matching_initial/p2/production_2M/adaptive_force_effective_rho_no_inner_refinement,inner_history.csv,,5,,1,141,141,319,,,,,,,,,,,,,,,,,,,,,,,,,,-0.13314439418976431,0.13314439418976431,10,-0.12536555498924806,0.12536555498924806,10,-0.25073110997849629,0.25073110997849629,10,,,,,,,,,,,,,,,,,,,,,,,,,,,,,,,2.0249914727526361,2.0249914727526361,2.0249914727526361,2.0249914727526361,0.49382924000201722,0.49382924000201722,0.49382924000201722,0.49382924000201722,0.91152651355860925,0.91152651355860925,0.91152651355860925,0.91152651355860925,6.4169730184353682e-13,6.4169730184353682e-13,6.4169730184353682e-13,6.4169730184353682e-13,0.8966271913760282,0.8966271913760282,0.8966271913760282,0.8966271913760282,1,1,1,1
inner_summary,2d,non_matching_initial,p2,2,adaptive_force_effective_rho_no_inner_refinement,force_eff_rho_no_inner,production_2M,2000000,completed,24339174,20260701_091334_821954_job24339174,snellius_next_mem216,algorithm_data_ordered/2d/non_matching_initial/p2/production_2M/adaptive_force_effective_rho_no_inner_refinement,inner_history.csv,,6,,1,319,319,367,,,,,,,,,,,,,,,,,,,,,,,,,,-0.13314439418976431,0.13314439418976431,10,-0.12536555498924806,0.12536555498924806,10,-0.25073110997849629,0.25073110997849629,10,,,,,,,,,,,,,,,,,,,,,,,,,,,,,,,3794906644858.8438,3794906644858.8438,3794906644858.8438,3794906644858.8438,2.6351109357452879e-13,2.6351109357452879e-13,2.6351109357452879e-13,2.6351109357452879e-13,0.97709199623637966,0.97709199623637966,0.97709199623637966,0.97709199623637966,2.5604759158648743e-12,2.5604759158648743e-12,2.5604759158648743e-12,2.5604759158648743e-12,1,1,1,1,1,1,1,1
inner_summary,2d,non_matching_initial,p2,2,adaptive_force_effective_rho_no_inner_refinement,force_eff_rho_no_inner,production_2M,2000000,completed,24339174,20260701_091334_821954_job24339174,snellius_next_mem216,algorithm_data_ordered/2d/non_matching_initial/p2/production_2M/adaptive_force_effective_rho_no_inner_refinement,inner_history.csv,,7,,1,367,367,655,,,,,,,,,,,,,,,,,,,,,,,,,,-0.13314439418976431,0.13314439418976431,10,-0.12536555498924806,0.12536555498924806,10,-0.25073110997849629,0.25073110997849629,10,,,,,,,,,,,,,,,,,,,,,,,,,,,,,,,7.7625844048288322,7.7625844048288322,7.7625844048288322,7.7625844048288322,0.12882307590471223,0.12882307590471223,0.12882307590471223,0.12882307590471223,0.97190898418190796,0.97190898418190796,0.97190898418190796,0.97190898418190796,3.0093224789915966e-12,3.0093224789915966e-12,3.0093224789915966e-12,3.0093224789915966e-12,0.99180517795353429,0.99180517795353429,0.99180517795353429,0.99180517795353429,1,1,1,1
inner_summary,2d,non_matching_initial,p2,2,adaptive_force_effective_rho_no_inner_refinement,force_eff_rho_no_inner,production_2M,2000000,completed,24339174,20260701_091334_821954_job24339174,snellius_next_mem216,algorithm_data_ordered/2d/non_matching_initial/p2/production_2M/adaptive_force_effective_rho_no_inner_refinement,inner_history.csv,,8,,1,655,655,887,,,,,,,,,,,,,,,,,,,,,,,,,,-0.13314439418976431,0.13314439418976431,10,-0.12536555498924806,0.12536555498924806,10,-0.25073110997849629,0.25073110997849629,10,,,,,,,,,,,,,,,,,,,,,,,,,,,,,,,0.57814738538681942,0.57814738538681942,0.57814738538681942,0.57814738538681942,1.7296627560305109,1.7296627560305109,1.7296627560305109,1.7296627560305109,0.73275504548396719,0.73275504548396719,0.73275504548396719,0.73275504548396719,2.0078332422491208e-12,2.0078332422491208e-12,2.0078332422491208e-12,2.0078332422491208e-12,0.50051743584376918,0.50051743584376918,0.50051743584376918,0.50051743584376918,1,1,1,1
inner_summary,2d,non_matching_initial,p2,2,adaptive_force_effective_rho_no_inner_refinement,force_eff_rho_no_inner,production_2M,2000000,completed,24339174,20260701_091334_821954_job24339174,snellius_next_mem216,algorithm_data_ordered/2d/non_matching_initial/p2/production_2M/adaptive_force_effective_rho_no_inner_refinement,inner_history.csv,,9,,1,887,887,1011,,,,,,,,,,,,,,,,,,,,,,,,,,-0.13314439418976431,0.13314439418976431,10,-0.12536555498924806,0.12536555498924806,10,-0.25073110997849629,0.25073110997849629,10,,,,,,,,,,,,,,,,,,,,,,,,,,,,,,,0.37739860974289957,0.37739860974289957,0.37739860974289957,0.37739860974289957,2.6497182930303946,2.6497182930303946,2.6497182930303946,2.6497182930303946,0.68734990588693456,0.68734990588693456,0.68734990588693456,0.68734990588693456,2.1373856039462581e-12,2.1373856039462581e-12,2.1373856039462581e-12,2.1373856039462581e-12,0.35308950477055884,0.35308950477055884,0.35308950477055884,0.35308950477055884,1,1,1,1
inner_summary,2d,non_matching_initial,p2,2,adaptive_force_effective_rho_no_inner_refinement,force_eff_rho_no_inner,production_2M,2000000,completed,24339174,20260701_091334_821954_job24339174,snellius_next_mem216,algorithm_data_ordered/2d/non_matching_initial/p2/production_2M/adaptive_force_effective_rho_no_inner_refinement,inner_history.csv,,10,,1,1011,1011,1891,,,,,,,,,,,,,,,,,,,,,,,,,,-0.13314439418976431,0.13314439418976431,10,-0.12536555498924806,0.12536555498924806,10,-0.25073110997849629,0.25073110997849629,10,,,,,,,,,,,,,,,,,,,,,,,,,,,,,,,0.37451937091378518,0.37451937091378518,0.37451937091378518,0.37451937091378518,2.6700888596499355,2.6700888596499355,2.6700888596499355,2.6700888596499355,0.68884664131812423,0.68884664131812423,0.68884664131812423,0.68884664131812423,2.3349907380325633e-12,2.3349907380325633e-12,2.3349907380325633e-12,2.3349907380325633e-12,0.35072958304897467,0.35072958304897467,0.35072958304897467,0.35072958304897467,1,1,1,1
inner_summary,2d,non_matching_initial,p2,2,adaptive_force_effective_rho_no_inner_refinement,force_eff_rho_no_inner,production_2M,2000000,completed,24339174,20260701_091334_821954_job24339174,snellius_next_mem216,algorithm_data_ordered/2d/non_matching_initial/p2/production_2M/adaptive_force_effective_rho_no_inner_refinement,inner_history.csv,,11,,1,1891,1891,2279,,,,,,,,,,,,,,,,,,,,,,,,,,-0.13314439418976431,0.13314439418976431,10,-0.12536555498924806,0.12536555498924806,10,-0.25073110997849629,0.25073110997849629,10,,,,,,,,,,,,,,,,,,,,,,,,,,,,,,,0.35530895113462713,0.35530895113462713,0.35530895113462713,0.35530895113462713,2.8144520333829091,2.8144520333829091,2.8144520333829091,2.8144520333829091,0.75161910319761005,0.75161910319761005,0.75161910319761005,0.75161910319761005,3.0994392606359702e-12,3.0994392606359702e-12,3.0994392606359702e-12,3.0994392606359702e-12,0.33480389980272635,0.33480389980272635,0.33480389980272635,0.33480389980272635,1,1,1,1
inner_summary,2d,non_matching_initial,p2,2,adaptive_force_effective_rho_no_inner_refinement,force_eff_rho_no_inner,production_2M,2000000,completed,24339174,20260701_091334_821954_job24339174,snellius_next_mem216,algorithm_data_ordered/2d/non_matching_initial/p2/production_2M/adaptive_force_effective_rho_no_inner_refinement,inner_history.csv,,12,,1,2279,2279,4193,,,,,,,,,,,,,,,,,,,,,,,,,,-0.13314439418976431,0.13314439418976431,10,-0.12536555498924806,0.12536555498924806,10,-0.25073110997849629,0.25073110997849629,10,,,,,,,,,,,,,,,,,,,,,,,,,,,,,,,0.35006371562709587,0.35006371562709587,0.35006371562709587,0.35006371562709587,2.8566228242439338,2.8566228242439338,2.8566228242439338,2.8566228242439338,0.7556552922520835,0.7556552922520835,0.7556552922520835,0.7556552922520835,3.4753104199175167e-12,3.4753104199175167e-12,3.4753104199175167e-12,3.4753104199175167e-12,0.33040453499523648,0.33040453499523648,0.33040453499523648,0.33040453499523648,1,1,1,1
inner_summary,2d,non_matching_initial,p2,2,adaptive_force_effective_rho_no_inner_refinement,force_eff_rho_no_inner,production_2M,2000000,completed,24339174,20260701_091334_821954_job24339174,snellius_next_mem216,algorithm_data_ordered/2d/non_matching_initial/p2/production_2M/adaptive_force_effective_rho_no_inner_refinement,inner_history.csv,,13,,1,4193,4193,5471,,,,,,,,,,,,,,,,,,,,,,,,,,-0.13314439418976431,0.13314439418976431,10,-0.12536555498924806,0.12536555498924806,10,-0.25073110997849629,0.25073110997849629,10,,,,,,,,,,,,,,,,,,,,,,,,,,,,,,,0.067023917911677958,0.067023917911677958,0.067023917911677958,0.067023917911677958,14.920046919933405,14.920046919933405,14.920046919933405,14.920046919933405,0.72763112613615666,0.72763112613615666,0.72763112613615666,0.72763112613615666,1.9934614061013382e-12,1.9934614061013382e-12,1.9934614061013382e-12,1.9934614061013382e-12,0.066873823356748116,0.066873823356748116,0.066873823356748116,0.066873823356748116,1,1,1,1
inner_summary,2d,non_matching_initial,p2,2,adaptive_force_effective_rho_no_inner_refinement,force_eff_rho_no_inner,production_2M,2000000,completed,24339174,20260701_091334_821954_job24339174,snellius_next_mem216,algorithm_data_ordered/2d/non_matching_initial/p2/production_2M/adaptive_force_effective_rho_no_inner_refinement,inner_history.csv,,14,,1,5471,5471,8297,,,,,,,,,,,,,,,,,,,,,,,,,,-0.13314439418976431,0.13314439418976431,10,-0.12536555498924806,0.12536555498924806,10,-0.25073110997849629,0.25073110997849629,10,,,,,,,,,,,,,,,,,,,,,,,,,,,,,,,0.066147041892052949,0.066147041892052949,0.066147041892052949,0.066147041892052949,15.117834016401302,15.117834016401302,15.117834016401302,15.117834016401302,0.72868116031878782,0.72868116031878782,0.72868116031878782,0.72868116031878782,2.3753588513719544e-12,2.3753588513719544e-12,2.3753588513719544e-12,2.3753588513719544e-12,0.066002841710644022,0.066002841710644022,0.066002841710644022,0.066002841710644022,1,1,1,1
inner_summary,2d,non_matching_initial,p2,2,adaptive_force_effective_rho_no_inner_refinement,force_eff_rho_no_inner,production_2M,2000000,completed,24339174,20260701_091334_821954_job24339174,snellius_next_mem216,algorithm_data_ordered/2d/non_matching_initial/p2/production_2M/adaptive_force_effective_rho_no_inner_refinement,inner_history.csv,,15,,1,8297,8297,12409,,,,,,,,,,,,,,,,,,,,,,,,,,-0.13314439418976431,0.13314439418976431,10,-0.12536555498924806,0.12536555498924806,10,-0.25073110997849629,0.25073110997849629,10,,,,,,,,,,,,,,,,,,,,,,,,,,,,,,,0.09006249945822245,0.09006249945822245,0.09006249945822245,0.09006249945822245,11.103400483170834,11.103400483170834,11.103400483170834,11.103400483170834,0.74484219371882932,0.74484219371882932,0.74484219371882932,0.74484219371882932,7.066878091877876e-12,7.066878091877876e-12,7.066878091877876e-12,7.066878091877876e-12,0.089699639982387627,0.089699639982387627,0.089699639982387627,0.089699639982387627,1,1,1,1
inner_summary,2d,non_matching_initial,p2,2,adaptive_force_effective_rho_no_inner_refinement,force_eff_rho_no_inner,production_2M,2000000,completed,24339174,20260701_091334_821954_job24339174,snellius_next_mem216,algorithm_data_ordered/2d/non_matching_initial/p2/production_2M/adaptive_force_effective_rho_no_inner_refinement,inner_history.csv,,16,,1,12409,12409,17649,,,,,,,,,,,,,,,,,,,,,,,,,,-0.13314439418976431,0.13314439418976431,10,-0.12536555498924806,0.12536555498924806,10,-0.25073110997849629,0.25073110997849629,10,,,,,,,,,,,,,,,,,,,,,,,,,,,,,,,0.061028045207199656,0.061028045207199656,0.061028045207199656,0.061028045207199656,16.385909078438367,16.385909078438367,16.385909078438367,16.385909078438367,0.70712926346751226,0.70712926346751226,0.70712926346751226,0.70712926346751226,6.3644453914754678e-12,6.3644453914754678e-12,6.3644453914754678e-12,6.3644453914754678e-12,0.06091470662580506,0.06091470662580506,0.06091470662580506,0.06091470662580506,1,1,1,1
inner_summary,2d,non_matching_initial,p2,2,adaptive_force_effective_rho_no_inner_refinement,force_eff_rho_no_inner,production_2M,2000000,completed,24339174,20260701_091334_821954_job24339174,snellius_next_mem216,algorithm_data_ordered/2d/non_matching_initial/p2/production_2M/adaptive_force_effective_rho_no_inner_refinement,inner_history.csv,,17,,1,17649,17649,24033,,,,,,,,,,,,,,,,,,,,,,,,,,-0.13314439418976431,0.13314439418976431,10,-0.12536555498924806,0.12536555498924806,10,-0.25073110997849629,0.25073110997849629,10,,,,,,,,,,,,,,,,,,,,,,,,,,,,,,,0.042467164901515211,0.042467164901515211,0.042467164901515211,0.042467164901515211,23.547604421417837,23.547604421417837,23.547604421417837,23.547604421417837,0.68275590744793324,0.68275590744793324,0.68275590744793324,0.68275590744793324,6.104715303220307e-12,6.104715303220307e-12,6.104715303220307e-12,6.104715303220307e-12,0.042428877031645724,0.042428877031645724,0.042428877031645724,0.042428877031645724,1,1,1,1
inner_summary,2d,non_matching_initial,p2,2,adaptive_force_effective_rho_no_inner_refinement,force_eff_rho_no_inner,production_2M,2000000,completed,24339174,20260701_091334_821954_job24339174,snellius_next_mem216,algorithm_data_ordered/2d/non_matching_initial/p2/production_2M/adaptive_force_effective_rho_no_inner_refinement,inner_history.csv,,18,,1,24033,24033,40049,,,,,,,,,,,,,,,,,,,,,,,,,,-0.13314439418976431,0.13314439418976431,10,-0.12536555498924806,0.12536555498924806,10,-0.25073110997849629,0.25073110997849629,10,,,,,,,,,,,,,,,,,,,,,,,,,,,,,,,0.031958926328369858,0.031958926328369858,0.031958926328369858,0.031958926328369858,31.29016255819278,31.29016255819278,31.29016255819278,31.29016255819278,0.69128346083583336,0.69128346083583336,0.69128346083583336,0.69128346083583336,7.1068232755928058e-12,7.1068232755928058e-12,7.1068232755928058e-12,7.1068232755928058e-12,0.031942613971389262,0.031942613971389262,0.031942613971389262,0.031942613971389262,1,1,1,1
inner_summary,2d,non_matching_initial,p2,2,adaptive_force_effective_rho_no_inner_refinement,force_eff_rho_no_inner,production_2M,2000000,completed,24339174,20260701_091334_821954_job24339174,snellius_next_mem216,algorithm_data_ordered/2d/non_matching_initial/p2/production_2M/adaptive_force_effective_rho_no_inner_refinement,inner_history.csv,,19,,1,40049,40049,50947,,,,,,,,,,,,,,,,,,,,,,,,,,-0.13314439418976431,0.13314439418976431,10,-0.12536555498924806,0.12536555498924806,10,-0.25073110997849629,0.25073110997849629,10,,,,,,,,,,,,,,,,,,,,,,,,,,,,,,,0.045341375971528014,0.045341375971528014,0.045341375971528014,0.045341375971528014,22.054910742628259,22.054910742628259,22.054910742628259,22.054910742628259,0.73066908569964606,0.73066908569964606,0.73066908569964606,0.73066908569964606,1.54228514961231e-11,1.54228514961231e-11,1.54228514961231e-11,1.54228514961231e-11,0.045294911142365668,0.045294911142365668,0.045294911142365668,0.045294911142365668,1,1,1,1
inner_summary,2d,non_matching_initial,p2,2,adaptive_force_effective_rho_no_inner_refinement,force_eff_rho_no_inner,production_2M,2000000,completed,24339174,20260701_091334_821954_job24339174,snellius_next_mem216,algorithm_data_ordered/2d/non_matching_initial/p2/production_2M/adaptive_force_effective_rho_no_inner_refinement,inner_history.csv,,20,,1,50947,50947,71691,,,,,,,,,,,,,,,,,,,,,,,,,,-0.13314439418976431,0.13314439418976431,10,-0.12536555498924806,0.12536555498924806,10,-0.25073110997849629,0.25073110997849629,10,,,,,,,,,,,,,,,,,,,,,,,,,,,,,,,0.036342205391035158,0.036342205391035158,0.036342205391035158,0.036342205391035158,27.516216730388038,27.516216730388038,27.516216730388038,27.516216730388038,0.72131410613591285,0.72131410613591285,0.72131410613591285,0.72131410613591285,1.567648828760559e-11,1.567648828760559e-11,1.567648828760559e-11,1.567648828760559e-11,0.036318229433659484,0.036318229433659484,0.036318229433659484,0.036318229433659484,1,1,1,1
inner_summary,2d,non_matching_initial,p2,2,adaptive_force_effective_rho_no_inner_refinement,force_eff_rho_no_inner,production_2M,2000000,completed,24339174,20260701_091334_821954_job24339174,snellius_next_mem216,algorithm_data_ordered/2d/non_matching_initial/p2/production_2M/adaptive_force_effective_rho_no_inner_refinement,inner_history.csv,,21,,1,71691,71691,105323,,,,,,,,,,,,,,,,,,,,,,,,,,-0.13314439418976431,0.13314439418976431,10,-0.12536555498924806,0.12536555498924806,10,-0.25073110997849629,0.25073110997849629,10,,,,,,,,,,,,,,,,,,,,,,,,,,,,,,,0.025821219783405694,0.025821219783405694,0.025821219783405694,0.025821219783405694,38.727837351923306,38.727837351923306,38.727837351923306,38.727837351923306,0.76105861916527728,0.76105861916527728,0.76105861916527728,0.76105861916527728,1.5953742275246122e-11,1.5953742275246122e-11,1.5953742275246122e-11,1.5953742275246122e-11,0.025812646859746539,0.025812646859746539,0.025812646859746539,0.025812646859746539,1,1,1,1
inner_summary,2d,non_matching_initial,p2,2,adaptive_force_effective_rho_no_inner_refinement,force_eff_rho_no_inner,production_2M,2000000,completed,24339174,20260701_091334_821954_job24339174,snellius_next_mem216,algorithm_data_ordered/2d/non_matching_initial/p2/production_2M/adaptive_force_effective_rho_no_inner_refinement,inner_history.csv,,22,,1,105323,105323,138711,,,,,,,,,,,,,,,,,,,,,,,,,,-0.13314439418976431,0.13314439418976431,10,-0.12536555498924806,0.12536555498924806,10,-0.25073110997849629,0.25073110997849629,10,,,,,,,,,,,,,,,,,,,,,,,,,,,,,,,0.037067347489516275,0.037067347489516275,0.037067347489516275,0.037067347489516275,26.977921748590969,26.977921748590969,26.977921748590969,26.977921748590969,0.75026664727413761,0.75026664727413761,0.75026664727413761,0.75026664727413761,3.2405522022640774e-11,3.2405522022640774e-11,3.2405522022640774e-11,3.2405522022640774e-11,0.037041851501708967,0.037041851501708967,0.037041851501708967,0.037041851501708967,1,1,1,1
inner_summary,2d,non_matching_initial,p2,2,adaptive_force_effective_rho_no_inner_refinement,force_eff_rho_no_inner,production_2M,2000000,completed,24339174,20260701_091334_821954_job24339174,snellius_next_mem216,algorithm_data_ordered/2d/non_matching_initial/p2/production_2M/adaptive_force_effective_rho_no_inner_refinement,inner_history.csv,,23,,1,138711,138711,185015,,,,,,,,,,,,,,,,,,,,,,,,,,-0.13314439418976431,0.13314439418976431,10,-0.12536555498924806,0.12536555498924806,10,-0.25073110997849629,0.25073110997849629,10,,,,,,,,,,,,,,,,,,,,,,,,,,,,,,,0.02984678629525479,0.02984678629525479,0.02984678629525479,0.02984678629525479,33.504444669776241,33.504444669776241,33.504444669776241,33.504444669776241,0.63178314115588807,0.63178314115588807,0.63178314115588807,0.63178314115588807,3.2394462062811018e-11,3.2394462062811018e-11,3.2394462062811018e-11,3.2394462062811018e-11,0.029833468622221325,0.029833468622221325,0.029833468622221325,0.029833468622221325,1,1,1,1
inner_summary,2d,non_matching_initial,p2,2,adaptive_force_effective_rho_no_inner_refinement,force_eff_rho_no_inner,production_2M,2000000,completed,24339174,20260701_091334_821954_job24339174,snellius_next_mem216,algorithm_data_ordered/2d/non_matching_initial/p2/production_2M/adaptive_force_effective_rho_no_inner_refinement,inner_history.csv,,24,,1,185015,185015,270991,,,,,,,,,,,,,,,,,,,,,,,,,,-0.13314439418976431,0.13314439418976431,10,-0.12536555498924806,0.12536555498924806,10,-0.25073110997849629,0.25073110997849629,10,,,,,,,,,,,,,,,,,,,,,,,,,,,,,,,0.019638637822458928,0.019638637822458928,0.019638637822458928,0.019638637822458928,50.920028621149612,50.920028621149612,50.920028621149612,50.920028621149612,0.58739447844992809,0.58739447844992809,0.58739447844992809,0.58739447844992809,2.8805757092730613e-11,2.8805757092730613e-11,2.8805757092730613e-11,2.8805757092730613e-11,0.019634856844526236,0.019634856844526236,0.019634856844526236,0.019634856844526236,1,1,1,1
inner_summary,2d,non_matching_initial,p2,2,adaptive_force_effective_rho_no_inner_refinement,force_eff_rho_no_inner,production_2M,2000000,completed,24339174,20260701_091334_821954_job24339174,snellius_next_mem216,algorithm_data_ordered/2d/non_matching_initial/p2/production_2M/adaptive_force_effective_rho_no_inner_refinement,inner_history.csv,,25,,1,270991,270991,367555,,,,,,,,,,,,,,,,,,,,,,,,,,-0.13314439418976431,0.13314439418976431,10,-0.12536555498924806,0.12536555498924806,10,-0.25073110997849629,0.25073110997849629,10,,,,,,,,,,,,,,,,,,,,,,,,,,,,,,,0.016912398416915022,0.016912398416915022,0.016912398416915022,0.016912398416915022,59.128219153106336,59.128219153106336,59.128219153106336,59.128219153106336,0.5775474024973023,0.5775474024973023,0.5775474024973023,0.5775474024973023,3.1194080468629567e-11,3.1194080468629567e-11,3.1194080468629567e-11,3.1194080468629567e-11,0.016909973793741328,0.016909973793741328,0.016909973793741328,0.016909973793741328,1,1,1,1
inner_summary,2d,non_matching_initial,p2,2,adaptive_force_effective_rho_no_inner_refinement,force_eff_rho_no_inner,production_2M,2000000,completed,24339174,20260701_091334_821954_job24339174,snellius_next_mem216,algorithm_data_ordered/2d/non_matching_initial/p2/production_2M/adaptive_force_effective_rho_no_inner_refinement,inner_history.csv,,26,,1,367555,367555,483999,,,,,,,,,,,,,,,,,,,,,,,,,,-0.13314439418976431,0.13314439418976431,10,-0.12536555498924806,0.12536555498924806,10,-0.25073110997849629,0.25073110997849629,10,,,,,,,,,,,,,,,,,,,,,,,,,,,,,,,0.019720168011952529,0.019720168011952529,0.019720168011952529,0.019720168011952529,50.709507109366065,50.709507109366065,50.709507109366065,50.709507109366065,0.54687640922346159,0.54687640922346159,0.54687640922346159,0.54687640922346159,4.5251668520578421e-11,4.5251668520578421e-11,4.5251668520578421e-11,4.5251668520578421e-11,0.019716351501668523,0.019716351501668523,0.019716351501668523,0.019716351501668523,1,1,1,1
inner_summary,2d,non_matching_initial,p2,2,adaptive_force_effective_rho_no_inner_refinement,force_eff_rho_no_inner,production_2M,2000000,completed,24339174,20260701_091334_821954_job24339174,snellius_next_mem216,algorithm_data_ordered/2d/non_matching_initial/p2/production_2M/adaptive_force_effective_rho_no_inner_refinement,inner_history.csv,,27,,1,483999,483999,681281,,,,,,,,,,,,,,,,,,,,,,,,,,-0.13314439418976431,0.13314439418976431,10,-0.12536555498924806,0.12536555498924806,10,-0.25073110997849629,0.25073110997849629,10,,,,,,,,,,,,,,,,,,,,,,,,,,,,,,,0.02379508970073611,0.02379508970073611,0.02379508970073611,0.02379508970073611,42.025477213017808,42.025477213017808,42.025477213017808,42.025477213017808,0.63912411789124124,0.63912411789124124,0.63912411789124124,0.63912411789124124,7.3441723167750574e-11,7.3441723167750574e-11,7.3441723167750574e-11,7.3441723167750574e-11,0.023788340021216735,0.023788340021216735,0.023788340021216735,0.023788340021216735,1,1,1,1
inner_summary,2d,non_matching_initial,p2,2,adaptive_force_effective_rho_no_inner_refinement,force_eff_rho_no_inner,production_2M,2000000,completed,24339174,20260701_091334_821954_job24339174,snellius_next_mem216,algorithm_data_ordered/2d/non_matching_initial/p2/production_2M/adaptive_force_effective_rho_no_inner_refinement,inner_history.csv,,28,,1,681281,681281,961085,,,,,,,,,,,,,,,,,,,,,,,,,,-0.13314439418976431,0.13314439418976431,10,-0.12536555498924806,0.12536555498924806,10,-0.25073110997849629,0.25073110997849629,10,,,,,,,,,,,,,,,,,,,,,,,,,,,,,,,0.025150074448818609,0.025150074448818609,0.025150074448818609,0.025150074448818609,39.761313710424169,39.761313710424169,39.761313710424169,39.761313710424169,0.7308927806301253,0.7308927806301253,0.7308927806301253,0.7308927806301253,9.3125883876847936e-11,9.3125883876847936e-11,9.3125883876847936e-11,9.3125883876847936e-11,0.025142101391664874,0.025142101391664874,0.025142101391664874,0.025142101391664874,1,1,1,1
inner_summary,2d,non_matching_initial,p2,2,adaptive_force_effective_rho_no_inner_refinement,force_eff_rho_no_inner,production_2M,2000000,completed,24339174,20260701_091334_821954_job24339174,snellius_next_mem216,algorithm_data_ordered/2d/non_matching_initial/p2/production_2M/adaptive_force_effective_rho_no_inner_refinement,inner_history.csv,,29,,1,961085,961085,1244453,,,,,,,,,,,,,,,,,,,,,,,,,,-0.13314439418976431,0.13314439418976431,10,-0.12536555498924806,0.12536555498924806,10,-0.25073110997849629,0.25073110997849629,10,,,,,,,,,,,,,,,,,,,,,,,,,,,,,,,0.015408991214282762,0.015408991214282762,0.015408991214282762,0.015408991214282762,64.897175038498887,64.897175038498887,64.897175038498887,64.897175038498887,0.59322514885095157,0.59322514885095157,0.59322514885095157,0.59322514885095157,8.3783104182195373e-11,8.3783104182195373e-11,8.3783104182195373e-11,8.3783104182195373e-11,0.01540716460266001,0.01540716460266001,0.01540716460266001,0.01540716460266001,1,1,1,1
inner_summary,2d,non_matching_initial,p2,2,adaptive_force_effective_rho_no_inner_refinement,force_eff_rho_no_inner,production_2M,2000000,completed,24339174,20260701_091334_821954_job24339174,snellius_next_mem216,algorithm_data_ordered/2d/non_matching_initial/p2/production_2M/adaptive_force_effective_rho_no_inner_refinement,inner_history.csv,,30,,1,1244453,1244453,1657753,,,,,,,,,,,,,,,,,,,,,,,,,,-0.13314439418976431,0.13314439418976431,10,-0.12536555498924806,0.12536555498924806,10,-0.25073110997849629,0.25073110997849629,10,,,,,,,,,,,,,,,,,,,,,,,,,,,,,,,0.016492639591406118,0.016492639591406118,0.016492639591406118,0.016492639591406118,60.633108148502416,60.633108148502416,60.633108148502416,60.633108148502416,0.52255438961776435,0.52255438961776435,0.52255438961776435,0.52255438961776435,1.7678134131481504e-09,1.7678134131481504e-09,1.7678134131481504e-09,1.7678134131481504e-09,0.016490395801046585,0.016490395801046585,0.016490395801046585,0.016490395801046585,1,1,1,1
inner_summary,2d,non_matching_initial,p2,2,adaptive_force_effective_rho_no_inner_refinement,force_eff_rho_no_inner,production_2M,2000000,completed,24339174,20260701_091334_821954_job24339174,snellius_next_mem216,algorithm_data_ordered/2d/non_matching_initial/p2/production_2M/adaptive_force_effective_rho_no_inner_refinement,inner_history.csv,,31,,1,1657753,1657753,2367541,,,,,,,,,,,,,,,,,,,,,,,,,,-0.13314439418976431,0.13314439418976431,10,-0.12536555498924806,0.12536555498924806,10,-0.25073110997849629,0.25073110997849629,10,,,,,,,,,,,,,,,,,,,,,,,,,,,,,,,0.015225575946179086,0.015225575946179086,0.015225575946179086,0.015225575946179086,65.678960423888185,65.678960423888185,65.678960423888185,65.678960423888185,0.53649291225551776,0.53649291225551776,0.53649291225551776,0.53649291225551776,1.5322190594261291e-10,1.5322190594261291e-10,1.5322190594261291e-10,1.5322190594261291e-10,0.015223806339004617,0.015223806339004617,0.015223806339004617,0.015223806339004617,1,1,1,1
outer,2d,non_matching_initial,p2,2,adaptive_g_effective_rho,g_eff_rho,production_2M,2000000,completed,24339175,20260701_091335_678560_job24339175,snellius_next_mem216,algorithm_data_ordered/2d/non_matching_initial/p2/production_2M/adaptive_g_effective_rho,outer_history.csv,completed,0,,,15,15,27,15,15,52,0.0936443,0.0936489,1,1,0,1,0,0,adaptive,1,0.0290109,1,computed,2.44444,1.00385,2.43507,0.74202000000000001,0.86140600000000001,1.8138300000000001,1.3467850608022054,0.74487599999999998,0.86306199082105339,-0.13313851087968875,0.13313851087968875,10,-0.12536048307987568,0.12536048307987568,10,-0.25072096615975148,0.25072096615975148,10,0.16958599999999999,0.41180800000000001,0.0023460600000000001,0.048436100000000003,0.99643499999999996,0.99821599999999999,0.0023460600000000001,0.048436100000000003,2.8592700000000001e-31,5.3472099999999996e-16,2.7936500000000001e-30,1.6714200000000001e-15,1.67142e-15,90582004447179.016,8.2051013020806006e+27,1.1039720373853385e-14,1.2187539960614818e-28,1,1.1039720373853385e-14,3.4507732868666139e-14,1.1907836969216474e-27,1,1,not_skipped,success,1,0.0022303399999999999,0.047226400000000002,0.97502482652401823,0.95067474830140741,,,,,,,,,,,,,,,,,,,,,,,,
outer,2d,non_matching_initial,p2,2,adaptive_g_effective_rho,g_eff_rho,production_2M,2000000,completed,24339175,20260701_091335_678560_job24339175,snellius_next_mem216,algorithm_data_ordered/2d/non_matching_initial/p2/production_2M/adaptive_g_effective_rho,outer_history.csv,completed,1,,,27,27,45,30,30,116,0.0870992,0.186119,1,1,0,1,0,0,adaptive,1,0.034344,1,computed,2.44444,1.00531,2.43153,0.69389900000000004,0.83300600000000002,1.6961999999999999,1.3023824323139497,0.69758399999999998,0.83521494239506988,-0.13313851087968875,0.13313851087968875,10,-0.12536048307987568,0.12536048307987568,10,-0.25072096615975148,0.25072096615975148,10,0.17971500000000001,0.42392800000000003,0.0029425900000000001,0.054245599999999998,0.92242500000000005,0.96043000000000001,0.00257333,0.050728000000000002,0.00036925499999999997,0.019216,6.5706999999999996e-30,2.56334e-15,2.56334e-15,2.6398834304746046,6.9689780774803323,0.37880460495190033,0.14349306151950972,0.9351541876207472,0.35424071261079243,4.7254339522468184e-14,2.2329648370992899e-27,1,1,not_skipped,success,1,0.0025470200000000001,0.050467999999999999,0.93036117215036795,0.86557080667031427,,,,,,,,,,,,,,,,,,,,,,,,
outer,2d,non_matching_initial,p2,2,adaptive_g_effective_rho,g_eff_rho,production_2M,2000000,completed,24339175,20260701_091335_678560_job24339175,snellius_next_mem216,algorithm_data_ordered/2d/non_matching_initial/p2/production_2M/adaptive_g_effective_rho,outer_history.csv,completed,2,,,45,45,77,54,54,200,0.103213,0.294473,1,1,0,1,0,0,adaptive,1,0.0557388,1,computed,2.44444,1.01317,2.41268,0.54331700000000005,0.73710100000000001,1.3281099999999999,1.152436549229501,0.55047100000000004,0.74193732888971153,-0.13313851087968875,0.13313851087968875,10,-0.12536048307987568,0.12536048307987568,10,-0.25072096615975148,0.25072096615975148,10,0.17417099999999999,0.41733799999999999,0.0054013899999999998,0.073494100000000007,0.70738199999999996,0.84106000000000003,0.0054013899999999998,0.073494100000000007,3.3613899999999997e-30,1.8334099999999999e-15,3.1492899999999997e-29,5.6118499999999999e-15,5.61185e-15,40086014584844.641,1.6068917917885161e+27,2.4946356238119791e-14,6.2231943999600102e-28,1,2.4946356238119791e-14,7.635783008431969e-14,5.8305177000734994e-27,1,1,not_skipped,success,1,0.0052551899999999999,0.072492699999999993,0.98637441644975565,0.97293289319971343,,,,,,,,,,,,,,,,,,,,,,,,
outer,2d,non_matching_initial,p2,2,adaptive_g_effective_rho,g_eff_rho,production_2M,2000000,completed,24339175,20260701_091335_678560_job24339175,snellius_next_mem216,algorithm_data_ordered/2d/non_matching_initial/p2/production_2M/adaptive_g_effective_rho,outer_history.csv,completed,3,,,77,77,99,102,102,344,0.120495,0.420145,1,1,0,1,0,0,adaptive,1,0.0181045,1,computed,2.44444,1.00155,2.44066,0.534304,0.73096099999999997,1.3060799999999999,1.1428385712776761,0.53513100000000002,0.73152648619171678,-0.13313851087968875,0.13313851087968875,10,-0.12536048307987568,0.12536048307987568,10,-0.25072096615975148,0.25072096615975148,10,0.16873299999999999,0.410771,0.00062151199999999995,0.0249301,0.69677999999999995,0.83473299999999995,0.00062151199999999995,0.0249301,5.7671600000000001e-31,7.5941799999999999e-16,8.3592300000000004e-29,9.14288e-15,9.14288e-15,32827902420011.113,1.0776742798881945e+27,3.0461891448489977e-14,9.2792415914736976e-28,1,3.0461891448489977e-14,3.6674060673643507e-13,1.3449828804592672e-25,1,1,not_skipped,success,1,0.00058886799999999999,0.024266599999999999,0.97338558609873205,0.94747647672128621,,,,,,,,,,,,,,,,,,,,,,,,
outer,2d,non_matching_initial,p2,2,adaptive_g_effective_rho,g_eff_rho,production_2M,2000000,completed,24339175,20260701_091335_678560_job24339175,snellius_next_mem216,algorithm_data_ordered/2d/non_matching_initial/p2/production_2M/adaptive_g_effective_rho,outer_history.csv,completed,4,,,99,99,141,135,135,492,0.16252,0.587828,1,1,0,1,0,0,adaptive,1,0.0174726,1,computed,2.44444,1.00145,2.44092,0.52400400000000003,0.723881,1.2808999999999999,1.1317685275708986,0.52476199999999995,0.72440458308875988,-0.13313851087968875,0.13313851087968875,10,-0.12536048307987568,0.12536048307987568,10,-0.25072096615975148,0.25072096615975148,10,0.17288300000000001,0.41579199999999999,0.00056028600000000001,0.023670400000000001,0.68005800000000005,0.82465599999999994,0.00053500499999999996,0.0231302,2.5281200000000001e-05,0.0050280400000000001,1.3932899999999999e-28,1.18038e-14,1.18038e-14,4.6002418437403039,21.162167935066371,0.21737987566039205,0.04725413781179616,0.97717824793835339,0.21241888603487899,4.9867344869541703e-13,2.4867478394962573e-25,1,1,not_skipped,success,1,0.00051405500000000002,0.0226728,0.95785453562254963,0.91748678353555146,,,,,,,,,,,,,,,,,,,,,,,,
outer,2d,non_matching_initial,p2,2,adaptive_g_effective_rho,g_eff_rho,production_2M,2000000,completed,24339175,20260701_091335_678560_job24339175,snellius_next_mem216,algorithm_data_ordered/2d/non_matching_initial/p2/production_2M/adaptive_g_effective_rho,outer_history.csv,completed,5,,,141,141,319,198,198,708,0.187757,0.781146,1,1,0,1,0,0,adaptive,1,0.0167343,1,computed,2.44444,1.00133,2.4412,0.50903500000000002,0.71346699999999996,1.24431,1.1154864409754159,0.50971200000000005,0.71394117404727409,-0.13313851087968875,0.13313851087968875,10,-0.12536048307987568,0.12536048307987568,10,-0.25072096615975148,0.25072096615975148,10,0.178623,0.42263899999999999,0.00048907699999999998,0.022115099999999999,0.65588500000000005,0.809867,0.00039319099999999998,0.019828999999999999,9.5885900000000003e-05,0.0097921399999999995,2.0138899999999999e-28,1.4191200000000001e-14,1.41912e-14,2.0249914727526361,4.1006133331386572,0.49382924000201722,0.24386595827473165,0.8966271913760282,0.44278072448236727,6.4169730184353682e-13,4.1177360620106855e-25,1,1,not_skipped,success,1,0.00040636699999999998,0.020158499999999999,0.91152651355860925,0.83088552518315106,,,,,,,,,,,,,,,,,,,,,,,,
outer,2d,non_matching_initial,p2,2,adaptive_g_effective_rho,g_eff_rho,production_2M,2000000,completed,24339175,20260701_091335_678560_job24339175,snellius_next_mem216,algorithm_data_ordered/2d/non_matching_initial/p2/production_2M/adaptive_g_effective_rho,outer_history.csv,completed,6,,,319,319,367,465,465,1500,0.277506,1.06391,1,1,0,1,0,0,adaptive,1,0.0115653,1,computed,2.44444,1.00064,2.44287,0.35051700000000002,0.59204500000000004,0.85682000000000003,0.92564572056483896,0.35074300000000003,0.59223559501266054,-0.13313851087968875,0.13313851087968875,10,-0.12536048307987568,0.12536048307987568,10,-0.25072096615975148,0.25072096615975148,10,0.102434,0.32005299999999998,0.00017368,0.013178799999999999,0.46077699999999999,0.67880499999999999,0.00017368,0.013178799999999999,1.2060099999999999e-29,3.4727600000000001e-15,1.13866e-27,3.3744000000000002e-14,3.3744e-14,3794906644858.8438,1.4401207286838419e+25,2.6351109357452879e-13,6.9438622754491008e-26,1,2.6351109357452879e-13,2.5604759158648743e-12,6.5560801473975127e-24,1,1,not_skipped,success,1,0.00016581500000000001,0.0128769,0.97709199623637966,0.95471556886227549,,,,,,,,,,,,,,,,,,,,,,,,
outer,2d,non_matching_initial,p2,2,adaptive_g_effective_rho,g_eff_rho,production_2M,2000000,completed,24339175,20260701_091335_678560_job24339175,snellius_next_mem216,algorithm_data_ordered/2d/non_matching_initial/p2/production_2M/adaptive_g_effective_rho,outer_history.csv,completed,7,,,367,367,655,537,537,1812,0.365863,1.43516,1,1,0,1,0,0,adaptive,1,0.0114702,1,computed,2.44444,1.00063,2.44289,0.347138,0.58918400000000004,0.84855899999999995,0.92117262225925922,0.347358,0.58937085099281927,-0.13313851087968875,0.13313851087968875,10,-0.12536048307987568,0.12536048307987568,10,-0.25072096615975148,0.25072096615975148,10,0.104639,0.32347999999999999,0.000167629,0.012947200000000001,0.45491500000000001,0.67447400000000002,0.00016489299999999999,0.012841099999999999,2.73647e-06,0.00165423,1.5180599999999999e-27,3.8962300000000001e-14,3.89623e-14,7.7625844048288322,60.257558094917904,0.12882307590471223,0.016595428550635866,0.99180517795353429,0.12776739372219476,3.0093224789915966e-12,9.0560702503743379e-24,1,1,not_skipped,success,1,0.00015834399999999999,0.012583499999999999,0.97190898418190796,0.94460982288267537,,,,,,,,,,,,,,,,,,,,,,,,
outer,2d,non_matching_initial,p2,2,adaptive_g_effective_rho,g_eff_rho,production_2M,2000000,completed,24339175,20260701_091335_678560_job24339175,snellius_next_mem216,algorithm_data_ordered/2d/non_matching_initial/p2/production_2M/adaptive_g_effective_rho,outer_history.csv,completed,8,,,655,655,887,969,969,3184,0.52435,1.96506,1,1,0,1,0,0,adaptive,1,0.0250662,1,computed,2.44444,1.00291,2.43736,0.31409500000000001,0.560442,0.767787,0.87623455763853553,0.31500800000000001,0.56125573493729219,-0.13313851087968875,0.13313851087968875,10,-0.12536048307987568,0.12536048307987568,10,-0.25072096615975148,0.25072096615975148,10,0.108611,0.32956200000000002,0.00066565400000000001,0.025800300000000002,0.40542099999999998,0.63672700000000004,0.00016675699999999999,0.0129135,0.00049889699999999999,0.022336000000000002,2.6835199999999999e-27,5.1802699999999997e-14,5.18027e-14,0.57814738538681942,0.33425135849684401,1.7296627560305109,2.9917604658275216,0.50051743584376918,0.86572636752285825,2.0078332422491208e-12,4.0314037022236777e-24,1,1,not_skipped,success,1,0.00035741100000000002,0.0189053,0.73275504548396719,0.53693209985968693,,,,,,,,,,,,,,,,,,,,,,,,
outer,2d,non_matching_initial,p2,2,adaptive_g_effective_rho,g_eff_rho,production_2M,2000000,completed,24339175,20260701_091335_678560_job24339175,snellius_next_mem216,algorithm_data_ordered/2d/non_matching_initial/p2/production_2M/adaptive_g_effective_rho,outer_history.csv,completed,9,,,887,887,1011,1317,1317,4248,0.472657,2.44332,1,1,0,1,0,0,adaptive,1,0.0307965,1,computed,2.44444,1.00431,2.43394,0.30588100000000001,0.55306500000000003,0.74770999999999999,0.86470226089677826,0.307201,0.55425716053110219,-0.13313851087968875,0.13313851087968875,10,-0.12536048307987568,0.12536048307987568,10,-0.25072096615975148,0.25072096615975148,10,0.109998,0.33165899999999998,0.00094950099999999995,0.030814000000000001,0.39294099999999998,0.62685000000000002,0.00011837600000000001,0.0108801,0.00083112500000000005,0.028829199999999999,4.3424700000000002e-27,6.5897400000000003e-14,6.58974e-14,0.37739860974289957,0.14242863588509549,2.6497182930303946,7.0210600121646278,0.35308950477055884,0.93558771986759259,2.1385539040695786e-12,4.5734233033983116e-24,1,1,not_skipped,success,1,0.00044859400000000002,0.021180000000000001,0.68734990588693456,0.472452372351372,,,,,,,,,,,,,,,,,,,,,,,,
outer,2d,non_matching_initial,p2,2,adaptive_g_effective_rho,g_eff_rho,production_2M,2000000,completed,24339175,20260701_091335_678560_job24339175,snellius_next_mem216,algorithm_data_ordered/2d/non_matching_initial/p2/production_2M/adaptive_g_effective_rho,outer_history.csv,completed,10,,,1011,1011,1891,1503,1503,5084,0.714041,3.16318,1,1,0,1,0,0,adaptive,1,0.0308271,1,computed,2.44444,1.00432,2.43392,0.30521500000000001,0.55246300000000004,0.74608099999999999,0.86375980457532286,0.30653399999999997,0.55365512731302324,-0.13313851087968875,0.13313851087968875,10,-0.12536048307987568,0.12536048307987568,10,-0.25072096615975148,0.25072096615975148,10,0.11046499999999999,0.33236300000000002,0.00094685500000000003,0.030771,0.39177000000000001,0.62591600000000003,0.00011647299999999999,0.010792299999999999,0.00083038199999999995,0.028816399999999999,5.1624200000000002e-27,7.1850000000000004e-14,7.185e-14,0.37451937091378518,0.14026436025829075,2.6700888596499355,7.1293947953602981,0.35072958304897467,0.93647915244873414,2.3349907380325633e-12,5.452175887543499e-24,1,1,not_skipped,success,1,0.00044929300000000002,0.0211965,0.68884664131812423,0.4745108807578774,,,,,,,,,,,,,,,,,,,,,,,,
outer,2d,non_matching_initial,p2,2,adaptive_g_effective_rho,g_eff_rho,production_2M,2000000,completed,24339175,20260701_091335_678560_job24339175,snellius_next_mem216,algorithm_data_ordered/2d/non_matching_initial/p2/production_2M/adaptive_g_effective_rho,outer_history.csv,completed,11,,,1891,1891,2279,2823,2823,9188,1.06684,4.23693,1,1,0,1,0,0,adaptive,1,0.0327718,1,computed,2.44444,1.00486,2.43263,0.29420000000000002,0.54240200000000005,0.71915499999999999,0.8480300702215694,0.29562899999999998,0.54371775766476482,-0.13313851087968875,0.13313851087968875,10,-0.12536048307987568,0.12536048307987568,10,-0.25072096615975148,0.25072096615975148,10,0.114968,0.33906900000000001,0.00099412999999999997,0.031529799999999997,0.373859,0.61143999999999998,0.000111434,0.010556299999999999,0.00088269499999999996,0.029710199999999999,9.5501199999999995e-27,9.7724699999999999e-14,9.77247e-14,0.35530895113462713,0.1262429264921632,2.8144520333829091,7.9212358885079954,0.33480389980272635,0.94228951658431082,3.0994392606359702e-12,9.606510214961826e-24,1,1,not_skipped,success,1,0.00056161399999999999,0.023698400000000001,0.75161910319761005,0.56493013992133823,,,,,,,,,,,,,,,,,,,,,,,,
outer,2d,non_matching_initial,p2,2,adaptive_g_effective_rho,g_eff_rho,production_2M,2000000,completed,24339175,20260701_091335_678560_job24339175,snellius_next_mem216,algorithm_data_ordered/2d/non_matching_initial/p2/production_2M/adaptive_g_effective_rho,outer_history.csv,completed,12,,,2279,2279,4193,3405,3405,11284,1.57063,5.81419,1,1,0,1,0,0,adaptive,1,0.0329295,1,computed,2.44444,1.0049,2.43252,0.29343599999999997,0.54169699999999998,0.71728700000000001,0.84692797804772046,0.29487400000000002,0.54302301976988054,-0.13313851087968875,0.13313851087968875,10,-0.12536048307987568,0.12536048307987568,10,-0.25072096615975148,0.25072096615975148,10,0.115326,0.33959699999999998,0.00099820300000000002,0.031594299999999999,0.37259500000000001,0.610406,0.00010897,0.010438899999999999,0.000889232,0.029819999999999999,1.19221e-26,1.0918799999999999e-13,1.09188e-13,0.35006371562709587,0.12254394803605807,2.8566228242439338,8.1603377076259527,0.33040453499523648,0.94384113590109608,3.4559398372491242e-12,1.1943562581959781e-23,1,1,not_skipped,success,1,0.00056998499999999996,0.0238744,0.7556552922520835,0.57101110695920565,,,,,,,,,,,,,,,,,,,,,,,,
outer,2d,non_matching_initial,p2,2,adaptive_g_effective_rho,g_eff_rho,production_2M,2000000,completed,24339175,20260701_091335_678560_job24339175,snellius_next_mem216,algorithm_data_ordered/2d/non_matching_initial/p2/production_2M/adaptive_g_effective_rho,outer_history.csv,completed,13,,,4193,4193,5471,6276,6276,20356,2.4229,8.24468,1,1,0,1,0,0,adaptive,1,0.102761,1,computed,2.44444,1.03962,2.35128,0.22037899999999999,0.469445,0.53870399999999996,0.7339645768019053,0.22911100000000001,0.47865540840984971,-0.13313851087968875,0.13313851087968875,10,-0.12536048307987568,0.12536048307987568,10,-0.25072096615975148,0.25072096615975148,10,0.085511199999999996,0.29242299999999999,0.0062470599999999996,0.079038399999999995,0.28032000000000001,0.52945299999999995,2.7937500000000001e-05,0.0052855999999999997,0.0062191199999999999,0.078861399999999998,2.49272e-26,1.5788299999999999e-13,1.57883e-13,0.067023917911677958,0.0044921950372399959,14.920046919933405,222.60832214765099,0.066873823356748116,0.99776058219802022,1.9975480272880019e-12,3.9902290037233516e-24,1,1,not_skipped,success,1,0.0033074900000000002,0.057510800000000001,0.72763112613615666,0.52944745208145916,,,,,,,,,,,,,,,,,,,,,,,,
outer,2d,non_matching_initial,p2,2,adaptive_g_effective_rho,g_eff_rho,production_2M,2000000,completed,24339175,20260701_091335_678560_job24339175,snellius_next_mem216,algorithm_data_ordered/2d/non_matching_initial/p2/production_2M/adaptive_g_effective_rho,outer_history.csv,completed,14,,,5471,5471,8297,8193,8193,26172,3.05819,11.3116,1,1,0,1,0,0,adaptive,1,0.103064,1,computed,2.44444,1.03983,2.35081,0.219803,0.46883200000000003,0.53729700000000002,0.73300545700560782,0.22855800000000001,0.47807739959132139,-0.13313851087968875,0.13313851087968875,10,-0.12536048307987568,0.12536048307987568,10,-0.25072096615975148,0.25072096615975148,10,0.085861499999999993,0.29302099999999998,0.00624684,0.079036899999999993,0.279333,0.52851899999999996,2.72136e-05,0.0052166599999999997,0.0062196300000000003,0.078864600000000007,3.5330099999999998e-26,1.87963e-13,1.87963e-13,0.066147041892052949,0.004375437124073297,15.117834016401302,228.54859335038364,0.066002841710644022,0.99782000559232475,2.3781676659889242e-12,5.6556755095376222e-24,1,1,not_skipped,success,1,0.0033169200000000001,0.057592699999999997,0.72868116031878782,0.53097566129435048,,,,,,,,,,,,,,,,,,,,,,,,
outer,2d,non_matching_initial,p2,2,adaptive_g_effective_rho,g_eff_rho,production_2M,2000000,completed,24339175,20260701_091335_678560_job24339175,snellius_next_mem216,algorithm_data_ordered/2d/non_matching_initial/p2/production_2M/adaptive_g_effective_rho,outer_history.csv,completed,15,,,8297,8297,12409,12432,12432,40112,5.35235,16.6736,1,1,0,1,0,0,adaptive,1,0.0448063,1,computed,2.44444,1.00877,2.42319,0.194962,0.44154500000000002,0.47657300000000002,0.69034266853498205,0.19667200000000001,0.44347716964912637,-0.13313851087968875,0.13313851087968875,10,-0.12536048307987568,0.12536048307987568,10,-0.25072096615975148,0.25072096615975148,10,0.0743143,0.27260600000000001,0.0012074500000000001,0.034748300000000003,0.248583,0.498581,9.7150999999999995e-06,0.0031169100000000001,0.0011977299999999999,0.034608300000000002,6.0506999999999997e-26,2.4598200000000002e-13,2.45982e-13,0.09006249945822245,0.0081112604677181007,11.103400483170834,123.28540107667446,0.089699639982387627,0.99597102592069253,7.0789650141157984e-12,5.0111391776056976e-23,1,1,not_skipped,success,1,0.00066987700000000004,0.025881999999999999,0.74484219371882932,0.55478653360387598,,,,,,,,,,,,,,,,,,,,,,,,
outer,2d,non_matching_initial,p2,2,adaptive_g_effective_rho,g_eff_rho,production_2M,2000000,completed,24339175,20260701_091335_678560_job24339175,snellius_next_mem216,algorithm_data_ordered/2d/non_matching_initial/p2/production_2M/adaptive_g_effective_rho,outer_history.csv,completed,16,,,12409,12409,17649,18600,18600,59164,7.31881,24.0062,1,1,0,1,0,0,adaptive,1,0.0655603,1,computed,2.44444,1.01774,2.40185,0.18027000000000001,0.42458200000000001,0.44066,0.66382226536927791,0.18346699999999999,0.42833047988673417,-0.13313851087968875,0.13313851087968875,10,-0.12536048307987568,0.12536048307987568,10,-0.25072096615975148,0.25072096615975148,10,0.067408499999999996,0.259631,0.0022914300000000001,0.047868899999999999,0.230431,0.48003200000000001,8.5026000000000006e-06,0.0029159199999999998,0.0022829199999999999,0.047780000000000003,9.2364399999999999e-26,3.0391500000000002e-13,3.03915e-13,0.061028045207199656,0.0037244406286685476,16.385909078438367,268.49669512854888,0.06091470662580506,0.99814284431018896,6.3489029411580389e-12,4.0308628236516058e-23,1,1,not_skipped,success,1,0.00114579,0.033849499999999998,0.70712926346751226,0.50003273065291109,,,,,,,,,,,,,,,,,,,,,,,,
outer,2d,non_matching_initial,p2,2,adaptive_g_effective_rho,g_eff_rho,production_2M,2000000,completed,24339175,20260701_091335_678560_job24339175,snellius_next_mem216,algorithm_data_ordered/2d/non_matching_initial/p2/production_2M/adaptive_g_effective_rho,outer_history.csv,completed,17,,,17649,17649,24033,26460,26460,82720,9.64578,33.6684,1,1,0,1,0,0,adaptive,1,0.0885034,1,computed,2.44444,1.03045,2.37221,0.16659299999999999,0.40815800000000002,0.40722700000000001,0.63814340081207455,0.17166500000000001,0.41432475185535322,-0.13313851087968875,0.13313851087968875,10,-0.12536048307987568,0.12536048307987568,10,-0.25072096615975148,0.25072096615975148,10,0.059744199999999997,0.244426,0.00372142,0.061003500000000002,0.21408099999999999,0.46268900000000002,6.6993399999999998e-06,0.0025883099999999999,0.0037147199999999999,0.060948500000000003,1.3986499999999999e-25,3.7398600000000002e-13,3.73986e-13,0.042467164901515211,0.0018034575957272688,23.547604421417837,554.49044234208145,0.042428877031645724,0.99909841238617458,6.1305662789839931e-12,3.758377178603866e-23,1,1,not_skipped,success,1,0.0017347700000000001,0.0416505,0.68275590744793324,0.46615807944279336,,,,,,,,,,,,,,,,,,,,,,,,
outer,2d,non_matching_initial,p2,2,adaptive_g_effective_rho,g_eff_rho,production_2M,2000000,completed,24339175,20260701_091335_678560_job24339175,snellius_next_mem216,algorithm_data_ordered/2d/non_matching_initial/p2/production_2M/adaptive_g_effective_rho,outer_history.csv,completed,18,,,24033,24033,40049,36036,36036,114288,15.9864,49.6743,1,1,0,1,0,0,adaptive,1,0.0999789,1,computed,2.44444,1.03776,2.35549,0.15600700000000001,0.394978,0.381351,0.61753623375474898,0.16189899999999999,0.40236674812911666,-0.13313851087968875,0.13313851087968875,10,-0.12536048307987568,0.12536048307987568,10,-0.25072096615975148,0.25072096615975148,10,0.057036299999999998,0.23882300000000001,0.0043076499999999997,0.065632700000000002,0.19999500000000001,0.44720700000000002,4.3952200000000004e-06,0.00209648,0.0043032499999999998,0.065599199999999996,2.1724899999999998e-25,4.661e-13,4.661e-13,0.031958926328369858,0.0010213722186719341,31.29016255819278,979.07499510832213,0.031942613971389262,0.99948958369836982,7.1016429310389485e-12,5.0433298898471322e-23,1,1,not_skipped,success,1,0.0020585099999999999,0.045370800000000003,0.69128346083583336,0.4778730862535257,,,,,,,,,,,,,,,,,,,,,,,,
outer,2d,non_matching_initial,p2,2,adaptive_g_effective_rho,g_eff_rho,production_2M,2000000,completed,24339175,20260701_091335_678560_job24339175,snellius_next_mem216,algorithm_data_ordered/2d/non_matching_initial/p2/production_2M/adaptive_g_effective_rho,outer_history.csv,completed,19,,,40049,40049,50979,60060,60060,187144,23.2667,72.9722,1,1,0,1,0,0,adaptive,1,0.0611541,1,computed,2.44444,1.01562,2.40686,0.13590099999999999,0.368647,0.332202,0.57636967303979481,0.13802300000000001,0.3715144680897367,-0.13313851087968875,0.13313851087968875,10,-0.12536048307987568,0.12536048307987568,10,-0.25072096615975148,0.25072096615975148,10,0.055495299999999997,0.23557400000000001,0.0014631799999999999,0.038251500000000001,0.17163700000000001,0.41429100000000002,3.0020199999999999e-06,0.00173263,0.0014601799999999999,0.038212299999999998,3.48891e-25,5.9067000000000005e-13,5.9067e-13,0.045342206566995447,0.0020559246120341328,22.054506732539547,486.39915790034706,0.04529574003633844,0.99897520358678737,1.5441747382455591e-11,2.3844708101532281e-22,1,1,not_skipped,success,1,0.00078117400000000004,0.027949499999999999,0.73067722834398641,0.53388783334928036,,,,,,,,,,,,,,,,,,,,,,,,
outer,2d,non_matching_initial,p2,2,adaptive_g_effective_rho,g_eff_rho,production_2M,2000000,completed,24339175,20260701_091335_678560_job24339175,snellius_next_mem216,algorithm_data_ordered/2d/non_matching_initial/p2/production_2M/adaptive_g_effective_rho,outer_history.csv,completed,20,,,50979,50979,71669,76455,76455,236284,29.5176,102.542,1,1,0,1,0,0,adaptive,1,0.0753393,1,computed,2.44444,1.02282,2.3899,0.12571399999999999,0.35456199999999999,0.30730099999999999,0.55434736402367779,0.128583,0.35858471802350977,-0.13313851087968875,0.13313851087968875,10,-0.12536048307987568,0.12536048307987568,10,-0.25072096615975148,0.25072096615975148,10,0.049929000000000001,0.22344800000000001,0.0020130600000000001,0.044867200000000003,0.15939600000000001,0.39924500000000002,2.65523e-06,0.0016294899999999999,0.0020104099999999998,0.044837599999999998,4.9309700000000002e-25,7.0220900000000002e-13,7.02209e-13,0.036342043285100004,0.0013207405454608763,27.516339468177161,757.15098127092563,0.036318067541544818,0.99934027530133362,1.5650831788032235e-11,2.4494898314009519e-22,1,1,not_skipped,success,1,0.00104755,0.032365900000000003,0.72137106839740395,0.52037693859100076,,,,,,,,,,,,,,,,,,,,,,,,
outer,2d,non_matching_initial,p2,2,adaptive_g_effective_rho,g_eff_rho,production_2M,2000000,completed,24339175,20260701_091335_678560_job24339175,snellius_next_mem216,algorithm_data_ordered/2d/non_matching_initial/p2/production_2M/adaptive_g_effective_rho,outer_history.csv,completed,21,,,71669,71669,105323,107490,107490,335948,49.8067,152.4,1,1,0,1,0,0,adaptive,1,0.0997606,1,computed,2.44444,1.03762,2.35582,0.11276799999999999,0.33580900000000002,0.27565400000000001,0.52502761832116984,0.11701,0.34206724485106726,-0.13313851087968875,0.13313851087968875,10,-0.12536048307987568,0.12536048307987568,10,-0.25072096615975148,0.25072096615975148,10,0.045912700000000001,0.21427199999999999,0.0029719500000000001,0.054515599999999997,0.142481,0.37746600000000002,1.9802399999999999e-06,0.0014072100000000001,0.0029699700000000002,0.054497499999999997,7.5824800000000001e-25,8.7077400000000002e-13,8.70774e-13,0.025821551447314101,0.00066675420963848114,38.727339913729999,1499.8030541752516,0.025812978303458096,0.99966798494375919,1.5972932518398404e-11,2.551348441259106e-22,1,1,not_skipped,success,1,0.00172141,0.041489900000000003,0.76106472275825643,0.57921903127576169,,,,,,,,,,,,,,,,,,,,,,,,
outer,2d,non_matching_initial,p2,2,adaptive_g_effective_rho,g_eff_rho,production_2M,2000000,completed,24339175,20260701_091335_678560_job24339175,snellius_next_mem216,algorithm_data_ordered/2d/non_matching_initial/p2/production_2M/adaptive_g_effective_rho,outer_history.csv,completed,22,,,105323,105323,138711,157971,157971,488692,67.5027,219.985,1,1,0,1,0,0,adaptive,1,0.060615,1,computed,2.44444,1.01536,2.40745,0.102937,0.32083699999999998,0.25162299999999999,0.50162037438684648,0.104518,0.32329243727622209,-0.13313851087968875,0.13313851087968875,10,-0.12536048307987568,0.12536048307987568,10,-0.25072096615975148,0.25072096615975148,10,0.042122100000000003,0.205237,0.00108916,0.033002400000000001,0.129965,0.36050700000000002,1.4944400000000001e-06,0.00122247,0.0010876600000000001,0.032979700000000001,1.14219e-24,1.06873e-12,1.06873e-12,0.037067347489516275,0.0013739955500799883,26.977921748590969,727.80439495730843,0.037041851501708967,0.99931217123603133,3.2383402419217999e-11,1.0486888978662454e-21,1,1,not_skipped,success,1,0.00061308800000000002,0.024760600000000001,0.75026664727413761,0.56289984942524518,,,,,,,,,,,,,,,,,,,,,,,,
outer,2d,non_matching_initial,p2,2,adaptive_g_effective_rho,g_eff_rho,production_2M,2000000,completed,24339175,20260701_091335_678560_job24339175,snellius_next_mem216,algorithm_data_ordered/2d/non_matching_initial/p2/production_2M/adaptive_g_effective_rho,outer_history.csv,completed,23,,,138711,138711,185015,208053,208053,638800,86.9577,307.054,1,1,0,1,0,0,adaptive,1,0.0770371,1,computed,2.44444,1.02376,2.38772,0.095835400000000001,0.30957299999999999,0.234264,0.48400826439225186,0.098112199999999997,0.3132286704629702,-0.13313851087968875,0.13313851087968875,10,-0.12536048307987568,0.12536048307987568,10,-0.25072096615975148,0.25072096615975148,10,0.0394597,0.19864499999999999,0.00157357,0.039668200000000001,0.120891,0.347694,1.4005200000000001e-06,0.00118344,0.0015721699999999999,0.039650499999999998,1.64662e-24,1.2832099999999999e-12,1.28321e-12,0.02984678629525479,0.00089081969507114381,33.504444669776241,1122.5616199697254,0.029833468622221325,0.99955379876072015,3.234858148340484e-11,1.0464231016097155e-21,1,1,not_skipped,success,1,0.00062808999999999999,0.025061699999999999,0.63178314115588807,0.39914970417585488,,,,,,,,,,,,,,,,,,,,,,,,
outer,2d,non_matching_initial,p2,2,adaptive_g_effective_rho,g_eff_rho,production_2M,2000000,completed,24339175,20260701_091335_678560_job24339175,snellius_next_mem216,algorithm_data_ordered/2d/non_matching_initial/p2/production_2M/adaptive_g_effective_rho,outer_history.csv,completed,24,,,185015,185015,270991,277509,277509,857748,138.253,445.495,1,1,0,1,0,0,adaptive,1,0.124497,1,computed,2.44444,1.05524,2.31648,0.085439699999999993,0.29230099999999998,0.20885300000000001,0.45700437634666041,0.090159600000000006,0.30026588217777922,-0.13313851087968875,0.13313851087968875,10,-0.12536048307987568,0.12536048307987568,10,-0.25072096615975148,0.25072096615975148,10,0.035123000000000001,0.18741099999999999,0.0033240000000000001,0.0576541,0.107803,0.32833299999999999,1.28148e-06,0.00113203,0.0033227199999999999,0.057643,2.7610799999999999e-24,1.6616500000000001e-12,1.66165e-12,0.019638637822458928,0.00038567197958299228,50.920028621149612,2592.8769859849549,0.019634856844526236,0.99980747249545132,2.8821020534532672e-11,8.3064981949458482e-22,1,1,not_skipped,success,1,0.00114689,0.033865699999999999,0.58739447844992809,0.34503309265944643,,,,,,,,,,,,,,,,,,,,,,,,
outer,2d,non_matching_initial,p2,2,adaptive_g_effective_rho,g_eff_rho,production_2M,2000000,completed,24339175,20260701_091335_678560_job24339175,snellius_next_mem216,algorithm_data_ordered/2d/non_matching_initial/p2/production_2M/adaptive_g_effective_rho,outer_history.csv,completed,25,,,270991,270991,367555,406473,406473,1249768,187.191,633.006,1,1,0,1,0,0,adaptive,1,0.148772,1,computed,2.44444,1.07472,2.2745,0.079143599999999995,0.28132499999999999,0.193462,0.43984315386282868,0.085057099999999997,0.29164550399414696,-0.13313851087968875,0.13313851087968875,10,-0.12536048307987568,0.12536048307987568,10,-0.25072096615975148,0.25072096615975148,10,0.032430199999999999,0.18008399999999999,0.0042081200000000001,0.064869999999999997,0.099905099999999997,0.31607800000000003,1.2033e-06,0.00109695,0.0042069200000000003,0.064860699999999993,4.1115800000000002e-24,2.0276999999999999e-12,2.0277e-12,0.016912398416915022,0.00028602873361033721,59.128219153106336,3496.152247984709,0.016909973793741328,0.9998566363496223,3.1257900416217051e-11,9.7705863901219551e-22,1,1,not_skipped,success,1,0.0014036599999999999,0.037465499999999999,0.5775474024973023,0.3335598794711177,,,,,,,,,,,,,,,,,,,,,,,,
outer,2d,non_matching_initial,p2,2,adaptive_g_effective_rho,g_eff_rho,production_2M,2000000,completed,24339175,20260701_091335_678560_job24339175,snellius_next_mem216,algorithm_data_ordered/2d/non_matching_initial/p2/production_2M/adaptive_g_effective_rho,outer_history.csv,completed,26,,,367555,367555,483999,551319,551319,1684648,243.749,877.171,1,1,0,1,0,0,adaptive,1,0.123447,1,computed,2.44444,1.05445,2.31823,0.074151999999999996,0.27230900000000002,0.18126,0.42574640339056302,0.078189300000000003,0.27962349686676907,-0.13313851087968875,0.13313851087968875,10,-0.12536048307987568,0.12536048307987568,10,-0.25072096615975148,0.25072096615975148,10,0.03073,0.17530000000000001,0.0028324499999999998,0.053220799999999999,0.093450699999999998,0.305697,1.10108e-06,0.0010493200000000001,0.0028313499999999998,0.053210399999999998,5.8110799999999997e-24,2.4106200000000001e-12,2.41062e-12,0.019720205072692558,0.00038888869267310648,50.709411809552847,2571.429868856032,0.019716351501668523,0.9998045876800048,4.529469681026967e-11,2.0516090310508571e-21,1,1,not_skipped,success,1,0.000847111,0.029105200000000001,0.54687640922346159,0.29907359353210122,,,,,,,,,,,,,,,,,,,,,,,,
outer,2d,non_matching_initial,p2,2,adaptive_g_effective_rho,g_eff_rho,production_2M,2000000,completed,24339175,20260701_091335_678560_job24339175,snellius_next_mem216,algorithm_data_ordered/2d/non_matching_initial/p2/production_2M/adaptive_g_effective_rho,outer_history.csv,completed,27,,,483999,483999,681393,725985,725985,2210876,378.227,1255.96,1,1,0,1,0,0,adaptive,1,0.103974,1,computed,2.44444,1.04045,2.34942,0.0683203,0.261382,0.16700499999999999,0.40866245239806409,0.071083599999999997,0.26661507834329251,-0.13313851087968875,0.13313851087968875,10,-0.12536048307987568,0.12536048307987568,10,-0.25072096615975148,0.25072096615975148,10,0.029796099999999999,0.17261599999999999,0.0018802599999999999,0.043361900000000002,0.085442199999999996,0.29230499999999998,1.06401e-06,0.00103151,0.00187919,0.043349600000000002,1.01995e-23,3.1936700000000001e-12,3.19367e-12,0.023795144591876281,0.0005662067167236948,42.025380267762799,1766.1394159829326,0.023788394881220611,0.9997163408429981,7.3651523572537177e-11,5.4245157584589373e-21,1,1,not_skipped,success,1,0.00076804800000000002,0.027713700000000001,0.63912559182139161,0.40847967834235693,,,,,,,,,,,,,,,,,,,,,,,,
outer,2d,non_matching_initial,p2,2,adaptive_g_effective_rho,g_eff_rho,production_2M,2000000,completed,24339175,20260701_091335_678560_job24339175,snellius_next_mem216,algorithm_data_ordered/2d/non_matching_initial/p2/production_2M/adaptive_g_effective_rho,outer_history.csv,completed,28,,,681393,681393,961117,1022124,1022124,3132488,514.787,1771.69,1,1,0,1,0,0,adaptive,1,0.100535,1,computed,2.44444,1.03813,2.35465,0.063356599999999999,0.25170700000000001,0.15487200000000001,0.39353779996335803,0.065772600000000001,0.25646169304595962,-0.13313851087968875,0.13313851087968875,10,-0.12536048307987568,0.12536048307987568,10,-0.25072096615975148,0.25072096615975148,10,0.028044800000000002,0.167466,0.0016300100000000001,0.040373399999999997,0.079050700000000002,0.28116000000000002,1.0304999999999999e-06,0.0010151400000000001,0.0016289799999999999,0.040360699999999999,1.4593399999999999e-23,3.8201300000000002e-12,3.82013e-12,0.02515169459399862,0.0006326044518655846,39.758752487341646,1580.7666181465308,0.025143782787677038,0.99968543645073249,9.4619972556188e-11,8.9529512088882874e-21,1,1,not_skipped,success,1,0.00087078999999999998,0.029509199999999999,0.73090698331079373,0.53422371641891764,,,,,,,,,,,,,,,,,,,,,,,,
outer,2d,non_matching_initial,p2,2,adaptive_g_effective_rho,g_eff_rho,production_2M,2000000,completed,24339175,20260701_091335_678560_job24339175,snellius_next_mem216,algorithm_data_ordered/2d/non_matching_initial/p2/production_2M/adaptive_g_effective_rho,outer_history.csv,completed,29,,,961117,961117,1244501,1442094,1442094,4392504,695.835,2468.75,1,1,0,1,0,0,adaptive,1,0.152943,1,computed,2.44444,1.07826,2.26703,0.056520899999999999,0.23774100000000001,0.13816200000000001,0.37170149313662976,0.060944100000000001,0.24686858852434021,-0.13313851087968875,0.13313851087968875,10,-0.12536048307987568,0.12536048307987568,10,-0.25072096615975148,0.25072096615975148,10,0.024119600000000001,0.155305,0.0030998699999999998,0.055676499999999997,0.070921499999999998,0.26631100000000002,7.3583699999999997e-07,0.00085780999999999997,0.0030991399999999998,0.055669900000000001,3.94475e-22,1.98614e-11,1.98614e-11,0.015408865473083299,0.00023743264260407728,64.897704619904175,4211.7208022972482,0.015407038876366151,0.99988145806579087,3.5672860183380781e-10,1.2725533651411189e-19,1,1,not_skipped,success,1,0.00109089,0.033028700000000001,0.59322514885095157,0.35191475771564618,,,,,,,,,,,,,,,,,,,,,,,,
outer,2d,non_matching_initial,p2,2,adaptive_g_effective_rho,g_eff_rho,production_2M,2000000,completed,24339175,20260701_091335_678560_job24339175,snellius_next_mem216,algorithm_data_ordered/2d/non_matching_initial/p2/production_2M/adaptive_g_effective_rho,outer_history.csv,completed,30,,,1244501,1244501,1657993,1866786,1866786,5667032,921.423,3391.73,1,1,0,1,0,0,adaptive,1,0.14416,1,computed,2.44444,1.07087,2.28268,0.052623700000000002,0.22939899999999999,0.128636,0.35865861205330063,0.056353,0.23738786826626165,-0.13313851087968875,0.13313851087968875,10,-0.12536048307987568,0.12536048307987568,10,-0.25072096615975148,0.25072096615975148,10,0.023101400000000001,0.15199099999999999,0.0025722499999999999,0.050717400000000003,0.065744700000000003,0.256407,6.9946100000000002e-07,0.00083633799999999995,0.0025715500000000001,0.050710499999999999,1.6562700000000001e-20,1.28696e-10,1.28696e-10,0.016492402954023329,0.00027199976667768464,60.633978128460029,3676.4737419241387,0.016490159195857831,0.99986395201646761,2.5375117809666899e-09,6.438993099426573e-18,1,1,not_skipped,success,1,0.00070238799999999997,0.026502600000000001,0.52255438961776435,0.27306366021965206,,,,,,,,,,,,,,,,,,,,,,,,
outer,2d,non_matching_initial,p2,2,adaptive_g_effective_rho,g_eff_rho,production_2M,2000000,completed,24339175,20260701_091335_678560_job24339175,snellius_next_mem216,algorithm_data_ordered/2d/non_matching_initial/p2/production_2M/adaptive_g_effective_rho,outer_history.csv,completed,31,,,1657993,1657993,2367893,2487024,2487024,7594624,1491.41,4885.18,1,1,0,1,0,0,adaptive,1,0.145811,1,computed,2.44444,1.07224,2.27976,0.0489121,0.221161,0.119563,0.34577883104666773,0.052445400000000003,0.22900960678539231,-0.13313851087968875,0.13313851087968875,10,-0.12536048307987568,0.12536048307987568,10,-0.25072096615975148,0.25072096615975148,10,0.0221295,0.14876,0.0024052000000000001,0.049042799999999998,0.060815500000000002,0.24660799999999999,5.5740700000000004e-07,0.00074659699999999999,0.00240464,0.049037200000000003,1.02305e-20,1.01146e-10,1.01146e-10,0.0152251148107967,0.0002318047607957948,65.680949695752872,4313.9752460948639,0.015223376316197282,0.99988581402366927,2.0624026360648251e-09,4.2534924330616997e-18,1,1,not_skipped,success,1,0.00069230099999999998,0.026311600000000001,0.53650280979063192,0.28783510726758688,,,,,,,,,,,,,,,,,,,,,,,,
inner,2d,non_matching_initial,p2,2,adaptive_g_effective_rho,g_eff_rho,production_2M,2000000,completed,24339175,20260701_091335_678560_job24339175,snellius_next_mem216,algorithm_data_ordered/2d/non_matching_initial/p2/production_2M/adaptive_g_effective_rho,inner_history.csv,completed,0,0,,15,15,27,15,15,52,0.0744263,0.0757194,,,,,,0,,1,0.0290109,1,computed,2.44444,1.00385,2.43507,0.74202000000000001,0.86140600000000001,1.8138300000000001,1.3467850608022054,0.74487599999999998,0.86306199082105339,-0.13313851087968875,0.13313851087968875,10,-0.12536048307987568,0.12536048307987568,10,-0.25072096615975148,0.25072096615975148,10,0.16958599999999999,0.41180800000000001,0.0023460600000000001,0.048436100000000003,0.99643499999999996,0.99821599999999999,0.0023460600000000001,0.048436100000000003,2.8592700000000001e-31,5.3472099999999996e-16,2.7936500000000001e-30,1.6714200000000001e-15,1.67142e-15,90582004447179.016,8.2051013020806006e+27,1.1039720373853385e-14,1.2187539960614818e-28,1,1.1039720373853385e-14,3.4507732868666139e-14,1.1907836969216474e-27,1,1,not_skipped,success,1,0.0022303399999999999,0.047226400000000002,0.97502482652401823,0.95067474830140741,,,,,,,,,,,,,,,,,,,,,,,,
inner,2d,non_matching_initial,p2,2,adaptive_g_effective_rho,g_eff_rho,production_2M,2000000,completed,24339175,20260701_091335_678560_job24339175,snellius_next_mem216,algorithm_data_ordered/2d/non_matching_initial/p2/production_2M/adaptive_g_effective_rho,inner_history.csv,completed,1,0,,27,27,45,30,30,116,0.0628245,0.166985,,,,,,0,,1,0.034344,1,computed,2.44444,1.00531,2.43153,0.69389900000000004,0.83300600000000002,1.6961999999999999,1.3023824323139497,0.69758399999999998,0.83521494239506988,-0.13313851087968875,0.13313851087968875,10,-0.12536048307987568,0.12536048307987568,10,-0.25072096615975148,0.25072096615975148,10,0.17971500000000001,0.42392800000000003,0.0029425900000000001,0.054245599999999998,0.92242500000000005,0.96043000000000001,0.00257333,0.050728000000000002,0.00036925499999999997,0.019216,6.5706999999999996e-30,2.56334e-15,2.56334e-15,2.6398834304746046,6.9689780774803323,0.37880460495190033,0.14349306151950972,0.9351541876207472,0.35424071261079243,4.7254339522468184e-14,2.2329648370992899e-27,1,1,not_skipped,success,1,0.0025470200000000001,0.050467999999999999,0.93036117215036795,0.86557080667031427,,,,,,,,,,,,,,,,,,,,,,,,
inner,2d,non_matching_initial,p2,2,adaptive_g_effective_rho,g_eff_rho,production_2M,2000000,completed,24339175,20260701_091335_678560_job24339175,snellius_next_mem216,algorithm_data_ordered/2d/non_matching_initial/p2/production_2M/adaptive_g_effective_rho,inner_history.csv,completed,2,0,,45,45,77,54,54,200,0.0747422,0.274655,,,,,,0,,1,0.0557388,1,computed,2.44444,1.01317,2.41268,0.54331700000000005,0.73710100000000001,1.3281099999999999,1.152436549229501,0.55047100000000004,0.74193732888971153,-0.13313851087968875,0.13313851087968875,10,-0.12536048307987568,0.12536048307987568,10,-0.25072096615975148,0.25072096615975148,10,0.17417099999999999,0.41733799999999999,0.0054013899999999998,0.073494100000000007,0.70738199999999996,0.84106000000000003,0.0054013899999999998,0.073494100000000007,3.3613899999999997e-30,1.8334099999999999e-15,3.1492899999999997e-29,5.6118499999999999e-15,5.61185e-15,40086014584844.641,1.6068917917885161e+27,2.4946356238119791e-14,6.2231943999600102e-28,1,2.4946356238119791e-14,7.635783008431969e-14,5.8305177000734994e-27,1,1,not_skipped,success,1,0.0052551899999999999,0.072492699999999993,0.98637441644975565,0.97293289319971343,,,,,,,,,,,,,,,,,,,,,,,,
inner,2d,non_matching_initial,p2,2,adaptive_g_effective_rho,g_eff_rho,production_2M,2000000,completed,24339175,20260701_091335_678560_job24339175,snellius_next_mem216,algorithm_data_ordered/2d/non_matching_initial/p2/production_2M/adaptive_g_effective_rho,inner_history.csv,completed,3,0,,77,77,99,102,102,344,0.0941439,0.39898,,,,,,0,,1,0.0181045,1,computed,2.44444,1.00155,2.44066,0.534304,0.73096099999999997,1.3060799999999999,1.1428385712776761,0.53513100000000002,0.73152648619171678,-0.13313851087968875,0.13313851087968875,10,-0.12536048307987568,0.12536048307987568,10,-0.25072096615975148,0.25072096615975148,10,0.16873299999999999,0.410771,0.00062151199999999995,0.0249301,0.69677999999999995,0.83473299999999995,0.00062151199999999995,0.0249301,5.7671600000000001e-31,7.5941799999999999e-16,8.3592300000000004e-29,9.14288e-15,9.14288e-15,32827902420011.113,1.0776742798881945e+27,3.0461891448489977e-14,9.2792415914736976e-28,1,3.0461891448489977e-14,3.6674060673643507e-13,1.3449828804592672e-25,1,1,not_skipped,success,1,0.00058886799999999999,0.024266599999999999,0.97338558609873205,0.94747647672128621,,,,,,,,,,,,,,,,,,,,,,,,
inner,2d,non_matching_initial,p2,2,adaptive_g_effective_rho,g_eff_rho,production_2M,2000000,completed,24339175,20260701_091335_678560_job24339175,snellius_next_mem216,algorithm_data_ordered/2d/non_matching_initial/p2/production_2M/adaptive_g_effective_rho,inner_history.csv,completed,4,0,,99,99,141,135,135,492,0.131899,0.562652,,,,,,0,,1,0.0174726,1,computed,2.44444,1.00145,2.44092,0.52400400000000003,0.723881,1.2808999999999999,1.1317685275708986,0.52476199999999995,0.72440458308875988,-0.13313851087968875,0.13313851087968875,10,-0.12536048307987568,0.12536048307987568,10,-0.25072096615975148,0.25072096615975148,10,0.17288300000000001,0.41579199999999999,0.00056028600000000001,0.023670400000000001,0.68005800000000005,0.82465599999999994,0.00053500499999999996,0.0231302,2.5281200000000001e-05,0.0050280400000000001,1.3932899999999999e-28,1.18038e-14,1.18038e-14,4.6002418437403039,21.162167935066371,0.21737987566039205,0.04725413781179616,0.97717824793835339,0.21241888603487899,4.9867344869541703e-13,2.4867478394962573e-25,1,1,not_skipped,success,1,0.00051405500000000002,0.0226728,0.95785453562254963,0.91748678353555146,,,,,,,,,,,,,,,,,,,,,,,,
inner,2d,non_matching_initial,p2,2,adaptive_g_effective_rho,g_eff_rho,production_2M,2000000,completed,24339175,20260701_091335_678560_job24339175,snellius_next_mem216,algorithm_data_ordered/2d/non_matching_initial/p2/production_2M/adaptive_g_effective_rho,inner_history.csv,completed,5,0,,141,141,319,198,198,708,0.15697,0.75559,,,,,,0,,1,0.0167343,1,computed,2.44444,1.00133,2.4412,0.50903500000000002,0.71346699999999996,1.24431,1.1154864409754159,0.50971200000000005,0.71394117404727409,-0.13313851087968875,0.13313851087968875,10,-0.12536048307987568,0.12536048307987568,10,-0.25072096615975148,0.25072096615975148,10,0.178623,0.42263899999999999,0.00048907699999999998,0.022115099999999999,0.65588500000000005,0.809867,0.00039319099999999998,0.019828999999999999,9.5885900000000003e-05,0.0097921399999999995,2.0138899999999999e-28,1.4191200000000001e-14,1.41912e-14,2.0249914727526361,4.1006133331386572,0.49382924000201722,0.24386595827473165,0.8966271913760282,0.44278072448236727,6.4169730184353682e-13,4.1177360620106855e-25,1,1,not_skipped,success,1,0.00040636699999999998,0.020158499999999999,0.91152651355860925,0.83088552518315106,,,,,,,,,,,,,,,,,,,,,,,,
inner,2d,non_matching_initial,p2,2,adaptive_g_effective_rho,g_eff_rho,production_2M,2000000,completed,24339175,20260701_091335_678560_job24339175,snellius_next_mem216,algorithm_data_ordered/2d/non_matching_initial/p2/production_2M/adaptive_g_effective_rho,inner_history.csv,completed,6,0,,319,319,367,465,465,1500,0.243915,1.03566,,,,,,0,,1,0.0115653,1,computed,2.44444,1.00064,2.44287,0.35051700000000002,0.59204500000000004,0.85682000000000003,0.92564572056483896,0.35074300000000003,0.59223559501266054,-0.13313851087968875,0.13313851087968875,10,-0.12536048307987568,0.12536048307987568,10,-0.25072096615975148,0.25072096615975148,10,0.102434,0.32005299999999998,0.00017368,0.013178799999999999,0.46077699999999999,0.67880499999999999,0.00017368,0.013178799999999999,1.2060099999999999e-29,3.4727600000000001e-15,1.13866e-27,3.3744000000000002e-14,3.3744e-14,3794906644858.8438,1.4401207286838419e+25,2.6351109357452879e-13,6.9438622754491008e-26,1,2.6351109357452879e-13,2.5604759158648743e-12,6.5560801473975127e-24,1,1,not_skipped,success,1,0.00016581500000000001,0.0128769,0.97709199623637966,0.95471556886227549,,,,,,,,,,,,,,,,,,,,,,,,
inner,2d,non_matching_initial,p2,2,adaptive_g_effective_rho,g_eff_rho,production_2M,2000000,completed,24339175,20260701_091335_678560_job24339175,snellius_next_mem216,algorithm_data_ordered/2d/non_matching_initial/p2/production_2M/adaptive_g_effective_rho,inner_history.csv,completed,7,0,,367,367,655,537,537,1812,0.322055,1.39654,,,,,,0,,1,0.0114702,1,computed,2.44444,1.00063,2.44289,0.347138,0.58918400000000004,0.84855899999999995,0.92117262225925922,0.347358,0.58937085099281927,-0.13313851087968875,0.13313851087968875,10,-0.12536048307987568,0.12536048307987568,10,-0.25072096615975148,0.25072096615975148,10,0.104639,0.32347999999999999,0.000167629,0.012947200000000001,0.45491500000000001,0.67447400000000002,0.00016489299999999999,0.012841099999999999,2.73647e-06,0.00165423,1.5180599999999999e-27,3.8962300000000001e-14,3.89623e-14,7.7625844048288322,60.257558094917904,0.12882307590471223,0.016595428550635866,0.99180517795353429,0.12776739372219476,3.0093224789915966e-12,9.0560702503743379e-24,1,1,not_skipped,success,1,0.00015834399999999999,0.012583499999999999,0.97190898418190796,0.94460982288267537,,,,,,,,,,,,,,,,,,,,,,,,
inner,2d,non_matching_initial,p2,2,adaptive_g_effective_rho,g_eff_rho,production_2M,2000000,completed,24339175,20260701_091335_678560_job24339175,snellius_next_mem216,algorithm_data_ordered/2d/non_matching_initial/p2/production_2M/adaptive_g_effective_rho,inner_history.csv,completed,8,0,,655,655,887,969,969,3184,0.482975,1.92891,,,,,,0,,1,0.0250662,1,computed,2.44444,1.00291,2.43736,0.31409500000000001,0.560442,0.767787,0.87623455763853553,0.31500800000000001,0.56125573493729219,-0.13313851087968875,0.13313851087968875,10,-0.12536048307987568,0.12536048307987568,10,-0.25072096615975148,0.25072096615975148,10,0.108611,0.32956200000000002,0.00066565400000000001,0.025800300000000002,0.40542099999999998,0.63672700000000004,0.00016675699999999999,0.0129135,0.00049889699999999999,0.022336000000000002,2.6835199999999999e-27,5.1802699999999997e-14,5.18027e-14,0.57814738538681942,0.33425135849684401,1.7296627560305109,2.9917604658275216,0.50051743584376918,0.86572636752285825,2.0078332422491208e-12,4.0314037022236777e-24,1,1,not_skipped,success,1,0.00035741100000000002,0.0189053,0.73275504548396719,0.53693209985968693,,,,,,,,,,,,,,,,,,,,,,,,
inner,2d,non_matching_initial,p2,2,adaptive_g_effective_rho,g_eff_rho,production_2M,2000000,completed,24339175,20260701_091335_678560_job24339175,snellius_next_mem216,algorithm_data_ordered/2d/non_matching_initial/p2/production_2M/adaptive_g_effective_rho,inner_history.csv,completed,9,0,,887,887,1011,1317,1317,4248,0.423975,2.40013,,,,,,0,,1,0.0307965,1,computed,2.44444,1.00431,2.43394,0.30588100000000001,0.55306500000000003,0.74770999999999999,0.86470226089677826,0.307201,0.55425716053110219,-0.13313851087968875,0.13313851087968875,10,-0.12536048307987568,0.12536048307987568,10,-0.25072096615975148,0.25072096615975148,10,0.109998,0.33165899999999998,0.00094950099999999995,0.030814000000000001,0.39294099999999998,0.62685000000000002,0.00011837600000000001,0.0108801,0.00083112500000000005,0.028829199999999999,4.3424700000000002e-27,6.5897400000000003e-14,6.58974e-14,0.37739860974289957,0.14242863588509549,2.6497182930303946,7.0210600121646278,0.35308950477055884,0.93558771986759259,2.1385539040695786e-12,4.5734233033983116e-24,1,1,not_skipped,success,1,0.00044859400000000002,0.021180000000000001,0.68734990588693456,0.472452372351372,,,,,,,,,,,,,,,,,,,,,,,,
inner,2d,non_matching_initial,p2,2,adaptive_g_effective_rho,g_eff_rho,production_2M,2000000,completed,24339175,20260701_091335_678560_job24339175,snellius_next_mem216,algorithm_data_ordered/2d/non_matching_initial/p2/production_2M/adaptive_g_effective_rho,inner_history.csv,completed,10,0,,1011,1011,1891,1503,1503,5084,0.633302,3.08767,,,,,,0,,1,0.0308271,1,computed,2.44444,1.00432,2.43392,0.30521500000000001,0.55246300000000004,0.74608099999999999,0.86375980457532286,0.30653399999999997,0.55365512731302324,-0.13313851087968875,0.13313851087968875,10,-0.12536048307987568,0.12536048307987568,10,-0.25072096615975148,0.25072096615975148,10,0.11046499999999999,0.33236300000000002,0.00094685500000000003,0.030771,0.39177000000000001,0.62591600000000003,0.00011647299999999999,0.010792299999999999,0.00083038199999999995,0.028816399999999999,5.1624200000000002e-27,7.1850000000000004e-14,7.185e-14,0.37451937091378518,0.14026436025829075,2.6700888596499355,7.1293947953602981,0.35072958304897467,0.93647915244873414,2.3349907380325633e-12,5.452175887543499e-24,1,1,not_skipped,success,1,0.00044929300000000002,0.0211965,0.68884664131812423,0.4745108807578774,,,,,,,,,,,,,,,,,,,,,,,,
inner,2d,non_matching_initial,p2,2,adaptive_g_effective_rho,g_eff_rho,production_2M,2000000,completed,24339175,20260701_091335_678560_job24339175,snellius_next_mem216,algorithm_data_ordered/2d/non_matching_initial/p2/production_2M/adaptive_g_effective_rho,inner_history.csv,completed,11,0,,1891,1891,2279,2823,2823,9188,0.982876,4.15831,,,,,,0,,1,0.0327718,1,computed,2.44444,1.00486,2.43263,0.29420000000000002,0.54240200000000005,0.71915499999999999,0.8480300702215694,0.29562899999999998,0.54371775766476482,-0.13313851087968875,0.13313851087968875,10,-0.12536048307987568,0.12536048307987568,10,-0.25072096615975148,0.25072096615975148,10,0.114968,0.33906900000000001,0.00099412999999999997,0.031529799999999997,0.373859,0.61143999999999998,0.000111434,0.010556299999999999,0.00088269499999999996,0.029710199999999999,9.5501199999999995e-27,9.7724699999999999e-14,9.77247e-14,0.35530895113462713,0.1262429264921632,2.8144520333829091,7.9212358885079954,0.33480389980272635,0.94228951658431082,3.0994392606359702e-12,9.606510214961826e-24,1,1,not_skipped,success,1,0.00056161399999999999,0.023698400000000001,0.75161910319761005,0.56493013992133823,,,,,,,,,,,,,,,,,,,,,,,,
inner,2d,non_matching_initial,p2,2,adaptive_g_effective_rho,g_eff_rho,production_2M,2000000,completed,24339175,20260701_091335_678560_job24339175,snellius_next_mem216,algorithm_data_ordered/2d/non_matching_initial/p2/production_2M/adaptive_g_effective_rho,inner_history.csv,completed,12,0,,2279,2279,4193,3405,3405,11284,1.43395,5.68284,,,,,,0,,1,0.0329295,1,computed,2.44444,1.0049,2.43252,0.29343599999999997,0.54169699999999998,0.71728700000000001,0.84692797804772046,0.29487400000000002,0.54302301976988054,-0.13313851087968875,0.13313851087968875,10,-0.12536048307987568,0.12536048307987568,10,-0.25072096615975148,0.25072096615975148,10,0.115326,0.33959699999999998,0.00099820300000000002,0.031594299999999999,0.37259500000000001,0.610406,0.00010897,0.010438899999999999,0.000889232,0.029819999999999999,1.19221e-26,1.0918799999999999e-13,1.09188e-13,0.35006371562709587,0.12254394803605807,2.8566228242439338,8.1603377076259527,0.33040453499523648,0.94384113590109608,3.4559398372491242e-12,1.1943562581959781e-23,1,1,not_skipped,success,1,0.00056998499999999996,0.0238744,0.7556552922520835,0.57101110695920565,,,,,,,,,,,,,,,,,,,,,,,,
inner,2d,non_matching_initial,p2,2,adaptive_g_effective_rho,g_eff_rho,production_2M,2000000,completed,24339175,20260701_091335_678560_job24339175,snellius_next_mem216,algorithm_data_ordered/2d/non_matching_initial/p2/production_2M/adaptive_g_effective_rho,inner_history.csv,completed,13,0,,4193,4193,5471,6276,6276,20356,2.27512,8.10217,,,,,,0,,1,0.102761,1,computed,2.44444,1.03962,2.35128,0.22037899999999999,0.469445,0.53870399999999996,0.7339645768019053,0.22911100000000001,0.47865540840984971,-0.13313851087968875,0.13313851087968875,10,-0.12536048307987568,0.12536048307987568,10,-0.25072096615975148,0.25072096615975148,10,0.085511199999999996,0.29242299999999999,0.0062470599999999996,0.079038399999999995,0.28032000000000001,0.52945299999999995,2.7937500000000001e-05,0.0052855999999999997,0.0062191199999999999,0.078861399999999998,2.49272e-26,1.5788299999999999e-13,1.57883e-13,0.067023917911677958,0.0044921950372399959,14.920046919933405,222.60832214765099,0.066873823356748116,0.99776058219802022,1.9975480272880019e-12,3.9902290037233516e-24,1,1,not_skipped,success,1,0.0033074900000000002,0.057510800000000001,0.72763112613615666,0.52944745208145916,,,,,,,,,,,,,,,,,,,,,,,,
inner,2d,non_matching_initial,p2,2,adaptive_g_effective_rho,g_eff_rho,production_2M,2000000,completed,24339175,20260701_091335_678560_job24339175,snellius_next_mem216,algorithm_data_ordered/2d/non_matching_initial/p2/production_2M/adaptive_g_effective_rho,inner_history.csv,completed,14,0,,5471,5471,8297,8193,8193,26172,2.78738,11.0465,,,,,,0,,1,0.103064,1,computed,2.44444,1.03983,2.35081,0.219803,0.46883200000000003,0.53729700000000002,0.73300545700560782,0.22855800000000001,0.47807739959132139,-0.13313851087968875,0.13313851087968875,10,-0.12536048307987568,0.12536048307987568,10,-0.25072096615975148,0.25072096615975148,10,0.085861499999999993,0.29302099999999998,0.00624684,0.079036899999999993,0.279333,0.52851899999999996,2.72136e-05,0.0052166599999999997,0.0062196300000000003,0.078864600000000007,3.5330099999999998e-26,1.87963e-13,1.87963e-13,0.066147041892052949,0.004375437124073297,15.117834016401302,228.54859335038364,0.066002841710644022,0.99782000559232475,2.3781676659889242e-12,5.6556755095376222e-24,1,1,not_skipped,success,1,0.0033169200000000001,0.057592699999999997,0.72868116031878782,0.53097566129435048,,,,,,,,,,,,,,,,,,,,,,,,
inner,2d,non_matching_initial,p2,2,adaptive_g_effective_rho,g_eff_rho,production_2M,2000000,completed,24339175,20260701_091335_678560_job24339175,snellius_next_mem216,algorithm_data_ordered/2d/non_matching_initial/p2/production_2M/adaptive_g_effective_rho,inner_history.csv,completed,15,0,,8297,8297,12409,12432,12432,40112,5.01769,16.3449,,,,,,0,,1,0.0448063,1,computed,2.44444,1.00877,2.42319,0.194962,0.44154500000000002,0.47657300000000002,0.69034266853498205,0.19667200000000001,0.44347716964912637,-0.13313851087968875,0.13313851087968875,10,-0.12536048307987568,0.12536048307987568,10,-0.25072096615975148,0.25072096615975148,10,0.0743143,0.27260600000000001,0.0012074500000000001,0.034748300000000003,0.248583,0.498581,9.7150999999999995e-06,0.0031169100000000001,0.0011977299999999999,0.034608300000000002,6.0506999999999997e-26,2.4598200000000002e-13,2.45982e-13,0.09006249945822245,0.0081112604677181007,11.103400483170834,123.28540107667446,0.089699639982387627,0.99597102592069253,7.0789650141157984e-12,5.0111391776056976e-23,1,1,not_skipped,success,1,0.00066987700000000004,0.025881999999999999,0.74484219371882932,0.55478653360387598,,,,,,,,,,,,,,,,,,,,,,,,
inner,2d,non_matching_initial,p2,2,adaptive_g_effective_rho,g_eff_rho,production_2M,2000000,completed,24339175,20260701_091335_678560_job24339175,snellius_next_mem216,algorithm_data_ordered/2d/non_matching_initial/p2/production_2M/adaptive_g_effective_rho,inner_history.csv,completed,16,0,,12409,12409,17649,18600,18600,59164,6.86504,23.5586,,,,,,0,,1,0.0655603,1,computed,2.44444,1.01774,2.40185,0.18027000000000001,0.42458200000000001,0.44066,0.66382226536927791,0.18346699999999999,0.42833047988673417,-0.13313851087968875,0.13313851087968875,10,-0.12536048307987568,0.12536048307987568,10,-0.25072096615975148,0.25072096615975148,10,0.067408499999999996,0.259631,0.0022914300000000001,0.047868899999999999,0.230431,0.48003200000000001,8.5026000000000006e-06,0.0029159199999999998,0.0022829199999999999,0.047780000000000003,9.2364399999999999e-26,3.0391500000000002e-13,3.03915e-13,0.061028045207199656,0.0037244406286685476,16.385909078438367,268.49669512854888,0.06091470662580506,0.99814284431018896,6.3489029411580389e-12,4.0308628236516058e-23,1,1,not_skipped,success,1,0.00114579,0.033849499999999998,0.70712926346751226,0.50003273065291109,,,,,,,,,,,,,,,,,,,,,,,,
inner,2d,non_matching_initial,p2,2,adaptive_g_effective_rho,g_eff_rho,production_2M,2000000,completed,24339175,20260701_091335_678560_job24339175,snellius_next_mem216,algorithm_data_ordered/2d/non_matching_initial/p2/production_2M/adaptive_g_effective_rho,inner_history.csv,completed,17,0,,17649,17649,24033,26460,26460,82720,8.94848,32.9775,,,,,,0,,1,0.0885034,1,computed,2.44444,1.03045,2.37221,0.16659299999999999,0.40815800000000002,0.40722700000000001,0.63814340081207455,0.17166500000000001,0.41432475185535322,-0.13313851087968875,0.13313851087968875,10,-0.12536048307987568,0.12536048307987568,10,-0.25072096615975148,0.25072096615975148,10,0.059744199999999997,0.244426,0.00372142,0.061003500000000002,0.21408099999999999,0.46268900000000002,6.6993399999999998e-06,0.0025883099999999999,0.0037147199999999999,0.060948500000000003,1.3986499999999999e-25,3.7398600000000002e-13,3.73986e-13,0.042467164901515211,0.0018034575957272688,23.547604421417837,554.49044234208145,0.042428877031645724,0.99909841238617458,6.1305662789839931e-12,3.758377178603866e-23,1,1,not_skipped,success,1,0.0017347700000000001,0.0416505,0.68275590744793324,0.46615807944279336,,,,,,,,,,,,,,,,,,,,,,,,
inner,2d,non_matching_initial,p2,2,adaptive_g_effective_rho,g_eff_rho,production_2M,2000000,completed,24339175,20260701_091335_678560_job24339175,snellius_next_mem216,algorithm_data_ordered/2d/non_matching_initial/p2/production_2M/adaptive_g_effective_rho,inner_history.csv,completed,18,0,,24033,24033,40049,36036,36036,114288,14.9046,48.5993,,,,,,0,,1,0.0999789,1,computed,2.44444,1.03776,2.35549,0.15600700000000001,0.394978,0.381351,0.61753623375474898,0.16189899999999999,0.40236674812911666,-0.13313851087968875,0.13313851087968875,10,-0.12536048307987568,0.12536048307987568,10,-0.25072096615975148,0.25072096615975148,10,0.057036299999999998,0.23882300000000001,0.0043076499999999997,0.065632700000000002,0.19999500000000001,0.44720700000000002,4.3952200000000004e-06,0.00209648,0.0043032499999999998,0.065599199999999996,2.1724899999999998e-25,4.661e-13,4.661e-13,0.031958926328369858,0.0010213722186719341,31.29016255819278,979.07499510832213,0.031942613971389262,0.99948958369836982,7.1016429310389485e-12,5.0433298898471322e-23,1,1,not_skipped,success,1,0.0020585099999999999,0.045370800000000003,0.69128346083583336,0.4778730862535257,,,,,,,,,,,,,,,,,,,,,,,,
inner,2d,non_matching_initial,p2,2,adaptive_g_effective_rho,g_eff_rho,production_2M,2000000,completed,24339175,20260701_091335_678560_job24339175,snellius_next_mem216,algorithm_data_ordered/2d/non_matching_initial/p2/production_2M/adaptive_g_effective_rho,inner_history.csv,completed,19,0,,40049,40049,50979,60060,60060,187144,21.988,71.7011,,,,,,0,,1,0.0611541,1,computed,2.44444,1.01562,2.40686,0.13590099999999999,0.368647,0.332202,0.57636967303979481,0.13802300000000001,0.3715144680897367,-0.13313851087968875,0.13313851087968875,10,-0.12536048307987568,0.12536048307987568,10,-0.25072096615975148,0.25072096615975148,10,0.055495299999999997,0.23557400000000001,0.0014631799999999999,0.038251500000000001,0.17163700000000001,0.41429100000000002,3.0020199999999999e-06,0.00173263,0.0014601799999999999,0.038212299999999998,3.48891e-25,5.9067000000000005e-13,5.9067e-13,0.045342206566995447,0.0020559246120341328,22.054506732539547,486.39915790034706,0.04529574003633844,0.99897520358678737,1.5441747382455591e-11,2.3844708101532281e-22,1,1,not_skipped,success,1,0.00078117400000000004,0.027949499999999999,0.73067722834398641,0.53388783334928036,,,,,,,,,,,,,,,,,,,,,,,,
inner,2d,non_matching_initial,p2,2,adaptive_g_effective_rho,g_eff_rho,production_2M,2000000,completed,24339175,20260701_091335_678560_job24339175,snellius_next_mem216,algorithm_data_ordered/2d/non_matching_initial/p2/production_2M/adaptive_g_effective_rho,inner_history.csv,completed,20,0,,50979,50979,71669,76455,76455,236284,27.3732,100.406,,,,,,0,,1,0.0753393,1,computed,2.44444,1.02282,2.3899,0.12571399999999999,0.35456199999999999,0.30730099999999999,0.55434736402367779,0.128583,0.35858471802350977,-0.13313851087968875,0.13313851087968875,10,-0.12536048307987568,0.12536048307987568,10,-0.25072096615975148,0.25072096615975148,10,0.049929000000000001,0.22344800000000001,0.0020130600000000001,0.044867200000000003,0.15939600000000001,0.39924500000000002,2.65523e-06,0.0016294899999999999,0.0020104099999999998,0.044837599999999998,4.9309700000000002e-25,7.0220900000000002e-13,7.02209e-13,0.036342043285100004,0.0013207405454608763,27.516339468177161,757.15098127092563,0.036318067541544818,0.99934027530133362,1.5650831788032235e-11,2.4494898314009519e-22,1,1,not_skipped,success,1,0.00104755,0.032365900000000003,0.72137106839740395,0.52037693859100076,,,,,,,,,,,,,,,,,,,,,,,,
inner,2d,non_matching_initial,p2,2,adaptive_g_effective_rho,g_eff_rho,production_2M,2000000,completed,24339175,20260701_091335_678560_job24339175,snellius_next_mem216,algorithm_data_ordered/2d/non_matching_initial/p2/production_2M/adaptive_g_effective_rho,inner_history.csv,completed,21,0,,71669,71669,105323,107490,107490,335948,46.7837,149.389,,,,,,0,,1,0.0997606,1,computed,2.44444,1.03762,2.35582,0.11276799999999999,0.33580900000000002,0.27565400000000001,0.52502761832116984,0.11701,0.34206724485106726,-0.13313851087968875,0.13313851087968875,10,-0.12536048307987568,0.12536048307987568,10,-0.25072096615975148,0.25072096615975148,10,0.045912700000000001,0.21427199999999999,0.0029719500000000001,0.054515599999999997,0.142481,0.37746600000000002,1.9802399999999999e-06,0.0014072100000000001,0.0029699700000000002,0.054497499999999997,7.5824800000000001e-25,8.7077400000000002e-13,8.70774e-13,0.025821551447314101,0.00066675420963848114,38.727339913729999,1499.8030541752516,0.025812978303458096,0.99966798494375919,1.5972932518398404e-11,2.551348441259106e-22,1,1,not_skipped,success,1,0.00172141,0.041489900000000003,0.76106472275825643,0.57921903127576169,,,,,,,,,,,,,,,,,,,,,,,,
inner,2d,non_matching_initial,p2,2,adaptive_g_effective_rho,g_eff_rho,production_2M,2000000,completed,24339175,20260701_091335_678560_job24339175,snellius_next_mem216,algorithm_data_ordered/2d/non_matching_initial/p2/production_2M/adaptive_g_effective_rho,inner_history.csv,completed,22,0,,105323,105323,138711,157971,157971,488692,63.6176,216.115,,,,,,0,,1,0.060615,1,computed,2.44444,1.01536,2.40745,0.102937,0.32083699999999998,0.25162299999999999,0.50162037438684648,0.104518,0.32329243727622209,-0.13313851087968875,0.13313851087968875,10,-0.12536048307987568,0.12536048307987568,10,-0.25072096615975148,0.25072096615975148,10,0.042122100000000003,0.205237,0.00108916,0.033002400000000001,0.129965,0.36050700000000002,1.4944400000000001e-06,0.00122247,0.0010876600000000001,0.032979700000000001,1.14219e-24,1.06873e-12,1.06873e-12,0.037067347489516275,0.0013739955500799883,26.977921748590969,727.80439495730843,0.037041851501708967,0.99931217123603133,3.2383402419217999e-11,1.0486888978662454e-21,1,1,not_skipped,success,1,0.00061308800000000002,0.024760600000000001,0.75026664727413761,0.56289984942524518,,,,,,,,,,,,,,,,,,,,,,,,
inner,2d,non_matching_initial,p2,2,adaptive_g_effective_rho,g_eff_rho,production_2M,2000000,completed,24339175,20260701_091335_678560_job24339175,snellius_next_mem216,algorithm_data_ordered/2d/non_matching_initial/p2/production_2M/adaptive_g_effective_rho,inner_history.csv,completed,23,0,,138711,138711,185015,208053,208053,638800,80.8449,300.961,,,,,,0,,1,0.0770371,1,computed,2.44444,1.02376,2.38772,0.095835400000000001,0.30957299999999999,0.234264,0.48400826439225186,0.098112199999999997,0.3132286704629702,-0.13313851087968875,0.13313851087968875,10,-0.12536048307987568,0.12536048307987568,10,-0.25072096615975148,0.25072096615975148,10,0.0394597,0.19864499999999999,0.00157357,0.039668200000000001,0.120891,0.347694,1.4005200000000001e-06,0.00118344,0.0015721699999999999,0.039650499999999998,1.64662e-24,1.2832099999999999e-12,1.28321e-12,0.02984678629525479,0.00089081969507114381,33.504444669776241,1122.5616199697254,0.029833468622221325,0.99955379876072015,3.234858148340484e-11,1.0464231016097155e-21,1,1,not_skipped,success,1,0.00062808999999999999,0.025061699999999999,0.63178314115588807,0.39914970417585488,,,,,,,,,,,,,,,,,,,,,,,,
inner,2d,non_matching_initial,p2,2,adaptive_g_effective_rho,g_eff_rho,production_2M,2000000,completed,24339175,20260701_091335_678560_job24339175,snellius_next_mem216,algorithm_data_ordered/2d/non_matching_initial/p2/production_2M/adaptive_g_effective_rho,inner_history.csv,completed,24,0,,185015,185015,270991,277509,277509,857748,129.451,436.718,,,,,,0,,1,0.124497,1,computed,2.44444,1.05524,2.31648,0.085439699999999993,0.29230099999999998,0.20885300000000001,0.45700437634666041,0.090159600000000006,0.30026588217777922,-0.13313851087968875,0.13313851087968875,10,-0.12536048307987568,0.12536048307987568,10,-0.25072096615975148,0.25072096615975148,10,0.035123000000000001,0.18741099999999999,0.0033240000000000001,0.0576541,0.107803,0.32833299999999999,1.28148e-06,0.00113203,0.0033227199999999999,0.057643,2.7610799999999999e-24,1.6616500000000001e-12,1.66165e-12,0.019638637822458928,0.00038567197958299228,50.920028621149612,2592.8769859849549,0.019634856844526236,0.99980747249545132,2.8821020534532672e-11,8.3064981949458482e-22,1,1,not_skipped,success,1,0.00114689,0.033865699999999999,0.58739447844992809,0.34503309265944643,,,,,,,,,,,,,,,,,,,,,,,,
inner,2d,non_matching_initial,p2,2,adaptive_g_effective_rho,g_eff_rho,production_2M,2000000,completed,24339175,20260701_091335_678560_job24339175,snellius_next_mem216,algorithm_data_ordered/2d/non_matching_initial/p2/production_2M/adaptive_g_effective_rho,inner_history.csv,completed,25,0,,270991,270991,367555,406473,406473,1249768,175.044,620.894,,,,,,0,,1,0.148772,1,computed,2.44444,1.07472,2.2745,0.079143599999999995,0.28132499999999999,0.193462,0.43984315386282868,0.085057099999999997,0.29164550399414696,-0.13313851087968875,0.13313851087968875,10,-0.12536048307987568,0.12536048307987568,10,-0.25072096615975148,0.25072096615975148,10,0.032430199999999999,0.18008399999999999,0.0042081200000000001,0.064869999999999997,0.099905099999999997,0.31607800000000003,1.2033e-06,0.00109695,0.0042069200000000003,0.064860699999999993,4.1115800000000002e-24,2.0276999999999999e-12,2.0277e-12,0.016912398416915022,0.00028602873361033721,59.128219153106336,3496.152247984709,0.016909973793741328,0.9998566363496223,3.1257900416217051e-11,9.7705863901219551e-22,1,1,not_skipped,success,1,0.0014036599999999999,0.037465499999999999,0.5775474024973023,0.3335598794711177,,,,,,,,,,,,,,,,,,,,,,,,
inner,2d,non_matching_initial,p2,2,adaptive_g_effective_rho,g_eff_rho,production_2M,2000000,completed,24339175,20260701_091335_678560_job24339175,snellius_next_mem216,algorithm_data_ordered/2d/non_matching_initial/p2/production_2M/adaptive_g_effective_rho,inner_history.csv,completed,26,0,,367555,367555,483999,551319,551319,1684648,227.829,861.304,,,,,,0,,1,0.123447,1,computed,2.44444,1.05445,2.31823,0.074151999999999996,0.27230900000000002,0.18126,0.42574640339056302,0.078189300000000003,0.27962349686676907,-0.13313851087968875,0.13313851087968875,10,-0.12536048307987568,0.12536048307987568,10,-0.25072096615975148,0.25072096615975148,10,0.03073,0.17530000000000001,0.0028324499999999998,0.053220799999999999,0.093450699999999998,0.305697,1.10108e-06,0.0010493200000000001,0.0028313499999999998,0.053210399999999998,5.8110799999999997e-24,2.4106200000000001e-12,2.41062e-12,0.019720205072692558,0.00038888869267310648,50.709411809552847,2571.429868856032,0.019716351501668523,0.9998045876800048,4.529469681026967e-11,2.0516090310508571e-21,1,1,not_skipped,success,1,0.000847111,0.029105200000000001,0.54687640922346159,0.29907359353210122,,,,,,,,,,,,,,,,,,,,,,,,
inner,2d,non_matching_initial,p2,2,adaptive_g_effective_rho,g_eff_rho,production_2M,2000000,completed,24339175,20260701_091335_678560_job24339175,snellius_next_mem216,algorithm_data_ordered/2d/non_matching_initial/p2/production_2M/adaptive_g_effective_rho,inner_history.csv,completed,27,0,,483999,483999,681393,725985,725985,2210876,353.219,1231.02,,,,,,0,,1,0.103974,1,computed,2.44444,1.04045,2.34942,0.0683203,0.261382,0.16700499999999999,0.40866245239806409,0.071083599999999997,0.26661507834329251,-0.13313851087968875,0.13313851087968875,10,-0.12536048307987568,0.12536048307987568,10,-0.25072096615975148,0.25072096615975148,10,0.029796099999999999,0.17261599999999999,0.0018802599999999999,0.043361900000000002,0.085442199999999996,0.29230499999999998,1.06401e-06,0.00103151,0.00187919,0.043349600000000002,1.01995e-23,3.1936700000000001e-12,3.19367e-12,0.023795144591876281,0.0005662067167236948,42.025380267762799,1766.1394159829326,0.023788394881220611,0.9997163408429981,7.3651523572537177e-11,5.4245157584589373e-21,1,1,not_skipped,success,1,0.00076804800000000002,0.027713700000000001,0.63912559182139161,0.40847967834235693,,,,,,,,,,,,,,,,,,,,,,,,
inner,2d,non_matching_initial,p2,2,adaptive_g_effective_rho,g_eff_rho,production_2M,2000000,completed,24339175,20260701_091335_678560_job24339175,snellius_next_mem216,algorithm_data_ordered/2d/non_matching_initial/p2/production_2M/adaptive_g_effective_rho,inner_history.csv,completed,28,0,,681393,681393,961117,1022124,1022124,3132488,480.602,1737.59,,,,,,0,,1,0.100535,1,computed,2.44444,1.03813,2.35465,0.063356599999999999,0.25170700000000001,0.15487200000000001,0.39353779996335803,0.065772600000000001,0.25646169304595962,-0.13313851087968875,0.13313851087968875,10,-0.12536048307987568,0.12536048307987568,10,-0.25072096615975148,0.25072096615975148,10,0.028044800000000002,0.167466,0.0016300100000000001,0.040373399999999997,0.079050700000000002,0.28116000000000002,1.0304999999999999e-06,0.0010151400000000001,0.0016289799999999999,0.040360699999999999,1.4593399999999999e-23,3.8201300000000002e-12,3.82013e-12,0.02515169459399862,0.0006326044518655846,39.758752487341646,1580.7666181465308,0.025143782787677038,0.99968543645073249,9.4619972556188e-11,8.9529512088882874e-21,1,1,not_skipped,success,1,0.00087078999999999998,0.029509199999999999,0.73090698331079373,0.53422371641891764,,,,,,,,,,,,,,,,,,,,,,,,
inner,2d,non_matching_initial,p2,2,adaptive_g_effective_rho,g_eff_rho,production_2M,2000000,completed,24339175,20260701_091335_678560_job24339175,snellius_next_mem216,algorithm_data_ordered/2d/non_matching_initial/p2/production_2M/adaptive_g_effective_rho,inner_history.csv,completed,29,0,,961117,961117,1244501,1442094,1442094,4392504,652.107,2425.15,,,,,,0,,1,0.152943,1,computed,2.44444,1.07826,2.26703,0.056520899999999999,0.23774100000000001,0.13816200000000001,0.37170149313662976,0.060944100000000001,0.24686858852434021,-0.13313851087968875,0.13313851087968875,10,-0.12536048307987568,0.12536048307987568,10,-0.25072096615975148,0.25072096615975148,10,0.024119600000000001,0.155305,0.0030998699999999998,0.055676499999999997,0.070921499999999998,0.26631100000000002,7.3583699999999997e-07,0.00085780999999999997,0.0030991399999999998,0.055669900000000001,3.94475e-22,1.98614e-11,1.98614e-11,0.015408865473083299,0.00023743264260407728,64.897704619904175,4211.7208022972482,0.015407038876366151,0.99988145806579087,3.5672860183380781e-10,1.2725533651411189e-19,1,1,not_skipped,success,1,0.00109089,0.033028700000000001,0.59322514885095157,0.35191475771564618,,,,,,,,,,,,,,,,,,,,,,,,
inner,2d,non_matching_initial,p2,2,adaptive_g_effective_rho,g_eff_rho,production_2M,2000000,completed,24339175,20260701_091335_678560_job24339175,snellius_next_mem216,algorithm_data_ordered/2d/non_matching_initial/p2/production_2M/adaptive_g_effective_rho,inner_history.csv,completed,30,0,,1244501,1244501,1657993,1866786,1866786,5667032,856.567,3327.03,,,,,,0,,1,0.14416,1,computed,2.44444,1.07087,2.28268,0.052623700000000002,0.22939899999999999,0.128636,0.35865861205330063,0.056353,0.23738786826626165,-0.13313851087968875,0.13313851087968875,10,-0.12536048307987568,0.12536048307987568,10,-0.25072096615975148,0.25072096615975148,10,0.023101400000000001,0.15199099999999999,0.0025722499999999999,0.050717400000000003,0.065744700000000003,0.256407,6.9946100000000002e-07,0.00083633799999999995,0.0025715500000000001,0.050710499999999999,1.6562700000000001e-20,1.28696e-10,1.28696e-10,0.016492402954023329,0.00027199976667768464,60.633978128460029,3676.4737419241387,0.016490159195857831,0.99986395201646761,2.5375117809666899e-09,6.438993099426573e-18,1,1,not_skipped,success,1,0.00070238799999999997,0.026502600000000001,0.52255438961776435,0.27306366021965206,,,,,,,,,,,,,,,,,,,,,,,,
inner,2d,non_matching_initial,p2,2,adaptive_g_effective_rho,g_eff_rho,production_2M,2000000,completed,24339175,20260701_091335_678560_job24339175,snellius_next_mem216,algorithm_data_ordered/2d/non_matching_initial/p2/production_2M/adaptive_g_effective_rho,inner_history.csv,completed,31,0,,1657993,1657993,2367893,2487024,2487024,7594624,1398.31,4792.29,,,,,,0,,1,0.145811,1,computed,2.44444,1.07224,2.27976,0.0489121,0.221161,0.119563,0.34577883104666773,0.052445400000000003,0.22900960678539231,-0.13313851087968875,0.13313851087968875,10,-0.12536048307987568,0.12536048307987568,10,-0.25072096615975148,0.25072096615975148,10,0.0221295,0.14876,0.0024052000000000001,0.049042799999999998,0.060815500000000002,0.24660799999999999,5.5740700000000004e-07,0.00074659699999999999,0.00240464,0.049037200000000003,1.02305e-20,1.01146e-10,1.01146e-10,0.0152251148107967,0.0002318047607957948,65.680949695752872,4313.9752460948639,0.015223376316197282,0.99988581402366927,2.0624026360648251e-09,4.2534924330616997e-18,1,1,not_skipped,success,1,0.00069230099999999998,0.026311600000000001,0.53650280979063192,0.28783510726758688,,,,,,,,,,,,,,,,,,,,,,,,
inner_summary,2d,non_matching_initial,p2,2,adaptive_g_effective_rho,g_eff_rho,production_2M,2000000,completed,24339175,20260701_091335_678560_job24339175,snellius_next_mem216,algorithm_data_ordered/2d/non_matching_initial/p2/production_2M/adaptive_g_effective_rho,inner_history.csv,,0,,1,15,15,27,,,,,,,,,,,,,,,,,,,,,,,,,,-0.13313851087968875,0.13313851087968875,10,-0.12536048307987568,0.12536048307987568,10,-0.25072096615975148,0.25072096615975148,10,,,,,,,,,,,,,,,,,,,,,,,,,,,,,,,90582004447179.016,90582004447179.016,90582004447179.016,90582004447179.016,1.1039720373853385e-14,1.1039720373853385e-14,1.1039720373853385e-14,1.1039720373853385e-14,0.97502482652401823,0.97502482652401823,0.97502482652401823,0.97502482652401823,3.4507732868666139e-14,3.4507732868666139e-14,3.4507732868666139e-14,3.4507732868666139e-14,1,1,1,1,1,1,1,1
inner_summary,2d,non_matching_initial,p2,2,adaptive_g_effective_rho,g_eff_rho,production_2M,2000000,completed,24339175,20260701_091335_678560_job24339175,snellius_next_mem216,algorithm_data_ordered/2d/non_matching_initial/p2/production_2M/adaptive_g_effective_rho,inner_history.csv,,1,,1,27,27,45,,,,,,,,,,,,,,,,,,,,,,,,,,-0.13313851087968875,0.13313851087968875,10,-0.12536048307987568,0.12536048307987568,10,-0.25072096615975148,0.25072096615975148,10,,,,,,,,,,,,,,,,,,,,,,,,,,,,,,,2.6398834304746046,2.6398834304746046,2.6398834304746046,2.6398834304746046,0.37880460495190033,0.37880460495190033,0.37880460495190033,0.37880460495190033,0.93036117215036795,0.93036117215036795,0.93036117215036795,0.93036117215036795,4.7254339522468184e-14,4.7254339522468184e-14,4.7254339522468184e-14,4.7254339522468184e-14,0.9351541876207472,0.9351541876207472,0.9351541876207472,0.9351541876207472,1,1,1,1
inner_summary,2d,non_matching_initial,p2,2,adaptive_g_effective_rho,g_eff_rho,production_2M,2000000,completed,24339175,20260701_091335_678560_job24339175,snellius_next_mem216,algorithm_data_ordered/2d/non_matching_initial/p2/production_2M/adaptive_g_effective_rho,inner_history.csv,,2,,1,45,45,77,,,,,,,,,,,,,,,,,,,,,,,,,,-0.13313851087968875,0.13313851087968875,10,-0.12536048307987568,0.12536048307987568,10,-0.25072096615975148,0.25072096615975148,10,,,,,,,,,,,,,,,,,,,,,,,,,,,,,,,40086014584844.641,40086014584844.641,40086014584844.641,40086014584844.641,2.4946356238119791e-14,2.4946356238119791e-14,2.4946356238119791e-14,2.4946356238119791e-14,0.98637441644975565,0.98637441644975565,0.98637441644975565,0.98637441644975565,7.635783008431969e-14,7.635783008431969e-14,7.635783008431969e-14,7.635783008431969e-14,1,1,1,1,1,1,1,1
inner_summary,2d,non_matching_initial,p2,2,adaptive_g_effective_rho,g_eff_rho,production_2M,2000000,completed,24339175,20260701_091335_678560_job24339175,snellius_next_mem216,algorithm_data_ordered/2d/non_matching_initial/p2/production_2M/adaptive_g_effective_rho,inner_history.csv,,3,,1,77,77,99,,,,,,,,,,,,,,,,,,,,,,,,,,-0.13313851087968875,0.13313851087968875,10,-0.12536048307987568,0.12536048307987568,10,-0.25072096615975148,0.25072096615975148,10,,,,,,,,,,,,,,,,,,,,,,,,,,,,,,,32827902420011.113,32827902420011.113,32827902420011.113,32827902420011.113,3.0461891448489977e-14,3.0461891448489977e-14,3.0461891448489977e-14,3.0461891448489977e-14,0.97338558609873205,0.97338558609873205,0.97338558609873205,0.97338558609873205,3.6674060673643507e-13,3.6674060673643507e-13,3.6674060673643507e-13,3.6674060673643507e-13,1,1,1,1,1,1,1,1
inner_summary,2d,non_matching_initial,p2,2,adaptive_g_effective_rho,g_eff_rho,production_2M,2000000,completed,24339175,20260701_091335_678560_job24339175,snellius_next_mem216,algorithm_data_ordered/2d/non_matching_initial/p2/production_2M/adaptive_g_effective_rho,inner_history.csv,,4,,1,99,99,141,,,,,,,,,,,,,,,,,,,,,,,,,,-0.13313851087968875,0.13313851087968875,10,-0.12536048307987568,0.12536048307987568,10,-0.25072096615975148,0.25072096615975148,10,,,,,,,,,,,,,,,,,,,,,,,,,,,,,,,4.6002418437403039,4.6002418437403039,4.6002418437403039,4.6002418437403039,0.21737987566039205,0.21737987566039205,0.21737987566039205,0.21737987566039205,0.95785453562254963,0.95785453562254963,0.95785453562254963,0.95785453562254963,4.9867344869541703e-13,4.9867344869541703e-13,4.9867344869541703e-13,4.9867344869541703e-13,0.97717824793835339,0.97717824793835339,0.97717824793835339,0.97717824793835339,1,1,1,1
inner_summary,2d,non_matching_initial,p2,2,adaptive_g_effective_rho,g_eff_rho,production_2M,2000000,completed,24339175,20260701_091335_678560_job24339175,snellius_next_mem216,algorithm_data_ordered/2d/non_matching_initial/p2/production_2M/adaptive_g_effective_rho,inner_history.csv,,5,,1,141,141,319,,,,,,,,,,,,,,,,,,,,,,,,,,-0.13313851087968875,0.13313851087968875,10,-0.12536048307987568,0.12536048307987568,10,-0.25072096615975148,0.25072096615975148,10,,,,,,,,,,,,,,,,,,,,,,,,,,,,,,,2.0249914727526361,2.0249914727526361,2.0249914727526361,2.0249914727526361,0.49382924000201722,0.49382924000201722,0.49382924000201722,0.49382924000201722,0.91152651355860925,0.91152651355860925,0.91152651355860925,0.91152651355860925,6.4169730184353682e-13,6.4169730184353682e-13,6.4169730184353682e-13,6.4169730184353682e-13,0.8966271913760282,0.8966271913760282,0.8966271913760282,0.8966271913760282,1,1,1,1
inner_summary,2d,non_matching_initial,p2,2,adaptive_g_effective_rho,g_eff_rho,production_2M,2000000,completed,24339175,20260701_091335_678560_job24339175,snellius_next_mem216,algorithm_data_ordered/2d/non_matching_initial/p2/production_2M/adaptive_g_effective_rho,inner_history.csv,,6,,1,319,319,367,,,,,,,,,,,,,,,,,,,,,,,,,,-0.13313851087968875,0.13313851087968875,10,-0.12536048307987568,0.12536048307987568,10,-0.25072096615975148,0.25072096615975148,10,,,,,,,,,,,,,,,,,,,,,,,,,,,,,,,3794906644858.8438,3794906644858.8438,3794906644858.8438,3794906644858.8438,2.6351109357452879e-13,2.6351109357452879e-13,2.6351109357452879e-13,2.6351109357452879e-13,0.97709199623637966,0.97709199623637966,0.97709199623637966,0.97709199623637966,2.5604759158648743e-12,2.5604759158648743e-12,2.5604759158648743e-12,2.5604759158648743e-12,1,1,1,1,1,1,1,1
inner_summary,2d,non_matching_initial,p2,2,adaptive_g_effective_rho,g_eff_rho,production_2M,2000000,completed,24339175,20260701_091335_678560_job24339175,snellius_next_mem216,algorithm_data_ordered/2d/non_matching_initial/p2/production_2M/adaptive_g_effective_rho,inner_history.csv,,7,,1,367,367,655,,,,,,,,,,,,,,,,,,,,,,,,,,-0.13313851087968875,0.13313851087968875,10,-0.12536048307987568,0.12536048307987568,10,-0.25072096615975148,0.25072096615975148,10,,,,,,,,,,,,,,,,,,,,,,,,,,,,,,,7.7625844048288322,7.7625844048288322,7.7625844048288322,7.7625844048288322,0.12882307590471223,0.12882307590471223,0.12882307590471223,0.12882307590471223,0.97190898418190796,0.97190898418190796,0.97190898418190796,0.97190898418190796,3.0093224789915966e-12,3.0093224789915966e-12,3.0093224789915966e-12,3.0093224789915966e-12,0.99180517795353429,0.99180517795353429,0.99180517795353429,0.99180517795353429,1,1,1,1
inner_summary,2d,non_matching_initial,p2,2,adaptive_g_effective_rho,g_eff_rho,production_2M,2000000,completed,24339175,20260701_091335_678560_job24339175,snellius_next_mem216,algorithm_data_ordered/2d/non_matching_initial/p2/production_2M/adaptive_g_effective_rho,inner_history.csv,,8,,1,655,655,887,,,,,,,,,,,,,,,,,,,,,,,,,,-0.13313851087968875,0.13313851087968875,10,-0.12536048307987568,0.12536048307987568,10,-0.25072096615975148,0.25072096615975148,10,,,,,,,,,,,,,,,,,,,,,,,,,,,,,,,0.57814738538681942,0.57814738538681942,0.57814738538681942,0.57814738538681942,1.7296627560305109,1.7296627560305109,1.7296627560305109,1.7296627560305109,0.73275504548396719,0.73275504548396719,0.73275504548396719,0.73275504548396719,2.0078332422491208e-12,2.0078332422491208e-12,2.0078332422491208e-12,2.0078332422491208e-12,0.50051743584376918,0.50051743584376918,0.50051743584376918,0.50051743584376918,1,1,1,1
inner_summary,2d,non_matching_initial,p2,2,adaptive_g_effective_rho,g_eff_rho,production_2M,2000000,completed,24339175,20260701_091335_678560_job24339175,snellius_next_mem216,algorithm_data_ordered/2d/non_matching_initial/p2/production_2M/adaptive_g_effective_rho,inner_history.csv,,9,,1,887,887,1011,,,,,,,,,,,,,,,,,,,,,,,,,,-0.13313851087968875,0.13313851087968875,10,-0.12536048307987568,0.12536048307987568,10,-0.25072096615975148,0.25072096615975148,10,,,,,,,,,,,,,,,,,,,,,,,,,,,,,,,0.37739860974289957,0.37739860974289957,0.37739860974289957,0.37739860974289957,2.6497182930303946,2.6497182930303946,2.6497182930303946,2.6497182930303946,0.68734990588693456,0.68734990588693456,0.68734990588693456,0.68734990588693456,2.1385539040695786e-12,2.1385539040695786e-12,2.1385539040695786e-12,2.1385539040695786e-12,0.35308950477055884,0.35308950477055884,0.35308950477055884,0.35308950477055884,1,1,1,1
inner_summary,2d,non_matching_initial,p2,2,adaptive_g_effective_rho,g_eff_rho,production_2M,2000000,completed,24339175,20260701_091335_678560_job24339175,snellius_next_mem216,algorithm_data_ordered/2d/non_matching_initial/p2/production_2M/adaptive_g_effective_rho,inner_history.csv,,10,,1,1011,1011,1891,,,,,,,,,,,,,,,,,,,,,,,,,,-0.13313851087968875,0.13313851087968875,10,-0.12536048307987568,0.12536048307987568,10,-0.25072096615975148,0.25072096615975148,10,,,,,,,,,,,,,,,,,,,,,,,,,,,,,,,0.37451937091378518,0.37451937091378518,0.37451937091378518,0.37451937091378518,2.6700888596499355,2.6700888596499355,2.6700888596499355,2.6700888596499355,0.68884664131812423,0.68884664131812423,0.68884664131812423,0.68884664131812423,2.3349907380325633e-12,2.3349907380325633e-12,2.3349907380325633e-12,2.3349907380325633e-12,0.35072958304897467,0.35072958304897467,0.35072958304897467,0.35072958304897467,1,1,1,1
inner_summary,2d,non_matching_initial,p2,2,adaptive_g_effective_rho,g_eff_rho,production_2M,2000000,completed,24339175,20260701_091335_678560_job24339175,snellius_next_mem216,algorithm_data_ordered/2d/non_matching_initial/p2/production_2M/adaptive_g_effective_rho,inner_history.csv,,11,,1,1891,1891,2279,,,,,,,,,,,,,,,,,,,,,,,,,,-0.13313851087968875,0.13313851087968875,10,-0.12536048307987568,0.12536048307987568,10,-0.25072096615975148,0.25072096615975148,10,,,,,,,,,,,,,,,,,,,,,,,,,,,,,,,0.35530895113462713,0.35530895113462713,0.35530895113462713,0.35530895113462713,2.8144520333829091,2.8144520333829091,2.8144520333829091,2.8144520333829091,0.75161910319761005,0.75161910319761005,0.75161910319761005,0.75161910319761005,3.0994392606359702e-12,3.0994392606359702e-12,3.0994392606359702e-12,3.0994392606359702e-12,0.33480389980272635,0.33480389980272635,0.33480389980272635,0.33480389980272635,1,1,1,1
inner_summary,2d,non_matching_initial,p2,2,adaptive_g_effective_rho,g_eff_rho,production_2M,2000000,completed,24339175,20260701_091335_678560_job24339175,snellius_next_mem216,algorithm_data_ordered/2d/non_matching_initial/p2/production_2M/adaptive_g_effective_rho,inner_history.csv,,12,,1,2279,2279,4193,,,,,,,,,,,,,,,,,,,,,,,,,,-0.13313851087968875,0.13313851087968875,10,-0.12536048307987568,0.12536048307987568,10,-0.25072096615975148,0.25072096615975148,10,,,,,,,,,,,,,,,,,,,,,,,,,,,,,,,0.35006371562709587,0.35006371562709587,0.35006371562709587,0.35006371562709587,2.8566228242439338,2.8566228242439338,2.8566228242439338,2.8566228242439338,0.7556552922520835,0.7556552922520835,0.7556552922520835,0.7556552922520835,3.4559398372491242e-12,3.4559398372491242e-12,3.4559398372491242e-12,3.4559398372491242e-12,0.33040453499523648,0.33040453499523648,0.33040453499523648,0.33040453499523648,1,1,1,1
inner_summary,2d,non_matching_initial,p2,2,adaptive_g_effective_rho,g_eff_rho,production_2M,2000000,completed,24339175,20260701_091335_678560_job24339175,snellius_next_mem216,algorithm_data_ordered/2d/non_matching_initial/p2/production_2M/adaptive_g_effective_rho,inner_history.csv,,13,,1,4193,4193,5471,,,,,,,,,,,,,,,,,,,,,,,,,,-0.13313851087968875,0.13313851087968875,10,-0.12536048307987568,0.12536048307987568,10,-0.25072096615975148,0.25072096615975148,10,,,,,,,,,,,,,,,,,,,,,,,,,,,,,,,0.067023917911677958,0.067023917911677958,0.067023917911677958,0.067023917911677958,14.920046919933405,14.920046919933405,14.920046919933405,14.920046919933405,0.72763112613615666,0.72763112613615666,0.72763112613615666,0.72763112613615666,1.9975480272880019e-12,1.9975480272880019e-12,1.9975480272880019e-12,1.9975480272880019e-12,0.066873823356748116,0.066873823356748116,0.066873823356748116,0.066873823356748116,1,1,1,1
inner_summary,2d,non_matching_initial,p2,2,adaptive_g_effective_rho,g_eff_rho,production_2M,2000000,completed,24339175,20260701_091335_678560_job24339175,snellius_next_mem216,algorithm_data_ordered/2d/non_matching_initial/p2/production_2M/adaptive_g_effective_rho,inner_history.csv,,14,,1,5471,5471,8297,,,,,,,,,,,,,,,,,,,,,,,,,,-0.13313851087968875,0.13313851087968875,10,-0.12536048307987568,0.12536048307987568,10,-0.25072096615975148,0.25072096615975148,10,,,,,,,,,,,,,,,,,,,,,,,,,,,,,,,0.066147041892052949,0.066147041892052949,0.066147041892052949,0.066147041892052949,15.117834016401302,15.117834016401302,15.117834016401302,15.117834016401302,0.72868116031878782,0.72868116031878782,0.72868116031878782,0.72868116031878782,2.3781676659889242e-12,2.3781676659889242e-12,2.3781676659889242e-12,2.3781676659889242e-12,0.066002841710644022,0.066002841710644022,0.066002841710644022,0.066002841710644022,1,1,1,1
inner_summary,2d,non_matching_initial,p2,2,adaptive_g_effective_rho,g_eff_rho,production_2M,2000000,completed,24339175,20260701_091335_678560_job24339175,snellius_next_mem216,algorithm_data_ordered/2d/non_matching_initial/p2/production_2M/adaptive_g_effective_rho,inner_history.csv,,15,,1,8297,8297,12409,,,,,,,,,,,,,,,,,,,,,,,,,,-0.13313851087968875,0.13313851087968875,10,-0.12536048307987568,0.12536048307987568,10,-0.25072096615975148,0.25072096615975148,10,,,,,,,,,,,,,,,,,,,,,,,,,,,,,,,0.09006249945822245,0.09006249945822245,0.09006249945822245,0.09006249945822245,11.103400483170834,11.103400483170834,11.103400483170834,11.103400483170834,0.74484219371882932,0.74484219371882932,0.74484219371882932,0.74484219371882932,7.0789650141157984e-12,7.0789650141157984e-12,7.0789650141157984e-12,7.0789650141157984e-12,0.089699639982387627,0.089699639982387627,0.089699639982387627,0.089699639982387627,1,1,1,1
inner_summary,2d,non_matching_initial,p2,2,adaptive_g_effective_rho,g_eff_rho,production_2M,2000000,completed,24339175,20260701_091335_678560_job24339175,snellius_next_mem216,algorithm_data_ordered/2d/non_matching_initial/p2/production_2M/adaptive_g_effective_rho,inner_history.csv,,16,,1,12409,12409,17649,,,,,,,,,,,,,,,,,,,,,,,,,,-0.13313851087968875,0.13313851087968875,10,-0.12536048307987568,0.12536048307987568,10,-0.25072096615975148,0.25072096615975148,10,,,,,,,,,,,,,,,,,,,,,,,,,,,,,,,0.061028045207199656,0.061028045207199656,0.061028045207199656,0.061028045207199656,16.385909078438367,16.385909078438367,16.385909078438367,16.385909078438367,0.70712926346751226,0.70712926346751226,0.70712926346751226,0.70712926346751226,6.3489029411580389e-12,6.3489029411580389e-12,6.3489029411580389e-12,6.3489029411580389e-12,0.06091470662580506,0.06091470662580506,0.06091470662580506,0.06091470662580506,1,1,1,1
inner_summary,2d,non_matching_initial,p2,2,adaptive_g_effective_rho,g_eff_rho,production_2M,2000000,completed,24339175,20260701_091335_678560_job24339175,snellius_next_mem216,algorithm_data_ordered/2d/non_matching_initial/p2/production_2M/adaptive_g_effective_rho,inner_history.csv,,17,,1,17649,17649,24033,,,,,,,,,,,,,,,,,,,,,,,,,,-0.13313851087968875,0.13313851087968875,10,-0.12536048307987568,0.12536048307987568,10,-0.25072096615975148,0.25072096615975148,10,,,,,,,,,,,,,,,,,,,,,,,,,,,,,,,0.042467164901515211,0.042467164901515211,0.042467164901515211,0.042467164901515211,23.547604421417837,23.547604421417837,23.547604421417837,23.547604421417837,0.68275590744793324,0.68275590744793324,0.68275590744793324,0.68275590744793324,6.1305662789839931e-12,6.1305662789839931e-12,6.1305662789839931e-12,6.1305662789839931e-12,0.042428877031645724,0.042428877031645724,0.042428877031645724,0.042428877031645724,1,1,1,1
inner_summary,2d,non_matching_initial,p2,2,adaptive_g_effective_rho,g_eff_rho,production_2M,2000000,completed,24339175,20260701_091335_678560_job24339175,snellius_next_mem216,algorithm_data_ordered/2d/non_matching_initial/p2/production_2M/adaptive_g_effective_rho,inner_history.csv,,18,,1,24033,24033,40049,,,,,,,,,,,,,,,,,,,,,,,,,,-0.13313851087968875,0.13313851087968875,10,-0.12536048307987568,0.12536048307987568,10,-0.25072096615975148,0.25072096615975148,10,,,,,,,,,,,,,,,,,,,,,,,,,,,,,,,0.031958926328369858,0.031958926328369858,0.031958926328369858,0.031958926328369858,31.29016255819278,31.29016255819278,31.29016255819278,31.29016255819278,0.69128346083583336,0.69128346083583336,0.69128346083583336,0.69128346083583336,7.1016429310389485e-12,7.1016429310389485e-12,7.1016429310389485e-12,7.1016429310389485e-12,0.031942613971389262,0.031942613971389262,0.031942613971389262,0.031942613971389262,1,1,1,1
inner_summary,2d,non_matching_initial,p2,2,adaptive_g_effective_rho,g_eff_rho,production_2M,2000000,completed,24339175,20260701_091335_678560_job24339175,snellius_next_mem216,algorithm_data_ordered/2d/non_matching_initial/p2/production_2M/adaptive_g_effective_rho,inner_history.csv,,19,,1,40049,40049,50979,,,,,,,,,,,,,,,,,,,,,,,,,,-0.13313851087968875,0.13313851087968875,10,-0.12536048307987568,0.12536048307987568,10,-0.25072096615975148,0.25072096615975148,10,,,,,,,,,,,,,,,,,,,,,,,,,,,,,,,0.045342206566995447,0.045342206566995447,0.045342206566995447,0.045342206566995447,22.054506732539547,22.054506732539547,22.054506732539547,22.054506732539547,0.73067722834398641,0.73067722834398641,0.73067722834398641,0.73067722834398641,1.5441747382455591e-11,1.5441747382455591e-11,1.5441747382455591e-11,1.5441747382455591e-11,0.04529574003633844,0.04529574003633844,0.04529574003633844,0.04529574003633844,1,1,1,1
inner_summary,2d,non_matching_initial,p2,2,adaptive_g_effective_rho,g_eff_rho,production_2M,2000000,completed,24339175,20260701_091335_678560_job24339175,snellius_next_mem216,algorithm_data_ordered/2d/non_matching_initial/p2/production_2M/adaptive_g_effective_rho,inner_history.csv,,20,,1,50979,50979,71669,,,,,,,,,,,,,,,,,,,,,,,,,,-0.13313851087968875,0.13313851087968875,10,-0.12536048307987568,0.12536048307987568,10,-0.25072096615975148,0.25072096615975148,10,,,,,,,,,,,,,,,,,,,,,,,,,,,,,,,0.036342043285100004,0.036342043285100004,0.036342043285100004,0.036342043285100004,27.516339468177161,27.516339468177161,27.516339468177161,27.516339468177161,0.72137106839740395,0.72137106839740395,0.72137106839740395,0.72137106839740395,1.5650831788032235e-11,1.5650831788032235e-11,1.5650831788032235e-11,1.5650831788032235e-11,0.036318067541544818,0.036318067541544818,0.036318067541544818,0.036318067541544818,1,1,1,1
inner_summary,2d,non_matching_initial,p2,2,adaptive_g_effective_rho,g_eff_rho,production_2M,2000000,completed,24339175,20260701_091335_678560_job24339175,snellius_next_mem216,algorithm_data_ordered/2d/non_matching_initial/p2/production_2M/adaptive_g_effective_rho,inner_history.csv,,21,,1,71669,71669,105323,,,,,,,,,,,,,,,,,,,,,,,,,,-0.13313851087968875,0.13313851087968875,10,-0.12536048307987568,0.12536048307987568,10,-0.25072096615975148,0.25072096615975148,10,,,,,,,,,,,,,,,,,,,,,,,,,,,,,,,0.025821551447314101,0.025821551447314101,0.025821551447314101,0.025821551447314101,38.727339913729999,38.727339913729999,38.727339913729999,38.727339913729999,0.76106472275825643,0.76106472275825643,0.76106472275825643,0.76106472275825643,1.5972932518398404e-11,1.5972932518398404e-11,1.5972932518398404e-11,1.5972932518398404e-11,0.025812978303458096,0.025812978303458096,0.025812978303458096,0.025812978303458096,1,1,1,1
inner_summary,2d,non_matching_initial,p2,2,adaptive_g_effective_rho,g_eff_rho,production_2M,2000000,completed,24339175,20260701_091335_678560_job24339175,snellius_next_mem216,algorithm_data_ordered/2d/non_matching_initial/p2/production_2M/adaptive_g_effective_rho,inner_history.csv,,22,,1,105323,105323,138711,,,,,,,,,,,,,,,,,,,,,,,,,,-0.13313851087968875,0.13313851087968875,10,-0.12536048307987568,0.12536048307987568,10,-0.25072096615975148,0.25072096615975148,10,,,,,,,,,,,,,,,,,,,,,,,,,,,,,,,0.037067347489516275,0.037067347489516275,0.037067347489516275,0.037067347489516275,26.977921748590969,26.977921748590969,26.977921748590969,26.977921748590969,0.75026664727413761,0.75026664727413761,0.75026664727413761,0.75026664727413761,3.2383402419217999e-11,3.2383402419217999e-11,3.2383402419217999e-11,3.2383402419217999e-11,0.037041851501708967,0.037041851501708967,0.037041851501708967,0.037041851501708967,1,1,1,1
inner_summary,2d,non_matching_initial,p2,2,adaptive_g_effective_rho,g_eff_rho,production_2M,2000000,completed,24339175,20260701_091335_678560_job24339175,snellius_next_mem216,algorithm_data_ordered/2d/non_matching_initial/p2/production_2M/adaptive_g_effective_rho,inner_history.csv,,23,,1,138711,138711,185015,,,,,,,,,,,,,,,,,,,,,,,,,,-0.13313851087968875,0.13313851087968875,10,-0.12536048307987568,0.12536048307987568,10,-0.25072096615975148,0.25072096615975148,10,,,,,,,,,,,,,,,,,,,,,,,,,,,,,,,0.02984678629525479,0.02984678629525479,0.02984678629525479,0.02984678629525479,33.504444669776241,33.504444669776241,33.504444669776241,33.504444669776241,0.63178314115588807,0.63178314115588807,0.63178314115588807,0.63178314115588807,3.234858148340484e-11,3.234858148340484e-11,3.234858148340484e-11,3.234858148340484e-11,0.029833468622221325,0.029833468622221325,0.029833468622221325,0.029833468622221325,1,1,1,1
inner_summary,2d,non_matching_initial,p2,2,adaptive_g_effective_rho,g_eff_rho,production_2M,2000000,completed,24339175,20260701_091335_678560_job24339175,snellius_next_mem216,algorithm_data_ordered/2d/non_matching_initial/p2/production_2M/adaptive_g_effective_rho,inner_history.csv,,24,,1,185015,185015,270991,,,,,,,,,,,,,,,,,,,,,,,,,,-0.13313851087968875,0.13313851087968875,10,-0.12536048307987568,0.12536048307987568,10,-0.25072096615975148,0.25072096615975148,10,,,,,,,,,,,,,,,,,,,,,,,,,,,,,,,0.019638637822458928,0.019638637822458928,0.019638637822458928,0.019638637822458928,50.920028621149612,50.920028621149612,50.920028621149612,50.920028621149612,0.58739447844992809,0.58739447844992809,0.58739447844992809,0.58739447844992809,2.8821020534532672e-11,2.8821020534532672e-11,2.8821020534532672e-11,2.8821020534532672e-11,0.019634856844526236,0.019634856844526236,0.019634856844526236,0.019634856844526236,1,1,1,1
inner_summary,2d,non_matching_initial,p2,2,adaptive_g_effective_rho,g_eff_rho,production_2M,2000000,completed,24339175,20260701_091335_678560_job24339175,snellius_next_mem216,algorithm_data_ordered/2d/non_matching_initial/p2/production_2M/adaptive_g_effective_rho,inner_history.csv,,25,,1,270991,270991,367555,,,,,,,,,,,,,,,,,,,,,,,,,,-0.13313851087968875,0.13313851087968875,10,-0.12536048307987568,0.12536048307987568,10,-0.25072096615975148,0.25072096615975148,10,,,,,,,,,,,,,,,,,,,,,,,,,,,,,,,0.016912398416915022,0.016912398416915022,0.016912398416915022,0.016912398416915022,59.128219153106336,59.128219153106336,59.128219153106336,59.128219153106336,0.5775474024973023,0.5775474024973023,0.5775474024973023,0.5775474024973023,3.1257900416217051e-11,3.1257900416217051e-11,3.1257900416217051e-11,3.1257900416217051e-11,0.016909973793741328,0.016909973793741328,0.016909973793741328,0.016909973793741328,1,1,1,1
inner_summary,2d,non_matching_initial,p2,2,adaptive_g_effective_rho,g_eff_rho,production_2M,2000000,completed,24339175,20260701_091335_678560_job24339175,snellius_next_mem216,algorithm_data_ordered/2d/non_matching_initial/p2/production_2M/adaptive_g_effective_rho,inner_history.csv,,26,,1,367555,367555,483999,,,,,,,,,,,,,,,,,,,,,,,,,,-0.13313851087968875,0.13313851087968875,10,-0.12536048307987568,0.12536048307987568,10,-0.25072096615975148,0.25072096615975148,10,,,,,,,,,,,,,,,,,,,,,,,,,,,,,,,0.019720205072692558,0.019720205072692558,0.019720205072692558,0.019720205072692558,50.709411809552847,50.709411809552847,50.709411809552847,50.709411809552847,0.54687640922346159,0.54687640922346159,0.54687640922346159,0.54687640922346159,4.529469681026967e-11,4.529469681026967e-11,4.529469681026967e-11,4.529469681026967e-11,0.019716351501668523,0.019716351501668523,0.019716351501668523,0.019716351501668523,1,1,1,1
inner_summary,2d,non_matching_initial,p2,2,adaptive_g_effective_rho,g_eff_rho,production_2M,2000000,completed,24339175,20260701_091335_678560_job24339175,snellius_next_mem216,algorithm_data_ordered/2d/non_matching_initial/p2/production_2M/adaptive_g_effective_rho,inner_history.csv,,27,,1,483999,483999,681393,,,,,,,,,,,,,,,,,,,,,,,,,,-0.13313851087968875,0.13313851087968875,10,-0.12536048307987568,0.12536048307987568,10,-0.25072096615975148,0.25072096615975148,10,,,,,,,,,,,,,,,,,,,,,,,,,,,,,,,0.023795144591876281,0.023795144591876281,0.023795144591876281,0.023795144591876281,42.025380267762799,42.025380267762799,42.025380267762799,42.025380267762799,0.63912559182139161,0.63912559182139161,0.63912559182139161,0.63912559182139161,7.3651523572537177e-11,7.3651523572537177e-11,7.3651523572537177e-11,7.3651523572537177e-11,0.023788394881220611,0.023788394881220611,0.023788394881220611,0.023788394881220611,1,1,1,1
inner_summary,2d,non_matching_initial,p2,2,adaptive_g_effective_rho,g_eff_rho,production_2M,2000000,completed,24339175,20260701_091335_678560_job24339175,snellius_next_mem216,algorithm_data_ordered/2d/non_matching_initial/p2/production_2M/adaptive_g_effective_rho,inner_history.csv,,28,,1,681393,681393,961117,,,,,,,,,,,,,,,,,,,,,,,,,,-0.13313851087968875,0.13313851087968875,10,-0.12536048307987568,0.12536048307987568,10,-0.25072096615975148,0.25072096615975148,10,,,,,,,,,,,,,,,,,,,,,,,,,,,,,,,0.02515169459399862,0.02515169459399862,0.02515169459399862,0.02515169459399862,39.758752487341646,39.758752487341646,39.758752487341646,39.758752487341646,0.73090698331079373,0.73090698331079373,0.73090698331079373,0.73090698331079373,9.4619972556188e-11,9.4619972556188e-11,9.4619972556188e-11,9.4619972556188e-11,0.025143782787677038,0.025143782787677038,0.025143782787677038,0.025143782787677038,1,1,1,1
inner_summary,2d,non_matching_initial,p2,2,adaptive_g_effective_rho,g_eff_rho,production_2M,2000000,completed,24339175,20260701_091335_678560_job24339175,snellius_next_mem216,algorithm_data_ordered/2d/non_matching_initial/p2/production_2M/adaptive_g_effective_rho,inner_history.csv,,29,,1,961117,961117,1244501,,,,,,,,,,,,,,,,,,,,,,,,,,-0.13313851087968875,0.13313851087968875,10,-0.12536048307987568,0.12536048307987568,10,-0.25072096615975148,0.25072096615975148,10,,,,,,,,,,,,,,,,,,,,,,,,,,,,,,,0.015408865473083299,0.015408865473083299,0.015408865473083299,0.015408865473083299,64.897704619904175,64.897704619904175,64.897704619904175,64.897704619904175,0.59322514885095157,0.59322514885095157,0.59322514885095157,0.59322514885095157,3.5672860183380781e-10,3.5672860183380781e-10,3.5672860183380781e-10,3.5672860183380781e-10,0.015407038876366151,0.015407038876366151,0.015407038876366151,0.015407038876366151,1,1,1,1
inner_summary,2d,non_matching_initial,p2,2,adaptive_g_effective_rho,g_eff_rho,production_2M,2000000,completed,24339175,20260701_091335_678560_job24339175,snellius_next_mem216,algorithm_data_ordered/2d/non_matching_initial/p2/production_2M/adaptive_g_effective_rho,inner_history.csv,,30,,1,1244501,1244501,1657993,,,,,,,,,,,,,,,,,,,,,,,,,,-0.13313851087968875,0.13313851087968875,10,-0.12536048307987568,0.12536048307987568,10,-0.25072096615975148,0.25072096615975148,10,,,,,,,,,,,,,,,,,,,,,,,,,,,,,,,0.016492402954023329,0.016492402954023329,0.016492402954023329,0.016492402954023329,60.633978128460029,60.633978128460029,60.633978128460029,60.633978128460029,0.52255438961776435,0.52255438961776435,0.52255438961776435,0.52255438961776435,2.5375117809666899e-09,2.5375117809666899e-09,2.5375117809666899e-09,2.5375117809666899e-09,0.016490159195857831,0.016490159195857831,0.016490159195857831,0.016490159195857831,1,1,1,1
inner_summary,2d,non_matching_initial,p2,2,adaptive_g_effective_rho,g_eff_rho,production_2M,2000000,completed,24339175,20260701_091335_678560_job24339175,snellius_next_mem216,algorithm_data_ordered/2d/non_matching_initial/p2/production_2M/adaptive_g_effective_rho,inner_history.csv,,31,,1,1657993,1657993,2367893,,,,,,,,,,,,,,,,,,,,,,,,,,-0.13313851087968875,0.13313851087968875,10,-0.12536048307987568,0.12536048307987568,10,-0.25072096615975148,0.25072096615975148,10,,,,,,,,,,,,,,,,,,,,,,,,,,,,,,,0.0152251148107967,0.0152251148107967,0.0152251148107967,0.0152251148107967,65.680949695752872,65.680949695752872,65.680949695752872,65.680949695752872,0.53650280979063192,0.53650280979063192,0.53650280979063192,0.53650280979063192,2.0624026360648251e-09,2.0624026360648251e-09,2.0624026360648251e-09,2.0624026360648251e-09,0.015223376316197282,0.015223376316197282,0.015223376316197282,0.015223376316197282,1,1,1,1
outer,2d,non_matching_initial,p2,2,uniform_standard,uniform,production_2M,2000000,completed,24339177,20260701_091337_018174_job24339177,snellius_next_mem216,algorithm_data_ordered/2d/non_matching_initial/p2/production_2M/uniform_standard,outer_history.csv,completed,0,,,15,15,245,15,15,MISSING,0.123168,0.123174,1,1,0,1,1,1,uniform,1,0.0290109,1,computed,2.44444,1.00385,2.43507,0.74202000000000001,0.86140600000000001,1.8138300000000001,1.3467850608022054,0.74487599999999998,0.86306199082105339,-0.082461881594117131,0.082461881594117131,6,-0.08260827478758663,0.08260827478758663,6,-0.16521654957517323,0.16521654957517323,6,0.16958599999999999,0.41180800000000001,0.0023460600000000001,0.048436100000000003,0.99643499999999996,0.99821599999999999,0.0023460600000000001,0.048436100000000003,2.8592700000000001e-31,5.3472099999999996e-16,2.7936500000000001e-30,1.6714200000000001e-15,1.67142e-15,90582004447179.016,8.2051013020806006e+27,1.1039720373853385e-14,1.2187539960614818e-28,1,1.1039720373853385e-14,3.4507732868666139e-14,1.1907836969216474e-27,0,0,not_requested,not_requested,0,,,,,,,,,,,,,,,,,,,,,,,,,,,,
outer,2d,non_matching_initial,p2,2,uniform_standard,uniform,production_2M,2000000,completed,24339177,20260701_091337_018174_job24339177,snellius_next_mem216,algorithm_data_ordered/2d/non_matching_initial/p2/production_2M/uniform_standard,outer_history.csv,completed,1,,,245,245,2025,294,294,MISSING,0.144508,0.270991,1,1,0,1,1,1,uniform,1,0.0124067,1,computed,2.44444,1.00074,2.44264,0.53042999999999996,0.72830700000000004,1.29661,1.1386878413331725,0.53082300000000004,0.72857600838896697,-0.082461881594117131,0.082461881594117131,6,-0.08260827478758663,0.08260827478758663,6,-0.16521654957517323,0.16521654957517323,6,0.17096600000000001,0.41348000000000001,0.00029238099999999998,0.017099199999999998,0.69019200000000003,0.83077800000000002,0.00029238099999999998,0.017099199999999998,2.9892499999999999e-29,5.4673999999999997e-15,2.0304699999999998e-28,1.42494e-14,1.42494e-14,3127482898635.5488,9.7810822112570032e+24,3.1974595302704222e-13,1.0223817553124177e-25,1,3.1974595302704222e-13,8.3333723215121184e-13,6.9446031034848361e-25,0,0,not_requested,not_requested,0,,,,,,,,,,,,,,,,,,,,,,,,,,,,
outer,2d,non_matching_initial,p2,2,uniform_standard,uniform,production_2M,2000000,completed,24339177,20260701_091337_018174_job24339177,snellius_next_mem216,algorithm_data_ordered/2d/non_matching_initial/p2/production_2M/uniform_standard,outer_history.csv,completed,2,,,2025,2025,16337,2700,2700,MISSING,0.838442,1.11288,1,1,0,1,1,1,uniform,1,0.00652085,1,computed,2.44444,1.00021,2.44394,0.34959400000000002,0.59126400000000001,0.85456200000000004,0.92442522683016393,0.34966599999999998,0.5913256294124245,-0.082461881594117131,0.082461881594117131,6,-0.08260827478758663,0.08260827478758663,6,-0.16521654957517323,0.16521654957517323,6,0.10338700000000001,0.32153900000000002,5.5670100000000001e-05,0.0074612400000000001,0.45901900000000001,0.67750900000000003,5.5670100000000001e-05,0.0074612400000000001,5.3026499999999996e-29,7.2819299999999996e-15,2.70409e-27,5.2000900000000001e-14,5.20009e-14,1024623966448.4553,1.049854318123957e+24,9.7596780159866191e-13,9.5251310847295046e-25,1,9.7596780159866191e-13,6.9694715623676498e-12,4.8573471217044694e-23,0,0,not_requested,not_requested,0,,,,,,,,,,,,,,,,,,,,,,,,,,,,
outer,2d,non_matching_initial,p2,2,uniform_standard,uniform,production_2M,2000000,completed,24339177,20260701_091337_018174_job24339177,snellius_next_mem216,algorithm_data_ordered/2d/non_matching_initial/p2/production_2M/uniform_standard,outer_history.csv,completed,3,,,16337,16337,130977,23064,23064,MISSING,6.71669,7.83509,1,1,0,1,1,1,uniform,1,0.00289179,1,computed,2.44444,1.00004,2.44434,0.24362700000000001,0.49358600000000002,0.59553199999999995,0.77170719835958501,0.24363699999999999,0.49359598863848153,-0.082461881594117131,0.082461881594117131,6,-0.08260827478758663,0.08260827478758663,6,-0.16521654957517323,0.16521654957517323,6,0.065271399999999993,0.25548300000000002,7.9348200000000004e-06,0.0028168799999999999,0.32289600000000002,0.56823900000000005,7.9348200000000004e-06,0.0028168799999999999,7.4155599999999997e-28,2.7231499999999999e-14,1.7078599999999999e-26,1.3068499999999999e-13,1.30685e-13,103441969777.64722,1.0700230326502652e+22,9.667255971145381e-12,9.345593220766192e-23,1,9.667255971145381e-12,4.6393527590809689e-11,2.1523613642149411e-21,0,0,not_requested,not_requested,0,,,,,,,,,,,,,,,,,,,,,,,,,,,,
outer,2d,non_matching_initial,p2,2,uniform_standard,uniform,production_2M,2000000,completed,24339177,20260701_091337_018174_job24339177,snellius_next_mem216,algorithm_data_ordered/2d/non_matching_initial/p2/production_2M/uniform_standard,outer_history.csv,completed,4,,,130977,130977,1048385,190512,190512,MISSING,65.388,73.2415,1,1,0,1,1,1,uniform,1,0.00138249,1,computed,2.44444,1.00001,2.44442,0.17422399999999999,0.41740100000000002,0.42588100000000001,0.65259558686831465,0.17422599999999999,0.41740388115109806,-0.082461881594117131,0.082461881594117131,6,-0.08260827478758663,0.08260827478758663,6,-0.16521654957517323,0.16521654957517323,6,0.048884299999999999,0.22109799999999999,1.2859400000000001e-06,0.0011339900000000001,0.22993,0.47951100000000002,1.2859400000000001e-06,0.0011339900000000001,3.1767900000000002e-26,1.7823599999999999e-13,5.1443399999999998e-24,2.2681100000000001e-12,2.26811e-12,6362294934.8055391,4.0479225885248946e+19,1.5717598920625399e-10,2.4704029737001727e-20,1,1.5717598920625399e-10,2.0001146394589019e-09,4.0004510319299498e-18,0,0,not_requested,not_requested,0,,,,,,,,,,,,,,,,,,,,,,,,,,,,
outer,2d,non_matching_initial,p2,2,uniform_standard,uniform,production_2M,2000000,completed,24339177,20260701_091337_018174_job24339177,snellius_next_mem216,algorithm_data_ordered/2d/non_matching_initial/p2/production_2M/uniform_standard,outer_history.csv,completed,5,,,1048385,1048385,8388225,1548384,1548384,MISSING,1446.43,1519.8,1,1,0,1,1,1,uniform,1,0.000666823,1,computed,2.44444,1,2.44444,0.123044,0.35077599999999998,0.30077399999999999,0.5484286644587425,0.123044,0.35077628198040983,-0.082461881594117131,0.082461881594117131,6,-0.08260827478758663,0.08260827478758663,6,-0.16521654957517323,0.16521654957517323,6,0.034361500000000003,0.18536900000000001,2.1202299999999999e-07,0.00046045899999999998,0.16245799999999999,0.403061,2.1202299999999999e-07,0.00046045899999999998,1.0325700000000001e-23,3.21336e-12,1.46916e-21,3.83297e-11,3.83297e-11,143295180.12298653,20533523150972812,6.978601786478275e-09,4.8700848492852197e-17,1,6.978601786478275e-09,8.3242373370919025e-08,6.9292482419360168e-15,0,0,not_requested,not_requested,0,,,,,,,,,,,,,,,,,,,,,,,,,,,,
inner,2d,non_matching_initial,p2,2,uniform_standard,uniform,production_2M,2000000,completed,24339177,20260701_091337_018174_job24339177,snellius_next_mem216,algorithm_data_ordered/2d/non_matching_initial/p2/production_2M/uniform_standard,inner_history.csv,completed,0,0,,15,15,245,15,15,MISSING,0.0684513,0.10799,,,,,,1,,1,0.0290109,1,computed,2.44444,1.00385,2.43507,0.74202000000000001,0.86140600000000001,1.8138300000000001,1.3467850608022054,0.74487599999999998,0.86306199082105339,-0.082461881594117131,0.082461881594117131,6,-0.08260827478758663,0.08260827478758663,6,-0.16521654957517323,0.16521654957517323,6,0.16958599999999999,0.41180800000000001,0.0023460600000000001,0.048436100000000003,0.99643499999999996,0.99821599999999999,0.0023460600000000001,0.048436100000000003,2.8592700000000001e-31,5.3472099999999996e-16,2.7936500000000001e-30,1.6714200000000001e-15,1.67142e-15,90582004447179.016,8.2051013020806006e+27,1.1039720373853385e-14,1.2187539960614818e-28,1,1.1039720373853385e-14,3.4507732868666139e-14,1.1907836969216474e-27,0,0,not_requested,not_requested,0,,,,,,,,,,,,,,,,,,,,,,,,,,,,
inner,2d,non_matching_initial,p2,2,uniform_standard,uniform,production_2M,2000000,completed,24339177,20260701_091337_018174_job24339177,snellius_next_mem216,algorithm_data_ordered/2d/non_matching_initial/p2/production_2M/uniform_standard,inner_history.csv,completed,1,0,,245,245,2025,294,294,MISSING,0.10141,0.231187,,,,,,1,,1,0.0124067,1,computed,2.44444,1.00074,2.44264,0.53042999999999996,0.72830700000000004,1.29661,1.1386878413331725,0.53082300000000004,0.72857600838896697,-0.082461881594117131,0.082461881594117131,6,-0.08260827478758663,0.08260827478758663,6,-0.16521654957517323,0.16521654957517323,6,0.17096600000000001,0.41348000000000001,0.00029238099999999998,0.017099199999999998,0.69019200000000003,0.83077800000000002,0.00029238099999999998,0.017099199999999998,2.9892499999999999e-29,5.4673999999999997e-15,2.0304699999999998e-28,1.42494e-14,1.42494e-14,3127482898635.5488,9.7810822112570032e+24,3.1974595302704222e-13,1.0223817553124177e-25,1,3.1974595302704222e-13,8.3333723215121184e-13,6.9446031034848361e-25,0,0,not_requested,not_requested,0,,,,,,,,,,,,,,,,,,,,,,,,,,,,
inner,2d,non_matching_initial,p2,2,uniform_standard,uniform,production_2M,2000000,completed,24339177,20260701_091337_018174_job24339177,snellius_next_mem216,algorithm_data_ordered/2d/non_matching_initial/p2/production_2M/uniform_standard,inner_history.csv,completed,2,0,,2025,2025,16337,2700,2700,MISSING,0.578328,0.856396,,,,,,1,,1,0.00652085,1,computed,2.44444,1.00021,2.44394,0.34959400000000002,0.59126400000000001,0.85456200000000004,0.92442522683016393,0.34966599999999998,0.5913256294124245,-0.082461881594117131,0.082461881594117131,6,-0.08260827478758663,0.08260827478758663,6,-0.16521654957517323,0.16521654957517323,6,0.10338700000000001,0.32153900000000002,5.5670100000000001e-05,0.0074612400000000001,0.45901900000000001,0.67750900000000003,5.5670100000000001e-05,0.0074612400000000001,5.3026499999999996e-29,7.2819299999999996e-15,2.70409e-27,5.2000900000000001e-14,5.20009e-14,1024623966448.4553,1.049854318123957e+24,9.7596780159866191e-13,9.5251310847295046e-25,1,9.7596780159866191e-13,6.9694715623676498e-12,4.8573471217044694e-23,0,0,not_requested,not_requested,0,,,,,,,,,,,,,,,,,,,,,,,,,,,,
inner,2d,non_matching_initial,p2,2,uniform_standard,uniform,production_2M,2000000,completed,24339177,20260701_091337_018174_job24339177,snellius_next_mem216,algorithm_data_ordered/2d/non_matching_initial/p2/production_2M/uniform_standard,inner_history.csv,completed,3,0,,16337,16337,130977,23064,23064,MISSING,4.54934,5.67128,,,,,,1,,1,0.00289179,1,computed,2.44444,1.00004,2.44434,0.24362700000000001,0.49358600000000002,0.59553199999999995,0.77170719835958501,0.24363699999999999,0.49359598863848153,-0.082461881594117131,0.082461881594117131,6,-0.08260827478758663,0.08260827478758663,6,-0.16521654957517323,0.16521654957517323,6,0.065271399999999993,0.25548300000000002,7.9348200000000004e-06,0.0028168799999999999,0.32289600000000002,0.56823900000000005,7.9348200000000004e-06,0.0028168799999999999,7.4155599999999997e-28,2.7231499999999999e-14,1.7078599999999999e-26,1.3068499999999999e-13,1.30685e-13,103441969777.64722,1.0700230326502652e+22,9.667255971145381e-12,9.345593220766192e-23,1,9.667255971145381e-12,4.6393527590809689e-11,2.1523613642149411e-21,0,0,not_requested,not_requested,0,,,,,,,,,,,,,,,,,,,,,,,,,,,,
inner,2d,non_matching_initial,p2,2,uniform_standard,uniform,production_2M,2000000,completed,24339177,20260701_091337_018174_job24339177,snellius_next_mem216,algorithm_data_ordered/2d/non_matching_initial/p2/production_2M/uniform_standard,inner_history.csv,completed,4,0,,130977,130977,1048385,190512,190512,MISSING,45.0925,52.9503,,,,,,1,,1,0.00138249,1,computed,2.44444,1.00001,2.44442,0.17422399999999999,0.41740100000000002,0.42588100000000001,0.65259558686831465,0.17422599999999999,0.41740388115109806,-0.082461881594117131,0.082461881594117131,6,-0.08260827478758663,0.08260827478758663,6,-0.16521654957517323,0.16521654957517323,6,0.048884299999999999,0.22109799999999999,1.2859400000000001e-06,0.0011339900000000001,0.22993,0.47951100000000002,1.2859400000000001e-06,0.0011339900000000001,3.1767900000000002e-26,1.7823599999999999e-13,5.1443399999999998e-24,2.2681100000000001e-12,2.26811e-12,6362294934.8055391,4.0479225885248946e+19,1.5717598920625399e-10,2.4704029737001727e-20,1,1.5717598920625399e-10,2.0001146394589019e-09,4.0004510319299498e-18,0,0,not_requested,not_requested,0,,,,,,,,,,,,,,,,,,,,,,,,,,,,
inner,2d,non_matching_initial,p2,2,uniform_standard,uniform,production_2M,2000000,completed,24339177,20260701_091337_018174_job24339177,snellius_next_mem216,algorithm_data_ordered/2d/non_matching_initial/p2/production_2M/uniform_standard,inner_history.csv,completed,5,0,,1048385,1048385,8388225,1548384,1548384,MISSING,1202.85,1276.22,,,,,,1,,1,0.000666823,1,computed,2.44444,1,2.44444,0.123044,0.35077599999999998,0.30077399999999999,0.5484286644587425,0.123044,0.35077628198040983,-0.082461881594117131,0.082461881594117131,6,-0.08260827478758663,0.08260827478758663,6,-0.16521654957517323,0.16521654957517323,6,0.034361500000000003,0.18536900000000001,2.1202299999999999e-07,0.00046045899999999998,0.16245799999999999,0.403061,2.1202299999999999e-07,0.00046045899999999998,1.0325700000000001e-23,3.21336e-12,1.46916e-21,3.83297e-11,3.83297e-11,143295180.12298653,20533523150972812,6.978601786478275e-09,4.8700848492852197e-17,1,6.978601786478275e-09,8.3242373370919025e-08,6.9292482419360168e-15,0,0,not_requested,not_requested,0,,,,,,,,,,,,,,,,,,,,,,,,,,,,
inner_summary,2d,non_matching_initial,p2,2,uniform_standard,uniform,production_2M,2000000,completed,24339177,20260701_091337_018174_job24339177,snellius_next_mem216,algorithm_data_ordered/2d/non_matching_initial/p2/production_2M/uniform_standard,inner_history.csv,,0,,1,15,15,245,,,,,,,,,,,,,,,,,,,,,,,,,,-0.082461881594117131,0.082461881594117131,6,-0.08260827478758663,0.08260827478758663,6,-0.16521654957517323,0.16521654957517323,6,,,,,,,,,,,,,,,,,,,,,,,,,,,,,,,90582004447179.016,90582004447179.016,90582004447179.016,90582004447179.016,1.1039720373853385e-14,1.1039720373853385e-14,1.1039720373853385e-14,1.1039720373853385e-14,,,,,3.4507732868666139e-14,3.4507732868666139e-14,3.4507732868666139e-14,3.4507732868666139e-14,1,1,1,1,0,1,1,1
inner_summary,2d,non_matching_initial,p2,2,uniform_standard,uniform,production_2M,2000000,completed,24339177,20260701_091337_018174_job24339177,snellius_next_mem216,algorithm_data_ordered/2d/non_matching_initial/p2/production_2M/uniform_standard,inner_history.csv,,1,,1,245,245,2025,,,,,,,,,,,,,,,,,,,,,,,,,,-0.082461881594117131,0.082461881594117131,6,-0.08260827478758663,0.08260827478758663,6,-0.16521654957517323,0.16521654957517323,6,,,,,,,,,,,,,,,,,,,,,,,,,,,,,,,3127482898635.5488,3127482898635.5488,3127482898635.5488,3127482898635.5488,3.1974595302704222e-13,3.1974595302704222e-13,3.1974595302704222e-13,3.1974595302704222e-13,,,,,8.3333723215121184e-13,8.3333723215121184e-13,8.3333723215121184e-13,8.3333723215121184e-13,1,1,1,1,0,1,1,1
inner_summary,2d,non_matching_initial,p2,2,uniform_standard,uniform,production_2M,2000000,completed,24339177,20260701_091337_018174_job24339177,snellius_next_mem216,algorithm_data_ordered/2d/non_matching_initial/p2/production_2M/uniform_standard,inner_history.csv,,2,,1,2025,2025,16337,,,,,,,,,,,,,,,,,,,,,,,,,,-0.082461881594117131,0.082461881594117131,6,-0.08260827478758663,0.08260827478758663,6,-0.16521654957517323,0.16521654957517323,6,,,,,,,,,,,,,,,,,,,,,,,,,,,,,,,1024623966448.4553,1024623966448.4553,1024623966448.4553,1024623966448.4553,9.7596780159866191e-13,9.7596780159866191e-13,9.7596780159866191e-13,9.7596780159866191e-13,,,,,6.9694715623676498e-12,6.9694715623676498e-12,6.9694715623676498e-12,6.9694715623676498e-12,1,1,1,1,0,1,1,1
inner_summary,2d,non_matching_initial,p2,2,uniform_standard,uniform,production_2M,2000000,completed,24339177,20260701_091337_018174_job24339177,snellius_next_mem216,algorithm_data_ordered/2d/non_matching_initial/p2/production_2M/uniform_standard,inner_history.csv,,3,,1,16337,16337,130977,,,,,,,,,,,,,,,,,,,,,,,,,,-0.082461881594117131,0.082461881594117131,6,-0.08260827478758663,0.08260827478758663,6,-0.16521654957517323,0.16521654957517323,6,,,,,,,,,,,,,,,,,,,,,,,,,,,,,,,103441969777.64722,103441969777.64722,103441969777.64722,103441969777.64722,9.667255971145381e-12,9.667255971145381e-12,9.667255971145381e-12,9.667255971145381e-12,,,,,4.6393527590809689e-11,4.6393527590809689e-11,4.6393527590809689e-11,4.6393527590809689e-11,1,1,1,1,0,1,1,1
inner_summary,2d,non_matching_initial,p2,2,uniform_standard,uniform,production_2M,2000000,completed,24339177,20260701_091337_018174_job24339177,snellius_next_mem216,algorithm_data_ordered/2d/non_matching_initial/p2/production_2M/uniform_standard,inner_history.csv,,4,,1,130977,130977,1048385,,,,,,,,,,,,,,,,,,,,,,,,,,-0.082461881594117131,0.082461881594117131,6,-0.08260827478758663,0.08260827478758663,6,-0.16521654957517323,0.16521654957517323,6,,,,,,,,,,,,,,,,,,,,,,,,,,,,,,,6362294934.8055391,6362294934.8055391,6362294934.8055391,6362294934.8055391,1.5717598920625399e-10,1.5717598920625399e-10,1.5717598920625399e-10,1.5717598920625399e-10,,,,,2.0001146394589019e-09,2.0001146394589019e-09,2.0001146394589019e-09,2.0001146394589019e-09,1,1,1,1,0,1,1,1
inner_summary,2d,non_matching_initial,p2,2,uniform_standard,uniform,production_2M,2000000,completed,24339177,20260701_091337_018174_job24339177,snellius_next_mem216,algorithm_data_ordered/2d/non_matching_initial/p2/production_2M/uniform_standard,inner_history.csv,,5,,1,1048385,1048385,8388225,,,,,,,,,,,,,,,,,,,,,,,,,,-0.082461881594117131,0.082461881594117131,6,-0.08260827478758663,0.08260827478758663,6,-0.16521654957517323,0.16521654957517323,6,,,,,,,,,,,,,,,,,,,,,,,,,,,,,,,143295180.12298653,143295180.12298653,143295180.12298653,143295180.12298653,6.978601786478275e-09,6.978601786478275e-09,6.978601786478275e-09,6.978601786478275e-09,,,,,8.3242373370919025e-08,8.3242373370919025e-08,8.3242373370919025e-08,8.3242373370919025e-08,1,1,1,1,0,1,1,1
outer,2d,non_matching_initial,p3,3,adaptive_force_effective_rho_no_inner_refinement,force_eff_rho_no_inner,production_2M,2000000,completed,24339178,20260701_091337_896344_job24339178,snellius_next_mem216,algorithm_data_ordered/2d/non_matching_initial/p3/production_2M/adaptive_force_effective_rho_no_inner_refinement,outer_history.csv,completed,0,,,52,52,106,52,52,125,0.151856,0.151863,1,1,0,1,0,0,adaptive,1,0.00589805,1,computed_required,2.44444,1.00017,2.44403,0.54996699999999998,0.74159799999999998,1.34436,1.1594653940502062,0.55006100000000002,0.74166097376092266,-0.13952164684844651,0.13952164684844651,10,-0.13206282928760546,0.13206282928760546,10,-0.26412565857521081,0.26412565857521081,10,0.17441400000000001,0.41762899999999997,7.0177899999999998e-05,0.0083772199999999995,0.71687999999999996,0.846688,7.0177899999999998e-05,0.0083772199999999995,1.0913099999999999e-30,1.0446600000000001e-15,2.11998e-28,1.4560199999999999e-14,1.45602e-14,8019087550016.2715,6.4306109171546128e+25,1.2470246692816951e-13,1.5550622061931177e-26,1,1.2470246692816951e-13,1.7380706248612308e-12,3.0208655431410744e-24,1,1,not_skipped,success,1,5.0776299999999997e-05,0.0071257500000000001,0.8506103456755344,0.72353689694333967,,,,,,,,,,,,,,,,,,,,,,,,
outer,2d,non_matching_initial,p3,3,adaptive_force_effective_rho_no_inner_refinement,force_eff_rho_no_inner,production_2M,2000000,completed,24339178,20260701_091337_896344_job24339178,snellius_next_mem216,algorithm_data_ordered/2d/non_matching_initial/p3/production_2M/adaptive_force_effective_rho_no_inner_refinement,outer_history.csv,completed,1,,,106,106,175,116,116,290,0.233126,0.390121,1,1,0,1,0,0,adaptive,1,0.0280239,1,computed_required,2.44444,1.0036,2.43567,0.490956,0.70068299999999994,1.2001200000000001,1.0954998858968448,0.49272500000000002,0.70194372993851861,-0.13952164684844651,0.13952164684844651,10,-0.13206282928760546,0.13206282928760546,10,-0.26412565857521081,0.26412565857521081,10,0.160326,0.40040799999999999,0.0013168800000000001,0.036288800000000003,0.637903,0.79868799999999995,0.00024025699999999999,0.0155002,0.0010766199999999999,0.032811899999999998,5.2571300000000002e-28,2.2928400000000001e-14,2.29284e-14,0.47239568571158641,0.22315858891716669,2.1168694597489064,4.4811181359960379,0.42713454288926611,0.90418806904609672,6.3183130883357949e-13,3.9921101391167002e-25,1,1,not_skipped,success,1,0.00061272900000000001,0.024753399999999998,0.68212230770926552,0.46528840896664841,,,,,,,,,,,,,,,,,,,,,,,,
outer,2d,non_matching_initial,p3,3,adaptive_force_effective_rho_no_inner_refinement,force_eff_rho_no_inner,production_2M,2000000,completed,24339178,20260701_091337_896344_job24339178,snellius_next_mem216,algorithm_data_ordered/2d/non_matching_initial/p3/production_2M/adaptive_force_effective_rho_no_inner_refinement,outer_history.csv,completed,2,,,175,175,256,200,200,490,0.330471,0.729204,1,1,0,1,0,0,adaptive,1,0.0109655,1,computed_required,2.44444,1.00058,2.44303,0.36089199999999999,0.60074300000000003,0.88217900000000005,0.93924384480282863,0.36110100000000001,0.60091679956546395,-0.13952164684844651,0.13952164684844651,10,-0.13206282928760546,0.13206282928760546,10,-0.26412565857521081,0.26412565857521081,10,0.103101,0.32109300000000002,0.00016211900000000001,0.0127326,0.47546500000000003,0.68954000000000004,0.00016211900000000001,0.0127326,3.4055400000000003e-30,1.8454100000000001e-15,1.5325e-27,3.9147100000000001e-14,3.91471e-14,6899604965834.1504,4.7604491505018293e+25,1.4493583400091106e-13,2.1006421209111827e-26,1,1.4493583400091106e-13,3.0745566498594159e-12,9.4529327222595739e-24,1,1,not_skipped,success,1,0.00014283399999999999,0.0119513,0.93863782730942613,0.88104417125691614,,,,,,,,,,,,,,,,,,,,,,,,
outer,2d,non_matching_initial,p3,3,adaptive_force_effective_rho_no_inner_refinement,force_eff_rho_no_inner,production_2M,2000000,completed,24339178,20260701_091337_896344_job24339178,snellius_next_mem216,algorithm_data_ordered/2d/non_matching_initial/p3/production_2M/adaptive_force_effective_rho_no_inner_refinement,outer_history.csv,completed,3,,,256,256,325,308,308,730,0.425132,1.15937,1,1,0,1,0,0,adaptive,1,0.00743227,1,computed_required,2.44444,1.00027,2.44379,0.359259,0.59938199999999997,0.87818799999999997,0.93711685503996778,0.35935600000000001,0.5994630931091588,-0.13952164684844651,0.13952164684844651,10,-0.13206282928760546,0.13206282928760546,10,-0.26412565857521081,0.26412565857521081,10,0.10385,0.32225799999999999,7.4637700000000005e-05,0.0086393100000000007,0.47277400000000003,0.687585,7.4637700000000005e-05,0.0086393100000000007,1.08544e-28,1.04185e-14,2.8894899999999999e-27,5.3753999999999997e-14,5.3754e-14,829227815904.40088,6.8762621609669821e+23,1.2059412152127888e-12,1.4542784678520372e-24,1,1.2059412152127888e-12,6.2220246755817298e-12,3.8713545567454515e-23,1,1,not_skipped,success,1,6.7656499999999998e-05,0.0082253599999999993,0.95208529384869844,0.90646549933880594,,,,,,,,,,,,,,,,,,,,,,,,
outer,2d,non_matching_initial,p3,3,adaptive_force_effective_rho_no_inner_refinement,force_eff_rho_no_inner,production_2M,2000000,completed,24339178,20260701_091337_896344_job24339178,snellius_next_mem216,algorithm_data_ordered/2d/non_matching_initial/p3/production_2M/adaptive_force_effective_rho_no_inner_refinement,outer_history.csv,completed,4,,,325,325,421,400,400,960,0.607145,1.77155,1,1,0,1,0,0,adaptive,1,0.00653256,1,computed_required,2.44444,1.00021,2.44393,0.354408,0.59532200000000002,0.86633099999999996,0.93076903687219847,0.35448200000000002,0.59538390975907307,-0.13952164684844651,0.13952164684844651,10,-0.13206282928760546,0.13206282928760546,10,-0.26412565857521081,0.26412565857521081,10,0.10544000000000001,0.32471499999999998,5.6533300000000003e-05,0.0075188599999999996,0.465061,0.68195399999999995,4.22112e-05,0.0064970200000000001,1.43221e-05,0.00378445,3.7640800000000002e-27,6.1352099999999999e-14,6.13521e-14,1.7167672977579305,2.9472772847557271,0.58249012624249275,0.33929620574634217,0.86409641887200994,0.50332763211444287,8.159760921203481e-12,6.658164303162915e-23,1,1,not_skipped,success,1,4.4823500000000002e-05,0.0066950300000000003,0.8904315281837939,0.79286898164444675,,,,,,,,,,,,,,,,,,,,,,,,
outer,2d,non_matching_initial,p3,3,adaptive_force_effective_rho_no_inner_refinement,force_eff_rho_no_inner,production_2M,2000000,completed,24339178,20260701_091337_896344_job24339178,snellius_next_mem216,algorithm_data_ordered/2d/non_matching_initial/p3/production_2M/adaptive_force_effective_rho_no_inner_refinement,outer_history.csv,completed,5,,,421,421,748,528,528,1290,0.753619,2.53043,1,1,0,1,0,0,adaptive,1,0.0131837,1,computed_required,2.44444,1.00083,2.44241,0.33802199999999999,0.58139600000000002,0.82627499999999998,0.90899669966397567,0.33830300000000002,0.58163820369710928,-0.13952164684844651,0.13952164684844651,10,-0.13206282928760546,0.13206282928760546,10,-0.26412565857521081,0.26412565857521081,10,0.108859,0.32993800000000001,0.000209994,0.014491199999999999,0.43987199999999999,0.66322800000000004,5.5625799999999999e-05,0.0074582700000000004,0.000154368,0.0124245,4.93535e-27,7.0251999999999997e-14,7.0252e-14,0.60028733550645907,0.36034540837479268,1.6658688945291602,2.7751151444114064,0.51467580324610807,0.85738241139450155,4.8479076957049798e-12,2.3502338162042725e-23,1,1,not_skipped,success,1,0.000113899,0.010672299999999999,0.73646764933200837,0.54239168738154431,,,,,,,,,,,,,,,,,,,,,,,,
outer,2d,non_matching_initial,p3,3,adaptive_force_effective_rho_no_inner_refinement,force_eff_rho_no_inner,production_2M,2000000,completed,24339178,20260701_091337_896344_job24339178,snellius_next_mem216,algorithm_data_ordered/2d/non_matching_initial/p3/production_2M/adaptive_force_effective_rho_no_inner_refinement,outer_history.csv,completed,6,,,748,748,1096,964,964,2280,1.2317,3.76912,1,1,0,1,0,0,adaptive,1,0.0447182,1,computed_required,2.44444,1.00874,2.42327,0.29111700000000001,0.53955299999999995,0.71162000000000003,0.84357572274218517,0.29366100000000001,0.54190497321947506,-0.13952164684844651,0.13952164684844651,10,-0.13206282928760546,0.13206282928760546,10,-0.26412565857521081,0.26412565857521081,10,0.089293499999999998,0.29881999999999997,0.0019423400000000001,0.044071899999999997,0.38081700000000002,0.61710399999999999,4.7861100000000002e-05,0.0069181700000000004,0.00189448,0.043525599999999998,1.1249600000000001e-26,1.06064e-13,1.06064e-13,0.15894485084639845,0.025263449600945908,6.2914903796813313,39.582876281573135,0.15697462555505892,0.98760434653373241,2.4066128303976007e-12,5.7917769288590049e-24,1,1,not_skipped,success,1,0.00094145700000000004,0.030683200000000001,0.69620778772868885,0.48470247227570867,,,,,,,,,,,,,,,,,,,,,,,,
outer,2d,non_matching_initial,p3,3,adaptive_force_effective_rho_no_inner_refinement,force_eff_rho_no_inner,production_2M,2000000,completed,24339178,20260701_091337_896344_job24339178,snellius_next_mem216,algorithm_data_ordered/2d/non_matching_initial/p3/production_2M/adaptive_force_effective_rho_no_inner_refinement,outer_history.csv,completed,7,,,1096,1096,1315,1428,1428,3295,1.46696,5.24118,1,1,0,1,0,0,adaptive,1,0.00399049,1,computed_required,2.44444,1.00008,2.44425,0.24851899999999999,0.49851600000000001,0.60748999999999997,0.7794164483766044,0.24853800000000001,0.49853585628317648,-0.13952164684844651,0.13952164684844651,10,-0.13206282928760546,0.13206282928760546,10,-0.26412565857521081,0.26412565857521081,10,0.062893500000000005,0.25078600000000001,1.5594500000000001e-05,0.0039489900000000003,0.33101900000000001,0.57534200000000002,1.5594500000000001e-05,0.0039489900000000003,1.8514399999999999e-28,1.36068e-14,2.1947600000000001e-26,1.4814699999999999e-13,1.48147e-13,290221800864.27374,8.4229032536836204e+22,3.4456405308699185e-12,1.1872390907050561e-23,1,3.4456405308699185e-12,3.75151621047407e-11,1.4073936323703868e-21,1,1,not_skipped,success,1,1.50778e-05,0.0038830100000000001,0.98329193034168227,0.96686652345378166,,,,,,,,,,,,,,,,,,,,,,,,
outer,2d,non_matching_initial,p3,3,adaptive_force_effective_rho_no_inner_refinement,force_eff_rho_no_inner,production_2M,2000000,completed,24339178,20260701_091337_896344_job24339178,snellius_next_mem216,algorithm_data_ordered/2d/non_matching_initial/p3/production_2M/adaptive_force_effective_rho_no_inner_refinement,outer_history.csv,completed,8,,,1315,1315,1537,1720,1720,4025,1.9279,7.17434,1,1,0,1,0,0,adaptive,1,0.00444768,1,computed_required,2.44444,1.0001,2.44421,0.244454,0.494423,0.59755499999999995,0.77301681741085038,0.244478,0.49444716603495664,-0.13952164684844651,0.13952164684844651,10,-0.13206282928760546,0.13206282928760546,10,-0.26412565857521081,0.26412565857521081,10,0.064994499999999997,0.25494,1.8786600000000001e-05,0.0043343599999999998,0.324214,0.56939799999999996,1.06787e-05,0.0032678300000000002,8.1079000000000008e-06,0.0028474400000000001,3.4662599999999997e-26,1.86179e-13,1.86179e-13,1.1476378782344843,1.3170734715524364,0.87135499704696995,0.75925908584378254,0.75393599054993132,0.65694589281923976,4.2954207772312407e-11,1.8450704225352111e-21,1,1,not_skipped,success,1,1.3637300000000001e-05,0.00369287,0.85199891102723357,0.72590569874272093,,,,,,,,,,,,,,,,,,,,,,,,
outer,2d,non_matching_initial,p3,3,adaptive_force_effective_rho_no_inner_refinement,force_eff_rho_no_inner,production_2M,2000000,completed,24339178,20260701_091337_896344_job24339178,snellius_next_mem216,algorithm_data_ordered/2d/non_matching_initial/p3/production_2M/adaptive_force_effective_rho_no_inner_refinement,outer_history.csv,completed,9,,,1537,1537,2602,2016,2016,4795,2.22659,9.40618,1,1,0,1,0,0,adaptive,1,0.0053065,1,computed_required,2.44444,1.00014,2.44411,0.241506,0.49143199999999998,0.59034799999999998,0.76834107009842967,0.241539,0.49146617381056856,-0.13952164684844651,0.13952164684844651,10,-0.13206282928760546,0.13206282928760546,10,-0.26412565857521081,0.26412565857521081,10,0.066530000000000006,0.257934,2.6097300000000002e-05,0.0051085599999999998,0.31927299999999997,0.56504200000000004,1.0939400000000001e-05,0.0033074799999999998,1.5157899999999999e-05,0.00389332,4.4548699999999998e-26,2.1106599999999999e-13,2.11066e-13,0.84952688194137649,0.7216962771887927,1.1771257876086931,1.385624440097263,0.64743880858793867,0.7621169174875112,4.1316143883990791e-11,1.7070233319155619e-21,1,1,not_skipped,success,1,1.67496e-05,0.0040926299999999999,0.80113182579826803,0.64181352093894761,,,,,,,,,,,,,,,,,,,,,,,,
outer,2d,non_matching_initial,p3,3,adaptive_force_effective_rho_no_inner_refinement,force_eff_rho_no_inner,production_2M,2000000,completed,24339178,20260701_091337_896344_job24339178,snellius_next_mem216,algorithm_data_ordered/2d/non_matching_initial/p3/production_2M/adaptive_force_effective_rho_no_inner_refinement,outer_history.csv,completed,10,,,2602,2602,3430,3436,3436,7955,3.39869,12.8104,1,1,0,1,0,0,adaptive,1,0.0387522,1,computed_required,2.44444,1.00668,2.42823,0.20726800000000001,0.45526699999999998,0.506656,0.71179772407615916,0.208652,0.45678441304405298,-0.13952164684844651,0.13952164684844651,10,-0.13206282928760546,0.13206282928760546,10,-0.26412565857521081,0.26412565857521081,10,0.061996299999999997,0.24898999999999999,0.00106288,0.032601900000000003,0.27183400000000002,0.52137699999999998,8.4823599999999992e-06,0.00291245,0.0010544,0.0324715,8.57715e-26,2.92868e-13,2.92868e-13,0.089692499576551746,0.0080447268588770861,11.149204278185033,124.30502831759088,0.089333750486934801,0.99600023311524777,8.9831574233403562e-12,8.0697256510612673e-23,1,1,not_skipped,success,1,0.00044853900000000002,0.021178700000000002,0.64961551320628552,0.42200342465753427,,,,,,,,,,,,,,,,,,,,,,,,
outer,2d,non_matching_initial,p3,3,adaptive_force_effective_rho_no_inner_refinement,force_eff_rho_no_inner,production_2M,2000000,completed,24339178,20260701_091337_896344_job24339178,snellius_next_mem216,algorithm_data_ordered/2d/non_matching_initial/p3/production_2M/adaptive_force_effective_rho_no_inner_refinement,outer_history.csv,completed,11,,,3430,3430,3934,4540,4540,10515,3.17709,15.9937,1,1,0,1,0,0,adaptive,1,0.0523817,1,computed_required,2.44444,1.01174,2.41609,0.19835800000000001,0.44537399999999999,0.484875,0.69632966330610968,0.200686,0.4479799102638421,-0.13952164684844651,0.13952164684844651,10,-0.13206282928760546,0.13206282928760546,10,-0.26412565857521081,0.26412565857521081,10,0.063141000000000003,0.25127899999999997,0.0017602,0.041954699999999998,0.25845499999999999,0.50838399999999995,4.7309599999999998e-06,0.0021750799999999998,0.0017554700000000001,0.041898299999999999,1.82905e-25,4.27673e-13,4.27673e-13,0.051913323452264168,0.002694981970640341,19.262877687257483,371.05999627982482,0.05184353600430941,0.99865569292594158,1.0193685093684379e-11,1.0391148733098512e-22,1,1,not_skipped,success,1,0.00074722099999999995,0.0273353,0.65154321208350918,0.42450914668787637,,,,,,,,,,,,,,,,,,,,,,,,
outer,2d,non_matching_initial,p3,3,adaptive_force_effective_rho_no_inner_refinement,force_eff_rho_no_inner,production_2M,2000000,completed,24339178,20260701_091337_896344_job24339178,snellius_next_mem216,algorithm_data_ordered/2d/non_matching_initial/p3/production_2M/adaptive_force_effective_rho_no_inner_refinement,outer_history.csv,completed,12,,,3934,3934,6925,5212,5212,12315,3.82271,19.8228,1,1,0,1,0,0,adaptive,1,0.0526909,1,computed_required,2.44444,1.01187,2.41578,0.19746,0.44436500000000001,0.48268100000000003,0.6947524739070744,0.19980300000000001,0.44699328854021958,-0.13952164684844651,0.13952164684844651,10,-0.13206282928760546,0.13206282928760546,10,-0.26412565857521081,0.26412565857521081,10,0.063712599999999994,0.252413,0.0017638199999999999,0.041997899999999998,0.25690400000000002,0.506857,4.7334600000000002e-06,0.0021756499999999999,0.00175909,0.0419415,2.3388200000000002e-25,4.8361399999999998e-13,4.83614e-13,0.051873442771479324,0.0026908572045773668,19.277687127984741,371.62878739864709,0.051803780665223738,0.99865707571092843,1.1515194807359416e-11,1.3259969838192108e-22,1,1,not_skipped,success,1,0.00075564899999999995,0.027489099999999999,0.65453510770776635,0.42841616491478723,,,,,,,,,,,,,,,,,,,,,,,,
outer,2d,non_matching_initial,p3,3,adaptive_force_effective_rho_no_inner_refinement,force_eff_rho_no_inner,production_2M,2000000,completed,24339178,20260701_091337_896344_job24339178,snellius_next_mem216,algorithm_data_ordered/2d/non_matching_initial/p3/production_2M/adaptive_force_effective_rho_no_inner_refinement,outer_history.csv,completed,13,,,6925,6925,8593,9200,9200,21240,5.63778,25.4671,1,1,0,1,0,0,adaptive,1,0.0597659,1,computed_required,2.44444,1.01497,2.40839,0.18356600000000001,0.42844599999999999,0.448716,0.66986267249339992,0.18631400000000001,0.4316410545812342,-0.13952164684844651,0.13952164684844651,10,-0.13206282928760546,0.13206282928760546,10,-0.26412565857521081,0.26412565857521081,10,0.066282599999999997,0.25745400000000002,0.0019926800000000001,0.044639499999999999,0.23569100000000001,0.485481,4.0519199999999998e-06,0.00201294,0.0019886299999999999,0.044594099999999998,4.0959400000000002e-25,6.3999500000000004e-13,6.39995e-13,0.045139155179721085,0.0020375434344247043,22.15371546096754,490.7870836541689,0.045093247012175319,0.99898296351885663,1.4336966139853718e-11,2.0554931047634342e-22,1,1,not_skipped,success,1,0.00103889,0.032231900000000001,0.72204885807412722,0.52135315253829007,,,,,,,,,,,,,,,,,,,,,,,,
outer,2d,non_matching_initial,p3,3,adaptive_force_effective_rho_no_inner_refinement,force_eff_rho_no_inner,production_2M,2000000,completed,24339178,20260701_091337_896344_job24339178,snellius_next_mem216,algorithm_data_ordered/2d/non_matching_initial/p3/production_2M/adaptive_force_effective_rho_no_inner_refinement,outer_history.csv,completed,14,,,8593,8593,12022,11424,11424,26700,8.77043,34.2446,1,1,0,1,0,0,adaptive,1,0.0618811,1,computed_required,2.44444,1.01596,2.40605,0.18118200000000001,0.42565399999999998,0.442888,0.66549830953955103,0.18407299999999999,0.42903729441623134,-0.13952164684844651,0.13952164684844651,10,-0.13206282928760546,0.13206282928760546,10,-0.26412565857521081,0.26412565857521081,10,0.067055199999999995,0.25895000000000001,0.0020780400000000002,0.045585500000000001,0.231904,0.48156399999999999,3.7827600000000002e-06,0.0019449300000000001,0.0020742500000000001,0.045544000000000001,7.3646699999999998e-25,8.5817699999999997e-13,8.58177e-13,0.042704417705954685,0.001823676027479812,23.416781066670779,548.34300880838327,0.042665540577595945,0.99908962279672264,1.8825657281372366e-11,3.5440463128717442e-22,1,1,not_skipped,success,1,0.0011173800000000001,0.033427199999999997,0.73328580359982887,0.53770861003638037,,,,,,,,,,,,,,,,,,,,,,,,
outer,2d,non_matching_initial,p3,3,adaptive_force_effective_rho_no_inner_refinement,force_eff_rho_no_inner,production_2M,2000000,completed,24339178,20260701_091337_896344_job24339178,snellius_next_mem216,algorithm_data_ordered/2d/non_matching_initial/p3/production_2M/adaptive_force_effective_rho_no_inner_refinement,outer_history.csv,completed,15,,,12022,12022,18025,15996,15996,37235,11.1326,45.3853,1,1,0,1,0,0,adaptive,1,0.0630657,1,computed_required,2.44444,1.01652,2.40471,0.17860699999999999,0.42262,0.43659599999999998,0.6607541146296404,0.181558,0.42609623326192408,-0.13952164684844651,0.13952164684844651,10,-0.13206282928760546,0.13206282928760546,10,-0.26412565857521081,0.26412565857521081,10,0.068196199999999998,0.26114399999999999,0.0020954799999999998,0.045776400000000002,0.22767899999999999,0.477157,1.9964800000000002e-06,0.0014129699999999999,0.00209348,0.045754599999999999,9.2648299999999995e-25,9.6254000000000006e-13,9.6254e-13,0.030881485140291903,0.00095366566673672553,32.381862318379021,1048.5855104984773,0.030866778514693157,0.99952377207469345,2.1026992074518749e-11,4.4213402179930134e-22,1,1,not_skipped,success,1,0.00113868,0.033744400000000001,0.73715713773909697,0.5433981713020406,,,,,,,,,,,,,,,,,,,,,,,,
outer,2d,non_matching_initial,p3,3,adaptive_force_effective_rho_no_inner_refinement,force_eff_rho_no_inner,production_2M,2000000,completed,24339178,20260701_091337_896344_job24339178,snellius_next_mem216,algorithm_data_ordered/2d/non_matching_initial/p3/production_2M/adaptive_force_effective_rho_no_inner_refinement,outer_history.csv,completed,16,,,18025,18025,26746,24000,24000,55135,15.7683,61.1623,1,1,0,1,0,0,adaptive,1,0.0841681,1,computed_required,2.44444,1.02784,2.37823,0.15993099999999999,0.39991300000000002,0.39094099999999998,0.62525274889439708,0.164384,0.40544296762923387,-0.13952164684844651,0.13952164684844651,10,-0.13206282928760546,0.13206282928760546,10,-0.26412565857521081,0.26412565857521081,10,0.057193300000000002,0.239151,0.0032657799999999998,0.057147000000000003,0.205592,0.45342199999999999,7.4643400000000005e-07,0.00086396400000000005,0.0032650299999999999,0.057140499999999997,1.7015899999999998e-24,1.30445e-12,1.30445e-12,0.015119993699740117,0.00022861474473435161,66.137593696033619,4374.171058660243,0.015118273925140428,0.99988625824627708,2.2826220099042819e-11,5.2103632210375463e-22,1,1,not_skipped,success,1,0.0022693800000000001,0.047638,0.83360456366913394,0.69489677810507755,,,,,,,,,,,,,,,,,,,,,,,,
outer,2d,non_matching_initial,p3,3,adaptive_force_effective_rho_no_inner_refinement,force_eff_rho_no_inner,production_2M,2000000,completed,24339178,20260701_091337_896344_job24339178,snellius_next_mem216,algorithm_data_ordered/2d/non_matching_initial/p3/production_2M/adaptive_force_effective_rho_no_inner_refinement,outer_history.csv,completed,17,,,26746,26746,40519,35628,35628,82495,25.8608,87.0334,1,1,0,1,0,0,adaptive,1,0.0477779,1,computed_required,2.44444,1.00989,2.4205,0.138437,0.37207099999999999,0.33840100000000001,0.58172244240702975,0.13980600000000001,0.37390640540113779,-0.13952164684844651,0.13952164684844651,10,-0.13206282928760546,0.13206282928760546,10,-0.26412565857521081,0.26412565857521081,10,0.050610000000000002,0.224967,0.00098416200000000001,0.031371400000000001,0.17747099999999999,0.42127300000000001,2.4714500000000001e-07,0.00049713700000000003,0.00098391499999999992,0.031367399999999997,2.39309e-24,1.5469599999999999e-12,1.54696e-12,0.01584884306636827,0.00025118531580471892,63.096088201039137,3981.1244411175621,0.015846822264865452,0.99987249533014133,4.9311156021089271e-11,2.431601707848911e-21,1,1,not_skipped,success,1,0.00053936399999999997,0.0232242,0.74029848843213886,0.54804391959860266,,,,,,,,,,,,,,,,,,,,,,,,
outer,2d,non_matching_initial,p3,3,adaptive_force_effective_rho_no_inner_refinement,force_eff_rho_no_inner,production_2M,2000000,completed,24339178,20260701_091337_896344_job24339178,snellius_next_mem216,algorithm_data_ordered/2d/non_matching_initial/p3/production_2M/adaptive_force_effective_rho_no_inner_refinement,outer_history.csv,completed,18,,,40519,40519,48097,53992,53992,123780,35.2026,122.251,1,1,0,1,0,0,adaptive,1,0.0882079,1,computed_required,2.44444,1.03027,2.37263,0.121159,0.34807900000000003,0.29616700000000001,0.54421227476050194,0.12482600000000001,0.35330723174030843,-0.13952164684844651,0.13952164684844651,10,-0.13206282928760546,0.13206282928760546,10,-0.26412565857521081,0.26412565857521081,10,0.049277099999999997,0.22198499999999999,0.0025591899999999998,0.050588399999999999,0.15310699999999999,0.39128800000000002,2.0104899999999999e-07,0.00044838499999999998,0.0025589900000000001,0.050586399999999997,3.6725499999999998e-24,1.9163900000000001e-12,1.91639e-12,0.0088637459870637165,7.8565762273396914e-05,112.81911749947032,12728.190640092715,0.008863395561037709,0.99996046524499682,3.7882004570217682e-11,1.4350439006091771e-21,1,1,not_skipped,success,1,0.00147955,0.038464900000000003,0.76035019885981781,0.57813214337348928,,,,,,,,,,,,,,,,,,,,,,,,
outer,2d,non_matching_initial,p3,3,adaptive_force_effective_rho_no_inner_refinement,force_eff_rho_no_inner,production_2M,2000000,completed,24339178,20260701_091337_896344_job24339178,snellius_next_mem216,algorithm_data_ordered/2d/non_matching_initial/p3/production_2M/adaptive_force_effective_rho_no_inner_refinement,outer_history.csv,completed,19,,,48097,48097,71581,64096,64096,146180,41.2527,163.525,1,1,0,1,0,0,adaptive,1,0.0941045,1,computed_required,2.44444,1.03395,2.36419,0.116367,0.34112599999999998,0.28445199999999998,0.5333404166196295,0.12031699999999999,0.34686740982686742,-0.13952164684844651,0.13952164684844651,10,-0.13206282928760546,0.13206282928760546,10,-0.26412565857521081,0.26412565857521081,10,0.044826699999999997,0.21172299999999999,0.0028254199999999999,0.053154699999999999,0.14816199999999999,0.38491799999999998,1.21336e-07,0.00034833299999999999,0.0028253000000000002,0.053153499999999999,4.9449199999999999e-24,2.2237200000000001e-12,2.22372e-12,0.0065533407959965009,4.2946235797968355e-05,152.59392592720184,23284.927803784536,0.0065531928503029836,0.99997742438580217,4.1834870669950166e-11,1.7501539594113442e-21,1,1,not_skipped,success,1,0.00179736,0.042395299999999997,0.79758328050012506,0.63613905189316988,,,,,,,,,,,,,,,,,,,,,,,,
outer,2d,non_matching_initial,p3,3,adaptive_force_effective_rho_no_inner_refinement,force_eff_rho_no_inner,production_2M,2000000,completed,24339178,20260701_091337_896344_job24339178,snellius_next_mem216,algorithm_data_ordered/2d/non_matching_initial/p3/production_2M/adaptive_force_effective_rho_no_inner_refinement,outer_history.csv,completed,20,,,71581,71581,102952,95408,95408,219120,71.7156,235.261,1,1,0,1,0,0,adaptive,1,0.110428,1,computed_required,2.44444,1.04492,2.33936,0.10653,0.32638899999999998,0.26040600000000003,0.51029991181657086,0.111315,0.33363902649420374,-0.13952164684844651,0.13952164684844651,10,-0.13206282928760546,0.13206282928760546,10,-0.26412565857521081,0.26412565857521081,10,0.042294900000000003,0.20565700000000001,0.00340121,0.058319900000000001,0.135078,0.36753000000000002,7.8890199999999998e-08,0.00028087400000000002,0.00340113,0.058319200000000002,7.4259900000000005e-24,2.7250699999999998e-12,2.72507e-12,0.0048161497414230649,2.3195290976822407e-05,207.63474013258613,43112.198980354973,0.0048160919343140166,0.9999879972359349,4.6726246101245027e-11,2.1833376945263597e-21,1,1,not_skipped,success,1,0.0025285899999999998,0.050285000000000003,0.86222713001908446,0.7434383645820164,,,,,,,,,,,,,,,,,,,,,,,,
outer,2d,non_matching_initial,p3,3,adaptive_force_effective_rho_no_inner_refinement,force_eff_rho_no_inner,production_2M,2000000,completed,24339178,20260701_091337_896344_job24339178,snellius_next_mem216,algorithm_data_ordered/2d/non_matching_initial/p3/production_2M/adaptive_force_effective_rho_no_inner_refinement,outer_history.csv,completed,21,,,102952,102952,142552,137236,137236,312820,95.522,330.826,1,1,0,1,0,0,adaptive,1,0.0904302,1,computed_required,2.44444,1.03164,2.36948,0.102572,0.320268,0.25073099999999998,0.50073046641881103,0.10581699999999999,0.32529525050329278,-0.13952164684844651,0.13952164684844651,10,-0.13206282928760546,0.13206282928760546,10,-0.26412565857521081,0.26412565857521081,10,0.039942999999999999,0.19985700000000001,0.0023079400000000001,0.048041,0.130407,0.36111900000000002,6.1526799999999995e-08,0.00024804599999999998,0.0023078700000000001,0.048040300000000001,1.05408e-23,3.2466599999999998e-12,3.24666e-12,0.0051632899877810919,2.6659560547171197e-05,193.67496351483194,37509.995644174574,0.0051632147540642366,0.999985429112633,6.7581024541537438e-11,4.5671897882960562e-21,1,1,not_skipped,success,1,0.0017495,0.041827000000000003,0.870652151287442,0.75803530421068133,,,,,,,,,,,,,,,,,,,,,,,,
outer,2d,non_matching_initial,p3,3,adaptive_force_effective_rho_no_inner_refinement,force_eff_rho_no_inner,production_2M,2000000,completed,24339178,20260701_091337_896344_job24339178,snellius_next_mem216,algorithm_data_ordered/2d/non_matching_initial/p3/production_2M/adaptive_force_effective_rho_no_inner_refinement,outer_history.csv,completed,22,,,142552,142552,200581,190036,190036,430100,125.17,456.049,1,1,0,1,0,0,adaptive,1,0.106391,1,computed_required,2.44444,1.0421,2.34569,0.0907221,0.301201,0.22176499999999999,0.47091931368335277,0.094541600000000003,0.3074761779390397,-0.13952164684844651,0.13952164684844651,10,-0.13206282928760546,0.13206282928760546,10,-0.26412565857521081,0.26412565857521081,10,0.036836599999999997,0.19192899999999999,0.0026856200000000001,0.051823000000000001,0.114671,0.33863100000000002,6.32211e-08,0.00025143799999999999,0.00268556,0.051822399999999998,1.55776e-23,3.9468499999999999e-12,3.94685e-12,0.0048519173176078297,2.354112363901756e-05,206.10408927847024,42478.855951573132,0.0048518611427358508,0.99998842212917038,7.616019913937827e-11,5.8003738429115063e-21,1,1,not_skipped,success,1,0.00111674,0.033417700000000002,0.64484302336800259,0.41582204481646695,,,,,,,,,,,,,,,,,,,,,,,,
outer,2d,non_matching_initial,p3,3,adaptive_force_effective_rho_no_inner_refinement,force_eff_rho_no_inner,production_2M,2000000,completed,24339178,20260701_091337_896344_job24339178,snellius_next_mem216,algorithm_data_ordered/2d/non_matching_initial/p3/production_2M/adaptive_force_effective_rho_no_inner_refinement,outer_history.csv,completed,23,,,200581,200581,309895,267408,267408,608900,209.955,666.076,1,1,0,1,0,0,adaptive,1,0.135129,1,computed_required,2.44444,1.06353,2.29844,0.080796800000000002,0.284248,0.19750300000000001,0.44441309611666485,0.085929500000000006,0.29313733982555001,-0.13952164684844651,0.13952164684844651,10,-0.13206282928760546,0.13206282928760546,10,-0.26412565857521081,0.26412565857521081,10,0.031537999999999997,0.177589,0.00370507,0.060869300000000001,0.10269,0.32045200000000001,1.8542499999999999e-08,0.00013617100000000001,0.0037050500000000001,0.060869100000000002,2.26924e-23,4.7636500000000002e-12,4.76365e-12,0.0022371120979281772,5.004655807613932e-06,447.00486887810177,199813.94094647432,0.0022371047473849709,0.99999671427139791,7.8260305277044421e-11,6.1246886023745841e-21,1,1,not_skipped,success,1,0.0014621,0.038237500000000001,0.62819023711460453,0.39462142415662865,,,,,,,,,,,,,,,,,,,,,,,,
outer,2d,non_matching_initial,p3,3,adaptive_force_effective_rho_no_inner_refinement,force_eff_rho_no_inner,production_2M,2000000,completed,24339178,20260701_091337_896344_job24339178,snellius_next_mem216,algorithm_data_ordered/2d/non_matching_initial/p3/production_2M/adaptive_force_effective_rho_no_inner_refinement,outer_history.csv,completed,24,,,309895,309895,407512,413160,413160,934285,292.742,958.963,1,1,0,1,0,0,adaptive,1,0.118934,1,computed_required,2.44444,1.05107,2.32567,0.074629399999999999,0.27318399999999998,0.18242700000000001,0.42711473868271044,0.078440800000000005,0.28007284766645979,-0.13952164684844651,0.13952164684844651,10,-0.13206282928760546,0.13206282928760546,10,-0.26412565857521081,0.26412565857521081,10,0.030138600000000001,0.17360500000000001,0.0026984999999999999,0.051947100000000003,0.094403000000000001,0.307251,8.7123299999999998e-09,9.3339799999999997e-05,0.00269849,0.051947,3.3121900000000001e-23,5.75517e-12,5.75517e-12,0.0017968275357575991,3.228594510263147e-06,556.53643997523034,309732.2989372533,0.0017968240768012071,0.9999980749647237,1.1078905270939089e-10,1.2274189364461739e-20,1,1,not_skipped,success,1,0.0020031599999999999,0.044756600000000001,0.86158033845970228,0.74232351306281263,,,,,,,,,,,,,,,,,,,,,,,,
outer,2d,non_matching_initial,p3,3,adaptive_force_effective_rho_no_inner_refinement,force_eff_rho_no_inner,production_2M,2000000,completed,24339178,20260701_091337_896344_job24339178,snellius_next_mem216,algorithm_data_ordered/2d/non_matching_initial/p3/production_2M/adaptive_force_effective_rho_no_inner_refinement,outer_history.csv,completed,25,,,407512,407512,549400,543316,543316,1223425,377.097,1336.25,1,1,0,1,0,0,adaptive,1,0.109975,1,computed_required,2.44444,1.0446,2.34008,0.067116899999999993,0.25906899999999999,0.16406299999999999,0.40504691086342082,0.0701103,0.26478349646456445,-0.13952164684844651,0.13952164684844651,10,-0.13206282928760546,0.13206282928760546,10,-0.26412565857521081,0.26412565857521081,10,0.028632899999999999,0.169213,0.0020626899999999998,0.045416900000000003,0.084220799999999998,0.29020800000000002,8.2727099999999992e-09,9.0954399999999998e-05,0.0020626799999999999,0.0454168,4.64354e-23,6.8143499999999999e-12,6.81435e-12,0.0020026598087051488,4.0106608877770668e-06,499.33593097200355,249335.46564547773,0.0020026553992016187,0.99999779817644963,1.5003996309743729e-10,2.25120594951253e-20,1,1,not_skipped,success,1,0.0014383200000000001,0.037925100000000003,0.83504378326129702,0.6973030363263506,,,,,,,,,,,,,,,,,,,,,,,,
outer,2d,non_matching_initial,p3,3,adaptive_force_effective_rho_no_inner_refinement,force_eff_rho_no_inner,production_2M,2000000,completed,24339178,20260701_091337_896344_job24339178,snellius_next_mem216,algorithm_data_ordered/2d/non_matching_initial/p3/production_2M/adaptive_force_effective_rho_no_inner_refinement,outer_history.csv,completed,26,,,549400,549400,758812,732500,732500,1659165,587.917,1924.42,1,1,0,1,0,0,adaptive,1,0.14296,1,computed_required,2.44444,1.06988,2.28479,0.060629599999999999,0.24623100000000001,0.148206,0.3849753238845316,0.064866199999999999,0.25468843711484035,-0.13952164684844651,0.13952164684844651,10,-0.13206282928760546,0.13206282928760546,10,-0.26412565857521081,0.26412565857521081,10,0.024844999999999999,0.15762300000000001,0.0030082400000000001,0.054847399999999998,0.076533900000000002,0.27664800000000001,6.7637599999999998e-09,8.2242099999999996e-05,0.0030082300000000002,0.054847300000000002,6.3208200000000004e-23,7.9503600000000001e-12,7.95036e-12,0.0014994739941619733,2.2484185052339747e-06,666.90052904777485,444757.05820431246,0.0014994712602602858,0.9999981767595183,1.4495418196669305e-10,2.1011687897242243e-20,1,1,not_skipped,success,1,0.00132631,0.036418499999999999,0.66399683485452365,0.44089234901470625,,,,,,,,,,,,,,,,,,,,,,,,
outer,2d,non_matching_initial,p3,3,adaptive_force_effective_rho_no_inner_refinement,force_eff_rho_no_inner,production_2M,2000000,completed,24339178,20260701_091337_896344_job24339178,snellius_next_mem216,algorithm_data_ordered/2d/non_matching_initial/p3/production_2M/adaptive_force_effective_rho_no_inner_refinement,outer_history.csv,completed,27,,,758812,758812,1024339,1011716,1011716,2281365,783.209,2708.04,1,1,0,1,0,0,adaptive,1,0.154252,1,computed_required,2.44444,1.07938,2.26467,0.0568969,0.23853099999999999,0.13908100000000001,0.37293565128584855,0.0614134,0.24781727139164453,-0.13952164684844651,0.13952164684844651,10,-0.13206282928760546,0.13206282928760546,10,-0.26412565857521081,0.26412565857521081,10,0.023180099999999999,0.15225,0.00322799,0.056815400000000002,0.071882199999999993,0.26810899999999999,4.6166500000000002e-09,6.7946000000000003e-05,0.00322799,0.056815400000000002,8.6822000000000002e-23,9.3178299999999993e-12,9.31783e-12,0.0011959081516631053,1.4301934020861279e-06,836.18461719600862,699206.13431817445,0.0011959081516631053,1,1.6400183752996544e-10,2.6896613682198519e-20,1,1,not_skipped,success,1,0.0011782400000000001,0.034325500000000002,0.60415837959426499,0.36500732654066464,,,,,,,,,,,,,,,,,,,,,,,,
outer,2d,non_matching_initial,p3,3,adaptive_force_effective_rho_no_inner_refinement,force_eff_rho_no_inner,production_2M,2000000,completed,24339178,20260701_091337_896344_job24339178,snellius_next_mem216,algorithm_data_ordered/2d/non_matching_initial/p3/production_2M/adaptive_force_effective_rho_no_inner_refinement,outer_history.csv,completed,28,,,1024339,1024339,1367044,1365752,1365752,3068765,1035.67,3744.25,1,1,0,1,0,0,adaptive,1,0.160223,1,computed_required,2.44444,1.08457,2.25385,0.052229100000000001,0.22853699999999999,0.12767100000000001,0.35731078908983421,0.056645800000000003,0.23800378148256385,-0.13952164684844651,0.13952164684844651,10,-0.13206282928760546,0.13206282928760546,10,-0.26412565857521081,0.26412565857521081,10,0.021995899999999999,0.14831,0.0031213500000000002,0.055869000000000002,0.065666000000000002,0.25625399999999998,3.7518499999999996e-09,6.1252400000000003e-05,0.0031213399999999998,0.055869000000000002,1.21466e-22,1.1021200000000001e-11,1.10212e-11,0.0010963575506989565,1.2019997821448481e-06,912.11119890812438,831946.90619294485,0.0010963575506989565,1,1.9726861049956148e-10,3.8914572220353369e-20,1,1,not_skipped,success,1,0.00120283,0.034681900000000002,0.6207718054735184,0.38535569545228826,,,,,,,,,,,,,,,,,,,,,,,,
outer,2d,non_matching_initial,p3,3,adaptive_force_effective_rho_no_inner_refinement,force_eff_rho_no_inner,production_2M,2000000,completed,24339178,20260701_091337_896344_job24339178,snellius_next_mem216,algorithm_data_ordered/2d/non_matching_initial/p3/production_2M/adaptive_force_effective_rho_no_inner_refinement,outer_history.csv,completed,29,,,1367044,1367044,2055886,1822692,1822692,4110835,1670.93,5415.82,1,1,0,1,0,0,adaptive,1,0.152838,1,computed_required,2.44444,1.07817,2.26722,0.048187599999999997,0.21951699999999999,0.11779199999999999,0.34320839150580218,0.051954300000000002,0.2279348591154938,-0.13952164684844651,0.13952164684844651,10,-0.13206282928760546,0.13206282928760546,10,-0.26412565857521081,0.26412565857521081,10,0.020566999999999998,0.14341200000000001,0.00263948,0.051375900000000002,0.0604634,0.245893,3.0086000000000001e-09,5.48507e-05,0.00263948,0.051375900000000002,1.6818800000000001e-22,1.2968700000000001e-11,1.29687e-11,0.0010676348248887123,1.1398457271886887e-06,936.64985132368417,877311.70644153422,0.0010676348248887123,1,2.5242769469731915e-10,6.3720126691621072e-20,1,1,not_skipped,success,1,0.0011525800000000001,0.033949600000000003,0.66080788852360739,0.43666934396168944,,,,,,,,,,,,,,,,,,,,,,,,
inner,2d,non_matching_initial,p3,3,adaptive_force_effective_rho_no_inner_refinement,force_eff_rho_no_inner,production_2M,2000000,completed,24339178,20260701_091337_896344_job24339178,snellius_next_mem216,algorithm_data_ordered/2d/non_matching_initial/p3/production_2M/adaptive_force_effective_rho_no_inner_refinement,inner_history.csv,completed,0,0,,52,52,106,52,52,125,0.133548,0.13453,,,,,,0,,1,0.00589805,1,computed_required,2.44444,1.00017,2.44403,0.54996699999999998,0.74159799999999998,1.34436,1.1594653940502062,0.55006100000000002,0.74166097376092266,-0.13952164684844651,0.13952164684844651,10,-0.13206282928760546,0.13206282928760546,10,-0.26412565857521081,0.26412565857521081,10,0.17441400000000001,0.41762899999999997,7.0177899999999998e-05,0.0083772199999999995,0.71687999999999996,0.846688,7.0177899999999998e-05,0.0083772199999999995,1.0913099999999999e-30,1.0446600000000001e-15,2.11998e-28,1.4560199999999999e-14,1.45602e-14,8019087550016.2715,6.4306109171546128e+25,1.2470246692816951e-13,1.5550622061931177e-26,1,1.2470246692816951e-13,1.7380706248612308e-12,3.0208655431410744e-24,1,1,not_skipped,success,1,5.0776299999999997e-05,0.0071257500000000001,0.8506103456755344,0.72353689694333967,,,,,,,,,,,,,,,,,,,,,,,,
inner,2d,non_matching_initial,p3,3,adaptive_force_effective_rho_no_inner_refinement,force_eff_rho_no_inner,production_2M,2000000,completed,24339178,20260701_091337_896344_job24339178,snellius_next_mem216,algorithm_data_ordered/2d/non_matching_initial/p3/production_2M/adaptive_force_effective_rho_no_inner_refinement,inner_history.csv,completed,1,0,,106,106,175,116,116,290,0.208567,0.371112,,,,,,0,,1,0.0280239,1,computed_required,2.44444,1.0036,2.43567,0.490956,0.70068299999999994,1.2001200000000001,1.0954998858968448,0.49272500000000002,0.70194372993851861,-0.13952164684844651,0.13952164684844651,10,-0.13206282928760546,0.13206282928760546,10,-0.26412565857521081,0.26412565857521081,10,0.160326,0.40040799999999999,0.0013168800000000001,0.036288800000000003,0.637903,0.79868799999999995,0.00024025699999999999,0.0155002,0.0010766199999999999,0.032811899999999998,5.2571300000000002e-28,2.2928400000000001e-14,2.29284e-14,0.47239568571158641,0.22315858891716669,2.1168694597489064,4.4811181359960379,0.42713454288926611,0.90418806904609672,6.3183130883357949e-13,3.9921101391167002e-25,1,1,not_skipped,success,1,0.00061272900000000001,0.024753399999999998,0.68212230770926552,0.46528840896664841,,,,,,,,,,,,,,,,,,,,,,,,
inner,2d,non_matching_initial,p3,3,adaptive_force_effective_rho_no_inner_refinement,force_eff_rho_no_inner,production_2M,2000000,completed,24339178,20260701_091337_896344_job24339178,snellius_next_mem216,algorithm_data_ordered/2d/non_matching_initial/p3/production_2M/adaptive_force_effective_rho_no_inner_refinement,inner_history.csv,completed,2,0,,175,175,256,200,200,490,0.305311,0.709209,,,,,,0,,1,0.0109655,1,computed_required,2.44444,1.00058,2.44303,0.36089199999999999,0.60074300000000003,0.88217900000000005,0.93924384480282863,0.36110100000000001,0.60091679956546395,-0.13952164684844651,0.13952164684844651,10,-0.13206282928760546,0.13206282928760546,10,-0.26412565857521081,0.26412565857521081,10,0.103101,0.32109300000000002,0.00016211900000000001,0.0127326,0.47546500000000003,0.68954000000000004,0.00016211900000000001,0.0127326,3.4055400000000003e-30,1.8454100000000001e-15,1.5325e-27,3.9147100000000001e-14,3.91471e-14,6899604965834.1504,4.7604491505018293e+25,1.4493583400091106e-13,2.1006421209111827e-26,1,1.4493583400091106e-13,3.0745566498594159e-12,9.4529327222595739e-24,1,1,not_skipped,success,1,0.00014283399999999999,0.0119513,0.93863782730942613,0.88104417125691614,,,,,,,,,,,,,,,,,,,,,,,,
inner,2d,non_matching_initial,p3,3,adaptive_force_effective_rho_no_inner_refinement,force_eff_rho_no_inner,production_2M,2000000,completed,24339178,20260701_091337_896344_job24339178,snellius_next_mem216,algorithm_data_ordered/2d/non_matching_initial/p3/production_2M/adaptive_force_effective_rho_no_inner_refinement,inner_history.csv,completed,3,0,,256,256,325,308,308,730,0.398275,1.13766,,,,,,0,,1,0.00743227,1,computed_required,2.44444,1.00027,2.44379,0.359259,0.59938199999999997,0.87818799999999997,0.93711685503996778,0.35935600000000001,0.5994630931091588,-0.13952164684844651,0.13952164684844651,10,-0.13206282928760546,0.13206282928760546,10,-0.26412565857521081,0.26412565857521081,10,0.10385,0.32225799999999999,7.4637700000000005e-05,0.0086393100000000007,0.47277400000000003,0.687585,7.4637700000000005e-05,0.0086393100000000007,1.08544e-28,1.04185e-14,2.8894899999999999e-27,5.3753999999999997e-14,5.3754e-14,829227815904.40088,6.8762621609669821e+23,1.2059412152127888e-12,1.4542784678520372e-24,1,1.2059412152127888e-12,6.2220246755817298e-12,3.8713545567454515e-23,1,1,not_skipped,success,1,6.7656499999999998e-05,0.0082253599999999993,0.95208529384869844,0.90646549933880594,,,,,,,,,,,,,,,,,,,,,,,,
inner,2d,non_matching_initial,p3,3,adaptive_force_effective_rho_no_inner_refinement,force_eff_rho_no_inner,production_2M,2000000,completed,24339178,20260701_091337_896344_job24339178,snellius_next_mem216,algorithm_data_ordered/2d/non_matching_initial/p3/production_2M/adaptive_force_effective_rho_no_inner_refinement,inner_history.csv,completed,4,0,,325,325,421,400,400,960,0.576365,1.74585,,,,,,0,,1,0.00653256,1,computed_required,2.44444,1.00021,2.44393,0.354408,0.59532200000000002,0.86633099999999996,0.93076903687219847,0.35448200000000002,0.59538390975907307,-0.13952164684844651,0.13952164684844651,10,-0.13206282928760546,0.13206282928760546,10,-0.26412565857521081,0.26412565857521081,10,0.10544000000000001,0.32471499999999998,5.6533300000000003e-05,0.0075188599999999996,0.465061,0.68195399999999995,4.22112e-05,0.0064970200000000001,1.43221e-05,0.00378445,3.7640800000000002e-27,6.1352099999999999e-14,6.13521e-14,1.7167672977579305,2.9472772847557271,0.58249012624249275,0.33929620574634217,0.86409641887200994,0.50332763211444287,8.159760921203481e-12,6.658164303162915e-23,1,1,not_skipped,success,1,4.4823500000000002e-05,0.0066950300000000003,0.8904315281837939,0.79286898164444675,,,,,,,,,,,,,,,,,,,,,,,,
inner,2d,non_matching_initial,p3,3,adaptive_force_effective_rho_no_inner_refinement,force_eff_rho_no_inner,production_2M,2000000,completed,24339178,20260701_091337_896344_job24339178,snellius_next_mem216,algorithm_data_ordered/2d/non_matching_initial/p3/production_2M/adaptive_force_effective_rho_no_inner_refinement,inner_history.csv,completed,5,0,,421,421,748,528,528,1290,0.722511,2.50439,,,,,,0,,1,0.0131837,1,computed_required,2.44444,1.00083,2.44241,0.33802199999999999,0.58139600000000002,0.82627499999999998,0.90899669966397567,0.33830300000000002,0.58163820369710928,-0.13952164684844651,0.13952164684844651,10,-0.13206282928760546,0.13206282928760546,10,-0.26412565857521081,0.26412565857521081,10,0.108859,0.32993800000000001,0.000209994,0.014491199999999999,0.43987199999999999,0.66322800000000004,5.5625799999999999e-05,0.0074582700000000004,0.000154368,0.0124245,4.93535e-27,7.0251999999999997e-14,7.0252e-14,0.60028733550645907,0.36034540837479268,1.6658688945291602,2.7751151444114064,0.51467580324610807,0.85738241139450155,4.8479076957049798e-12,2.3502338162042725e-23,1,1,not_skipped,success,1,0.000113899,0.010672299999999999,0.73646764933200837,0.54239168738154431,,,,,,,,,,,,,,,,,,,,,,,,
inner,2d,non_matching_initial,p3,3,adaptive_force_effective_rho_no_inner_refinement,force_eff_rho_no_inner,production_2M,2000000,completed,24339178,20260701_091337_896344_job24339178,snellius_next_mem216,algorithm_data_ordered/2d/non_matching_initial/p3/production_2M/adaptive_force_effective_rho_no_inner_refinement,inner_history.csv,completed,6,0,,748,748,1096,964,964,2280,1.19925,3.74166,,,,,,0,,1,0.0447182,1,computed_required,2.44444,1.00874,2.42327,0.29111700000000001,0.53955299999999995,0.71162000000000003,0.84357572274218517,0.29366100000000001,0.54190497321947506,-0.13952164684844651,0.13952164684844651,10,-0.13206282928760546,0.13206282928760546,10,-0.26412565857521081,0.26412565857521081,10,0.089293499999999998,0.29881999999999997,0.0019423400000000001,0.044071899999999997,0.38081700000000002,0.61710399999999999,4.7861100000000002e-05,0.0069181700000000004,0.00189448,0.043525599999999998,1.1249600000000001e-26,1.06064e-13,1.06064e-13,0.15894485084639845,0.025263449600945908,6.2914903796813313,39.582876281573135,0.15697462555505892,0.98760434653373241,2.4066128303976007e-12,5.7917769288590049e-24,1,1,not_skipped,success,1,0.00094145700000000004,0.030683200000000001,0.69620778772868885,0.48470247227570867,,,,,,,,,,,,,,,,,,,,,,,,
inner,2d,non_matching_initial,p3,3,adaptive_force_effective_rho_no_inner_refinement,force_eff_rho_no_inner,production_2M,2000000,completed,24339178,20260701_091337_896344_job24339178,snellius_next_mem216,algorithm_data_ordered/2d/non_matching_initial/p3/production_2M/adaptive_force_effective_rho_no_inner_refinement,inner_history.csv,completed,7,0,,1096,1096,1315,1428,1428,3295,1.42825,5.20761,,,,,,0,,1,0.00399049,1,computed_required,2.44444,1.00008,2.44425,0.24851899999999999,0.49851600000000001,0.60748999999999997,0.7794164483766044,0.24853800000000001,0.49853585628317648,-0.13952164684844651,0.13952164684844651,10,-0.13206282928760546,0.13206282928760546,10,-0.26412565857521081,0.26412565857521081,10,0.062893500000000005,0.25078600000000001,1.5594500000000001e-05,0.0039489900000000003,0.33101900000000001,0.57534200000000002,1.5594500000000001e-05,0.0039489900000000003,1.8514399999999999e-28,1.36068e-14,2.1947600000000001e-26,1.4814699999999999e-13,1.48147e-13,290221800864.27374,8.4229032536836204e+22,3.4456405308699185e-12,1.1872390907050561e-23,1,3.4456405308699185e-12,3.75151621047407e-11,1.4073936323703868e-21,1,1,not_skipped,success,1,1.50778e-05,0.0038830100000000001,0.98329193034168227,0.96686652345378166,,,,,,,,,,,,,,,,,,,,,,,,
inner,2d,non_matching_initial,p3,3,adaptive_force_effective_rho_no_inner_refinement,force_eff_rho_no_inner,production_2M,2000000,completed,24339178,20260701_091337_896344_job24339178,snellius_next_mem216,algorithm_data_ordered/2d/non_matching_initial/p3/production_2M/adaptive_force_effective_rho_no_inner_refinement,inner_history.csv,completed,8,0,,1315,1315,1537,1720,1720,4025,1.88825,7.13978,,,,,,0,,1,0.00444768,1,computed_required,2.44444,1.0001,2.44421,0.244454,0.494423,0.59755499999999995,0.77301681741085038,0.244478,0.49444716603495664,-0.13952164684844651,0.13952164684844651,10,-0.13206282928760546,0.13206282928760546,10,-0.26412565857521081,0.26412565857521081,10,0.064994499999999997,0.25494,1.8786600000000001e-05,0.0043343599999999998,0.324214,0.56939799999999996,1.06787e-05,0.0032678300000000002,8.1079000000000008e-06,0.0028474400000000001,3.4662599999999997e-26,1.86179e-13,1.86179e-13,1.1476378782344843,1.3170734715524364,0.87135499704696995,0.75925908584378254,0.75393599054993132,0.65694589281923976,4.2954207772312407e-11,1.8450704225352111e-21,1,1,not_skipped,success,1,1.3637300000000001e-05,0.00369287,0.85199891102723357,0.72590569874272093,,,,,,,,,,,,,,,,,,,,,,,,
inner,2d,non_matching_initial,p3,3,adaptive_force_effective_rho_no_inner_refinement,force_eff_rho_no_inner,production_2M,2000000,completed,24339178,20260701_091337_896344_job24339178,snellius_next_mem216,algorithm_data_ordered/2d/non_matching_initial/p3/production_2M/adaptive_force_effective_rho_no_inner_refinement,inner_history.csv,completed,9,0,,1537,1537,2602,2016,2016,4795,2.17272,9.36058,,,,,,0,,1,0.0053065,1,computed_required,2.44444,1.00014,2.44411,0.241506,0.49143199999999998,0.59034799999999998,0.76834107009842967,0.241539,0.49146617381056856,-0.13952164684844651,0.13952164684844651,10,-0.13206282928760546,0.13206282928760546,10,-0.26412565857521081,0.26412565857521081,10,0.066530000000000006,0.257934,2.6097300000000002e-05,0.0051085599999999998,0.31927299999999997,0.56504200000000004,1.0939400000000001e-05,0.0033074799999999998,1.5157899999999999e-05,0.00389332,4.4548699999999998e-26,2.1106599999999999e-13,2.11066e-13,0.84952688194137649,0.7216962771887927,1.1771257876086931,1.385624440097263,0.64743880858793867,0.7621169174875112,4.1316143883990791e-11,1.7070233319155619e-21,1,1,not_skipped,success,1,1.67496e-05,0.0040926299999999999,0.80113182579826803,0.64181352093894761,,,,,,,,,,,,,,,,,,,,,,,,
inner,2d,non_matching_initial,p3,3,adaptive_force_effective_rho_no_inner_refinement,force_eff_rho_no_inner,production_2M,2000000,completed,24339178,20260701_091337_896344_job24339178,snellius_next_mem216,algorithm_data_ordered/2d/non_matching_initial/p3/production_2M/adaptive_force_effective_rho_no_inner_refinement,inner_history.csv,completed,10,0,,2602,2602,3430,3436,3436,7955,3.33784,12.7548,,,,,,0,,1,0.0387522,1,computed_required,2.44444,1.00668,2.42823,0.20726800000000001,0.45526699999999998,0.506656,0.71179772407615916,0.208652,0.45678441304405298,-0.13952164684844651,0.13952164684844651,10,-0.13206282928760546,0.13206282928760546,10,-0.26412565857521081,0.26412565857521081,10,0.061996299999999997,0.24898999999999999,0.00106288,0.032601900000000003,0.27183400000000002,0.52137699999999998,8.4823599999999992e-06,0.00291245,0.0010544,0.0324715,8.57715e-26,2.92868e-13,2.92868e-13,0.089692499576551746,0.0080447268588770861,11.149204278185033,124.30502831759088,0.089333750486934801,0.99600023311524777,8.9831574233403562e-12,8.0697256510612673e-23,1,1,not_skipped,success,1,0.00044853900000000002,0.021178700000000002,0.64961551320628552,0.42200342465753427,,,,,,,,,,,,,,,,,,,,,,,,
inner,2d,non_matching_initial,p3,3,adaptive_force_effective_rho_no_inner_refinement,force_eff_rho_no_inner,production_2M,2000000,completed,24339178,20260701_091337_896344_job24339178,snellius_next_mem216,algorithm_data_ordered/2d/non_matching_initial/p3/production_2M/adaptive_force_effective_rho_no_inner_refinement,inner_history.csv,completed,11,0,,3430,3430,3934,4540,4540,10515,3.10619,15.9281,,,,,,0,,1,0.0523817,1,computed_required,2.44444,1.01174,2.41609,0.19835800000000001,0.44537399999999999,0.484875,0.69632966330610968,0.200686,0.4479799102638421,-0.13952164684844651,0.13952164684844651,10,-0.13206282928760546,0.13206282928760546,10,-0.26412565857521081,0.26412565857521081,10,0.063141000000000003,0.25127899999999997,0.0017602,0.041954699999999998,0.25845499999999999,0.50838399999999995,4.7309599999999998e-06,0.0021750799999999998,0.0017554700000000001,0.041898299999999999,1.82905e-25,4.27673e-13,4.27673e-13,0.051913323452264168,0.002694981970640341,19.262877687257483,371.05999627982482,0.05184353600430941,0.99865569292594158,1.0193685093684379e-11,1.0391148733098512e-22,1,1,not_skipped,success,1,0.00074722099999999995,0.0273353,0.65154321208350918,0.42450914668787637,,,,,,,,,,,,,,,,,,,,,,,,
inner,2d,non_matching_initial,p3,3,adaptive_force_effective_rho_no_inner_refinement,force_eff_rho_no_inner,production_2M,2000000,completed,24339178,20260701_091337_896344_job24339178,snellius_next_mem216,algorithm_data_ordered/2d/non_matching_initial/p3/production_2M/adaptive_force_effective_rho_no_inner_refinement,inner_history.csv,completed,12,0,,3934,3934,6925,5212,5212,12315,3.71402,19.7196,,,,,,0,,1,0.0526909,1,computed_required,2.44444,1.01187,2.41578,0.19746,0.44436500000000001,0.48268100000000003,0.6947524739070744,0.19980300000000001,0.44699328854021958,-0.13952164684844651,0.13952164684844651,10,-0.13206282928760546,0.13206282928760546,10,-0.26412565857521081,0.26412565857521081,10,0.063712599999999994,0.252413,0.0017638199999999999,0.041997899999999998,0.25690400000000002,0.506857,4.7334600000000002e-06,0.0021756499999999999,0.00175909,0.0419415,2.3388200000000002e-25,4.8361399999999998e-13,4.83614e-13,0.051873442771479324,0.0026908572045773668,19.277687127984741,371.62878739864709,0.051803780665223738,0.99865707571092843,1.1515194807359416e-11,1.3259969838192108e-22,1,1,not_skipped,success,1,0.00075564899999999995,0.027489099999999999,0.65453510770776635,0.42841616491478723,,,,,,,,,,,,,,,,,,,,,,,,
inner,2d,non_matching_initial,p3,3,adaptive_force_effective_rho_no_inner_refinement,force_eff_rho_no_inner,production_2M,2000000,completed,24339178,20260701_091337_896344_job24339178,snellius_next_mem216,algorithm_data_ordered/2d/non_matching_initial/p3/production_2M/adaptive_force_effective_rho_no_inner_refinement,inner_history.csv,completed,13,0,,6925,6925,8593,9200,9200,21240,5.50885,25.3438,,,,,,0,,1,0.0597659,1,computed_required,2.44444,1.01497,2.40839,0.18356600000000001,0.42844599999999999,0.448716,0.66986267249339992,0.18631400000000001,0.4316410545812342,-0.13952164684844651,0.13952164684844651,10,-0.13206282928760546,0.13206282928760546,10,-0.26412565857521081,0.26412565857521081,10,0.066282599999999997,0.25745400000000002,0.0019926800000000001,0.044639499999999999,0.23569100000000001,0.485481,4.0519199999999998e-06,0.00201294,0.0019886299999999999,0.044594099999999998,4.0959400000000002e-25,6.3999500000000004e-13,6.39995e-13,0.045139155179721085,0.0020375434344247043,22.15371546096754,490.7870836541689,0.045093247012175319,0.99898296351885663,1.4336966139853718e-11,2.0554931047634342e-22,1,1,not_skipped,success,1,0.00103889,0.032231900000000001,0.72204885807412722,0.52135315253829007,,,,,,,,,,,,,,,,,,,,,,,,
inner,2d,non_matching_initial,p3,3,adaptive_force_effective_rho_no_inner_refinement,force_eff_rho_no_inner,production_2M,2000000,completed,24339178,20260701_091337_896344_job24339178,snellius_next_mem216,algorithm_data_ordered/2d/non_matching_initial/p3/production_2M/adaptive_force_effective_rho_no_inner_refinement,inner_history.csv,completed,14,0,,8593,8593,12022,11424,11424,26700,8.59435,34.0739,,,,,,0,,1,0.0618811,1,computed_required,2.44444,1.01596,2.40605,0.18118200000000001,0.42565399999999998,0.442888,0.66549830953955103,0.18407299999999999,0.42903729441623134,-0.13952164684844651,0.13952164684844651,10,-0.13206282928760546,0.13206282928760546,10,-0.26412565857521081,0.26412565857521081,10,0.067055199999999995,0.25895000000000001,0.0020780400000000002,0.045585500000000001,0.231904,0.48156399999999999,3.7827600000000002e-06,0.0019449300000000001,0.0020742500000000001,0.045544000000000001,7.3646699999999998e-25,8.5817699999999997e-13,8.58177e-13,0.042704417705954685,0.001823676027479812,23.416781066670779,548.34300880838327,0.042665540577595945,0.99908962279672264,1.8825657281372366e-11,3.5440463128717442e-22,1,1,not_skipped,success,1,0.0011173800000000001,0.033427199999999997,0.73328580359982887,0.53770861003638037,,,,,,,,,,,,,,,,,,,,,,,,
inner,2d,non_matching_initial,p3,3,adaptive_force_effective_rho_no_inner_refinement,force_eff_rho_no_inner,production_2M,2000000,completed,24339178,20260701_091337_896344_job24339178,snellius_next_mem216,algorithm_data_ordered/2d/non_matching_initial/p3/production_2M/adaptive_force_effective_rho_no_inner_refinement,inner_history.csv,completed,15,0,,12022,12022,18025,15996,15996,37235,10.8764,45.1347,,,,,,0,,1,0.0630657,1,computed_required,2.44444,1.01652,2.40471,0.17860699999999999,0.42262,0.43659599999999998,0.6607541146296404,0.181558,0.42609623326192408,-0.13952164684844651,0.13952164684844651,10,-0.13206282928760546,0.13206282928760546,10,-0.26412565857521081,0.26412565857521081,10,0.068196199999999998,0.26114399999999999,0.0020954799999999998,0.045776400000000002,0.22767899999999999,0.477157,1.9964800000000002e-06,0.0014129699999999999,0.00209348,0.045754599999999999,9.2648299999999995e-25,9.6254000000000006e-13,9.6254e-13,0.030881485140291903,0.00095366566673672553,32.381862318379021,1048.5855104984773,0.030866778514693157,0.99952377207469345,2.1026992074518749e-11,4.4213402179930134e-22,1,1,not_skipped,success,1,0.00113868,0.033744400000000001,0.73715713773909697,0.5433981713020406,,,,,,,,,,,,,,,,,,,,,,,,
inner,2d,non_matching_initial,p3,3,adaptive_force_effective_rho_no_inner_refinement,force_eff_rho_no_inner,production_2M,2000000,completed,24339178,20260701_091337_896344_job24339178,snellius_next_mem216,algorithm_data_ordered/2d/non_matching_initial/p3/production_2M/adaptive_force_effective_rho_no_inner_refinement,inner_history.csv,completed,16,0,,18025,18025,26746,24000,24000,55135,15.3703,60.77,,,,,,0,,1,0.0841681,1,computed_required,2.44444,1.02784,2.37823,0.15993099999999999,0.39991300000000002,0.39094099999999998,0.62525274889439708,0.164384,0.40544296762923387,-0.13952164684844651,0.13952164684844651,10,-0.13206282928760546,0.13206282928760546,10,-0.26412565857521081,0.26412565857521081,10,0.057193300000000002,0.239151,0.0032657799999999998,0.057147000000000003,0.205592,0.45342199999999999,7.4643400000000005e-07,0.00086396400000000005,0.0032650299999999999,0.057140499999999997,1.7015899999999998e-24,1.30445e-12,1.30445e-12,0.015119993699740117,0.00022861474473435161,66.137593696033619,4374.171058660243,0.015118273925140428,0.99988625824627708,2.2826220099042819e-11,5.2103632210375463e-22,1,1,not_skipped,success,1,0.0022693800000000001,0.047638,0.83360456366913394,0.69489677810507755,,,,,,,,,,,,,,,,,,,,,,,,
inner,2d,non_matching_initial,p3,3,adaptive_force_effective_rho_no_inner_refinement,force_eff_rho_no_inner,production_2M,2000000,completed,24339178,20260701_091337_896344_job24339178,snellius_next_mem216,algorithm_data_ordered/2d/non_matching_initial/p3/production_2M/adaptive_force_effective_rho_no_inner_refinement,inner_history.csv,completed,17,0,,26746,26746,40519,35628,35628,82495,25.3116,86.4901,,,,,,0,,1,0.0477779,1,computed_required,2.44444,1.00989,2.4205,0.138437,0.37207099999999999,0.33840100000000001,0.58172244240702975,0.13980600000000001,0.37390640540113779,-0.13952164684844651,0.13952164684844651,10,-0.13206282928760546,0.13206282928760546,10,-0.26412565857521081,0.26412565857521081,10,0.050610000000000002,0.224967,0.00098416200000000001,0.031371400000000001,0.17747099999999999,0.42127300000000001,2.4714500000000001e-07,0.00049713700000000003,0.00098391499999999992,0.031367399999999997,2.39309e-24,1.5469599999999999e-12,1.54696e-12,0.01584884306636827,0.00025118531580471892,63.096088201039137,3981.1244411175621,0.015846822264865452,0.99987249533014133,4.9311156021089271e-11,2.431601707848911e-21,1,1,not_skipped,success,1,0.00053936399999999997,0.0232242,0.74029848843213886,0.54804391959860266,,,,,,,,,,,,,,,,,,,,,,,,
inner,2d,non_matching_initial,p3,3,adaptive_force_effective_rho_no_inner_refinement,force_eff_rho_no_inner,production_2M,2000000,completed,24339178,20260701_091337_896344_job24339178,snellius_next_mem216,algorithm_data_ordered/2d/non_matching_initial/p3/production_2M/adaptive_force_effective_rho_no_inner_refinement,inner_history.csv,completed,18,0,,40519,40519,48097,53992,53992,123780,34.5782,121.633,,,,,,0,,1,0.0882079,1,computed_required,2.44444,1.03027,2.37263,0.121159,0.34807900000000003,0.29616700000000001,0.54421227476050194,0.12482600000000001,0.35330723174030843,-0.13952164684844651,0.13952164684844651,10,-0.13206282928760546,0.13206282928760546,10,-0.26412565857521081,0.26412565857521081,10,0.049277099999999997,0.22198499999999999,0.0025591899999999998,0.050588399999999999,0.15310699999999999,0.39128800000000002,2.0104899999999999e-07,0.00044838499999999998,0.0025589900000000001,0.050586399999999997,3.6725499999999998e-24,1.9163900000000001e-12,1.91639e-12,0.0088637459870637165,7.8565762273396914e-05,112.81911749947032,12728.190640092715,0.008863395561037709,0.99996046524499682,3.7882004570217682e-11,1.4350439006091771e-21,1,1,not_skipped,success,1,0.00147955,0.038464900000000003,0.76035019885981781,0.57813214337348928,,,,,,,,,,,,,,,,,,,,,,,,
inner,2d,non_matching_initial,p3,3,adaptive_force_effective_rho_no_inner_refinement,force_eff_rho_no_inner,production_2M,2000000,completed,24339178,20260701_091337_896344_job24339178,snellius_next_mem216,algorithm_data_ordered/2d/non_matching_initial/p3/production_2M/adaptive_force_effective_rho_no_inner_refinement,inner_history.csv,completed,19,0,,48097,48097,71581,64096,64096,146180,40.1227,162.402,,,,,,0,,1,0.0941045,1,computed_required,2.44444,1.03395,2.36419,0.116367,0.34112599999999998,0.28445199999999998,0.5333404166196295,0.12031699999999999,0.34686740982686742,-0.13952164684844651,0.13952164684844651,10,-0.13206282928760546,0.13206282928760546,10,-0.26412565857521081,0.26412565857521081,10,0.044826699999999997,0.21172299999999999,0.0028254199999999999,0.053154699999999999,0.14816199999999999,0.38491799999999998,1.21336e-07,0.00034833299999999999,0.0028253000000000002,0.053153499999999999,4.9449199999999999e-24,2.2237200000000001e-12,2.22372e-12,0.0065533407959965009,4.2946235797968355e-05,152.59392592720184,23284.927803784536,0.0065531928503029836,0.99997742438580217,4.1834870669950166e-11,1.7501539594113442e-21,1,1,not_skipped,success,1,0.00179736,0.042395299999999997,0.79758328050012506,0.63613905189316988,,,,,,,,,,,,,,,,,,,,,,,,
inner,2d,non_matching_initial,p3,3,adaptive_force_effective_rho_no_inner_refinement,force_eff_rho_no_inner,production_2M,2000000,completed,24339178,20260701_091337_896344_job24339178,snellius_next_mem216,algorithm_data_ordered/2d/non_matching_initial/p3/production_2M/adaptive_force_effective_rho_no_inner_refinement,inner_history.csv,completed,20,0,,71581,71581,102952,95408,95408,219120,70.1544,233.709,,,,,,0,,1,0.110428,1,computed_required,2.44444,1.04492,2.33936,0.10653,0.32638899999999998,0.26040600000000003,0.51029991181657086,0.111315,0.33363902649420374,-0.13952164684844651,0.13952164684844651,10,-0.13206282928760546,0.13206282928760546,10,-0.26412565857521081,0.26412565857521081,10,0.042294900000000003,0.20565700000000001,0.00340121,0.058319900000000001,0.135078,0.36753000000000002,7.8890199999999998e-08,0.00028087400000000002,0.00340113,0.058319200000000002,7.4259900000000005e-24,2.7250699999999998e-12,2.72507e-12,0.0048161497414230649,2.3195290976822407e-05,207.63474013258613,43112.198980354973,0.0048160919343140166,0.9999879972359349,4.6726246101245027e-11,2.1833376945263597e-21,1,1,not_skipped,success,1,0.0025285899999999998,0.050285000000000003,0.86222713001908446,0.7434383645820164,,,,,,,,,,,,,,,,,,,,,,,,
inner,2d,non_matching_initial,p3,3,adaptive_force_effective_rho_no_inner_refinement,force_eff_rho_no_inner,production_2M,2000000,completed,24339178,20260701_091337_896344_job24339178,snellius_next_mem216,algorithm_data_ordered/2d/non_matching_initial/p3/production_2M/adaptive_force_effective_rho_no_inner_refinement,inner_history.csv,completed,21,0,,102952,102952,142552,137236,137236,312820,93.3333,328.653,,,,,,0,,1,0.0904302,1,computed_required,2.44444,1.03164,2.36948,0.102572,0.320268,0.25073099999999998,0.50073046641881103,0.10581699999999999,0.32529525050329278,-0.13952164684844651,0.13952164684844651,10,-0.13206282928760546,0.13206282928760546,10,-0.26412565857521081,0.26412565857521081,10,0.039942999999999999,0.19985700000000001,0.0023079400000000001,0.048041,0.130407,0.36111900000000002,6.1526799999999995e-08,0.00024804599999999998,0.0023078700000000001,0.048040300000000001,1.05408e-23,3.2466599999999998e-12,3.24666e-12,0.0051632899877810919,2.6659560547171197e-05,193.67496351483194,37509.995644174574,0.0051632147540642366,0.999985429112633,6.7581024541537438e-11,4.5671897882960562e-21,1,1,not_skipped,success,1,0.0017495,0.041827000000000003,0.870652151287442,0.75803530421068133,,,,,,,,,,,,,,,,,,,,,,,,
inner,2d,non_matching_initial,p3,3,adaptive_force_effective_rho_no_inner_refinement,force_eff_rho_no_inner,production_2M,2000000,completed,24339178,20260701_091337_896344_job24339178,snellius_next_mem216,algorithm_data_ordered/2d/non_matching_initial/p3/production_2M/adaptive_force_effective_rho_no_inner_refinement,inner_history.csv,completed,22,0,,142552,142552,200581,190036,190036,430100,121.632,452.527,,,,,,0,,1,0.106391,1,computed_required,2.44444,1.0421,2.34569,0.0907221,0.301201,0.22176499999999999,0.47091931368335277,0.094541600000000003,0.3074761779390397,-0.13952164684844651,0.13952164684844651,10,-0.13206282928760546,0.13206282928760546,10,-0.26412565857521081,0.26412565857521081,10,0.036836599999999997,0.19192899999999999,0.0026856200000000001,0.051823000000000001,0.114671,0.33863100000000002,6.32211e-08,0.00025143799999999999,0.00268556,0.051822399999999998,1.55776e-23,3.9468499999999999e-12,3.94685e-12,0.0048519173176078297,2.354112363901756e-05,206.10408927847024,42478.855951573132,0.0048518611427358508,0.99998842212917038,7.616019913937827e-11,5.8003738429115063e-21,1,1,not_skipped,success,1,0.00111674,0.033417700000000002,0.64484302336800259,0.41582204481646695,,,,,,,,,,,,,,,,,,,,,,,,
inner,2d,non_matching_initial,p3,3,adaptive_force_effective_rho_no_inner_refinement,force_eff_rho_no_inner,production_2M,2000000,completed,24339178,20260701_091337_896344_job24339178,snellius_next_mem216,algorithm_data_ordered/2d/non_matching_initial/p3/production_2M/adaptive_force_effective_rho_no_inner_refinement,inner_history.csv,completed,23,0,,200581,200581,309895,267408,267408,608900,204.557,660.699,,,,,,0,,1,0.135129,1,computed_required,2.44444,1.06353,2.29844,0.080796800000000002,0.284248,0.19750300000000001,0.44441309611666485,0.085929500000000006,0.29313733982555001,-0.13952164684844651,0.13952164684844651,10,-0.13206282928760546,0.13206282928760546,10,-0.26412565857521081,0.26412565857521081,10,0.031537999999999997,0.177589,0.00370507,0.060869300000000001,0.10269,0.32045200000000001,1.8542499999999999e-08,0.00013617100000000001,0.0037050500000000001,0.060869100000000002,2.26924e-23,4.7636500000000002e-12,4.76365e-12,0.0022371120979281772,5.004655807613932e-06,447.00486887810177,199813.94094647432,0.0022371047473849709,0.99999671427139791,7.8260305277044421e-11,6.1246886023745841e-21,1,1,not_skipped,success,1,0.0014621,0.038237500000000001,0.62819023711460453,0.39462142415662865,,,,,,,,,,,,,,,,,,,,,,,,
inner,2d,non_matching_initial,p3,3,adaptive_force_effective_rho_no_inner_refinement,force_eff_rho_no_inner,production_2M,2000000,completed,24339178,20260701_091337_896344_job24339178,snellius_next_mem216,algorithm_data_ordered/2d/non_matching_initial/p3/production_2M/adaptive_force_effective_rho_no_inner_refinement,inner_history.csv,completed,24,0,,309895,309895,407512,413160,413160,934285,285.829,952.079,,,,,,0,,1,0.118934,1,computed_required,2.44444,1.05107,2.32567,0.074629399999999999,0.27318399999999998,0.18242700000000001,0.42711473868271044,0.078440800000000005,0.28007284766645979,-0.13952164684844651,0.13952164684844651,10,-0.13206282928760546,0.13206282928760546,10,-0.26412565857521081,0.26412565857521081,10,0.030138600000000001,0.17360500000000001,0.0026984999999999999,0.051947100000000003,0.094403000000000001,0.307251,8.7123299999999998e-09,9.3339799999999997e-05,0.00269849,0.051947,3.3121900000000001e-23,5.75517e-12,5.75517e-12,0.0017968275357575991,3.228594510263147e-06,556.53643997523034,309732.2989372533,0.0017968240768012071,0.9999980749647237,1.1078905270939089e-10,1.2274189364461739e-20,1,1,not_skipped,success,1,0.0020031599999999999,0.044756600000000001,0.86158033845970228,0.74232351306281263,,,,,,,,,,,,,,,,,,,,,,,,
inner,2d,non_matching_initial,p3,3,adaptive_force_effective_rho_no_inner_refinement,force_eff_rho_no_inner,production_2M,2000000,completed,24339178,20260701_091337_896344_job24339178,snellius_next_mem216,algorithm_data_ordered/2d/non_matching_initial/p3/production_2M/adaptive_force_effective_rho_no_inner_refinement,inner_history.csv,completed,25,0,,407512,407512,549400,543316,543316,1223425,366.731,1325.92,,,,,,0,,1,0.109975,1,computed_required,2.44444,1.0446,2.34008,0.067116899999999993,0.25906899999999999,0.16406299999999999,0.40504691086342082,0.0701103,0.26478349646456445,-0.13952164684844651,0.13952164684844651,10,-0.13206282928760546,0.13206282928760546,10,-0.26412565857521081,0.26412565857521081,10,0.028632899999999999,0.169213,0.0020626899999999998,0.045416900000000003,0.084220799999999998,0.29020800000000002,8.2727099999999992e-09,9.0954399999999998e-05,0.0020626799999999999,0.0454168,4.64354e-23,6.8143499999999999e-12,6.81435e-12,0.0020026598087051488,4.0106608877770668e-06,499.33593097200355,249335.46564547773,0.0020026553992016187,0.99999779817644963,1.5003996309743729e-10,2.25120594951253e-20,1,1,not_skipped,success,1,0.0014383200000000001,0.037925100000000003,0.83504378326129702,0.6973030363263506,,,,,,,,,,,,,,,,,,,,,,,,
inner,2d,non_matching_initial,p3,3,adaptive_force_effective_rho_no_inner_refinement,force_eff_rho_no_inner,production_2M,2000000,completed,24339178,20260701_091337_896344_job24339178,snellius_next_mem216,algorithm_data_ordered/2d/non_matching_initial/p3/production_2M/adaptive_force_effective_rho_no_inner_refinement,inner_history.csv,completed,26,0,,549400,549400,758812,732500,732500,1659165,574.054,1910.62,,,,,,0,,1,0.14296,1,computed_required,2.44444,1.06988,2.28479,0.060629599999999999,0.24623100000000001,0.148206,0.3849753238845316,0.064866199999999999,0.25468843711484035,-0.13952164684844651,0.13952164684844651,10,-0.13206282928760546,0.13206282928760546,10,-0.26412565857521081,0.26412565857521081,10,0.024844999999999999,0.15762300000000001,0.0030082400000000001,0.054847399999999998,0.076533900000000002,0.27664800000000001,6.7637599999999998e-09,8.2242099999999996e-05,0.0030082300000000002,0.054847300000000002,6.3208200000000004e-23,7.9503600000000001e-12,7.95036e-12,0.0014994739941619733,2.2484185052339747e-06,666.90052904777485,444757.05820431246,0.0014994712602602858,0.9999981767595183,1.4495418196669305e-10,2.1011687897242243e-20,1,1,not_skipped,success,1,0.00132631,0.036418499999999999,0.66399683485452365,0.44089234901470625,,,,,,,,,,,,,,,,,,,,,,,,
inner,2d,non_matching_initial,p3,3,adaptive_force_effective_rho_no_inner_refinement,force_eff_rho_no_inner,production_2M,2000000,completed,24339178,20260701_091337_896344_job24339178,snellius_next_mem216,algorithm_data_ordered/2d/non_matching_initial/p3/production_2M/adaptive_force_effective_rho_no_inner_refinement,inner_history.csv,completed,27,0,,758812,758812,1024339,1011716,1011716,2281365,763.393,2688.31,,,,,,0,,1,0.154252,1,computed_required,2.44444,1.07938,2.26467,0.0568969,0.23853099999999999,0.13908100000000001,0.37293565128584855,0.0614134,0.24781727139164453,-0.13952164684844651,0.13952164684844651,10,-0.13206282928760546,0.13206282928760546,10,-0.26412565857521081,0.26412565857521081,10,0.023180099999999999,0.15225,0.00322799,0.056815400000000002,0.071882199999999993,0.26810899999999999,4.6166500000000002e-09,6.7946000000000003e-05,0.00322799,0.056815400000000002,8.6822000000000002e-23,9.3178299999999993e-12,9.31783e-12,0.0011959081516631053,1.4301934020861279e-06,836.18461719600862,699206.13431817445,0.0011959081516631053,1,1.6400183752996544e-10,2.6896613682198519e-20,1,1,not_skipped,success,1,0.0011782400000000001,0.034325500000000002,0.60415837959426499,0.36500732654066464,,,,,,,,,,,,,,,,,,,,,,,,
inner,2d,non_matching_initial,p3,3,adaptive_force_effective_rho_no_inner_refinement,force_eff_rho_no_inner,production_2M,2000000,completed,24339178,20260701_091337_896344_job24339178,snellius_next_mem216,algorithm_data_ordered/2d/non_matching_initial/p3/production_2M/adaptive_force_effective_rho_no_inner_refinement,inner_history.csv,completed,28,0,,1024339,1024339,1367044,1365752,1365752,3068765,1007.53,3716.23,,,,,,0,,1,0.160223,1,computed_required,2.44444,1.08457,2.25385,0.052229100000000001,0.22853699999999999,0.12767100000000001,0.35731078908983421,0.056645800000000003,0.23800378148256385,-0.13952164684844651,0.13952164684844651,10,-0.13206282928760546,0.13206282928760546,10,-0.26412565857521081,0.26412565857521081,10,0.021995899999999999,0.14831,0.0031213500000000002,0.055869000000000002,0.065666000000000002,0.25625399999999998,3.7518499999999996e-09,6.1252400000000003e-05,0.0031213399999999998,0.055869000000000002,1.21466e-22,1.1021200000000001e-11,1.10212e-11,0.0010963575506989565,1.2019997821448481e-06,912.11119890812438,831946.90619294485,0.0010963575506989565,1,1.9726861049956148e-10,3.8914572220353369e-20,1,1,not_skipped,success,1,0.00120283,0.034681900000000002,0.6207718054735184,0.38535569545228826,,,,,,,,,,,,,,,,,,,,,,,,
inner,2d,non_matching_initial,p3,3,adaptive_force_effective_rho_no_inner_refinement,force_eff_rho_no_inner,production_2M,2000000,completed,24339178,20260701_091337_896344_job24339178,snellius_next_mem216,algorithm_data_ordered/2d/non_matching_initial/p3/production_2M/adaptive_force_effective_rho_no_inner_refinement,inner_history.csv,completed,29,0,,1367044,1367044,2055886,1822692,1822692,4110835,1628.07,5373.12,,,,,,0,,1,0.152838,1,computed_required,2.44444,1.07817,2.26722,0.048187599999999997,0.21951699999999999,0.11779199999999999,0.34320839150580218,0.051954300000000002,0.2279348591154938,-0.13952164684844651,0.13952164684844651,10,-0.13206282928760546,0.13206282928760546,10,-0.26412565857521081,0.26412565857521081,10,0.020566999999999998,0.14341200000000001,0.00263948,0.051375900000000002,0.0604634,0.245893,3.0086000000000001e-09,5.48507e-05,0.00263948,0.051375900000000002,1.6818800000000001e-22,1.2968700000000001e-11,1.29687e-11,0.0010676348248887123,1.1398457271886887e-06,936.64985132368417,877311.70644153422,0.0010676348248887123,1,2.5242769469731915e-10,6.3720126691621072e-20,1,1,not_skipped,success,1,0.0011525800000000001,0.033949600000000003,0.66080788852360739,0.43666934396168944,,,,,,,,,,,,,,,,,,,,,,,,
inner_summary,2d,non_matching_initial,p3,3,adaptive_force_effective_rho_no_inner_refinement,force_eff_rho_no_inner,production_2M,2000000,completed,24339178,20260701_091337_896344_job24339178,snellius_next_mem216,algorithm_data_ordered/2d/non_matching_initial/p3/production_2M/adaptive_force_effective_rho_no_inner_refinement,inner_history.csv,,0,,1,52,52,106,,,,,,,,,,,,,,,,,,,,,,,,,,-0.13952164684844651,0.13952164684844651,10,-0.13206282928760546,0.13206282928760546,10,-0.26412565857521081,0.26412565857521081,10,,,,,,,,,,,,,,,,,,,,,,,,,,,,,,,8019087550016.2715,8019087550016.2715,8019087550016.2715,8019087550016.2715,1.2470246692816951e-13,1.2470246692816951e-13,1.2470246692816951e-13,1.2470246692816951e-13,0.8506103456755344,0.8506103456755344,0.8506103456755344,0.8506103456755344,1.7380706248612308e-12,1.7380706248612308e-12,1.7380706248612308e-12,1.7380706248612308e-12,1,1,1,1,1,1,1,1
inner_summary,2d,non_matching_initial,p3,3,adaptive_force_effective_rho_no_inner_refinement,force_eff_rho_no_inner,production_2M,2000000,completed,24339178,20260701_091337_896344_job24339178,snellius_next_mem216,algorithm_data_ordered/2d/non_matching_initial/p3/production_2M/adaptive_force_effective_rho_no_inner_refinement,inner_history.csv,,1,,1,106,106,175,,,,,,,,,,,,,,,,,,,,,,,,,,-0.13952164684844651,0.13952164684844651,10,-0.13206282928760546,0.13206282928760546,10,-0.26412565857521081,0.26412565857521081,10,,,,,,,,,,,,,,,,,,,,,,,,,,,,,,,0.47239568571158641,0.47239568571158641,0.47239568571158641,0.47239568571158641,2.1168694597489064,2.1168694597489064,2.1168694597489064,2.1168694597489064,0.68212230770926552,0.68212230770926552,0.68212230770926552,0.68212230770926552,6.3183130883357949e-13,6.3183130883357949e-13,6.3183130883357949e-13,6.3183130883357949e-13,0.42713454288926611,0.42713454288926611,0.42713454288926611,0.42713454288926611,1,1,1,1
inner_summary,2d,non_matching_initial,p3,3,adaptive_force_effective_rho_no_inner_refinement,force_eff_rho_no_inner,production_2M,2000000,completed,24339178,20260701_091337_896344_job24339178,snellius_next_mem216,algorithm_data_ordered/2d/non_matching_initial/p3/production_2M/adaptive_force_effective_rho_no_inner_refinement,inner_history.csv,,2,,1,175,175,256,,,,,,,,,,,,,,,,,,,,,,,,,,-0.13952164684844651,0.13952164684844651,10,-0.13206282928760546,0.13206282928760546,10,-0.26412565857521081,0.26412565857521081,10,,,,,,,,,,,,,,,,,,,,,,,,,,,,,,,6899604965834.1504,6899604965834.1504,6899604965834.1504,6899604965834.1504,1.4493583400091106e-13,1.4493583400091106e-13,1.4493583400091106e-13,1.4493583400091106e-13,0.93863782730942613,0.93863782730942613,0.93863782730942613,0.93863782730942613,3.0745566498594159e-12,3.0745566498594159e-12,3.0745566498594159e-12,3.0745566498594159e-12,1,1,1,1,1,1,1,1
inner_summary,2d,non_matching_initial,p3,3,adaptive_force_effective_rho_no_inner_refinement,force_eff_rho_no_inner,production_2M,2000000,completed,24339178,20260701_091337_896344_job24339178,snellius_next_mem216,algorithm_data_ordered/2d/non_matching_initial/p3/production_2M/adaptive_force_effective_rho_no_inner_refinement,inner_history.csv,,3,,1,256,256,325,,,,,,,,,,,,,,,,,,,,,,,,,,-0.13952164684844651,0.13952164684844651,10,-0.13206282928760546,0.13206282928760546,10,-0.26412565857521081,0.26412565857521081,10,,,,,,,,,,,,,,,,,,,,,,,,,,,,,,,829227815904.40088,829227815904.40088,829227815904.40088,829227815904.40088,1.2059412152127888e-12,1.2059412152127888e-12,1.2059412152127888e-12,1.2059412152127888e-12,0.95208529384869844,0.95208529384869844,0.95208529384869844,0.95208529384869844,6.2220246755817298e-12,6.2220246755817298e-12,6.2220246755817298e-12,6.2220246755817298e-12,1,1,1,1,1,1,1,1
inner_summary,2d,non_matching_initial,p3,3,adaptive_force_effective_rho_no_inner_refinement,force_eff_rho_no_inner,production_2M,2000000,completed,24339178,20260701_091337_896344_job24339178,snellius_next_mem216,algorithm_data_ordered/2d/non_matching_initial/p3/production_2M/adaptive_force_effective_rho_no_inner_refinement,inner_history.csv,,4,,1,325,325,421,,,,,,,,,,,,,,,,,,,,,,,,,,-0.13952164684844651,0.13952164684844651,10,-0.13206282928760546,0.13206282928760546,10,-0.26412565857521081,0.26412565857521081,10,,,,,,,,,,,,,,,,,,,,,,,,,,,,,,,1.7167672977579305,1.7167672977579305,1.7167672977579305,1.7167672977579305,0.58249012624249275,0.58249012624249275,0.58249012624249275,0.58249012624249275,0.8904315281837939,0.8904315281837939,0.8904315281837939,0.8904315281837939,8.159760921203481e-12,8.159760921203481e-12,8.159760921203481e-12,8.159760921203481e-12,0.86409641887200994,0.86409641887200994,0.86409641887200994,0.86409641887200994,1,1,1,1
inner_summary,2d,non_matching_initial,p3,3,adaptive_force_effective_rho_no_inner_refinement,force_eff_rho_no_inner,production_2M,2000000,completed,24339178,20260701_091337_896344_job24339178,snellius_next_mem216,algorithm_data_ordered/2d/non_matching_initial/p3/production_2M/adaptive_force_effective_rho_no_inner_refinement,inner_history.csv,,5,,1,421,421,748,,,,,,,,,,,,,,,,,,,,,,,,,,-0.13952164684844651,0.13952164684844651,10,-0.13206282928760546,0.13206282928760546,10,-0.26412565857521081,0.26412565857521081,10,,,,,,,,,,,,,,,,,,,,,,,,,,,,,,,0.60028733550645907,0.60028733550645907,0.60028733550645907,0.60028733550645907,1.6658688945291602,1.6658688945291602,1.6658688945291602,1.6658688945291602,0.73646764933200837,0.73646764933200837,0.73646764933200837,0.73646764933200837,4.8479076957049798e-12,4.8479076957049798e-12,4.8479076957049798e-12,4.8479076957049798e-12,0.51467580324610807,0.51467580324610807,0.51467580324610807,0.51467580324610807,1,1,1,1
inner_summary,2d,non_matching_initial,p3,3,adaptive_force_effective_rho_no_inner_refinement,force_eff_rho_no_inner,production_2M,2000000,completed,24339178,20260701_091337_896344_job24339178,snellius_next_mem216,algorithm_data_ordered/2d/non_matching_initial/p3/production_2M/adaptive_force_effective_rho_no_inner_refinement,inner_history.csv,,6,,1,748,748,1096,,,,,,,,,,,,,,,,,,,,,,,,,,-0.13952164684844651,0.13952164684844651,10,-0.13206282928760546,0.13206282928760546,10,-0.26412565857521081,0.26412565857521081,10,,,,,,,,,,,,,,,,,,,,,,,,,,,,,,,0.15894485084639845,0.15894485084639845,0.15894485084639845,0.15894485084639845,6.2914903796813313,6.2914903796813313,6.2914903796813313,6.2914903796813313,0.69620778772868885,0.69620778772868885,0.69620778772868885,0.69620778772868885,2.4066128303976007e-12,2.4066128303976007e-12,2.4066128303976007e-12,2.4066128303976007e-12,0.15697462555505892,0.15697462555505892,0.15697462555505892,0.15697462555505892,1,1,1,1
inner_summary,2d,non_matching_initial,p3,3,adaptive_force_effective_rho_no_inner_refinement,force_eff_rho_no_inner,production_2M,2000000,completed,24339178,20260701_091337_896344_job24339178,snellius_next_mem216,algorithm_data_ordered/2d/non_matching_initial/p3/production_2M/adaptive_force_effective_rho_no_inner_refinement,inner_history.csv,,7,,1,1096,1096,1315,,,,,,,,,,,,,,,,,,,,,,,,,,-0.13952164684844651,0.13952164684844651,10,-0.13206282928760546,0.13206282928760546,10,-0.26412565857521081,0.26412565857521081,10,,,,,,,,,,,,,,,,,,,,,,,,,,,,,,,290221800864.27374,290221800864.27374,290221800864.27374,290221800864.27374,3.4456405308699185e-12,3.4456405308699185e-12,3.4456405308699185e-12,3.4456405308699185e-12,0.98329193034168227,0.98329193034168227,0.98329193034168227,0.98329193034168227,3.75151621047407e-11,3.75151621047407e-11,3.75151621047407e-11,3.75151621047407e-11,1,1,1,1,1,1,1,1
inner_summary,2d,non_matching_initial,p3,3,adaptive_force_effective_rho_no_inner_refinement,force_eff_rho_no_inner,production_2M,2000000,completed,24339178,20260701_091337_896344_job24339178,snellius_next_mem216,algorithm_data_ordered/2d/non_matching_initial/p3/production_2M/adaptive_force_effective_rho_no_inner_refinement,inner_history.csv,,8,,1,1315,1315,1537,,,,,,,,,,,,,,,,,,,,,,,,,,-0.13952164684844651,0.13952164684844651,10,-0.13206282928760546,0.13206282928760546,10,-0.26412565857521081,0.26412565857521081,10,,,,,,,,,,,,,,,,,,,,,,,,,,,,,,,1.1476378782344843,1.1476378782344843,1.1476378782344843,1.1476378782344843,0.87135499704696995,0.87135499704696995,0.87135499704696995,0.87135499704696995,0.85199891102723357,0.85199891102723357,0.85199891102723357,0.85199891102723357,4.2954207772312407e-11,4.2954207772312407e-11,4.2954207772312407e-11,4.2954207772312407e-11,0.75393599054993132,0.75393599054993132,0.75393599054993132,0.75393599054993132,1,1,1,1
inner_summary,2d,non_matching_initial,p3,3,adaptive_force_effective_rho_no_inner_refinement,force_eff_rho_no_inner,production_2M,2000000,completed,24339178,20260701_091337_896344_job24339178,snellius_next_mem216,algorithm_data_ordered/2d/non_matching_initial/p3/production_2M/adaptive_force_effective_rho_no_inner_refinement,inner_history.csv,,9,,1,1537,1537,2602,,,,,,,,,,,,,,,,,,,,,,,,,,-0.13952164684844651,0.13952164684844651,10,-0.13206282928760546,0.13206282928760546,10,-0.26412565857521081,0.26412565857521081,10,,,,,,,,,,,,,,,,,,,,,,,,,,,,,,,0.84952688194137649,0.84952688194137649,0.84952688194137649,0.84952688194137649,1.1771257876086931,1.1771257876086931,1.1771257876086931,1.1771257876086931,0.80113182579826803,0.80113182579826803,0.80113182579826803,0.80113182579826803,4.1316143883990791e-11,4.1316143883990791e-11,4.1316143883990791e-11,4.1316143883990791e-11,0.64743880858793867,0.64743880858793867,0.64743880858793867,0.64743880858793867,1,1,1,1
inner_summary,2d,non_matching_initial,p3,3,adaptive_force_effective_rho_no_inner_refinement,force_eff_rho_no_inner,production_2M,2000000,completed,24339178,20260701_091337_896344_job24339178,snellius_next_mem216,algorithm_data_ordered/2d/non_matching_initial/p3/production_2M/adaptive_force_effective_rho_no_inner_refinement,inner_history.csv,,10,,1,2602,2602,3430,,,,,,,,,,,,,,,,,,,,,,,,,,-0.13952164684844651,0.13952164684844651,10,-0.13206282928760546,0.13206282928760546,10,-0.26412565857521081,0.26412565857521081,10,,,,,,,,,,,,,,,,,,,,,,,,,,,,,,,0.089692499576551746,0.089692499576551746,0.089692499576551746,0.089692499576551746,11.149204278185033,11.149204278185033,11.149204278185033,11.149204278185033,0.64961551320628552,0.64961551320628552,0.64961551320628552,0.64961551320628552,8.9831574233403562e-12,8.9831574233403562e-12,8.9831574233403562e-12,8.9831574233403562e-12,0.089333750486934801,0.089333750486934801,0.089333750486934801,0.089333750486934801,1,1,1,1
inner_summary,2d,non_matching_initial,p3,3,adaptive_force_effective_rho_no_inner_refinement,force_eff_rho_no_inner,production_2M,2000000,completed,24339178,20260701_091337_896344_job24339178,snellius_next_mem216,algorithm_data_ordered/2d/non_matching_initial/p3/production_2M/adaptive_force_effective_rho_no_inner_refinement,inner_history.csv,,11,,1,3430,3430,3934,,,,,,,,,,,,,,,,,,,,,,,,,,-0.13952164684844651,0.13952164684844651,10,-0.13206282928760546,0.13206282928760546,10,-0.26412565857521081,0.26412565857521081,10,,,,,,,,,,,,,,,,,,,,,,,,,,,,,,,0.051913323452264168,0.051913323452264168,0.051913323452264168,0.051913323452264168,19.262877687257483,19.262877687257483,19.262877687257483,19.262877687257483,0.65154321208350918,0.65154321208350918,0.65154321208350918,0.65154321208350918,1.0193685093684379e-11,1.0193685093684379e-11,1.0193685093684379e-11,1.0193685093684379e-11,0.05184353600430941,0.05184353600430941,0.05184353600430941,0.05184353600430941,1,1,1,1
inner_summary,2d,non_matching_initial,p3,3,adaptive_force_effective_rho_no_inner_refinement,force_eff_rho_no_inner,production_2M,2000000,completed,24339178,20260701_091337_896344_job24339178,snellius_next_mem216,algorithm_data_ordered/2d/non_matching_initial/p3/production_2M/adaptive_force_effective_rho_no_inner_refinement,inner_history.csv,,12,,1,3934,3934,6925,,,,,,,,,,,,,,,,,,,,,,,,,,-0.13952164684844651,0.13952164684844651,10,-0.13206282928760546,0.13206282928760546,10,-0.26412565857521081,0.26412565857521081,10,,,,,,,,,,,,,,,,,,,,,,,,,,,,,,,0.051873442771479324,0.051873442771479324,0.051873442771479324,0.051873442771479324,19.277687127984741,19.277687127984741,19.277687127984741,19.277687127984741,0.65453510770776635,0.65453510770776635,0.65453510770776635,0.65453510770776635,1.1515194807359416e-11,1.1515194807359416e-11,1.1515194807359416e-11,1.1515194807359416e-11,0.051803780665223738,0.051803780665223738,0.051803780665223738,0.051803780665223738,1,1,1,1
inner_summary,2d,non_matching_initial,p3,3,adaptive_force_effective_rho_no_inner_refinement,force_eff_rho_no_inner,production_2M,2000000,completed,24339178,20260701_091337_896344_job24339178,snellius_next_mem216,algorithm_data_ordered/2d/non_matching_initial/p3/production_2M/adaptive_force_effective_rho_no_inner_refinement,inner_history.csv,,13,,1,6925,6925,8593,,,,,,,,,,,,,,,,,,,,,,,,,,-0.13952164684844651,0.13952164684844651,10,-0.13206282928760546,0.13206282928760546,10,-0.26412565857521081,0.26412565857521081,10,,,,,,,,,,,,,,,,,,,,,,,,,,,,,,,0.045139155179721085,0.045139155179721085,0.045139155179721085,0.045139155179721085,22.15371546096754,22.15371546096754,22.15371546096754,22.15371546096754,0.72204885807412722,0.72204885807412722,0.72204885807412722,0.72204885807412722,1.4336966139853718e-11,1.4336966139853718e-11,1.4336966139853718e-11,1.4336966139853718e-11,0.045093247012175319,0.045093247012175319,0.045093247012175319,0.045093247012175319,1,1,1,1
inner_summary,2d,non_matching_initial,p3,3,adaptive_force_effective_rho_no_inner_refinement,force_eff_rho_no_inner,production_2M,2000000,completed,24339178,20260701_091337_896344_job24339178,snellius_next_mem216,algorithm_data_ordered/2d/non_matching_initial/p3/production_2M/adaptive_force_effective_rho_no_inner_refinement,inner_history.csv,,14,,1,8593,8593,12022,,,,,,,,,,,,,,,,,,,,,,,,,,-0.13952164684844651,0.13952164684844651,10,-0.13206282928760546,0.13206282928760546,10,-0.26412565857521081,0.26412565857521081,10,,,,,,,,,,,,,,,,,,,,,,,,,,,,,,,0.042704417705954685,0.042704417705954685,0.042704417705954685,0.042704417705954685,23.416781066670779,23.416781066670779,23.416781066670779,23.416781066670779,0.73328580359982887,0.73328580359982887,0.73328580359982887,0.73328580359982887,1.8825657281372366e-11,1.8825657281372366e-11,1.8825657281372366e-11,1.8825657281372366e-11,0.042665540577595945,0.042665540577595945,0.042665540577595945,0.042665540577595945,1,1,1,1
inner_summary,2d,non_matching_initial,p3,3,adaptive_force_effective_rho_no_inner_refinement,force_eff_rho_no_inner,production_2M,2000000,completed,24339178,20260701_091337_896344_job24339178,snellius_next_mem216,algorithm_data_ordered/2d/non_matching_initial/p3/production_2M/adaptive_force_effective_rho_no_inner_refinement,inner_history.csv,,15,,1,12022,12022,18025,,,,,,,,,,,,,,,,,,,,,,,,,,-0.13952164684844651,0.13952164684844651,10,-0.13206282928760546,0.13206282928760546,10,-0.26412565857521081,0.26412565857521081,10,,,,,,,,,,,,,,,,,,,,,,,,,,,,,,,0.030881485140291903,0.030881485140291903,0.030881485140291903,0.030881485140291903,32.381862318379021,32.381862318379021,32.381862318379021,32.381862318379021,0.73715713773909697,0.73715713773909697,0.73715713773909697,0.73715713773909697,2.1026992074518749e-11,2.1026992074518749e-11,2.1026992074518749e-11,2.1026992074518749e-11,0.030866778514693157,0.030866778514693157,0.030866778514693157,0.030866778514693157,1,1,1,1
inner_summary,2d,non_matching_initial,p3,3,adaptive_force_effective_rho_no_inner_refinement,force_eff_rho_no_inner,production_2M,2000000,completed,24339178,20260701_091337_896344_job24339178,snellius_next_mem216,algorithm_data_ordered/2d/non_matching_initial/p3/production_2M/adaptive_force_effective_rho_no_inner_refinement,inner_history.csv,,16,,1,18025,18025,26746,,,,,,,,,,,,,,,,,,,,,,,,,,-0.13952164684844651,0.13952164684844651,10,-0.13206282928760546,0.13206282928760546,10,-0.26412565857521081,0.26412565857521081,10,,,,,,,,,,,,,,,,,,,,,,,,,,,,,,,0.015119993699740117,0.015119993699740117,0.015119993699740117,0.015119993699740117,66.137593696033619,66.137593696033619,66.137593696033619,66.137593696033619,0.83360456366913394,0.83360456366913394,0.83360456366913394,0.83360456366913394,2.2826220099042819e-11,2.2826220099042819e-11,2.2826220099042819e-11,2.2826220099042819e-11,0.015118273925140428,0.015118273925140428,0.015118273925140428,0.015118273925140428,1,1,1,1
inner_summary,2d,non_matching_initial,p3,3,adaptive_force_effective_rho_no_inner_refinement,force_eff_rho_no_inner,production_2M,2000000,completed,24339178,20260701_091337_896344_job24339178,snellius_next_mem216,algorithm_data_ordered/2d/non_matching_initial/p3/production_2M/adaptive_force_effective_rho_no_inner_refinement,inner_history.csv,,17,,1,26746,26746,40519,,,,,,,,,,,,,,,,,,,,,,,,,,-0.13952164684844651,0.13952164684844651,10,-0.13206282928760546,0.13206282928760546,10,-0.26412565857521081,0.26412565857521081,10,,,,,,,,,,,,,,,,,,,,,,,,,,,,,,,0.01584884306636827,0.01584884306636827,0.01584884306636827,0.01584884306636827,63.096088201039137,63.096088201039137,63.096088201039137,63.096088201039137,0.74029848843213886,0.74029848843213886,0.74029848843213886,0.74029848843213886,4.9311156021089271e-11,4.9311156021089271e-11,4.9311156021089271e-11,4.9311156021089271e-11,0.015846822264865452,0.015846822264865452,0.015846822264865452,0.015846822264865452,1,1,1,1
inner_summary,2d,non_matching_initial,p3,3,adaptive_force_effective_rho_no_inner_refinement,force_eff_rho_no_inner,production_2M,2000000,completed,24339178,20260701_091337_896344_job24339178,snellius_next_mem216,algorithm_data_ordered/2d/non_matching_initial/p3/production_2M/adaptive_force_effective_rho_no_inner_refinement,inner_history.csv,,18,,1,40519,40519,48097,,,,,,,,,,,,,,,,,,,,,,,,,,-0.13952164684844651,0.13952164684844651,10,-0.13206282928760546,0.13206282928760546,10,-0.26412565857521081,0.26412565857521081,10,,,,,,,,,,,,,,,,,,,,,,,,,,,,,,,0.0088637459870637165,0.0088637459870637165,0.0088637459870637165,0.0088637459870637165,112.81911749947032,112.81911749947032,112.81911749947032,112.81911749947032,0.76035019885981781,0.76035019885981781,0.76035019885981781,0.76035019885981781,3.7882004570217682e-11,3.7882004570217682e-11,3.7882004570217682e-11,3.7882004570217682e-11,0.008863395561037709,0.008863395561037709,0.008863395561037709,0.008863395561037709,1,1,1,1
inner_summary,2d,non_matching_initial,p3,3,adaptive_force_effective_rho_no_inner_refinement,force_eff_rho_no_inner,production_2M,2000000,completed,24339178,20260701_091337_896344_job24339178,snellius_next_mem216,algorithm_data_ordered/2d/non_matching_initial/p3/production_2M/adaptive_force_effective_rho_no_inner_refinement,inner_history.csv,,19,,1,48097,48097,71581,,,,,,,,,,,,,,,,,,,,,,,,,,-0.13952164684844651,0.13952164684844651,10,-0.13206282928760546,0.13206282928760546,10,-0.26412565857521081,0.26412565857521081,10,,,,,,,,,,,,,,,,,,,,,,,,,,,,,,,0.0065533407959965009,0.0065533407959965009,0.0065533407959965009,0.0065533407959965009,152.59392592720184,152.59392592720184,152.59392592720184,152.59392592720184,0.79758328050012506,0.79758328050012506,0.79758328050012506,0.79758328050012506,4.1834870669950166e-11,4.1834870669950166e-11,4.1834870669950166e-11,4.1834870669950166e-11,0.0065531928503029836,0.0065531928503029836,0.0065531928503029836,0.0065531928503029836,1,1,1,1
inner_summary,2d,non_matching_initial,p3,3,adaptive_force_effective_rho_no_inner_refinement,force_eff_rho_no_inner,production_2M,2000000,completed,24339178,20260701_091337_896344_job24339178,snellius_next_mem216,algorithm_data_ordered/2d/non_matching_initial/p3/production_2M/adaptive_force_effective_rho_no_inner_refinement,inner_history.csv,,20,,1,71581,71581,102952,,,,,,,,,,,,,,,,,,,,,,,,,,-0.13952164684844651,0.13952164684844651,10,-0.13206282928760546,0.13206282928760546,10,-0.26412565857521081,0.26412565857521081,10,,,,,,,,,,,,,,,,,,,,,,,,,,,,,,,0.0048161497414230649,0.0048161497414230649,0.0048161497414230649,0.0048161497414230649,207.63474013258613,207.63474013258613,207.63474013258613,207.63474013258613,0.86222713001908446,0.86222713001908446,0.86222713001908446,0.86222713001908446,4.6726246101245027e-11,4.6726246101245027e-11,4.6726246101245027e-11,4.6726246101245027e-11,0.0048160919343140166,0.0048160919343140166,0.0048160919343140166,0.0048160919343140166,1,1,1,1
inner_summary,2d,non_matching_initial,p3,3,adaptive_force_effective_rho_no_inner_refinement,force_eff_rho_no_inner,production_2M,2000000,completed,24339178,20260701_091337_896344_job24339178,snellius_next_mem216,algorithm_data_ordered/2d/non_matching_initial/p3/production_2M/adaptive_force_effective_rho_no_inner_refinement,inner_history.csv,,21,,1,102952,102952,142552,,,,,,,,,,,,,,,,,,,,,,,,,,-0.13952164684844651,0.13952164684844651,10,-0.13206282928760546,0.13206282928760546,10,-0.26412565857521081,0.26412565857521081,10,,,,,,,,,,,,,,,,,,,,,,,,,,,,,,,0.0051632899877810919,0.0051632899877810919,0.0051632899877810919,0.0051632899877810919,193.67496351483194,193.67496351483194,193.67496351483194,193.67496351483194,0.870652151287442,0.870652151287442,0.870652151287442,0.870652151287442,6.7581024541537438e-11,6.7581024541537438e-11,6.7581024541537438e-11,6.7581024541537438e-11,0.0051632147540642366,0.0051632147540642366,0.0051632147540642366,0.0051632147540642366,1,1,1,1
inner_summary,2d,non_matching_initial,p3,3,adaptive_force_effective_rho_no_inner_refinement,force_eff_rho_no_inner,production_2M,2000000,completed,24339178,20260701_091337_896344_job24339178,snellius_next_mem216,algorithm_data_ordered/2d/non_matching_initial/p3/production_2M/adaptive_force_effective_rho_no_inner_refinement,inner_history.csv,,22,,1,142552,142552,200581,,,,,,,,,,,,,,,,,,,,,,,,,,-0.13952164684844651,0.13952164684844651,10,-0.13206282928760546,0.13206282928760546,10,-0.26412565857521081,0.26412565857521081,10,,,,,,,,,,,,,,,,,,,,,,,,,,,,,,,0.0048519173176078297,0.0048519173176078297,0.0048519173176078297,0.0048519173176078297,206.10408927847024,206.10408927847024,206.10408927847024,206.10408927847024,0.64484302336800259,0.64484302336800259,0.64484302336800259,0.64484302336800259,7.616019913937827e-11,7.616019913937827e-11,7.616019913937827e-11,7.616019913937827e-11,0.0048518611427358508,0.0048518611427358508,0.0048518611427358508,0.0048518611427358508,1,1,1,1
inner_summary,2d,non_matching_initial,p3,3,adaptive_force_effective_rho_no_inner_refinement,force_eff_rho_no_inner,production_2M,2000000,completed,24339178,20260701_091337_896344_job24339178,snellius_next_mem216,algorithm_data_ordered/2d/non_matching_initial/p3/production_2M/adaptive_force_effective_rho_no_inner_refinement,inner_history.csv,,23,,1,200581,200581,309895,,,,,,,,,,,,,,,,,,,,,,,,,,-0.13952164684844651,0.13952164684844651,10,-0.13206282928760546,0.13206282928760546,10,-0.26412565857521081,0.26412565857521081,10,,,,,,,,,,,,,,,,,,,,,,,,,,,,,,,0.0022371120979281772,0.0022371120979281772,0.0022371120979281772,0.0022371120979281772,447.00486887810177,447.00486887810177,447.00486887810177,447.00486887810177,0.62819023711460453,0.62819023711460453,0.62819023711460453,0.62819023711460453,7.8260305277044421e-11,7.8260305277044421e-11,7.8260305277044421e-11,7.8260305277044421e-11,0.0022371047473849709,0.0022371047473849709,0.0022371047473849709,0.0022371047473849709,1,1,1,1
inner_summary,2d,non_matching_initial,p3,3,adaptive_force_effective_rho_no_inner_refinement,force_eff_rho_no_inner,production_2M,2000000,completed,24339178,20260701_091337_896344_job24339178,snellius_next_mem216,algorithm_data_ordered/2d/non_matching_initial/p3/production_2M/adaptive_force_effective_rho_no_inner_refinement,inner_history.csv,,24,,1,309895,309895,407512,,,,,,,,,,,,,,,,,,,,,,,,,,-0.13952164684844651,0.13952164684844651,10,-0.13206282928760546,0.13206282928760546,10,-0.26412565857521081,0.26412565857521081,10,,,,,,,,,,,,,,,,,,,,,,,,,,,,,,,0.0017968275357575991,0.0017968275357575991,0.0017968275357575991,0.0017968275357575991,556.53643997523034,556.53643997523034,556.53643997523034,556.53643997523034,0.86158033845970228,0.86158033845970228,0.86158033845970228,0.86158033845970228,1.1078905270939089e-10,1.1078905270939089e-10,1.1078905270939089e-10,1.1078905270939089e-10,0.0017968240768012071,0.0017968240768012071,0.0017968240768012071,0.0017968240768012071,1,1,1,1
inner_summary,2d,non_matching_initial,p3,3,adaptive_force_effective_rho_no_inner_refinement,force_eff_rho_no_inner,production_2M,2000000,completed,24339178,20260701_091337_896344_job24339178,snellius_next_mem216,algorithm_data_ordered/2d/non_matching_initial/p3/production_2M/adaptive_force_effective_rho_no_inner_refinement,inner_history.csv,,25,,1,407512,407512,549400,,,,,,,,,,,,,,,,,,,,,,,,,,-0.13952164684844651,0.13952164684844651,10,-0.13206282928760546,0.13206282928760546,10,-0.26412565857521081,0.26412565857521081,10,,,,,,,,,,,,,,,,,,,,,,,,,,,,,,,0.0020026598087051488,0.0020026598087051488,0.0020026598087051488,0.0020026598087051488,499.33593097200355,499.33593097200355,499.33593097200355,499.33593097200355,0.83504378326129702,0.83504378326129702,0.83504378326129702,0.83504378326129702,1.5003996309743729e-10,1.5003996309743729e-10,1.5003996309743729e-10,1.5003996309743729e-10,0.0020026553992016187,0.0020026553992016187,0.0020026553992016187,0.0020026553992016187,1,1,1,1
inner_summary,2d,non_matching_initial,p3,3,adaptive_force_effective_rho_no_inner_refinement,force_eff_rho_no_inner,production_2M,2000000,completed,24339178,20260701_091337_896344_job24339178,snellius_next_mem216,algorithm_data_ordered/2d/non_matching_initial/p3/production_2M/adaptive_force_effective_rho_no_inner_refinement,inner_history.csv,,26,,1,549400,549400,758812,,,,,,,,,,,,,,,,,,,,,,,,,,-0.13952164684844651,0.13952164684844651,10,-0.13206282928760546,0.13206282928760546,10,-0.26412565857521081,0.26412565857521081,10,,,,,,,,,,,,,,,,,,,,,,,,,,,,,,,0.0014994739941619733,0.0014994739941619733,0.0014994739941619733,0.0014994739941619733,666.90052904777485,666.90052904777485,666.90052904777485,666.90052904777485,0.66399683485452365,0.66399683485452365,0.66399683485452365,0.66399683485452365,1.4495418196669305e-10,1.4495418196669305e-10,1.4495418196669305e-10,1.4495418196669305e-10,0.0014994712602602858,0.0014994712602602858,0.0014994712602602858,0.0014994712602602858,1,1,1,1
inner_summary,2d,non_matching_initial,p3,3,adaptive_force_effective_rho_no_inner_refinement,force_eff_rho_no_inner,production_2M,2000000,completed,24339178,20260701_091337_896344_job24339178,snellius_next_mem216,algorithm_data_ordered/2d/non_matching_initial/p3/production_2M/adaptive_force_effective_rho_no_inner_refinement,inner_history.csv,,27,,1,758812,758812,1024339,,,,,,,,,,,,,,,,,,,,,,,,,,-0.13952164684844651,0.13952164684844651,10,-0.13206282928760546,0.13206282928760546,10,-0.26412565857521081,0.26412565857521081,10,,,,,,,,,,,,,,,,,,,,,,,,,,,,,,,0.0011959081516631053,0.0011959081516631053,0.0011959081516631053,0.0011959081516631053,836.18461719600862,836.18461719600862,836.18461719600862,836.18461719600862,0.60415837959426499,0.60415837959426499,0.60415837959426499,0.60415837959426499,1.6400183752996544e-10,1.6400183752996544e-10,1.6400183752996544e-10,1.6400183752996544e-10,0.0011959081516631053,0.0011959081516631053,0.0011959081516631053,0.0011959081516631053,1,1,1,1
inner_summary,2d,non_matching_initial,p3,3,adaptive_force_effective_rho_no_inner_refinement,force_eff_rho_no_inner,production_2M,2000000,completed,24339178,20260701_091337_896344_job24339178,snellius_next_mem216,algorithm_data_ordered/2d/non_matching_initial/p3/production_2M/adaptive_force_effective_rho_no_inner_refinement,inner_history.csv,,28,,1,1024339,1024339,1367044,,,,,,,,,,,,,,,,,,,,,,,,,,-0.13952164684844651,0.13952164684844651,10,-0.13206282928760546,0.13206282928760546,10,-0.26412565857521081,0.26412565857521081,10,,,,,,,,,,,,,,,,,,,,,,,,,,,,,,,0.0010963575506989565,0.0010963575506989565,0.0010963575506989565,0.0010963575506989565,912.11119890812438,912.11119890812438,912.11119890812438,912.11119890812438,0.6207718054735184,0.6207718054735184,0.6207718054735184,0.6207718054735184,1.9726861049956148e-10,1.9726861049956148e-10,1.9726861049956148e-10,1.9726861049956148e-10,0.0010963575506989565,0.0010963575506989565,0.0010963575506989565,0.0010963575506989565,1,1,1,1
inner_summary,2d,non_matching_initial,p3,3,adaptive_force_effective_rho_no_inner_refinement,force_eff_rho_no_inner,production_2M,2000000,completed,24339178,20260701_091337_896344_job24339178,snellius_next_mem216,algorithm_data_ordered/2d/non_matching_initial/p3/production_2M/adaptive_force_effective_rho_no_inner_refinement,inner_history.csv,,29,,1,1367044,1367044,2055886,,,,,,,,,,,,,,,,,,,,,,,,,,-0.13952164684844651,0.13952164684844651,10,-0.13206282928760546,0.13206282928760546,10,-0.26412565857521081,0.26412565857521081,10,,,,,,,,,,,,,,,,,,,,,,,,,,,,,,,0.0010676348248887123,0.0010676348248887123,0.0010676348248887123,0.0010676348248887123,936.64985132368417,936.64985132368417,936.64985132368417,936.64985132368417,0.66080788852360739,0.66080788852360739,0.66080788852360739,0.66080788852360739,2.5242769469731915e-10,2.5242769469731915e-10,2.5242769469731915e-10,2.5242769469731915e-10,0.0010676348248887123,0.0010676348248887123,0.0010676348248887123,0.0010676348248887123,1,1,1,1
outer,2d,non_matching_initial,p3,3,adaptive_g_effective_rho,g_eff_rho,production_2M,2000000,completed,24339179,20260701_091338_762919_job24339179,snellius_next_mem216,algorithm_data_ordered/2d/non_matching_initial/p3/production_2M/adaptive_g_effective_rho,outer_history.csv,completed,0,,,52,52,106,52,52,125,0.152436,0.152442,1,1,0,1,0,0,adaptive,1,0.00589805,1,computed,2.44444,1.00017,2.44403,0.54996699999999998,0.74159799999999998,1.34436,1.1594653940502062,0.55006100000000002,0.74166097376092266,-0.13952164684844651,0.13952164684844651,10,-0.13206282928760546,0.13206282928760546,10,-0.26412565857521081,0.26412565857521081,10,0.17441400000000001,0.41762899999999997,7.0177899999999998e-05,0.0083772199999999995,0.71687999999999996,0.846688,7.0177899999999998e-05,0.0083772199999999995,1.0913099999999999e-30,1.0446600000000001e-15,2.11998e-28,1.4560199999999999e-14,1.45602e-14,8019087550016.2715,6.4306109171546128e+25,1.2470246692816951e-13,1.5550622061931177e-26,1,1.2470246692816951e-13,1.7380706248612308e-12,3.0208655431410744e-24,1,1,not_skipped,success,1,5.0776299999999997e-05,0.0071257500000000001,0.8506103456755344,0.72353689694333967,,,,,,,,,,,,,,,,,,,,,,,,
outer,2d,non_matching_initial,p3,3,adaptive_g_effective_rho,g_eff_rho,production_2M,2000000,completed,24339179,20260701_091338_762919_job24339179,snellius_next_mem216,algorithm_data_ordered/2d/non_matching_initial/p3/production_2M/adaptive_g_effective_rho,outer_history.csv,completed,1,,,106,106,175,116,116,290,0.234319,0.391927,1,1,0,1,0,0,adaptive,1,0.0280239,1,computed,2.44444,1.0036,2.43567,0.490956,0.70068299999999994,1.2001200000000001,1.0954998858968448,0.49272500000000002,0.70194372993851861,-0.13952164684844651,0.13952164684844651,10,-0.13206282928760546,0.13206282928760546,10,-0.26412565857521081,0.26412565857521081,10,0.160326,0.40040799999999999,0.0013168800000000001,0.036288800000000003,0.637903,0.79868799999999995,0.00024025699999999999,0.0155002,0.0010766199999999999,0.032811899999999998,5.2571300000000002e-28,2.2928400000000001e-14,2.29284e-14,0.47239568571158641,0.22315858891716669,2.1168694597489064,4.4811181359960379,0.42713454288926611,0.90418806904609672,6.3183130883357949e-13,3.9921101391167002e-25,1,1,not_skipped,success,1,0.00061272900000000001,0.024753399999999998,0.68212230770926552,0.46528840896664841,,,,,,,,,,,,,,,,,,,,,,,,
outer,2d,non_matching_initial,p3,3,adaptive_g_effective_rho,g_eff_rho,production_2M,2000000,completed,24339179,20260701_091338_762919_job24339179,snellius_next_mem216,algorithm_data_ordered/2d/non_matching_initial/p3/production_2M/adaptive_g_effective_rho,outer_history.csv,completed,2,,,175,175,256,200,200,490,0.334695,0.734831,1,1,0,1,0,0,adaptive,1,0.0109655,1,computed,2.44444,1.00058,2.44303,0.36089199999999999,0.60074300000000003,0.88217900000000005,0.93924384480282863,0.36110100000000001,0.60091679956546395,-0.13952164684844651,0.13952164684844651,10,-0.13206282928760546,0.13206282928760546,10,-0.26412565857521081,0.26412565857521081,10,0.103101,0.32109300000000002,0.00016211900000000001,0.0127326,0.47546500000000003,0.68954000000000004,0.00016211900000000001,0.0127326,3.4055400000000003e-30,1.8454100000000001e-15,1.5325e-27,3.9147100000000001e-14,3.91471e-14,6899604965834.1504,4.7604491505018293e+25,1.4493583400091106e-13,2.1006421209111827e-26,1,1.4493583400091106e-13,3.0745566498594159e-12,9.4529327222595739e-24,1,1,not_skipped,success,1,0.00014283399999999999,0.0119513,0.93863782730942613,0.88104417125691614,,,,,,,,,,,,,,,,,,,,,,,,
outer,2d,non_matching_initial,p3,3,adaptive_g_effective_rho,g_eff_rho,production_2M,2000000,completed,24339179,20260701_091338_762919_job24339179,snellius_next_mem216,algorithm_data_ordered/2d/non_matching_initial/p3/production_2M/adaptive_g_effective_rho,outer_history.csv,completed,3,,,256,256,325,308,308,730,0.428398,1.16839,1,1,0,1,0,0,adaptive,1,0.00743227,1,computed,2.44444,1.00027,2.44379,0.359259,0.59938199999999997,0.87818799999999997,0.93711685503996778,0.35935600000000001,0.5994630931091588,-0.13952164684844651,0.13952164684844651,10,-0.13206282928760546,0.13206282928760546,10,-0.26412565857521081,0.26412565857521081,10,0.10385,0.32225799999999999,7.4637700000000005e-05,0.0086393100000000007,0.47277400000000003,0.687585,7.4637700000000005e-05,0.0086393100000000007,1.08544e-28,1.04185e-14,2.8894899999999999e-27,5.3753999999999997e-14,5.3754e-14,829227815904.40088,6.8762621609669821e+23,1.2059412152127888e-12,1.4542784678520372e-24,1,1.2059412152127888e-12,6.2220246755817298e-12,3.8713545567454515e-23,1,1,not_skipped,success,1,6.7656499999999998e-05,0.0082253599999999993,0.95208529384869844,0.90646549933880594,,,,,,,,,,,,,,,,,,,,,,,,
outer,2d,non_matching_initial,p3,3,adaptive_g_effective_rho,g_eff_rho,production_2M,2000000,completed,24339179,20260701_091338_762919_job24339179,snellius_next_mem216,algorithm_data_ordered/2d/non_matching_initial/p3/production_2M/adaptive_g_effective_rho,outer_history.csv,completed,4,,,325,325,421,400,400,960,0.615483,1.78919,1,1,0,1,0,0,adaptive,1,0.00653256,1,computed,2.44444,1.00021,2.44393,0.354408,0.59532200000000002,0.86633099999999996,0.93076903687219847,0.35448200000000002,0.59538390975907307,-0.13952164684844651,0.13952164684844651,10,-0.13206282928760546,0.13206282928760546,10,-0.26412565857521081,0.26412565857521081,10,0.10544000000000001,0.32471499999999998,5.6533300000000003e-05,0.0075188599999999996,0.465061,0.68195399999999995,4.22112e-05,0.0064970200000000001,1.43221e-05,0.00378445,3.7640800000000002e-27,6.1352099999999999e-14,6.13521e-14,1.7167672977579305,2.9472772847557271,0.58249012624249275,0.33929620574634217,0.86409641887200994,0.50332763211444287,8.159760921203481e-12,6.658164303162915e-23,1,1,not_skipped,success,1,4.4823500000000002e-05,0.0066950300000000003,0.8904315281837939,0.79286898164444675,,,,,,,,,,,,,,,,,,,,,,,,
outer,2d,non_matching_initial,p3,3,adaptive_g_effective_rho,g_eff_rho,production_2M,2000000,completed,24339179,20260701_091338_762919_job24339179,snellius_next_mem216,algorithm_data_ordered/2d/non_matching_initial/p3/production_2M/adaptive_g_effective_rho,outer_history.csv,completed,5,,,421,421,748,528,528,1290,0.771359,2.56598,1,1,0,1,0,0,adaptive,1,0.0131837,1,computed,2.44444,1.00083,2.44241,0.33802199999999999,0.58139600000000002,0.82627499999999998,0.90899669966397567,0.33830300000000002,0.58163820369710928,-0.13952164684844651,0.13952164684844651,10,-0.13206282928760546,0.13206282928760546,10,-0.26412565857521081,0.26412565857521081,10,0.108859,0.32993800000000001,0.000209994,0.014491199999999999,0.43987199999999999,0.66322800000000004,5.5625799999999999e-05,0.0074582700000000004,0.000154368,0.0124245,4.93535e-27,7.0251999999999997e-14,7.0252e-14,0.60028733550645907,0.36034540837479268,1.6658688945291602,2.7751151444114064,0.51467580324610807,0.85738241139450155,4.8479076957049798e-12,2.3502338162042725e-23,1,1,not_skipped,success,1,0.000113899,0.010672299999999999,0.73646764933200837,0.54239168738154431,,,,,,,,,,,,,,,,,,,,,,,,
outer,2d,non_matching_initial,p3,3,adaptive_g_effective_rho,g_eff_rho,production_2M,2000000,completed,24339179,20260701_091338_762919_job24339179,snellius_next_mem216,algorithm_data_ordered/2d/non_matching_initial/p3/production_2M/adaptive_g_effective_rho,outer_history.csv,completed,6,,,748,748,1096,964,964,2280,1.23136,3.80247,1,1,0,1,0,0,adaptive,1,0.0447182,1,computed,2.44444,1.00874,2.42327,0.29111700000000001,0.53955299999999995,0.71162000000000003,0.84357572274218517,0.29366100000000001,0.54190497321947506,-0.13952164684844651,0.13952164684844651,10,-0.13206282928760546,0.13206282928760546,10,-0.26412565857521081,0.26412565857521081,10,0.089293499999999998,0.29881999999999997,0.0019423400000000001,0.044071899999999997,0.38081700000000002,0.61710399999999999,4.7861100000000002e-05,0.0069181700000000004,0.00189448,0.043525599999999998,1.1249600000000001e-26,1.06064e-13,1.06064e-13,0.15894485084639845,0.025263449600945908,6.2914903796813313,39.582876281573135,0.15697462555505892,0.98760434653373241,2.4066128303976007e-12,5.7917769288590049e-24,1,1,not_skipped,success,1,0.00094145700000000004,0.030683200000000001,0.69620778772868885,0.48470247227570867,,,,,,,,,,,,,,,,,,,,,,,,
outer,2d,non_matching_initial,p3,3,adaptive_g_effective_rho,g_eff_rho,production_2M,2000000,completed,24339179,20260701_091338_762919_job24339179,snellius_next_mem216,algorithm_data_ordered/2d/non_matching_initial/p3/production_2M/adaptive_g_effective_rho,outer_history.csv,completed,7,,,1096,1096,1315,1428,1428,3295,1.4742,5.28199,1,1,0,1,0,0,adaptive,1,0.00399049,1,computed,2.44444,1.00008,2.44425,0.24851899999999999,0.49851600000000001,0.60748999999999997,0.7794164483766044,0.24853800000000001,0.49853585628317648,-0.13952164684844651,0.13952164684844651,10,-0.13206282928760546,0.13206282928760546,10,-0.26412565857521081,0.26412565857521081,10,0.062893500000000005,0.25078600000000001,1.5594500000000001e-05,0.0039489900000000003,0.33101900000000001,0.57534200000000002,1.5594500000000001e-05,0.0039489900000000003,1.8271199999999999e-28,1.35171e-14,2.1951700000000001e-26,1.4816099999999999e-13,1.48161e-13,292147723994.052,8.5350168571303478e+22,3.4229258620558673e-12,1.1716438487928435e-23,1,3.4229258620558673e-12,3.751870731503498e-11,1.4076565455769661e-21,1,1,not_skipped,success,1,1.50778e-05,0.0038830100000000001,0.98329193034168227,0.96686652345378166,,,,,,,,,,,,,,,,,,,,,,,,
outer,2d,non_matching_initial,p3,3,adaptive_g_effective_rho,g_eff_rho,production_2M,2000000,completed,24339179,20260701_091338_762919_job24339179,snellius_next_mem216,algorithm_data_ordered/2d/non_matching_initial/p3/production_2M/adaptive_g_effective_rho,outer_history.csv,completed,8,,,1315,1315,1537,1720,1720,4025,1.93188,7.21937,1,1,0,1,0,0,adaptive,1,0.00444768,1,computed,2.44444,1.0001,2.44421,0.244454,0.494423,0.59755499999999995,0.77301681741085038,0.244478,0.49444716603495664,-0.13952164684844651,0.13952164684844651,10,-0.13206282928760546,0.13206282928760546,10,-0.26412565857521081,0.26412565857521081,10,0.064994499999999997,0.25494,1.8786600000000001e-05,0.0043343599999999998,0.324214,0.56939799999999996,1.06787e-05,0.0032678300000000002,8.1079000000000008e-06,0.0028474400000000001,3.5176800000000002e-26,1.87555e-13,1.87555e-13,1.1476378782344843,1.3170734715524364,0.87135499704696995,0.75925908584378254,0.75393599054993132,0.65694589281923976,4.3271671019481543e-11,1.8724409951774137e-21,1,1,not_skipped,success,1,1.3637300000000001e-05,0.00369287,0.85199891102723357,0.72590569874272093,,,,,,,,,,,,,,,,,,,,,,,,
outer,2d,non_matching_initial,p3,3,adaptive_g_effective_rho,g_eff_rho,production_2M,2000000,completed,24339179,20260701_091338_762919_job24339179,snellius_next_mem216,algorithm_data_ordered/2d/non_matching_initial/p3/production_2M/adaptive_g_effective_rho,outer_history.csv,completed,9,,,1537,1537,2602,2016,2016,4795,2.24318,9.46796,1,1,0,1,0,0,adaptive,1,0.0053065,1,computed,2.44444,1.00014,2.44411,0.241506,0.49143199999999998,0.59034799999999998,0.76834107009842967,0.241539,0.49146617381056856,-0.13952164684844651,0.13952164684844651,10,-0.13206282928760546,0.13206282928760546,10,-0.26412565857521081,0.26412565857521081,10,0.066530000000000006,0.257934,2.6097300000000002e-05,0.0051085599999999998,0.31927299999999997,0.56504200000000004,1.0939400000000001e-05,0.0033074799999999998,1.5157899999999999e-05,0.00389332,4.46426e-26,2.1128800000000001e-13,2.11288e-13,0.84952688194137649,0.7216962771887927,1.1771257876086931,1.385624440097263,0.64743880858793867,0.7621169174875112,4.1359600357047783e-11,1.7106214052794732e-21,1,1,not_skipped,success,1,1.67496e-05,0.0040926299999999999,0.80113182579826803,0.64181352093894761,,,,,,,,,,,,,,,,,,,,,,,,
outer,2d,non_matching_initial,p3,3,adaptive_g_effective_rho,g_eff_rho,production_2M,2000000,completed,24339179,20260701_091338_762919_job24339179,snellius_next_mem216,algorithm_data_ordered/2d/non_matching_initial/p3/production_2M/adaptive_g_effective_rho,outer_history.csv,completed,10,,,2602,2602,3430,3436,3436,7955,3.41435,12.8879,1,1,0,1,0,0,adaptive,1,0.0387522,1,computed,2.44444,1.00668,2.42823,0.20726800000000001,0.45526699999999998,0.506656,0.71179772407615916,0.208652,0.45678441304405298,-0.13952164684844651,0.13952164684844651,10,-0.13206282928760546,0.13206282928760546,10,-0.26412565857521081,0.26412565857521081,10,0.061996299999999997,0.24898999999999999,0.00106288,0.032601900000000003,0.27183400000000002,0.52137699999999998,8.4823599999999992e-06,0.00291245,0.0010544,0.0324715,8.5875599999999997e-26,2.9304499999999999e-13,2.93045e-13,0.089692499576551746,0.0080447268588770861,11.149204278185033,124.30502831759088,0.089333750486934801,0.99600023311524777,8.9885865547713468e-12,8.0795197952732192e-23,1,1,not_skipped,success,1,0.00044853900000000002,0.021178700000000002,0.64961551320628552,0.42200342465753427,,,,,,,,,,,,,,,,,,,,,,,,
outer,2d,non_matching_initial,p3,3,adaptive_g_effective_rho,g_eff_rho,production_2M,2000000,completed,24339179,20260701_091338_762919_job24339179,snellius_next_mem216,algorithm_data_ordered/2d/non_matching_initial/p3/production_2M/adaptive_g_effective_rho,outer_history.csv,completed,11,,,3430,3430,3934,4540,4540,10515,3.21653,16.1105,1,1,0,1,0,0,adaptive,1,0.0523817,1,computed,2.44444,1.01174,2.41609,0.19835800000000001,0.44537399999999999,0.484875,0.69632966330610968,0.200686,0.4479799102638421,-0.13952164684844651,0.13952164684844651,10,-0.13206282928760546,0.13206282928760546,10,-0.26412565857521081,0.26412565857521081,10,0.063141000000000003,0.25127899999999997,0.0017602,0.041954699999999998,0.25845499999999999,0.50838399999999995,4.7309599999999998e-06,0.0021750799999999998,0.0017554700000000001,0.041898299999999999,1.8222599999999999e-25,4.2687999999999999e-13,4.2688e-13,0.051913323452264168,0.002694981970640341,19.262877687257483,371.05999627982482,0.05184353600430941,0.99865569292594158,1.0174783754859408e-11,1.0352573571185093e-22,1,1,not_skipped,success,1,0.00074722099999999995,0.0273353,0.65154321208350918,0.42450914668787637,,,,,,,,,,,,,,,,,,,,,,,,
outer,2d,non_matching_initial,p3,3,adaptive_g_effective_rho,g_eff_rho,production_2M,2000000,completed,24339179,20260701_091338_762919_job24339179,snellius_next_mem216,algorithm_data_ordered/2d/non_matching_initial/p3/production_2M/adaptive_g_effective_rho,outer_history.csv,completed,12,,,3934,3934,6925,5212,5212,12315,3.83436,19.9514,1,1,0,1,0,0,adaptive,1,0.0526909,1,computed,2.44444,1.01187,2.41578,0.19746,0.44436500000000001,0.48268100000000003,0.6947524739070744,0.19980300000000001,0.44699328854021958,-0.13952164684844651,0.13952164684844651,10,-0.13206282928760546,0.13206282928760546,10,-0.26412565857521081,0.26412565857521081,10,0.063712599999999994,0.252413,0.0017638199999999999,0.041997899999999998,0.25690400000000002,0.506857,4.7334600000000002e-06,0.0021756499999999999,0.00175909,0.0419415,2.3318499999999999e-25,4.8289299999999999e-13,4.82893e-13,0.051873442771479324,0.0026908572045773668,19.277687127984741,371.62878739864709,0.051803780665223738,0.99865707571092843,1.1498027282316497e-11,1.3220453334240456e-22,1,1,not_skipped,success,1,0.00075564899999999995,0.027489099999999999,0.65453510770776635,0.42841616491478723,,,,,,,,,,,,,,,,,,,,,,,,
outer,2d,non_matching_initial,p3,3,adaptive_g_effective_rho,g_eff_rho,production_2M,2000000,completed,24339179,20260701_091338_762919_job24339179,snellius_next_mem216,algorithm_data_ordered/2d/non_matching_initial/p3/production_2M/adaptive_g_effective_rho,outer_history.csv,completed,13,,,6925,6925,8593,9200,9200,21240,5.6652,25.6233,1,1,0,1,0,0,adaptive,1,0.0597659,1,computed,2.44444,1.01497,2.40839,0.18356600000000001,0.42844599999999999,0.448716,0.66986267249339992,0.18631400000000001,0.4316410545812342,-0.13952164684844651,0.13952164684844651,10,-0.13206282928760546,0.13206282928760546,10,-0.26412565857521081,0.26412565857521081,10,0.066282599999999997,0.25745400000000002,0.0019926800000000001,0.044639499999999999,0.23569100000000001,0.485481,4.0519199999999998e-06,0.00201294,0.0019886299999999999,0.044594099999999998,4.0680600000000001e-25,6.37813e-13,6.37813e-13,0.045139155179721085,0.0020375434344247043,22.15371546096754,490.7870836541689,0.045093247012175319,0.99898296351885663,1.4288085664041937e-11,2.0415018969428105e-22,1,1,not_skipped,success,1,0.00103889,0.032231900000000001,0.72204885807412722,0.52135315253829007,,,,,,,,,,,,,,,,,,,,,,,,
outer,2d,non_matching_initial,p3,3,adaptive_g_effective_rho,g_eff_rho,production_2M,2000000,completed,24339179,20260701_091338_762919_job24339179,snellius_next_mem216,algorithm_data_ordered/2d/non_matching_initial/p3/production_2M/adaptive_g_effective_rho,outer_history.csv,completed,14,,,8593,8593,12022,11424,11424,26700,8.92622,34.5566,1,1,0,1,0,0,adaptive,1,0.0618811,1,computed,2.44444,1.01596,2.40605,0.18118200000000001,0.42565399999999998,0.442888,0.66549830953955103,0.18407299999999999,0.42903729441623134,-0.13952164684844651,0.13952164684844651,10,-0.13206282928760546,0.13206282928760546,10,-0.26412565857521081,0.26412565857521081,10,0.067055199999999995,0.25895000000000001,0.0020780400000000002,0.045585500000000001,0.231904,0.48156399999999999,3.7827600000000002e-06,0.0019449300000000001,0.0020742500000000001,0.045544000000000001,7.3731999999999999e-25,8.5867300000000003e-13,8.58673e-13,0.042704417705954685,0.001823676027479812,23.416781066670779,548.34300880838327,0.042665540577595945,0.99908962279672264,1.8836537934211535e-11,3.548151142422667e-22,1,1,not_skipped,success,1,0.0011173800000000001,0.033427199999999997,0.73328580359982887,0.53770861003638037,,,,,,,,,,,,,,,,,,,,,,,,
outer,2d,non_matching_initial,p3,3,adaptive_g_effective_rho,g_eff_rho,production_2M,2000000,completed,24339179,20260701_091338_762919_job24339179,snellius_next_mem216,algorithm_data_ordered/2d/non_matching_initial/p3/production_2M/adaptive_g_effective_rho,outer_history.csv,completed,15,,,12022,12022,18025,15996,15996,37235,11.3046,45.8694,1,1,0,1,0,0,adaptive,1,0.0630657,1,computed,2.44444,1.01652,2.40471,0.17860699999999999,0.42262,0.43659599999999998,0.6607541146296404,0.181558,0.42609623326192408,-0.13952164684844651,0.13952164684844651,10,-0.13206282928760546,0.13206282928760546,10,-0.26412565857521081,0.26412565857521081,10,0.068196199999999998,0.26114399999999999,0.0020954799999999998,0.045776400000000002,0.22767899999999999,0.477157,1.9964800000000002e-06,0.0014129699999999999,0.00209348,0.045754599999999999,9.2602699999999998e-25,9.6230299999999996e-13,9.62303e-13,0.030881485140291903,0.00095366566673672553,32.381862318379021,1048.5855104984773,0.030866778514693157,0.99952377207469345,2.1021814734229864e-11,4.4191641055987176e-22,1,1,not_skipped,success,1,0.00113868,0.033744400000000001,0.73715713773909697,0.5433981713020406,,,,,,,,,,,,,,,,,,,,,,,,
outer,2d,non_matching_initial,p3,3,adaptive_g_effective_rho,g_eff_rho,production_2M,2000000,completed,24339179,20260701_091338_762919_job24339179,snellius_next_mem216,algorithm_data_ordered/2d/non_matching_initial/p3/production_2M/adaptive_g_effective_rho,outer_history.csv,completed,16,,,18025,18025,26746,24000,24000,55135,15.7799,61.6582,1,1,0,1,0,0,adaptive,1,0.0841681,1,computed,2.44444,1.02784,2.37823,0.15993099999999999,0.39991300000000002,0.39094099999999998,0.62525274889439708,0.164384,0.40544296762923387,-0.13952164684844651,0.13952164684844651,10,-0.13206282928760546,0.13206282928760546,10,-0.26412565857521081,0.26412565857521081,10,0.057193300000000002,0.239151,0.0032657799999999998,0.057147000000000003,0.205592,0.45342199999999999,7.4643400000000005e-07,0.00086396400000000005,0.0032650299999999999,0.057140499999999997,1.7006999999999999e-24,1.30411e-12,1.30411e-12,0.015119993699740117,0.00022861474473435161,66.137593696033619,4374.171058660243,0.015118273925140428,0.99988625824627708,2.2820270530386544e-11,5.2076379915364781e-22,1,1,not_skipped,success,1,0.0022693800000000001,0.047638,0.83360456366913394,0.69489677810507755,,,,,,,,,,,,,,,,,,,,,,,,
outer,2d,non_matching_initial,p3,3,adaptive_g_effective_rho,g_eff_rho,production_2M,2000000,completed,24339179,20260701_091338_762919_job24339179,snellius_next_mem216,algorithm_data_ordered/2d/non_matching_initial/p3/production_2M/adaptive_g_effective_rho,outer_history.csv,completed,17,,,26746,26746,40519,35628,35628,82495,26.1057,87.7744,1,1,0,1,0,0,adaptive,1,0.0477779,1,computed,2.44444,1.00989,2.4205,0.138437,0.37207099999999999,0.33840100000000001,0.58172244240702975,0.13980600000000001,0.37390640540113779,-0.13952164684844651,0.13952164684844651,10,-0.13206282928760546,0.13206282928760546,10,-0.26412565857521081,0.26412565857521081,10,0.050610000000000002,0.224967,0.00098416200000000001,0.031371400000000001,0.17747099999999999,0.42127300000000001,2.4714500000000001e-07,0.00049713700000000003,0.00098391499999999992,0.031367399999999997,2.39121e-24,1.54635e-12,1.54635e-12,0.01584884306636827,0.00025118531580471892,63.096088201039137,3981.1244411175621,0.015846822264865452,0.99987249533014133,4.9291711558935844e-11,2.4296914532363574e-21,1,1,not_skipped,success,1,0.00053936399999999997,0.0232242,0.74029848843213886,0.54804391959860266,,,,,,,,,,,,,,,,,,,,,,,,
outer,2d,non_matching_initial,p3,3,adaptive_g_effective_rho,g_eff_rho,production_2M,2000000,completed,24339179,20260701_091338_762919_job24339179,snellius_next_mem216,algorithm_data_ordered/2d/non_matching_initial/p3/production_2M/adaptive_g_effective_rho,outer_history.csv,completed,18,,,40519,40519,48097,53992,53992,123780,35.5402,123.33,1,1,0,1,0,0,adaptive,1,0.0882079,1,computed,2.44444,1.03027,2.37263,0.121159,0.34807900000000003,0.29616700000000001,0.54421227476050194,0.12482600000000001,0.35330723174030843,-0.13952164684844651,0.13952164684844651,10,-0.13206282928760546,0.13206282928760546,10,-0.26412565857521081,0.26412565857521081,10,0.049277099999999997,0.22198499999999999,0.0025591899999999998,0.050588399999999999,0.15310699999999999,0.39128800000000002,2.0104899999999999e-07,0.00044838499999999998,0.0025589900000000001,0.050586399999999997,3.6811499999999996e-24,1.9186299999999999e-12,1.91863e-12,0.0088637459870637165,7.8565762273396914e-05,112.81911749947032,12728.190640092715,0.008863395561037709,0.99996046524499682,3.7926283495821176e-11,1.4384043388728465e-21,1,1,not_skipped,success,1,0.00147955,0.038464900000000003,0.76035019885981781,0.57813214337348928,,,,,,,,,,,,,,,,,,,,,,,,
outer,2d,non_matching_initial,p3,3,adaptive_g_effective_rho,g_eff_rho,production_2M,2000000,completed,24339179,20260701_091338_762919_job24339179,snellius_next_mem216,algorithm_data_ordered/2d/non_matching_initial/p3/production_2M/adaptive_g_effective_rho,outer_history.csv,completed,19,,,48097,48097,71581,64096,64096,146180,41.4335,164.782,1,1,0,1,0,0,adaptive,1,0.0941045,1,computed,2.44444,1.03395,2.36419,0.116367,0.34112599999999998,0.28445199999999998,0.5333404166196295,0.12031699999999999,0.34686740982686742,-0.13952164684844651,0.13952164684844651,10,-0.13206282928760546,0.13206282928760546,10,-0.26412565857521081,0.26412565857521081,10,0.044826699999999997,0.21172299999999999,0.0028254199999999999,0.053154699999999999,0.14816199999999999,0.38491799999999998,1.21336e-07,0.00034833299999999999,0.0028253000000000002,0.053153499999999999,4.9415500000000001e-24,2.2229600000000001e-12,2.22296e-12,0.0065533407959965009,4.2946235797968355e-05,152.59392592720184,23284.927803784536,0.0065531928503029836,0.99997742438580217,4.1820572780958223e-11,1.7489612163855288e-21,1,1,not_skipped,success,1,0.00179736,0.042395299999999997,0.79758328050012506,0.63613905189316988,,,,,,,,,,,,,,,,,,,,,,,,
outer,2d,non_matching_initial,p3,3,adaptive_g_effective_rho,g_eff_rho,production_2M,2000000,completed,24339179,20260701_091338_762919_job24339179,snellius_next_mem216,algorithm_data_ordered/2d/non_matching_initial/p3/production_2M/adaptive_g_effective_rho,outer_history.csv,completed,20,,,71581,71581,102952,95408,95408,219120,72.3822,237.185,1,1,0,1,0,0,adaptive,1,0.110428,1,computed,2.44444,1.04492,2.33936,0.10653,0.32638899999999998,0.26040600000000003,0.51029991181657086,0.111315,0.33363902649420374,-0.13952164684844651,0.13952164684844651,10,-0.13206282928760546,0.13206282928760546,10,-0.26412565857521081,0.26412565857521081,10,0.042294900000000003,0.20565700000000001,0.00340121,0.058319900000000001,0.135078,0.36753000000000002,7.8890199999999998e-08,0.00028087400000000002,0.00340113,0.058319200000000002,7.4238900000000004e-24,2.7246800000000001e-12,2.72468e-12,0.0048161497414230649,2.3195290976822407e-05,207.63474013258613,43112.198980354973,0.0048160919343140166,0.9999879972359349,4.6719558846980193e-11,2.1827202671990265e-21,1,1,not_skipped,success,1,0.0025285899999999998,0.050285000000000003,0.86222713001908446,0.7434383645820164,,,,,,,,,,,,,,,,,,,,,,,,
outer,2d,non_matching_initial,p3,3,adaptive_g_effective_rho,g_eff_rho,production_2M,2000000,completed,24339179,20260701_091338_762919_job24339179,snellius_next_mem216,algorithm_data_ordered/2d/non_matching_initial/p3/production_2M/adaptive_g_effective_rho,outer_history.csv,completed,21,,,102952,102952,142552,137236,137236,312820,95.6211,332.844,1,1,0,1,0,0,adaptive,1,0.0904302,1,computed,2.44444,1.03164,2.36948,0.102572,0.320268,0.25073099999999998,0.50073046641881103,0.10581699999999999,0.32529525050329278,-0.13952164684844651,0.13952164684844651,10,-0.13206282928760546,0.13206282928760546,10,-0.26412565857521081,0.26412565857521081,10,0.039942999999999999,0.19985700000000001,0.0023079400000000001,0.048041,0.130407,0.36111900000000002,6.1526799999999995e-08,0.00024804599999999998,0.0023078700000000001,0.048040300000000001,1.0525399999999999e-23,3.24428e-12,3.24428e-12,0.0051632899877810919,2.6659560547171197e-05,193.67496351483194,37509.995644174574,0.0051632147540642366,0.999985429112633,6.7531483524489501e-11,4.5605171711569622e-21,1,1,not_skipped,success,1,0.0017495,0.041827000000000003,0.870652151287442,0.75803530421068133,,,,,,,,,,,,,,,,,,,,,,,,
outer,2d,non_matching_initial,p3,3,adaptive_g_effective_rho,g_eff_rho,production_2M,2000000,completed,24339179,20260701_091338_762919_job24339179,snellius_next_mem216,algorithm_data_ordered/2d/non_matching_initial/p3/production_2M/adaptive_g_effective_rho,outer_history.csv,completed,22,,,142552,142552,200581,190036,190036,430100,125.146,458.046,1,1,0,1,0,0,adaptive,1,0.106391,1,computed,2.44444,1.0421,2.34569,0.0907221,0.301201,0.22176499999999999,0.47091931368335277,0.094541600000000003,0.3074761779390397,-0.13952164684844651,0.13952164684844651,10,-0.13206282928760546,0.13206282928760546,10,-0.26412565857521081,0.26412565857521081,10,0.036836599999999997,0.19192899999999999,0.0026856200000000001,0.051823000000000001,0.114671,0.33863100000000002,6.32211e-08,0.00025143799999999999,0.00268556,0.051822399999999998,1.5567199999999999e-23,3.9455200000000003e-12,3.94552e-12,0.0048519173176078297,2.354112363901756e-05,206.10408927847024,42478.855951573132,0.0048518611427358508,0.99998842212917038,7.6134534859039428e-11,5.7965013665373351e-21,1,1,not_skipped,success,1,0.00111674,0.033417700000000002,0.64484302336800259,0.41582204481646695,,,,,,,,,,,,,,,,,,,,,,,,
outer,2d,non_matching_initial,p3,3,adaptive_g_effective_rho,g_eff_rho,production_2M,2000000,completed,24339179,20260701_091338_762919_job24339179,snellius_next_mem216,algorithm_data_ordered/2d/non_matching_initial/p3/production_2M/adaptive_g_effective_rho,outer_history.csv,completed,23,,,200581,200581,309895,267408,267408,608900,210.756,668.88,1,1,0,1,0,0,adaptive,1,0.135129,1,computed,2.44444,1.06353,2.29844,0.080796800000000002,0.284248,0.19750300000000001,0.44441309611666485,0.085929500000000006,0.29313733982555001,-0.13952164684844651,0.13952164684844651,10,-0.13206282928760546,0.13206282928760546,10,-0.26412565857521081,0.26412565857521081,10,0.031537999999999997,0.177589,0.00370507,0.060869300000000001,0.10269,0.32045200000000001,1.8542499999999999e-08,0.00013617100000000001,0.0037050500000000001,0.060869100000000002,2.27029e-23,4.7647600000000004e-12,4.76476e-12,0.0022371120979281772,5.004655807613932e-06,447.00486887810177,199813.94094647432,0.0022371047473849709,0.99999671427139791,7.8278541070786102e-11,6.1275225569287489e-21,1,1,not_skipped,success,1,0.0014621,0.038237500000000001,0.62819023711460453,0.39462142415662865,,,,,,,,,,,,,,,,,,,,,,,,
outer,2d,non_matching_initial,p3,3,adaptive_g_effective_rho,g_eff_rho,production_2M,2000000,completed,24339179,20260701_091338_762919_job24339179,snellius_next_mem216,algorithm_data_ordered/2d/non_matching_initial/p3/production_2M/adaptive_g_effective_rho,outer_history.csv,completed,24,,,309895,309895,407512,413160,413160,934285,294.282,963.302,1,1,0,1,0,0,adaptive,1,0.118934,1,computed,2.44444,1.05107,2.32567,0.074629399999999999,0.27318399999999998,0.18242700000000001,0.42711473868271044,0.078440800000000005,0.28007284766645979,-0.13952164684844651,0.13952164684844651,10,-0.13206282928760546,0.13206282928760546,10,-0.26412565857521081,0.26412565857521081,10,0.030138600000000001,0.17360500000000001,0.0026984999999999999,0.051947100000000003,0.094403000000000001,0.307251,8.7123299999999998e-09,9.3339799999999997e-05,0.00269849,0.051947,3.3118699999999998e-23,5.7548799999999998e-12,5.75488e-12,0.0017968275357575991,3.228594510263147e-06,556.53643997523034,309732.2989372533,0.0017968240768012071,0.9999980749647237,1.107834701070897e-10,1.2273003520474337e-20,1,1,not_skipped,success,1,0.0020031599999999999,0.044756600000000001,0.86158033845970228,0.74232351306281263,,,,,,,,,,,,,,,,,,,,,,,,
outer,2d,non_matching_initial,p3,3,adaptive_g_effective_rho,g_eff_rho,production_2M,2000000,completed,24339179,20260701_091338_762919_job24339179,snellius_next_mem216,algorithm_data_ordered/2d/non_matching_initial/p3/production_2M/adaptive_g_effective_rho,outer_history.csv,completed,25,,,407512,407512,549400,543316,543316,1223425,376.187,1339.68,1,1,0,1,0,0,adaptive,1,0.109975,1,computed,2.44444,1.0446,2.34008,0.067116899999999993,0.25906899999999999,0.16406299999999999,0.40504691086342082,0.0701103,0.26478349646456445,-0.13952164684844651,0.13952164684844651,10,-0.13206282928760546,0.13206282928760546,10,-0.26412565857521081,0.26412565857521081,10,0.028632899999999999,0.169213,0.0020626899999999998,0.045416900000000003,0.084220799999999998,0.29020800000000002,8.2727099999999992e-09,9.0954399999999998e-05,0.0020626799999999999,0.0454168,4.6393799999999997e-23,6.8113000000000003e-12,6.8113e-12,0.0020026598087051488,4.0106608877770668e-06,499.33593097200355,249335.46564547773,0.0020026553992016187,0.99999779817644963,1.4997280747915424e-10,2.2491891656041383e-20,1,1,not_skipped,success,1,0.0014383200000000001,0.037925100000000003,0.83504378326129702,0.6973030363263506,,,,,,,,,,,,,,,,,,,,,,,,
outer,2d,non_matching_initial,p3,3,adaptive_g_effective_rho,g_eff_rho,production_2M,2000000,completed,24339179,20260701_091338_762919_job24339179,snellius_next_mem216,algorithm_data_ordered/2d/non_matching_initial/p3/production_2M/adaptive_g_effective_rho,outer_history.csv,completed,26,,,549400,549400,758812,732500,732500,1659165,587.368,1927.29,1,1,0,1,0,0,adaptive,1,0.14296,1,computed,2.44444,1.06988,2.28479,0.060629599999999999,0.24623100000000001,0.148206,0.3849753238845316,0.064866199999999999,0.25468843711484035,-0.13952164684844651,0.13952164684844651,10,-0.13206282928760546,0.13206282928760546,10,-0.26412565857521081,0.26412565857521081,10,0.024844999999999999,0.15762300000000001,0.0030082400000000001,0.054847399999999998,0.076533900000000002,0.27664800000000001,6.7637599999999998e-09,8.2242099999999996e-05,0.0030082300000000002,0.054847300000000002,6.3199800000000004e-23,7.9498299999999995e-12,7.94983e-12,0.0014994739941619733,2.2484185052339747e-06,666.90052904777485,444757.05820431246,0.0014994712602602858,0.9999981767595183,1.4494451879213964e-10,2.1008895566843071e-20,1,1,not_skipped,success,1,0.00132631,0.036418499999999999,0.66399683485452365,0.44089234901470625,,,,,,,,,,,,,,,,,,,,,,,,
outer,2d,non_matching_initial,p3,3,adaptive_g_effective_rho,g_eff_rho,production_2M,2000000,completed,24339179,20260701_091338_762919_job24339179,snellius_next_mem216,algorithm_data_ordered/2d/non_matching_initial/p3/production_2M/adaptive_g_effective_rho,outer_history.csv,completed,27,,,758812,758812,1024339,1011716,1011716,2281365,784.928,2712.62,1,1,0,1,0,0,adaptive,1,0.154252,1,computed,2.44444,1.07938,2.26467,0.0568969,0.23853099999999999,0.13908100000000001,0.37293565128584855,0.0614134,0.24781727139164453,-0.13952164684844651,0.13952164684844651,10,-0.13206282928760546,0.13206282928760546,10,-0.26412565857521081,0.26412565857521081,10,0.023180099999999999,0.15225,0.00322799,0.056815400000000002,0.071882199999999993,0.26810899999999999,4.6166500000000002e-09,6.7946000000000003e-05,0.00322799,0.056815400000000002,8.6809100000000002e-23,9.31714e-12,9.31714e-12,0.0011959081516631053,1.4301934020861279e-06,836.18461719600862,699206.13431817445,0.0011959081516631053,1,1.6398969293536611e-10,2.6892617387290542e-20,1,1,not_skipped,success,1,0.0011782400000000001,0.034325500000000002,0.60415837959426499,0.36500732654066464,,,,,,,,,,,,,,,,,,,,,,,,
outer,2d,non_matching_initial,p3,3,adaptive_g_effective_rho,g_eff_rho,production_2M,2000000,completed,24339179,20260701_091338_762919_job24339179,snellius_next_mem216,algorithm_data_ordered/2d/non_matching_initial/p3/production_2M/adaptive_g_effective_rho,outer_history.csv,completed,28,,,1024339,1024339,1367044,1365752,1365752,3068765,1044.69,3757.82,1,1,0,1,0,0,adaptive,1,0.160223,1,computed,2.44444,1.08457,2.25385,0.052229100000000001,0.22853699999999999,0.12767100000000001,0.35731078908983421,0.056645800000000003,0.23800378148256385,-0.13952164684844651,0.13952164684844651,10,-0.13206282928760546,0.13206282928760546,10,-0.26412565857521081,0.26412565857521081,10,0.021995899999999999,0.14831,0.0031213500000000002,0.055869000000000002,0.065666000000000002,0.25625399999999998,3.7518499999999996e-09,6.1252400000000003e-05,0.0031213399999999998,0.055869000000000002,1.2142200000000001e-22,1.10192e-11,1.10192e-11,0.0010963575506989565,1.2019997821448481e-06,912.11119890812438,831946.90619294485,0.0010963575506989565,1,1.9723281247203278e-10,3.8900475755682638e-20,1,1,not_skipped,success,1,0.00120283,0.034681900000000002,0.6207718054735184,0.38535569545228826,,,,,,,,,,,,,,,,,,,,,,,,
outer,2d,non_matching_initial,p3,3,adaptive_g_effective_rho,g_eff_rho,production_2M,2000000,completed,24339179,20260701_091338_762919_job24339179,snellius_next_mem216,algorithm_data_ordered/2d/non_matching_initial/p3/production_2M/adaptive_g_effective_rho,outer_history.csv,completed,29,,,1367044,1367044,2055886,1822692,1822692,4110835,1677.77,5436.28,1,1,0,1,0,0,adaptive,1,0.152838,1,computed,2.44444,1.07817,2.26722,0.048187599999999997,0.21951699999999999,0.11779199999999999,0.34320839150580218,0.051954300000000002,0.2279348591154938,-0.13952164684844651,0.13952164684844651,10,-0.13206282928760546,0.13206282928760546,10,-0.26412565857521081,0.26412565857521081,10,0.020566999999999998,0.14341200000000001,0.00263948,0.051375900000000002,0.0604634,0.245893,3.0086000000000001e-09,5.48507e-05,0.00263948,0.051375900000000002,1.6818700000000001e-22,1.2968700000000001e-11,1.29687e-11,0.0010676348248887123,1.1398457271886887e-06,936.64985132368417,877311.70644153422,0.0010676348248887123,1,2.5242769469731915e-10,6.3719747829117859e-20,1,1,not_skipped,success,1,0.0011525800000000001,0.033949600000000003,0.66080788852360739,0.43666934396168944,,,,,,,,,,,,,,,,,,,,,,,,
inner,2d,non_matching_initial,p3,3,adaptive_g_effective_rho,g_eff_rho,production_2M,2000000,completed,24339179,20260701_091338_762919_job24339179,snellius_next_mem216,algorithm_data_ordered/2d/non_matching_initial/p3/production_2M/adaptive_g_effective_rho,inner_history.csv,completed,0,0,,52,52,106,52,52,125,0.133692,0.134687,,,,,,0,,1,0.00589805,1,computed,2.44444,1.00017,2.44403,0.54996699999999998,0.74159799999999998,1.34436,1.1594653940502062,0.55006100000000002,0.74166097376092266,-0.13952164684844651,0.13952164684844651,10,-0.13206282928760546,0.13206282928760546,10,-0.26412565857521081,0.26412565857521081,10,0.17441400000000001,0.41762899999999997,7.0177899999999998e-05,0.0083772199999999995,0.71687999999999996,0.846688,7.0177899999999998e-05,0.0083772199999999995,1.0913099999999999e-30,1.0446600000000001e-15,2.11998e-28,1.4560199999999999e-14,1.45602e-14,8019087550016.2715,6.4306109171546128e+25,1.2470246692816951e-13,1.5550622061931177e-26,1,1.2470246692816951e-13,1.7380706248612308e-12,3.0208655431410744e-24,1,1,not_skipped,success,1,5.0776299999999997e-05,0.0071257500000000001,0.8506103456755344,0.72353689694333967,,,,,,,,,,,,,,,,,,,,,,,,
inner,2d,non_matching_initial,p3,3,adaptive_g_effective_rho,g_eff_rho,production_2M,2000000,completed,24339179,20260701_091338_762919_job24339179,snellius_next_mem216,algorithm_data_ordered/2d/non_matching_initial/p3/production_2M/adaptive_g_effective_rho,inner_history.csv,completed,1,0,,106,106,175,116,116,290,0.209261,0.372003,,,,,,0,,1,0.0280239,1,computed,2.44444,1.0036,2.43567,0.490956,0.70068299999999994,1.2001200000000001,1.0954998858968448,0.49272500000000002,0.70194372993851861,-0.13952164684844651,0.13952164684844651,10,-0.13206282928760546,0.13206282928760546,10,-0.26412565857521081,0.26412565857521081,10,0.160326,0.40040799999999999,0.0013168800000000001,0.036288800000000003,0.637903,0.79868799999999995,0.00024025699999999999,0.0155002,0.0010766199999999999,0.032811899999999998,5.2571300000000002e-28,2.2928400000000001e-14,2.29284e-14,0.47239568571158641,0.22315858891716669,2.1168694597489064,4.4811181359960379,0.42713454288926611,0.90418806904609672,6.3183130883357949e-13,3.9921101391167002e-25,1,1,not_skipped,success,1,0.00061272900000000001,0.024753399999999998,0.68212230770926552,0.46528840896664841,,,,,,,,,,,,,,,,,,,,,,,,
inner,2d,non_matching_initial,p3,3,adaptive_g_effective_rho,g_eff_rho,production_2M,2000000,completed,24339179,20260701_091338_762919_job24339179,snellius_next_mem216,algorithm_data_ordered/2d/non_matching_initial/p3/production_2M/adaptive_g_effective_rho,inner_history.csv,completed,2,0,,175,175,256,200,200,490,0.308785,0.714604,,,,,,0,,1,0.0109655,1,computed,2.44444,1.00058,2.44303,0.36089199999999999,0.60074300000000003,0.88217900000000005,0.93924384480282863,0.36110100000000001,0.60091679956546395,-0.13952164684844651,0.13952164684844651,10,-0.13206282928760546,0.13206282928760546,10,-0.26412565857521081,0.26412565857521081,10,0.103101,0.32109300000000002,0.00016211900000000001,0.0127326,0.47546500000000003,0.68954000000000004,0.00016211900000000001,0.0127326,3.4055400000000003e-30,1.8454100000000001e-15,1.5325e-27,3.9147100000000001e-14,3.91471e-14,6899604965834.1504,4.7604491505018293e+25,1.4493583400091106e-13,2.1006421209111827e-26,1,1.4493583400091106e-13,3.0745566498594159e-12,9.4529327222595739e-24,1,1,not_skipped,success,1,0.00014283399999999999,0.0119513,0.93863782730942613,0.88104417125691614,,,,,,,,,,,,,,,,,,,,,,,,
inner,2d,non_matching_initial,p3,3,adaptive_g_effective_rho,g_eff_rho,production_2M,2000000,completed,24339179,20260701_091338_762919_job24339179,snellius_next_mem216,algorithm_data_ordered/2d/non_matching_initial/p3/production_2M/adaptive_g_effective_rho,inner_history.csv,completed,3,0,,256,256,325,308,308,730,0.401476,1.14663,,,,,,0,,1,0.00743227,1,computed,2.44444,1.00027,2.44379,0.359259,0.59938199999999997,0.87818799999999997,0.93711685503996778,0.35935600000000001,0.5994630931091588,-0.13952164684844651,0.13952164684844651,10,-0.13206282928760546,0.13206282928760546,10,-0.26412565857521081,0.26412565857521081,10,0.10385,0.32225799999999999,7.4637700000000005e-05,0.0086393100000000007,0.47277400000000003,0.687585,7.4637700000000005e-05,0.0086393100000000007,1.08544e-28,1.04185e-14,2.8894899999999999e-27,5.3753999999999997e-14,5.3754e-14,829227815904.40088,6.8762621609669821e+23,1.2059412152127888e-12,1.4542784678520372e-24,1,1.2059412152127888e-12,6.2220246755817298e-12,3.8713545567454515e-23,1,1,not_skipped,success,1,6.7656499999999998e-05,0.0082253599999999993,0.95208529384869844,0.90646549933880594,,,,,,,,,,,,,,,,,,,,,,,,
inner,2d,non_matching_initial,p3,3,adaptive_g_effective_rho,g_eff_rho,production_2M,2000000,completed,24339179,20260701_091338_762919_job24339179,snellius_next_mem216,algorithm_data_ordered/2d/non_matching_initial/p3/production_2M/adaptive_g_effective_rho,inner_history.csv,completed,4,0,,325,325,421,400,400,960,0.584194,1.76305,,,,,,0,,1,0.00653256,1,computed,2.44444,1.00021,2.44393,0.354408,0.59532200000000002,0.86633099999999996,0.93076903687219847,0.35448200000000002,0.59538390975907307,-0.13952164684844651,0.13952164684844651,10,-0.13206282928760546,0.13206282928760546,10,-0.26412565857521081,0.26412565857521081,10,0.10544000000000001,0.32471499999999998,5.6533300000000003e-05,0.0075188599999999996,0.465061,0.68195399999999995,4.22112e-05,0.0064970200000000001,1.43221e-05,0.00378445,3.7640800000000002e-27,6.1352099999999999e-14,6.13521e-14,1.7167672977579305,2.9472772847557271,0.58249012624249275,0.33929620574634217,0.86409641887200994,0.50332763211444287,8.159760921203481e-12,6.658164303162915e-23,1,1,not_skipped,success,1,4.4823500000000002e-05,0.0066950300000000003,0.8904315281837939,0.79286898164444675,,,,,,,,,,,,,,,,,,,,,,,,
inner,2d,non_matching_initial,p3,3,adaptive_g_effective_rho,g_eff_rho,production_2M,2000000,completed,24339179,20260701_091338_762919_job24339179,snellius_next_mem216,algorithm_data_ordered/2d/non_matching_initial/p3/production_2M/adaptive_g_effective_rho,inner_history.csv,completed,5,0,,421,421,748,528,528,1290,0.739648,2.53948,,,,,,0,,1,0.0131837,1,computed,2.44444,1.00083,2.44241,0.33802199999999999,0.58139600000000002,0.82627499999999998,0.90899669966397567,0.33830300000000002,0.58163820369710928,-0.13952164684844651,0.13952164684844651,10,-0.13206282928760546,0.13206282928760546,10,-0.26412565857521081,0.26412565857521081,10,0.108859,0.32993800000000001,0.000209994,0.014491199999999999,0.43987199999999999,0.66322800000000004,5.5625799999999999e-05,0.0074582700000000004,0.000154368,0.0124245,4.93535e-27,7.0251999999999997e-14,7.0252e-14,0.60028733550645907,0.36034540837479268,1.6658688945291602,2.7751151444114064,0.51467580324610807,0.85738241139450155,4.8479076957049798e-12,2.3502338162042725e-23,1,1,not_skipped,success,1,0.000113899,0.010672299999999999,0.73646764933200837,0.54239168738154431,,,,,,,,,,,,,,,,,,,,,,,,
inner,2d,non_matching_initial,p3,3,adaptive_g_effective_rho,g_eff_rho,production_2M,2000000,completed,24339179,20260701_091338_762919_job24339179,snellius_next_mem216,algorithm_data_ordered/2d/non_matching_initial/p3/production_2M/adaptive_g_effective_rho,inner_history.csv,completed,6,0,,748,748,1096,964,964,2280,1.19831,3.77461,,,,,,0,,1,0.0447182,1,computed,2.44444,1.00874,2.42327,0.29111700000000001,0.53955299999999995,0.71162000000000003,0.84357572274218517,0.29366100000000001,0.54190497321947506,-0.13952164684844651,0.13952164684844651,10,-0.13206282928760546,0.13206282928760546,10,-0.26412565857521081,0.26412565857521081,10,0.089293499999999998,0.29881999999999997,0.0019423400000000001,0.044071899999999997,0.38081700000000002,0.61710399999999999,4.7861100000000002e-05,0.0069181700000000004,0.00189448,0.043525599999999998,1.1249600000000001e-26,1.06064e-13,1.06064e-13,0.15894485084639845,0.025263449600945908,6.2914903796813313,39.582876281573135,0.15697462555505892,0.98760434653373241,2.4066128303976007e-12,5.7917769288590049e-24,1,1,not_skipped,success,1,0.00094145700000000004,0.030683200000000001,0.69620778772868885,0.48470247227570867,,,,,,,,,,,,,,,,,,,,,,,,
inner,2d,non_matching_initial,p3,3,adaptive_g_effective_rho,g_eff_rho,production_2M,2000000,completed,24339179,20260701_091338_762919_job24339179,snellius_next_mem216,algorithm_data_ordered/2d/non_matching_initial/p3/production_2M/adaptive_g_effective_rho,inner_history.csv,completed,7,0,,1096,1096,1315,1428,1428,3295,1.43447,5.24745,,,,,,0,,1,0.00399049,1,computed,2.44444,1.00008,2.44425,0.24851899999999999,0.49851600000000001,0.60748999999999997,0.7794164483766044,0.24853800000000001,0.49853585628317648,-0.13952164684844651,0.13952164684844651,10,-0.13206282928760546,0.13206282928760546,10,-0.26412565857521081,0.26412565857521081,10,0.062893500000000005,0.25078600000000001,1.5594500000000001e-05,0.0039489900000000003,0.33101900000000001,0.57534200000000002,1.5594500000000001e-05,0.0039489900000000003,1.8271199999999999e-28,1.35171e-14,2.1951700000000001e-26,1.4816099999999999e-13,1.48161e-13,292147723994.052,8.5350168571303478e+22,3.4229258620558673e-12,1.1716438487928435e-23,1,3.4229258620558673e-12,3.751870731503498e-11,1.4076565455769661e-21,1,1,not_skipped,success,1,1.50778e-05,0.0038830100000000001,0.98329193034168227,0.96686652345378166,,,,,,,,,,,,,,,,,,,,,,,,
inner,2d,non_matching_initial,p3,3,adaptive_g_effective_rho,g_eff_rho,production_2M,2000000,completed,24339179,20260701_091338_762919_job24339179,snellius_next_mem216,algorithm_data_ordered/2d/non_matching_initial/p3/production_2M/adaptive_g_effective_rho,inner_history.csv,completed,8,0,,1315,1315,1537,1720,1720,4025,1.89224,7.18504,,,,,,0,,1,0.00444768,1,computed,2.44444,1.0001,2.44421,0.244454,0.494423,0.59755499999999995,0.77301681741085038,0.244478,0.49444716603495664,-0.13952164684844651,0.13952164684844651,10,-0.13206282928760546,0.13206282928760546,10,-0.26412565857521081,0.26412565857521081,10,0.064994499999999997,0.25494,1.8786600000000001e-05,0.0043343599999999998,0.324214,0.56939799999999996,1.06787e-05,0.0032678300000000002,8.1079000000000008e-06,0.0028474400000000001,3.5176800000000002e-26,1.87555e-13,1.87555e-13,1.1476378782344843,1.3170734715524364,0.87135499704696995,0.75925908584378254,0.75393599054993132,0.65694589281923976,4.3271671019481543e-11,1.8724409951774137e-21,1,1,not_skipped,success,1,1.3637300000000001e-05,0.00369287,0.85199891102723357,0.72590569874272093,,,,,,,,,,,,,,,,,,,,,,,,
inner,2d,non_matching_initial,p3,3,adaptive_g_effective_rho,g_eff_rho,production_2M,2000000,completed,24339179,20260701_091338_762919_job24339179,snellius_next_mem216,algorithm_data_ordered/2d/non_matching_initial/p3/production_2M/adaptive_g_effective_rho,inner_history.csv,completed,9,0,,1537,1537,2602,2016,2016,4795,2.18774,9.42176,,,,,,0,,1,0.0053065,1,computed,2.44444,1.00014,2.44411,0.241506,0.49143199999999998,0.59034799999999998,0.76834107009842967,0.241539,0.49146617381056856,-0.13952164684844651,0.13952164684844651,10,-0.13206282928760546,0.13206282928760546,10,-0.26412565857521081,0.26412565857521081,10,0.066530000000000006,0.257934,2.6097300000000002e-05,0.0051085599999999998,0.31927299999999997,0.56504200000000004,1.0939400000000001e-05,0.0033074799999999998,1.5157899999999999e-05,0.00389332,4.46426e-26,2.1128800000000001e-13,2.11288e-13,0.84952688194137649,0.7216962771887927,1.1771257876086931,1.385624440097263,0.64743880858793867,0.7621169174875112,4.1359600357047783e-11,1.7106214052794732e-21,1,1,not_skipped,success,1,1.67496e-05,0.0040926299999999999,0.80113182579826803,0.64181352093894761,,,,,,,,,,,,,,,,,,,,,,,,
inner,2d,non_matching_initial,p3,3,adaptive_g_effective_rho,g_eff_rho,production_2M,2000000,completed,24339179,20260701_091338_762919_job24339179,snellius_next_mem216,algorithm_data_ordered/2d/non_matching_initial/p3/production_2M/adaptive_g_effective_rho,inner_history.csv,completed,10,0,,2602,2602,3430,3436,3436,7955,3.35383,12.8327,,,,,,0,,1,0.0387522,1,computed,2.44444,1.00668,2.42823,0.20726800000000001,0.45526699999999998,0.506656,0.71179772407615916,0.208652,0.45678441304405298,-0.13952164684844651,0.13952164684844651,10,-0.13206282928760546,0.13206282928760546,10,-0.26412565857521081,0.26412565857521081,10,0.061996299999999997,0.24898999999999999,0.00106288,0.032601900000000003,0.27183400000000002,0.52137699999999998,8.4823599999999992e-06,0.00291245,0.0010544,0.0324715,8.5875599999999997e-26,2.9304499999999999e-13,2.93045e-13,0.089692499576551746,0.0080447268588770861,11.149204278185033,124.30502831759088,0.089333750486934801,0.99600023311524777,8.9885865547713468e-12,8.0795197952732192e-23,1,1,not_skipped,success,1,0.00044853900000000002,0.021178700000000002,0.64961551320628552,0.42200342465753427,,,,,,,,,,,,,,,,,,,,,,,,
inner,2d,non_matching_initial,p3,3,adaptive_g_effective_rho,g_eff_rho,production_2M,2000000,completed,24339179,20260701_091338_762919_job24339179,snellius_next_mem216,algorithm_data_ordered/2d/non_matching_initial/p3/production_2M/adaptive_g_effective_rho,inner_history.csv,completed,11,0,,3430,3430,3934,4540,4540,10515,3.14507,16.0447,,,,,,0,,1,0.0523817,1,computed,2.44444,1.01174,2.41609,0.19835800000000001,0.44537399999999999,0.484875,0.69632966330610968,0.200686,0.4479799102638421,-0.13952164684844651,0.13952164684844651,10,-0.13206282928760546,0.13206282928760546,10,-0.26412565857521081,0.26412565857521081,10,0.063141000000000003,0.25127899999999997,0.0017602,0.041954699999999998,0.25845499999999999,0.50838399999999995,4.7309599999999998e-06,0.0021750799999999998,0.0017554700000000001,0.041898299999999999,1.8222599999999999e-25,4.2687999999999999e-13,4.2688e-13,0.051913323452264168,0.002694981970640341,19.262877687257483,371.05999627982482,0.05184353600430941,0.99865569292594158,1.0174783754859408e-11,1.0352573571185093e-22,1,1,not_skipped,success,1,0.00074722099999999995,0.0273353,0.65154321208350918,0.42450914668787637,,,,,,,,,,,,,,,,,,,,,,,,
inner,2d,non_matching_initial,p3,3,adaptive_g_effective_rho,g_eff_rho,production_2M,2000000,completed,24339179,20260701_091338_762919_job24339179,snellius_next_mem216,algorithm_data_ordered/2d/non_matching_initial/p3/production_2M/adaptive_g_effective_rho,inner_history.csv,completed,12,0,,3934,3934,6925,5212,5212,12315,3.7245,19.8471,,,,,,0,,1,0.0526909,1,computed,2.44444,1.01187,2.41578,0.19746,0.44436500000000001,0.48268100000000003,0.6947524739070744,0.19980300000000001,0.44699328854021958,-0.13952164684844651,0.13952164684844651,10,-0.13206282928760546,0.13206282928760546,10,-0.26412565857521081,0.26412565857521081,10,0.063712599999999994,0.252413,0.0017638199999999999,0.041997899999999998,0.25690400000000002,0.506857,4.7334600000000002e-06,0.0021756499999999999,0.00175909,0.0419415,2.3318499999999999e-25,4.8289299999999999e-13,4.82893e-13,0.051873442771479324,0.0026908572045773668,19.277687127984741,371.62878739864709,0.051803780665223738,0.99865707571092843,1.1498027282316497e-11,1.3220453334240456e-22,1,1,not_skipped,success,1,0.00075564899999999995,0.027489099999999999,0.65453510770776635,0.42841616491478723,,,,,,,,,,,,,,,,,,,,,,,,
inner,2d,non_matching_initial,p3,3,adaptive_g_effective_rho,g_eff_rho,production_2M,2000000,completed,24339179,20260701_091338_762919_job24339179,snellius_next_mem216,algorithm_data_ordered/2d/non_matching_initial/p3/production_2M/adaptive_g_effective_rho,inner_history.csv,completed,13,0,,6925,6925,8593,9200,9200,21240,5.53599,25.4996,,,,,,0,,1,0.0597659,1,computed,2.44444,1.01497,2.40839,0.18356600000000001,0.42844599999999999,0.448716,0.66986267249339992,0.18631400000000001,0.4316410545812342,-0.13952164684844651,0.13952164684844651,10,-0.13206282928760546,0.13206282928760546,10,-0.26412565857521081,0.26412565857521081,10,0.066282599999999997,0.25745400000000002,0.0019926800000000001,0.044639499999999999,0.23569100000000001,0.485481,4.0519199999999998e-06,0.00201294,0.0019886299999999999,0.044594099999999998,4.0680600000000001e-25,6.37813e-13,6.37813e-13,0.045139155179721085,0.0020375434344247043,22.15371546096754,490.7870836541689,0.045093247012175319,0.99898296351885663,1.4288085664041937e-11,2.0415018969428105e-22,1,1,not_skipped,success,1,0.00103889,0.032231900000000001,0.72204885807412722,0.52135315253829007,,,,,,,,,,,,,,,,,,,,,,,,
inner,2d,non_matching_initial,p3,3,adaptive_g_effective_rho,g_eff_rho,production_2M,2000000,completed,24339179,20260701_091338_762919_job24339179,snellius_next_mem216,algorithm_data_ordered/2d/non_matching_initial/p3/production_2M/adaptive_g_effective_rho,inner_history.csv,completed,14,0,,8593,8593,12022,11424,11424,26700,8.74704,34.3833,,,,,,0,,1,0.0618811,1,computed,2.44444,1.01596,2.40605,0.18118200000000001,0.42565399999999998,0.442888,0.66549830953955103,0.18407299999999999,0.42903729441623134,-0.13952164684844651,0.13952164684844651,10,-0.13206282928760546,0.13206282928760546,10,-0.26412565857521081,0.26412565857521081,10,0.067055199999999995,0.25895000000000001,0.0020780400000000002,0.045585500000000001,0.231904,0.48156399999999999,3.7827600000000002e-06,0.0019449300000000001,0.0020742500000000001,0.045544000000000001,7.3731999999999999e-25,8.5867300000000003e-13,8.58673e-13,0.042704417705954685,0.001823676027479812,23.416781066670779,548.34300880838327,0.042665540577595945,0.99908962279672264,1.8836537934211535e-11,3.548151142422667e-22,1,1,not_skipped,success,1,0.0011173800000000001,0.033427199999999997,0.73328580359982887,0.53770861003638037,,,,,,,,,,,,,,,,,,,,,,,,
inner,2d,non_matching_initial,p3,3,adaptive_g_effective_rho,g_eff_rho,production_2M,2000000,completed,24339179,20260701_091338_762919_job24339179,snellius_next_mem216,algorithm_data_ordered/2d/non_matching_initial/p3/production_2M/adaptive_g_effective_rho,inner_history.csv,completed,15,0,,12022,12022,18025,15996,15996,37235,11.0457,45.6163,,,,,,0,,1,0.0630657,1,computed,2.44444,1.01652,2.40471,0.17860699999999999,0.42262,0.43659599999999998,0.6607541146296404,0.181558,0.42609623326192408,-0.13952164684844651,0.13952164684844651,10,-0.13206282928760546,0.13206282928760546,10,-0.26412565857521081,0.26412565857521081,10,0.068196199999999998,0.26114399999999999,0.0020954799999999998,0.045776400000000002,0.22767899999999999,0.477157,1.9964800000000002e-06,0.0014129699999999999,0.00209348,0.045754599999999999,9.2602699999999998e-25,9.6230299999999996e-13,9.62303e-13,0.030881485140291903,0.00095366566673672553,32.381862318379021,1048.5855104984773,0.030866778514693157,0.99952377207469345,2.1021814734229864e-11,4.4191641055987176e-22,1,1,not_skipped,success,1,0.00113868,0.033744400000000001,0.73715713773909697,0.5433981713020406,,,,,,,,,,,,,,,,,,,,,,,,
inner,2d,non_matching_initial,p3,3,adaptive_g_effective_rho,g_eff_rho,production_2M,2000000,completed,24339179,20260701_091338_762919_job24339179,snellius_next_mem216,algorithm_data_ordered/2d/non_matching_initial/p3/production_2M/adaptive_g_effective_rho,inner_history.csv,completed,16,0,,18025,18025,26746,24000,24000,55135,15.3747,61.2589,,,,,,0,,1,0.0841681,1,computed,2.44444,1.02784,2.37823,0.15993099999999999,0.39991300000000002,0.39094099999999998,0.62525274889439708,0.164384,0.40544296762923387,-0.13952164684844651,0.13952164684844651,10,-0.13206282928760546,0.13206282928760546,10,-0.26412565857521081,0.26412565857521081,10,0.057193300000000002,0.239151,0.0032657799999999998,0.057147000000000003,0.205592,0.45342199999999999,7.4643400000000005e-07,0.00086396400000000005,0.0032650299999999999,0.057140499999999997,1.7006999999999999e-24,1.30411e-12,1.30411e-12,0.015119993699740117,0.00022861474473435161,66.137593696033619,4374.171058660243,0.015118273925140428,0.99988625824627708,2.2820270530386544e-11,5.2076379915364781e-22,1,1,not_skipped,success,1,0.0022693800000000001,0.047638,0.83360456366913394,0.69489677810507755,,,,,,,,,,,,,,,,,,,,,,,,
inner,2d,non_matching_initial,p3,3,adaptive_g_effective_rho,g_eff_rho,production_2M,2000000,completed,24339179,20260701_091338_762919_job24339179,snellius_next_mem216,algorithm_data_ordered/2d/non_matching_initial/p3/production_2M/adaptive_g_effective_rho,inner_history.csv,completed,17,0,,26746,26746,40519,35628,35628,82495,25.5532,87.228,,,,,,0,,1,0.0477779,1,computed,2.44444,1.00989,2.4205,0.138437,0.37207099999999999,0.33840100000000001,0.58172244240702975,0.13980600000000001,0.37390640540113779,-0.13952164684844651,0.13952164684844651,10,-0.13206282928760546,0.13206282928760546,10,-0.26412565857521081,0.26412565857521081,10,0.050610000000000002,0.224967,0.00098416200000000001,0.031371400000000001,0.17747099999999999,0.42127300000000001,2.4714500000000001e-07,0.00049713700000000003,0.00098391499999999992,0.031367399999999997,2.39121e-24,1.54635e-12,1.54635e-12,0.01584884306636827,0.00025118531580471892,63.096088201039137,3981.1244411175621,0.015846822264865452,0.99987249533014133,4.9291711558935844e-11,2.4296914532363574e-21,1,1,not_skipped,success,1,0.00053936399999999997,0.0232242,0.74029848843213886,0.54804391959860266,,,,,,,,,,,,,,,,,,,,,,,,
inner,2d,non_matching_initial,p3,3,adaptive_g_effective_rho,g_eff_rho,production_2M,2000000,completed,24339179,20260701_091338_762919_job24339179,snellius_next_mem216,algorithm_data_ordered/2d/non_matching_initial/p3/production_2M/adaptive_g_effective_rho,inner_history.csv,completed,18,0,,40519,40519,48097,53992,53992,123780,34.9284,122.724,,,,,,0,,1,0.0882079,1,computed,2.44444,1.03027,2.37263,0.121159,0.34807900000000003,0.29616700000000001,0.54421227476050194,0.12482600000000001,0.35330723174030843,-0.13952164684844651,0.13952164684844651,10,-0.13206282928760546,0.13206282928760546,10,-0.26412565857521081,0.26412565857521081,10,0.049277099999999997,0.22198499999999999,0.0025591899999999998,0.050588399999999999,0.15310699999999999,0.39128800000000002,2.0104899999999999e-07,0.00044838499999999998,0.0025589900000000001,0.050586399999999997,3.6811499999999996e-24,1.9186299999999999e-12,1.91863e-12,0.0088637459870637165,7.8565762273396914e-05,112.81911749947032,12728.190640092715,0.008863395561037709,0.99996046524499682,3.7926283495821176e-11,1.4384043388728465e-21,1,1,not_skipped,success,1,0.00147955,0.038464900000000003,0.76035019885981781,0.57813214337348928,,,,,,,,,,,,,,,,,,,,,,,,
inner,2d,non_matching_initial,p3,3,adaptive_g_effective_rho,g_eff_rho,production_2M,2000000,completed,24339179,20260701_091338_762919_job24339179,snellius_next_mem216,algorithm_data_ordered/2d/non_matching_initial/p3/production_2M/adaptive_g_effective_rho,inner_history.csv,completed,19,0,,48097,48097,71581,64096,64096,146180,40.3002,163.657,,,,,,0,,1,0.0941045,1,computed,2.44444,1.03395,2.36419,0.116367,0.34112599999999998,0.28445199999999998,0.5333404166196295,0.12031699999999999,0.34686740982686742,-0.13952164684844651,0.13952164684844651,10,-0.13206282928760546,0.13206282928760546,10,-0.26412565857521081,0.26412565857521081,10,0.044826699999999997,0.21172299999999999,0.0028254199999999999,0.053154699999999999,0.14816199999999999,0.38491799999999998,1.21336e-07,0.00034833299999999999,0.0028253000000000002,0.053153499999999999,4.9415500000000001e-24,2.2229600000000001e-12,2.22296e-12,0.0065533407959965009,4.2946235797968355e-05,152.59392592720184,23284.927803784536,0.0065531928503029836,0.99997742438580217,4.1820572780958223e-11,1.7489612163855288e-21,1,1,not_skipped,success,1,0.00179736,0.042395299999999997,0.79758328050012506,0.63613905189316988,,,,,,,,,,,,,,,,,,,,,,,,
inner,2d,non_matching_initial,p3,3,adaptive_g_effective_rho,g_eff_rho,production_2M,2000000,completed,24339179,20260701_091338_762919_job24339179,snellius_next_mem216,algorithm_data_ordered/2d/non_matching_initial/p3/production_2M/adaptive_g_effective_rho,inner_history.csv,completed,20,0,,71581,71581,102952,95408,95408,219120,70.815,235.626,,,,,,0,,1,0.110428,1,computed,2.44444,1.04492,2.33936,0.10653,0.32638899999999998,0.26040600000000003,0.51029991181657086,0.111315,0.33363902649420374,-0.13952164684844651,0.13952164684844651,10,-0.13206282928760546,0.13206282928760546,10,-0.26412565857521081,0.26412565857521081,10,0.042294900000000003,0.20565700000000001,0.00340121,0.058319900000000001,0.135078,0.36753000000000002,7.8890199999999998e-08,0.00028087400000000002,0.00340113,0.058319200000000002,7.4238900000000004e-24,2.7246800000000001e-12,2.72468e-12,0.0048161497414230649,2.3195290976822407e-05,207.63474013258613,43112.198980354973,0.0048160919343140166,0.9999879972359349,4.6719558846980193e-11,2.1827202671990265e-21,1,1,not_skipped,success,1,0.0025285899999999998,0.050285000000000003,0.86222713001908446,0.7434383645820164,,,,,,,,,,,,,,,,,,,,,,,,
inner,2d,non_matching_initial,p3,3,adaptive_g_effective_rho,g_eff_rho,production_2M,2000000,completed,24339179,20260701_091338_762919_job24339179,snellius_next_mem216,algorithm_data_ordered/2d/non_matching_initial/p3/production_2M/adaptive_g_effective_rho,inner_history.csv,completed,21,0,,102952,102952,142552,137236,137236,312820,93.4377,330.676,,,,,,0,,1,0.0904302,1,computed,2.44444,1.03164,2.36948,0.102572,0.320268,0.25073099999999998,0.50073046641881103,0.10581699999999999,0.32529525050329278,-0.13952164684844651,0.13952164684844651,10,-0.13206282928760546,0.13206282928760546,10,-0.26412565857521081,0.26412565857521081,10,0.039942999999999999,0.19985700000000001,0.0023079400000000001,0.048041,0.130407,0.36111900000000002,6.1526799999999995e-08,0.00024804599999999998,0.0023078700000000001,0.048040300000000001,1.0525399999999999e-23,3.24428e-12,3.24428e-12,0.0051632899877810919,2.6659560547171197e-05,193.67496351483194,37509.995644174574,0.0051632147540642366,0.999985429112633,6.7531483524489501e-11,4.5605171711569622e-21,1,1,not_skipped,success,1,0.0017495,0.041827000000000003,0.870652151287442,0.75803530421068133,,,,,,,,,,,,,,,,,,,,,,,,
inner,2d,non_matching_initial,p3,3,adaptive_g_effective_rho,g_eff_rho,production_2M,2000000,completed,24339179,20260701_091338_762919_job24339179,snellius_next_mem216,algorithm_data_ordered/2d/non_matching_initial/p3/production_2M/adaptive_g_effective_rho,inner_history.csv,completed,22,0,,142552,142552,200581,190036,190036,430100,121.58,454.495,,,,,,0,,1,0.106391,1,computed,2.44444,1.0421,2.34569,0.0907221,0.301201,0.22176499999999999,0.47091931368335277,0.094541600000000003,0.3074761779390397,-0.13952164684844651,0.13952164684844651,10,-0.13206282928760546,0.13206282928760546,10,-0.26412565857521081,0.26412565857521081,10,0.036836599999999997,0.19192899999999999,0.0026856200000000001,0.051823000000000001,0.114671,0.33863100000000002,6.32211e-08,0.00025143799999999999,0.00268556,0.051822399999999998,1.5567199999999999e-23,3.9455200000000003e-12,3.94552e-12,0.0048519173176078297,2.354112363901756e-05,206.10408927847024,42478.855951573132,0.0048518611427358508,0.99998842212917038,7.6134534859039428e-11,5.7965013665373351e-21,1,1,not_skipped,success,1,0.00111674,0.033417700000000002,0.64484302336800259,0.41582204481646695,,,,,,,,,,,,,,,,,,,,,,,,
inner,2d,non_matching_initial,p3,3,adaptive_g_effective_rho,g_eff_rho,production_2M,2000000,completed,24339179,20260701_091338_762919_job24339179,snellius_next_mem216,algorithm_data_ordered/2d/non_matching_initial/p3/production_2M/adaptive_g_effective_rho,inner_history.csv,completed,23,0,,200581,200581,309895,267408,267408,608900,205.391,663.535,,,,,,0,,1,0.135129,1,computed,2.44444,1.06353,2.29844,0.080796800000000002,0.284248,0.19750300000000001,0.44441309611666485,0.085929500000000006,0.29313733982555001,-0.13952164684844651,0.13952164684844651,10,-0.13206282928760546,0.13206282928760546,10,-0.26412565857521081,0.26412565857521081,10,0.031537999999999997,0.177589,0.00370507,0.060869300000000001,0.10269,0.32045200000000001,1.8542499999999999e-08,0.00013617100000000001,0.0037050500000000001,0.060869100000000002,2.27029e-23,4.7647600000000004e-12,4.76476e-12,0.0022371120979281772,5.004655807613932e-06,447.00486887810177,199813.94094647432,0.0022371047473849709,0.99999671427139791,7.8278541070786102e-11,6.1275225569287489e-21,1,1,not_skipped,success,1,0.0014621,0.038237500000000001,0.62819023711460453,0.39462142415662865,,,,,,,,,,,,,,,,,,,,,,,,
inner,2d,non_matching_initial,p3,3,adaptive_g_effective_rho,g_eff_rho,production_2M,2000000,completed,24339179,20260701_091338_762919_job24339179,snellius_next_mem216,algorithm_data_ordered/2d/non_matching_initial/p3/production_2M/adaptive_g_effective_rho,inner_history.csv,completed,24,0,,309895,309895,407512,413160,413160,934285,287.36,956.409,,,,,,0,,1,0.118934,1,computed,2.44444,1.05107,2.32567,0.074629399999999999,0.27318399999999998,0.18242700000000001,0.42711473868271044,0.078440800000000005,0.28007284766645979,-0.13952164684844651,0.13952164684844651,10,-0.13206282928760546,0.13206282928760546,10,-0.26412565857521081,0.26412565857521081,10,0.030138600000000001,0.17360500000000001,0.0026984999999999999,0.051947100000000003,0.094403000000000001,0.307251,8.7123299999999998e-09,9.3339799999999997e-05,0.00269849,0.051947,3.3118699999999998e-23,5.7548799999999998e-12,5.75488e-12,0.0017968275357575991,3.228594510263147e-06,556.53643997523034,309732.2989372533,0.0017968240768012071,0.9999980749647237,1.107834701070897e-10,1.2273003520474337e-20,1,1,not_skipped,success,1,0.0020031599999999999,0.044756600000000001,0.86158033845970228,0.74232351306281263,,,,,,,,,,,,,,,,,,,,,,,,
inner,2d,non_matching_initial,p3,3,adaptive_g_effective_rho,g_eff_rho,production_2M,2000000,completed,24339179,20260701_091338_762919_job24339179,snellius_next_mem216,algorithm_data_ordered/2d/non_matching_initial/p3/production_2M/adaptive_g_effective_rho,inner_history.csv,completed,25,0,,407512,407512,549400,543316,543316,1223425,365.897,1329.43,,,,,,0,,1,0.109975,1,computed,2.44444,1.0446,2.34008,0.067116899999999993,0.25906899999999999,0.16406299999999999,0.40504691086342082,0.0701103,0.26478349646456445,-0.13952164684844651,0.13952164684844651,10,-0.13206282928760546,0.13206282928760546,10,-0.26412565857521081,0.26412565857521081,10,0.028632899999999999,0.169213,0.0020626899999999998,0.045416900000000003,0.084220799999999998,0.29020800000000002,8.2727099999999992e-09,9.0954399999999998e-05,0.0020626799999999999,0.0454168,4.6393799999999997e-23,6.8113000000000003e-12,6.8113e-12,0.0020026598087051488,4.0106608877770668e-06,499.33593097200355,249335.46564547773,0.0020026553992016187,0.99999779817644963,1.4997280747915424e-10,2.2491891656041383e-20,1,1,not_skipped,success,1,0.0014383200000000001,0.037925100000000003,0.83504378326129702,0.6973030363263506,,,,,,,,,,,,,,,,,,,,,,,,
inner,2d,non_matching_initial,p3,3,adaptive_g_effective_rho,g_eff_rho,production_2M,2000000,completed,24339179,20260701_091338_762919_job24339179,snellius_next_mem216,algorithm_data_ordered/2d/non_matching_initial/p3/production_2M/adaptive_g_effective_rho,inner_history.csv,completed,26,0,,549400,549400,758812,732500,732500,1659165,573.457,1913.43,,,,,,0,,1,0.14296,1,computed,2.44444,1.06988,2.28479,0.060629599999999999,0.24623100000000001,0.148206,0.3849753238845316,0.064866199999999999,0.25468843711484035,-0.13952164684844651,0.13952164684844651,10,-0.13206282928760546,0.13206282928760546,10,-0.26412565857521081,0.26412565857521081,10,0.024844999999999999,0.15762300000000001,0.0030082400000000001,0.054847399999999998,0.076533900000000002,0.27664800000000001,6.7637599999999998e-09,8.2242099999999996e-05,0.0030082300000000002,0.054847300000000002,6.3199800000000004e-23,7.9498299999999995e-12,7.94983e-12,0.0014994739941619733,2.2484185052339747e-06,666.90052904777485,444757.05820431246,0.0014994712602602858,0.9999981767595183,1.4494451879213964e-10,2.1008895566843071e-20,1,1,not_skipped,success,1,0.00132631,0.036418499999999999,0.66399683485452365,0.44089234901470625,,,,,,,,,,,,,,,,,,,,,,,,
inner,2d,non_matching_initial,p3,3,adaptive_g_effective_rho,g_eff_rho,production_2M,2000000,completed,24339179,20260701_091338_762919_job24339179,snellius_next_mem216,algorithm_data_ordered/2d/non_matching_initial/p3/production_2M/adaptive_g_effective_rho,inner_history.csv,completed,27,0,,758812,758812,1024339,1011716,1011716,2281365,765.144,2692.91,,,,,,0,,1,0.154252,1,computed,2.44444,1.07938,2.26467,0.0568969,0.23853099999999999,0.13908100000000001,0.37293565128584855,0.0614134,0.24781727139164453,-0.13952164684844651,0.13952164684844651,10,-0.13206282928760546,0.13206282928760546,10,-0.26412565857521081,0.26412565857521081,10,0.023180099999999999,0.15225,0.00322799,0.056815400000000002,0.071882199999999993,0.26810899999999999,4.6166500000000002e-09,6.7946000000000003e-05,0.00322799,0.056815400000000002,8.6809100000000002e-23,9.31714e-12,9.31714e-12,0.0011959081516631053,1.4301934020861279e-06,836.18461719600862,699206.13431817445,0.0011959081516631053,1,1.6398969293536611e-10,2.6892617387290542e-20,1,1,not_skipped,success,1,0.0011782400000000001,0.034325500000000002,0.60415837959426499,0.36500732654066464,,,,,,,,,,,,,,,,,,,,,,,,
inner,2d,non_matching_initial,p3,3,adaptive_g_effective_rho,g_eff_rho,production_2M,2000000,completed,24339179,20260701_091338_762919_job24339179,snellius_next_mem216,algorithm_data_ordered/2d/non_matching_initial/p3/production_2M/adaptive_g_effective_rho,inner_history.csv,completed,28,0,,1024339,1024339,1367044,1365752,1365752,3068765,1016.34,3729.59,,,,,,0,,1,0.160223,1,computed,2.44444,1.08457,2.25385,0.052229100000000001,0.22853699999999999,0.12767100000000001,0.35731078908983421,0.056645800000000003,0.23800378148256385,-0.13952164684844651,0.13952164684844651,10,-0.13206282928760546,0.13206282928760546,10,-0.26412565857521081,0.26412565857521081,10,0.021995899999999999,0.14831,0.0031213500000000002,0.055869000000000002,0.065666000000000002,0.25625399999999998,3.7518499999999996e-09,6.1252400000000003e-05,0.0031213399999999998,0.055869000000000002,1.2142200000000001e-22,1.10192e-11,1.10192e-11,0.0010963575506989565,1.2019997821448481e-06,912.11119890812438,831946.90619294485,0.0010963575506989565,1,1.9723281247203278e-10,3.8900475755682638e-20,1,1,not_skipped,success,1,0.00120283,0.034681900000000002,0.6207718054735184,0.38535569545228826,,,,,,,,,,,,,,,,,,,,,,,,
inner,2d,non_matching_initial,p3,3,adaptive_g_effective_rho,g_eff_rho,production_2M,2000000,completed,24339179,20260701_091338_762919_job24339179,snellius_next_mem216,algorithm_data_ordered/2d/non_matching_initial/p3/production_2M/adaptive_g_effective_rho,inner_history.csv,completed,29,0,,1367044,1367044,2055886,1822692,1822692,4110835,1635.34,5394,,,,,,0,,1,0.152838,1,computed,2.44444,1.07817,2.26722,0.048187599999999997,0.21951699999999999,0.11779199999999999,0.34320839150580218,0.051954300000000002,0.2279348591154938,-0.13952164684844651,0.13952164684844651,10,-0.13206282928760546,0.13206282928760546,10,-0.26412565857521081,0.26412565857521081,10,0.020566999999999998,0.14341200000000001,0.00263948,0.051375900000000002,0.0604634,0.245893,3.0086000000000001e-09,5.48507e-05,0.00263948,0.051375900000000002,1.6818700000000001e-22,1.2968700000000001e-11,1.29687e-11,0.0010676348248887123,1.1398457271886887e-06,936.64985132368417,877311.70644153422,0.0010676348248887123,1,2.5242769469731915e-10,6.3719747829117859e-20,1,1,not_skipped,success,1,0.0011525800000000001,0.033949600000000003,0.66080788852360739,0.43666934396168944,,,,,,,,,,,,,,,,,,,,,,,,
inner_summary,2d,non_matching_initial,p3,3,adaptive_g_effective_rho,g_eff_rho,production_2M,2000000,completed,24339179,20260701_091338_762919_job24339179,snellius_next_mem216,algorithm_data_ordered/2d/non_matching_initial/p3/production_2M/adaptive_g_effective_rho,inner_history.csv,,0,,1,52,52,106,,,,,,,,,,,,,,,,,,,,,,,,,,-0.13952164684844651,0.13952164684844651,10,-0.13206282928760546,0.13206282928760546,10,-0.26412565857521081,0.26412565857521081,10,,,,,,,,,,,,,,,,,,,,,,,,,,,,,,,8019087550016.2715,8019087550016.2715,8019087550016.2715,8019087550016.2715,1.2470246692816951e-13,1.2470246692816951e-13,1.2470246692816951e-13,1.2470246692816951e-13,0.8506103456755344,0.8506103456755344,0.8506103456755344,0.8506103456755344,1.7380706248612308e-12,1.7380706248612308e-12,1.7380706248612308e-12,1.7380706248612308e-12,1,1,1,1,1,1,1,1
inner_summary,2d,non_matching_initial,p3,3,adaptive_g_effective_rho,g_eff_rho,production_2M,2000000,completed,24339179,20260701_091338_762919_job24339179,snellius_next_mem216,algorithm_data_ordered/2d/non_matching_initial/p3/production_2M/adaptive_g_effective_rho,inner_history.csv,,1,,1,106,106,175,,,,,,,,,,,,,,,,,,,,,,,,,,-0.13952164684844651,0.13952164684844651,10,-0.13206282928760546,0.13206282928760546,10,-0.26412565857521081,0.26412565857521081,10,,,,,,,,,,,,,,,,,,,,,,,,,,,,,,,0.47239568571158641,0.47239568571158641,0.47239568571158641,0.47239568571158641,2.1168694597489064,2.1168694597489064,2.1168694597489064,2.1168694597489064,0.68212230770926552,0.68212230770926552,0.68212230770926552,0.68212230770926552,6.3183130883357949e-13,6.3183130883357949e-13,6.3183130883357949e-13,6.3183130883357949e-13,0.42713454288926611,0.42713454288926611,0.42713454288926611,0.42713454288926611,1,1,1,1
inner_summary,2d,non_matching_initial,p3,3,adaptive_g_effective_rho,g_eff_rho,production_2M,2000000,completed,24339179,20260701_091338_762919_job24339179,snellius_next_mem216,algorithm_data_ordered/2d/non_matching_initial/p3/production_2M/adaptive_g_effective_rho,inner_history.csv,,2,,1,175,175,256,,,,,,,,,,,,,,,,,,,,,,,,,,-0.13952164684844651,0.13952164684844651,10,-0.13206282928760546,0.13206282928760546,10,-0.26412565857521081,0.26412565857521081,10,,,,,,,,,,,,,,,,,,,,,,,,,,,,,,,6899604965834.1504,6899604965834.1504,6899604965834.1504,6899604965834.1504,1.4493583400091106e-13,1.4493583400091106e-13,1.4493583400091106e-13,1.4493583400091106e-13,0.93863782730942613,0.93863782730942613,0.93863782730942613,0.93863782730942613,3.0745566498594159e-12,3.0745566498594159e-12,3.0745566498594159e-12,3.0745566498594159e-12,1,1,1,1,1,1,1,1
inner_summary,2d,non_matching_initial,p3,3,adaptive_g_effective_rho,g_eff_rho,production_2M,2000000,completed,24339179,20260701_091338_762919_job24339179,snellius_next_mem216,algorithm_data_ordered/2d/non_matching_initial/p3/production_2M/adaptive_g_effective_rho,inner_history.csv,,3,,1,256,256,325,,,,,,,,,,,,,,,,,,,,,,,,,,-0.13952164684844651,0.13952164684844651,10,-0.13206282928760546,0.13206282928760546,10,-0.26412565857521081,0.26412565857521081,10,,,,,,,,,,,,,,,,,,,,,,,,,,,,,,,829227815904.40088,829227815904.40088,829227815904.40088,829227815904.40088,1.2059412152127888e-12,1.2059412152127888e-12,1.2059412152127888e-12,1.2059412152127888e-12,0.95208529384869844,0.95208529384869844,0.95208529384869844,0.95208529384869844,6.2220246755817298e-12,6.2220246755817298e-12,6.2220246755817298e-12,6.2220246755817298e-12,1,1,1,1,1,1,1,1
inner_summary,2d,non_matching_initial,p3,3,adaptive_g_effective_rho,g_eff_rho,production_2M,2000000,completed,24339179,20260701_091338_762919_job24339179,snellius_next_mem216,algorithm_data_ordered/2d/non_matching_initial/p3/production_2M/adaptive_g_effective_rho,inner_history.csv,,4,,1,325,325,421,,,,,,,,,,,,,,,,,,,,,,,,,,-0.13952164684844651,0.13952164684844651,10,-0.13206282928760546,0.13206282928760546,10,-0.26412565857521081,0.26412565857521081,10,,,,,,,,,,,,,,,,,,,,,,,,,,,,,,,1.7167672977579305,1.7167672977579305,1.7167672977579305,1.7167672977579305,0.58249012624249275,0.58249012624249275,0.58249012624249275,0.58249012624249275,0.8904315281837939,0.8904315281837939,0.8904315281837939,0.8904315281837939,8.159760921203481e-12,8.159760921203481e-12,8.159760921203481e-12,8.159760921203481e-12,0.86409641887200994,0.86409641887200994,0.86409641887200994,0.86409641887200994,1,1,1,1
inner_summary,2d,non_matching_initial,p3,3,adaptive_g_effective_rho,g_eff_rho,production_2M,2000000,completed,24339179,20260701_091338_762919_job24339179,snellius_next_mem216,algorithm_data_ordered/2d/non_matching_initial/p3/production_2M/adaptive_g_effective_rho,inner_history.csv,,5,,1,421,421,748,,,,,,,,,,,,,,,,,,,,,,,,,,-0.13952164684844651,0.13952164684844651,10,-0.13206282928760546,0.13206282928760546,10,-0.26412565857521081,0.26412565857521081,10,,,,,,,,,,,,,,,,,,,,,,,,,,,,,,,0.60028733550645907,0.60028733550645907,0.60028733550645907,0.60028733550645907,1.6658688945291602,1.6658688945291602,1.6658688945291602,1.6658688945291602,0.73646764933200837,0.73646764933200837,0.73646764933200837,0.73646764933200837,4.8479076957049798e-12,4.8479076957049798e-12,4.8479076957049798e-12,4.8479076957049798e-12,0.51467580324610807,0.51467580324610807,0.51467580324610807,0.51467580324610807,1,1,1,1
inner_summary,2d,non_matching_initial,p3,3,adaptive_g_effective_rho,g_eff_rho,production_2M,2000000,completed,24339179,20260701_091338_762919_job24339179,snellius_next_mem216,algorithm_data_ordered/2d/non_matching_initial/p3/production_2M/adaptive_g_effective_rho,inner_history.csv,,6,,1,748,748,1096,,,,,,,,,,,,,,,,,,,,,,,,,,-0.13952164684844651,0.13952164684844651,10,-0.13206282928760546,0.13206282928760546,10,-0.26412565857521081,0.26412565857521081,10,,,,,,,,,,,,,,,,,,,,,,,,,,,,,,,0.15894485084639845,0.15894485084639845,0.15894485084639845,0.15894485084639845,6.2914903796813313,6.2914903796813313,6.2914903796813313,6.2914903796813313,0.69620778772868885,0.69620778772868885,0.69620778772868885,0.69620778772868885,2.4066128303976007e-12,2.4066128303976007e-12,2.4066128303976007e-12,2.4066128303976007e-12,0.15697462555505892,0.15697462555505892,0.15697462555505892,0.15697462555505892,1,1,1,1
inner_summary,2d,non_matching_initial,p3,3,adaptive_g_effective_rho,g_eff_rho,production_2M,2000000,completed,24339179,20260701_091338_762919_job24339179,snellius_next_mem216,algorithm_data_ordered/2d/non_matching_initial/p3/production_2M/adaptive_g_effective_rho,inner_history.csv,,7,,1,1096,1096,1315,,,,,,,,,,,,,,,,,,,,,,,,,,-0.13952164684844651,0.13952164684844651,10,-0.13206282928760546,0.13206282928760546,10,-0.26412565857521081,0.26412565857521081,10,,,,,,,,,,,,,,,,,,,,,,,,,,,,,,,292147723994.052,292147723994.052,292147723994.052,292147723994.052,3.4229258620558673e-12,3.4229258620558673e-12,3.4229258620558673e-12,3.4229258620558673e-12,0.98329193034168227,0.98329193034168227,0.98329193034168227,0.98329193034168227,3.751870731503498e-11,3.751870731503498e-11,3.751870731503498e-11,3.751870731503498e-11,1,1,1,1,1,1,1,1
inner_summary,2d,non_matching_initial,p3,3,adaptive_g_effective_rho,g_eff_rho,production_2M,2000000,completed,24339179,20260701_091338_762919_job24339179,snellius_next_mem216,algorithm_data_ordered/2d/non_matching_initial/p3/production_2M/adaptive_g_effective_rho,inner_history.csv,,8,,1,1315,1315,1537,,,,,,,,,,,,,,,,,,,,,,,,,,-0.13952164684844651,0.13952164684844651,10,-0.13206282928760546,0.13206282928760546,10,-0.26412565857521081,0.26412565857521081,10,,,,,,,,,,,,,,,,,,,,,,,,,,,,,,,1.1476378782344843,1.1476378782344843,1.1476378782344843,1.1476378782344843,0.87135499704696995,0.87135499704696995,0.87135499704696995,0.87135499704696995,0.85199891102723357,0.85199891102723357,0.85199891102723357,0.85199891102723357,4.3271671019481543e-11,4.3271671019481543e-11,4.3271671019481543e-11,4.3271671019481543e-11,0.75393599054993132,0.75393599054993132,0.75393599054993132,0.75393599054993132,1,1,1,1
inner_summary,2d,non_matching_initial,p3,3,adaptive_g_effective_rho,g_eff_rho,production_2M,2000000,completed,24339179,20260701_091338_762919_job24339179,snellius_next_mem216,algorithm_data_ordered/2d/non_matching_initial/p3/production_2M/adaptive_g_effective_rho,inner_history.csv,,9,,1,1537,1537,2602,,,,,,,,,,,,,,,,,,,,,,,,,,-0.13952164684844651,0.13952164684844651,10,-0.13206282928760546,0.13206282928760546,10,-0.26412565857521081,0.26412565857521081,10,,,,,,,,,,,,,,,,,,,,,,,,,,,,,,,0.84952688194137649,0.84952688194137649,0.84952688194137649,0.84952688194137649,1.1771257876086931,1.1771257876086931,1.1771257876086931,1.1771257876086931,0.80113182579826803,0.80113182579826803,0.80113182579826803,0.80113182579826803,4.1359600357047783e-11,4.1359600357047783e-11,4.1359600357047783e-11,4.1359600357047783e-11,0.64743880858793867,0.64743880858793867,0.64743880858793867,0.64743880858793867,1,1,1,1
inner_summary,2d,non_matching_initial,p3,3,adaptive_g_effective_rho,g_eff_rho,production_2M,2000000,completed,24339179,20260701_091338_762919_job24339179,snellius_next_mem216,algorithm_data_ordered/2d/non_matching_initial/p3/production_2M/adaptive_g_effective_rho,inner_history.csv,,10,,1,2602,2602,3430,,,,,,,,,,,,,,,,,,,,,,,,,,-0.13952164684844651,0.13952164684844651,10,-0.13206282928760546,0.13206282928760546,10,-0.26412565857521081,0.26412565857521081,10,,,,,,,,,,,,,,,,,,,,,,,,,,,,,,,0.089692499576551746,0.089692499576551746,0.089692499576551746,0.089692499576551746,11.149204278185033,11.149204278185033,11.149204278185033,11.149204278185033,0.64961551320628552,0.64961551320628552,0.64961551320628552,0.64961551320628552,8.9885865547713468e-12,8.9885865547713468e-12,8.9885865547713468e-12,8.9885865547713468e-12,0.089333750486934801,0.089333750486934801,0.089333750486934801,0.089333750486934801,1,1,1,1
inner_summary,2d,non_matching_initial,p3,3,adaptive_g_effective_rho,g_eff_rho,production_2M,2000000,completed,24339179,20260701_091338_762919_job24339179,snellius_next_mem216,algorithm_data_ordered/2d/non_matching_initial/p3/production_2M/adaptive_g_effective_rho,inner_history.csv,,11,,1,3430,3430,3934,,,,,,,,,,,,,,,,,,,,,,,,,,-0.13952164684844651,0.13952164684844651,10,-0.13206282928760546,0.13206282928760546,10,-0.26412565857521081,0.26412565857521081,10,,,,,,,,,,,,,,,,,,,,,,,,,,,,,,,0.051913323452264168,0.051913323452264168,0.051913323452264168,0.051913323452264168,19.262877687257483,19.262877687257483,19.262877687257483,19.262877687257483,0.65154321208350918,0.65154321208350918,0.65154321208350918,0.65154321208350918,1.0174783754859408e-11,1.0174783754859408e-11,1.0174783754859408e-11,1.0174783754859408e-11,0.05184353600430941,0.05184353600430941,0.05184353600430941,0.05184353600430941,1,1,1,1
inner_summary,2d,non_matching_initial,p3,3,adaptive_g_effective_rho,g_eff_rho,production_2M,2000000,completed,24339179,20260701_091338_762919_job24339179,snellius_next_mem216,algorithm_data_ordered/2d/non_matching_initial/p3/production_2M/adaptive_g_effective_rho,inner_history.csv,,12,,1,3934,3934,6925,,,,,,,,,,,,,,,,,,,,,,,,,,-0.13952164684844651,0.13952164684844651,10,-0.13206282928760546,0.13206282928760546,10,-0.26412565857521081,0.26412565857521081,10,,,,,,,,,,,,,,,,,,,,,,,,,,,,,,,0.051873442771479324,0.051873442771479324,0.051873442771479324,0.051873442771479324,19.277687127984741,19.277687127984741,19.277687127984741,19.277687127984741,0.65453510770776635,0.65453510770776635,0.65453510770776635,0.65453510770776635,1.1498027282316497e-11,1.1498027282316497e-11,1.1498027282316497e-11,1.1498027282316497e-11,0.051803780665223738,0.051803780665223738,0.051803780665223738,0.051803780665223738,1,1,1,1
inner_summary,2d,non_matching_initial,p3,3,adaptive_g_effective_rho,g_eff_rho,production_2M,2000000,completed,24339179,20260701_091338_762919_job24339179,snellius_next_mem216,algorithm_data_ordered/2d/non_matching_initial/p3/production_2M/adaptive_g_effective_rho,inner_history.csv,,13,,1,6925,6925,8593,,,,,,,,,,,,,,,,,,,,,,,,,,-0.13952164684844651,0.13952164684844651,10,-0.13206282928760546,0.13206282928760546,10,-0.26412565857521081,0.26412565857521081,10,,,,,,,,,,,,,,,,,,,,,,,,,,,,,,,0.045139155179721085,0.045139155179721085,0.045139155179721085,0.045139155179721085,22.15371546096754,22.15371546096754,22.15371546096754,22.15371546096754,0.72204885807412722,0.72204885807412722,0.72204885807412722,0.72204885807412722,1.4288085664041937e-11,1.4288085664041937e-11,1.4288085664041937e-11,1.4288085664041937e-11,0.045093247012175319,0.045093247012175319,0.045093247012175319,0.045093247012175319,1,1,1,1
inner_summary,2d,non_matching_initial,p3,3,adaptive_g_effective_rho,g_eff_rho,production_2M,2000000,completed,24339179,20260701_091338_762919_job24339179,snellius_next_mem216,algorithm_data_ordered/2d/non_matching_initial/p3/production_2M/adaptive_g_effective_rho,inner_history.csv,,14,,1,8593,8593,12022,,,,,,,,,,,,,,,,,,,,,,,,,,-0.13952164684844651,0.13952164684844651,10,-0.13206282928760546,0.13206282928760546,10,-0.26412565857521081,0.26412565857521081,10,,,,,,,,,,,,,,,,,,,,,,,,,,,,,,,0.042704417705954685,0.042704417705954685,0.042704417705954685,0.042704417705954685,23.416781066670779,23.416781066670779,23.416781066670779,23.416781066670779,0.73328580359982887,0.73328580359982887,0.73328580359982887,0.73328580359982887,1.8836537934211535e-11,1.8836537934211535e-11,1.8836537934211535e-11,1.8836537934211535e-11,0.042665540577595945,0.042665540577595945,0.042665540577595945,0.042665540577595945,1,1,1,1
inner_summary,2d,non_matching_initial,p3,3,adaptive_g_effective_rho,g_eff_rho,production_2M,2000000,completed,24339179,20260701_091338_762919_job24339179,snellius_next_mem216,algorithm_data_ordered/2d/non_matching_initial/p3/production_2M/adaptive_g_effective_rho,inner_history.csv,,15,,1,12022,12022,18025,,,,,,,,,,,,,,,,,,,,,,,,,,-0.13952164684844651,0.13952164684844651,10,-0.13206282928760546,0.13206282928760546,10,-0.26412565857521081,0.26412565857521081,10,,,,,,,,,,,,,,,,,,,,,,,,,,,,,,,0.030881485140291903,0.030881485140291903,0.030881485140291903,0.030881485140291903,32.381862318379021,32.381862318379021,32.381862318379021,32.381862318379021,0.73715713773909697,0.73715713773909697,0.73715713773909697,0.73715713773909697,2.1021814734229864e-11,2.1021814734229864e-11,2.1021814734229864e-11,2.1021814734229864e-11,0.030866778514693157,0.030866778514693157,0.030866778514693157,0.030866778514693157,1,1,1,1
inner_summary,2d,non_matching_initial,p3,3,adaptive_g_effective_rho,g_eff_rho,production_2M,2000000,completed,24339179,20260701_091338_762919_job24339179,snellius_next_mem216,algorithm_data_ordered/2d/non_matching_initial/p3/production_2M/adaptive_g_effective_rho,inner_history.csv,,16,,1,18025,18025,26746,,,,,,,,,,,,,,,,,,,,,,,,,,-0.13952164684844651,0.13952164684844651,10,-0.13206282928760546,0.13206282928760546,10,-0.26412565857521081,0.26412565857521081,10,,,,,,,,,,,,,,,,,,,,,,,,,,,,,,,0.015119993699740117,0.015119993699740117,0.015119993699740117,0.015119993699740117,66.137593696033619,66.137593696033619,66.137593696033619,66.137593696033619,0.83360456366913394,0.83360456366913394,0.83360456366913394,0.83360456366913394,2.2820270530386544e-11,2.2820270530386544e-11,2.2820270530386544e-11,2.2820270530386544e-11,0.015118273925140428,0.015118273925140428,0.015118273925140428,0.015118273925140428,1,1,1,1
inner_summary,2d,non_matching_initial,p3,3,adaptive_g_effective_rho,g_eff_rho,production_2M,2000000,completed,24339179,20260701_091338_762919_job24339179,snellius_next_mem216,algorithm_data_ordered/2d/non_matching_initial/p3/production_2M/adaptive_g_effective_rho,inner_history.csv,,17,,1,26746,26746,40519,,,,,,,,,,,,,,,,,,,,,,,,,,-0.13952164684844651,0.13952164684844651,10,-0.13206282928760546,0.13206282928760546,10,-0.26412565857521081,0.26412565857521081,10,,,,,,,,,,,,,,,,,,,,,,,,,,,,,,,0.01584884306636827,0.01584884306636827,0.01584884306636827,0.01584884306636827,63.096088201039137,63.096088201039137,63.096088201039137,63.096088201039137,0.74029848843213886,0.74029848843213886,0.74029848843213886,0.74029848843213886,4.9291711558935844e-11,4.9291711558935844e-11,4.9291711558935844e-11,4.9291711558935844e-11,0.015846822264865452,0.015846822264865452,0.015846822264865452,0.015846822264865452,1,1,1,1
inner_summary,2d,non_matching_initial,p3,3,adaptive_g_effective_rho,g_eff_rho,production_2M,2000000,completed,24339179,20260701_091338_762919_job24339179,snellius_next_mem216,algorithm_data_ordered/2d/non_matching_initial/p3/production_2M/adaptive_g_effective_rho,inner_history.csv,,18,,1,40519,40519,48097,,,,,,,,,,,,,,,,,,,,,,,,,,-0.13952164684844651,0.13952164684844651,10,-0.13206282928760546,0.13206282928760546,10,-0.26412565857521081,0.26412565857521081,10,,,,,,,,,,,,,,,,,,,,,,,,,,,,,,,0.0088637459870637165,0.0088637459870637165,0.0088637459870637165,0.0088637459870637165,112.81911749947032,112.81911749947032,112.81911749947032,112.81911749947032,0.76035019885981781,0.76035019885981781,0.76035019885981781,0.76035019885981781,3.7926283495821176e-11,3.7926283495821176e-11,3.7926283495821176e-11,3.7926283495821176e-11,0.008863395561037709,0.008863395561037709,0.008863395561037709,0.008863395561037709,1,1,1,1
inner_summary,2d,non_matching_initial,p3,3,adaptive_g_effective_rho,g_eff_rho,production_2M,2000000,completed,24339179,20260701_091338_762919_job24339179,snellius_next_mem216,algorithm_data_ordered/2d/non_matching_initial/p3/production_2M/adaptive_g_effective_rho,inner_history.csv,,19,,1,48097,48097,71581,,,,,,,,,,,,,,,,,,,,,,,,,,-0.13952164684844651,0.13952164684844651,10,-0.13206282928760546,0.13206282928760546,10,-0.26412565857521081,0.26412565857521081,10,,,,,,,,,,,,,,,,,,,,,,,,,,,,,,,0.0065533407959965009,0.0065533407959965009,0.0065533407959965009,0.0065533407959965009,152.59392592720184,152.59392592720184,152.59392592720184,152.59392592720184,0.79758328050012506,0.79758328050012506,0.79758328050012506,0.79758328050012506,4.1820572780958223e-11,4.1820572780958223e-11,4.1820572780958223e-11,4.1820572780958223e-11,0.0065531928503029836,0.0065531928503029836,0.0065531928503029836,0.0065531928503029836,1,1,1,1
inner_summary,2d,non_matching_initial,p3,3,adaptive_g_effective_rho,g_eff_rho,production_2M,2000000,completed,24339179,20260701_091338_762919_job24339179,snellius_next_mem216,algorithm_data_ordered/2d/non_matching_initial/p3/production_2M/adaptive_g_effective_rho,inner_history.csv,,20,,1,71581,71581,102952,,,,,,,,,,,,,,,,,,,,,,,,,,-0.13952164684844651,0.13952164684844651,10,-0.13206282928760546,0.13206282928760546,10,-0.26412565857521081,0.26412565857521081,10,,,,,,,,,,,,,,,,,,,,,,,,,,,,,,,0.0048161497414230649,0.0048161497414230649,0.0048161497414230649,0.0048161497414230649,207.63474013258613,207.63474013258613,207.63474013258613,207.63474013258613,0.86222713001908446,0.86222713001908446,0.86222713001908446,0.86222713001908446,4.6719558846980193e-11,4.6719558846980193e-11,4.6719558846980193e-11,4.6719558846980193e-11,0.0048160919343140166,0.0048160919343140166,0.0048160919343140166,0.0048160919343140166,1,1,1,1
inner_summary,2d,non_matching_initial,p3,3,adaptive_g_effective_rho,g_eff_rho,production_2M,2000000,completed,24339179,20260701_091338_762919_job24339179,snellius_next_mem216,algorithm_data_ordered/2d/non_matching_initial/p3/production_2M/adaptive_g_effective_rho,inner_history.csv,,21,,1,102952,102952,142552,,,,,,,,,,,,,,,,,,,,,,,,,,-0.13952164684844651,0.13952164684844651,10,-0.13206282928760546,0.13206282928760546,10,-0.26412565857521081,0.26412565857521081,10,,,,,,,,,,,,,,,,,,,,,,,,,,,,,,,0.0051632899877810919,0.0051632899877810919,0.0051632899877810919,0.0051632899877810919,193.67496351483194,193.67496351483194,193.67496351483194,193.67496351483194,0.870652151287442,0.870652151287442,0.870652151287442,0.870652151287442,6.7531483524489501e-11,6.7531483524489501e-11,6.7531483524489501e-11,6.7531483524489501e-11,0.0051632147540642366,0.0051632147540642366,0.0051632147540642366,0.0051632147540642366,1,1,1,1
inner_summary,2d,non_matching_initial,p3,3,adaptive_g_effective_rho,g_eff_rho,production_2M,2000000,completed,24339179,20260701_091338_762919_job24339179,snellius_next_mem216,algorithm_data_ordered/2d/non_matching_initial/p3/production_2M/adaptive_g_effective_rho,inner_history.csv,,22,,1,142552,142552,200581,,,,,,,,,,,,,,,,,,,,,,,,,,-0.13952164684844651,0.13952164684844651,10,-0.13206282928760546,0.13206282928760546,10,-0.26412565857521081,0.26412565857521081,10,,,,,,,,,,,,,,,,,,,,,,,,,,,,,,,0.0048519173176078297,0.0048519173176078297,0.0048519173176078297,0.0048519173176078297,206.10408927847024,206.10408927847024,206.10408927847024,206.10408927847024,0.64484302336800259,0.64484302336800259,0.64484302336800259,0.64484302336800259,7.6134534859039428e-11,7.6134534859039428e-11,7.6134534859039428e-11,7.6134534859039428e-11,0.0048518611427358508,0.0048518611427358508,0.0048518611427358508,0.0048518611427358508,1,1,1,1
inner_summary,2d,non_matching_initial,p3,3,adaptive_g_effective_rho,g_eff_rho,production_2M,2000000,completed,24339179,20260701_091338_762919_job24339179,snellius_next_mem216,algorithm_data_ordered/2d/non_matching_initial/p3/production_2M/adaptive_g_effective_rho,inner_history.csv,,23,,1,200581,200581,309895,,,,,,,,,,,,,,,,,,,,,,,,,,-0.13952164684844651,0.13952164684844651,10,-0.13206282928760546,0.13206282928760546,10,-0.26412565857521081,0.26412565857521081,10,,,,,,,,,,,,,,,,,,,,,,,,,,,,,,,0.0022371120979281772,0.0022371120979281772,0.0022371120979281772,0.0022371120979281772,447.00486887810177,447.00486887810177,447.00486887810177,447.00486887810177,0.62819023711460453,0.62819023711460453,0.62819023711460453,0.62819023711460453,7.8278541070786102e-11,7.8278541070786102e-11,7.8278541070786102e-11,7.8278541070786102e-11,0.0022371047473849709,0.0022371047473849709,0.0022371047473849709,0.0022371047473849709,1,1,1,1
inner_summary,2d,non_matching_initial,p3,3,adaptive_g_effective_rho,g_eff_rho,production_2M,2000000,completed,24339179,20260701_091338_762919_job24339179,snellius_next_mem216,algorithm_data_ordered/2d/non_matching_initial/p3/production_2M/adaptive_g_effective_rho,inner_history.csv,,24,,1,309895,309895,407512,,,,,,,,,,,,,,,,,,,,,,,,,,-0.13952164684844651,0.13952164684844651,10,-0.13206282928760546,0.13206282928760546,10,-0.26412565857521081,0.26412565857521081,10,,,,,,,,,,,,,,,,,,,,,,,,,,,,,,,0.0017968275357575991,0.0017968275357575991,0.0017968275357575991,0.0017968275357575991,556.53643997523034,556.53643997523034,556.53643997523034,556.53643997523034,0.86158033845970228,0.86158033845970228,0.86158033845970228,0.86158033845970228,1.107834701070897e-10,1.107834701070897e-10,1.107834701070897e-10,1.107834701070897e-10,0.0017968240768012071,0.0017968240768012071,0.0017968240768012071,0.0017968240768012071,1,1,1,1
inner_summary,2d,non_matching_initial,p3,3,adaptive_g_effective_rho,g_eff_rho,production_2M,2000000,completed,24339179,20260701_091338_762919_job24339179,snellius_next_mem216,algorithm_data_ordered/2d/non_matching_initial/p3/production_2M/adaptive_g_effective_rho,inner_history.csv,,25,,1,407512,407512,549400,,,,,,,,,,,,,,,,,,,,,,,,,,-0.13952164684844651,0.13952164684844651,10,-0.13206282928760546,0.13206282928760546,10,-0.26412565857521081,0.26412565857521081,10,,,,,,,,,,,,,,,,,,,,,,,,,,,,,,,0.0020026598087051488,0.0020026598087051488,0.0020026598087051488,0.0020026598087051488,499.33593097200355,499.33593097200355,499.33593097200355,499.33593097200355,0.83504378326129702,0.83504378326129702,0.83504378326129702,0.83504378326129702,1.4997280747915424e-10,1.4997280747915424e-10,1.4997280747915424e-10,1.4997280747915424e-10,0.0020026553992016187,0.0020026553992016187,0.0020026553992016187,0.0020026553992016187,1,1,1,1
inner_summary,2d,non_matching_initial,p3,3,adaptive_g_effective_rho,g_eff_rho,production_2M,2000000,completed,24339179,20260701_091338_762919_job24339179,snellius_next_mem216,algorithm_data_ordered/2d/non_matching_initial/p3/production_2M/adaptive_g_effective_rho,inner_history.csv,,26,,1,549400,549400,758812,,,,,,,,,,,,,,,,,,,,,,,,,,-0.13952164684844651,0.13952164684844651,10,-0.13206282928760546,0.13206282928760546,10,-0.26412565857521081,0.26412565857521081,10,,,,,,,,,,,,,,,,,,,,,,,,,,,,,,,0.0014994739941619733,0.0014994739941619733,0.0014994739941619733,0.0014994739941619733,666.90052904777485,666.90052904777485,666.90052904777485,666.90052904777485,0.66399683485452365,0.66399683485452365,0.66399683485452365,0.66399683485452365,1.4494451879213964e-10,1.4494451879213964e-10,1.4494451879213964e-10,1.4494451879213964e-10,0.0014994712602602858,0.0014994712602602858,0.0014994712602602858,0.0014994712602602858,1,1,1,1
inner_summary,2d,non_matching_initial,p3,3,adaptive_g_effective_rho,g_eff_rho,production_2M,2000000,completed,24339179,20260701_091338_762919_job24339179,snellius_next_mem216,algorithm_data_ordered/2d/non_matching_initial/p3/production_2M/adaptive_g_effective_rho,inner_history.csv,,27,,1,758812,758812,1024339,,,,,,,,,,,,,,,,,,,,,,,,,,-0.13952164684844651,0.13952164684844651,10,-0.13206282928760546,0.13206282928760546,10,-0.26412565857521081,0.26412565857521081,10,,,,,,,,,,,,,,,,,,,,,,,,,,,,,,,0.0011959081516631053,0.0011959081516631053,0.0011959081516631053,0.0011959081516631053,836.18461719600862,836.18461719600862,836.18461719600862,836.18461719600862,0.60415837959426499,0.60415837959426499,0.60415837959426499,0.60415837959426499,1.6398969293536611e-10,1.6398969293536611e-10,1.6398969293536611e-10,1.6398969293536611e-10,0.0011959081516631053,0.0011959081516631053,0.0011959081516631053,0.0011959081516631053,1,1,1,1
inner_summary,2d,non_matching_initial,p3,3,adaptive_g_effective_rho,g_eff_rho,production_2M,2000000,completed,24339179,20260701_091338_762919_job24339179,snellius_next_mem216,algorithm_data_ordered/2d/non_matching_initial/p3/production_2M/adaptive_g_effective_rho,inner_history.csv,,28,,1,1024339,1024339,1367044,,,,,,,,,,,,,,,,,,,,,,,,,,-0.13952164684844651,0.13952164684844651,10,-0.13206282928760546,0.13206282928760546,10,-0.26412565857521081,0.26412565857521081,10,,,,,,,,,,,,,,,,,,,,,,,,,,,,,,,0.0010963575506989565,0.0010963575506989565,0.0010963575506989565,0.0010963575506989565,912.11119890812438,912.11119890812438,912.11119890812438,912.11119890812438,0.6207718054735184,0.6207718054735184,0.6207718054735184,0.6207718054735184,1.9723281247203278e-10,1.9723281247203278e-10,1.9723281247203278e-10,1.9723281247203278e-10,0.0010963575506989565,0.0010963575506989565,0.0010963575506989565,0.0010963575506989565,1,1,1,1
inner_summary,2d,non_matching_initial,p3,3,adaptive_g_effective_rho,g_eff_rho,production_2M,2000000,completed,24339179,20260701_091338_762919_job24339179,snellius_next_mem216,algorithm_data_ordered/2d/non_matching_initial/p3/production_2M/adaptive_g_effective_rho,inner_history.csv,,29,,1,1367044,1367044,2055886,,,,,,,,,,,,,,,,,,,,,,,,,,-0.13952164684844651,0.13952164684844651,10,-0.13206282928760546,0.13206282928760546,10,-0.26412565857521081,0.26412565857521081,10,,,,,,,,,,,,,,,,,,,,,,,,,,,,,,,0.0010676348248887123,0.0010676348248887123,0.0010676348248887123,0.0010676348248887123,936.64985132368417,936.64985132368417,936.64985132368417,936.64985132368417,0.66080788852360739,0.66080788852360739,0.66080788852360739,0.66080788852360739,2.5242769469731915e-10,2.5242769469731915e-10,2.5242769469731915e-10,2.5242769469731915e-10,0.0010676348248887123,0.0010676348248887123,0.0010676348248887123,0.0010676348248887123,1,1,1,1
outer,2d,non_matching_initial,p3,3,uniform_standard,uniform,production_2M,2000000,completed,24339180,20260701_091339_876045_job24339180,snellius_next_mem216,algorithm_data_ordered/2d/non_matching_initial/p3/production_2M/uniform_standard,outer_history.csv,completed,0,,,52,52,847,52,52,MISSING,0.120638,0.120646,1,1,0,1,1,1,uniform,1,0.00589805,1,computed,2.44444,1.00017,2.44403,0.54996699999999998,0.74159799999999998,1.34436,1.1594653940502062,0.55006100000000002,0.74166097376092266,-0.081603448449333094,0.081603448449333094,5,-0.081612432369123925,0.081612432369123925,5,-0.16322486473824793,0.16322486473824793,5,0.17441400000000001,0.41762899999999997,7.0177899999999998e-05,0.0083772199999999995,0.71687999999999996,0.846688,7.0177899999999998e-05,0.0083772199999999995,1.0913099999999999e-30,1.0446600000000001e-15,2.11998e-28,1.4560199999999999e-14,1.45602e-14,8019087550016.2715,6.4306109171546128e+25,1.2470246692816951e-13,1.5550622061931177e-26,1,1.2470246692816951e-13,1.7380706248612308e-12,3.0208655431410744e-24,0,0,not_requested,not_requested,0,,,,,,,,,,,,,,,,,,,,,,,,,,,,
outer,2d,non_matching_initial,p3,3,uniform_standard,uniform,production_2M,2000000,completed,24339180,20260701_091339_876045_job24339180,snellius_next_mem216,algorithm_data_ordered/2d/non_matching_initial/p3/production_2M/uniform_standard,outer_history.csv,completed,1,,,847,847,6877,968,968,MISSING,0.573341,0.697664,1,1,0,1,1,1,uniform,1,0.00254881,1,computed,2.44444,1.00003,2.44437,0.35832399999999998,0.59860199999999997,0.87590400000000002,0.93589743027748507,0.35833599999999999,0.59861172724897393,-0.081603448449333094,0.081603448449333094,5,-0.081612432369123925,0.081612432369123925,5,-0.16322486473824793,0.16322486473824793,5,0.10448200000000001,0.323237,8.8573400000000001e-06,0.00297613,0.47114299999999998,0.68639899999999998,8.8573400000000001e-06,0.00297613,2.6274299999999999e-29,5.1258399999999997e-15,7.5149400000000003e-27,8.6688700000000001e-14,8.66887e-14,580613128774.99109,3.3711040826967801e+23,1.7223172374862656e-12,2.9663871997687791e-24,1,1.7223172374862656e-12,2.9127995080860045e-11,8.4844208306331251e-22,0,0,not_requested,not_requested,0,,,,,,,,,,,,,,,,,,,,,,,,,,,,
outer,2d,non_matching_initial,p3,3,uniform_standard,uniform,production_2M,2000000,completed,24339180,20260701_091339_876045_job24339180,snellius_next_mem216,algorithm_data_ordered/2d/non_matching_initial/p3/production_2M/uniform_standard,outer_history.csv,completed,2,,,6877,6877,55225,8464,8464,MISSING,3.73204,4.43318,1,1,0,1,1,1,uniform,1,0.000953823,1,computed,2.44444,1,2.44443,0.24846599999999999,0.49846299999999999,0.60736000000000001,0.77933304818928351,0.24846699999999999,0.49846464267789342,-0.081603448449333094,0.081603448449333094,5,-0.081612432369123925,0.081612432369123925,5,-0.16322486473824793,0.16322486473824793,5,0.062958899999999998,0.25091599999999997,8.9856100000000005e-07,0.00094792400000000005,0.33091300000000001,0.57525000000000004,8.9856100000000005e-07,0.00094792400000000005,3.30293e-28,1.8173999999999999e-14,5.2295300000000004e-26,2.2868199999999998e-13,2.28682e-13,52158248046.660072,2.7204966499441406e+21,1.9172423105649818e-11,3.675799417067956e-22,1,1.9172423105649818e-11,2.41245078719391e-10,5.819894253144751e-20,0,0,not_requested,not_requested,0,,,,,,,,,,,,,,,,,,,,,,,,,,,,
outer,2d,non_matching_initial,p3,3,uniform_standard,uniform,production_2M,2000000,completed,24339180,20260701_091339_876045_job24339180,snellius_next_mem216,algorithm_data_ordered/2d/non_matching_initial/p3/production_2M/uniform_standard,outer_history.csv,completed,3,,,55225,55225,442225,70688,70688,MISSING,31.2609,35.6996,1,1,0,1,1,1,uniform,1,0.000353554,1,computed,2.44444,1,2.44444,0.17898600000000001,0.423068,0.43752200000000002,0.66145445799389702,0.17898600000000001,0.42306737052152815,-0.081603448449333094,0.081603448449333094,5,-0.081612432369123925,0.081612432369123925,5,-0.16322486473824793,0.16322486473824793,5,0.048824100000000002,0.22096199999999999,8.7362899999999994e-08,0.00029557200000000002,0.23683599999999999,0.48665799999999998,8.7362899999999994e-08,0.00029557200000000002,1.8350800000000001e-26,1.3546499999999999e-13,3.97691e-25,6.3062699999999999e-13,6.30627e-13,2181906765.585207,4.7607134293872742e+18,4.583147253461085e-10,2.1005255091119917e-19,1,4.583147253461085e-10,2.1335816653810236e-09,4.5521726041603472e-18,0,0,not_requested,not_requested,0,,,,,,,,,,,,,,,,,,,,,,,,,,,,
outer,2d,non_matching_initial,p3,3,uniform_standard,uniform,production_2M,2000000,completed,24339180,20260701_091339_876045_job24339180,snellius_next_mem216,algorithm_data_ordered/2d/non_matching_initial/p3/production_2M/uniform_standard,outer_history.csv,completed,4,,,442225,442225,3538657,577600,577600,MISSING,363.948,399.66,1,1,0,1,1,1,uniform,1,0.000124622,1,computed,2.44444,1,2.44444,0.12617,0.35520400000000002,0.30841600000000002,0.55535214053787529,0.12617,0.35520416664222848,-0.081603448449333094,0.081603448449333094,5,-0.081612432369123925,0.081612432369123925,5,-0.16322486473824793,0.16322486473824793,5,0.034032300000000001,0.184478,7.6804699999999992e-09,8.7638299999999997e-05,0.16711999999999999,0.40880300000000003,7.6804699999999992e-09,8.7638299999999997e-05,4.0671499999999998e-23,6.3774200000000001e-12,1.3553400000000001e-21,3.6814899999999998e-11,3.68149e-11,13741967.754985558,188841572108233.03,7.2769782161452248e-08,5.2954441590163101e-15,1,7.2769782161452248e-08,4.2007775139408227e-07,1.7646576316293147e-13,0,0,not_requested,not_requested,0,,,,,,,,,,,,,,,,,,,,,,,,,,,,
inner,2d,non_matching_initial,p3,3,uniform_standard,uniform,production_2M,2000000,completed,24339180,20260701_091339_876045_job24339180,snellius_next_mem216,algorithm_data_ordered/2d/non_matching_initial/p3/production_2M/uniform_standard,inner_history.csv,completed,0,0,,52,52,847,52,52,MISSING,0.100255,0.101608,,,,,,1,,1,0.00589805,1,computed,2.44444,1.00017,2.44403,0.54996699999999998,0.74159799999999998,1.34436,1.1594653940502062,0.55006100000000002,0.74166097376092266,-0.081603448449333094,0.081603448449333094,5,-0.081612432369123925,0.081612432369123925,5,-0.16322486473824793,0.16322486473824793,5,0.17441400000000001,0.41762899999999997,7.0177899999999998e-05,0.0083772199999999995,0.71687999999999996,0.846688,7.0177899999999998e-05,0.0083772199999999995,1.0913099999999999e-30,1.0446600000000001e-15,2.11998e-28,1.4560199999999999e-14,1.45602e-14,8019087550016.2715,6.4306109171546128e+25,1.2470246692816951e-13,1.5550622061931177e-26,1,1.2470246692816951e-13,1.7380706248612308e-12,3.0208655431410744e-24,0,0,not_requested,not_requested,0,,,,,,,,,,,,,,,,,,,,,,,,,,,,
inner,2d,non_matching_initial,p3,3,uniform_standard,uniform,production_2M,2000000,completed,24339180,20260701_091339_876045_job24339180,snellius_next_mem216,algorithm_data_ordered/2d/non_matching_initial/p3/production_2M/uniform_standard,inner_history.csv,completed,1,0,,847,847,6877,968,968,MISSING,0.506315,0.6341,,,,,,1,,1,0.00254881,1,computed,2.44444,1.00003,2.44437,0.35832399999999998,0.59860199999999997,0.87590400000000002,0.93589743027748507,0.35833599999999999,0.59861172724897393,-0.081603448449333094,0.081603448449333094,5,-0.081612432369123925,0.081612432369123925,5,-0.16322486473824793,0.16322486473824793,5,0.10448200000000001,0.323237,8.8573400000000001e-06,0.00297613,0.47114299999999998,0.68639899999999998,8.8573400000000001e-06,0.00297613,2.6274299999999999e-29,5.1258399999999997e-15,7.5149400000000003e-27,8.6688700000000001e-14,8.66887e-14,580613128774.99109,3.3711040826967801e+23,1.7223172374862656e-12,2.9663871997687791e-24,1,1.7223172374862656e-12,2.9127995080860045e-11,8.4844208306331251e-22,0,0,not_requested,not_requested,0,,,,,,,,,,,,,,,,,,,,,,,,,,,,
inner,2d,non_matching_initial,p3,3,uniform_standard,uniform,production_2M,2000000,completed,24339180,20260701_091339_876045_job24339180,snellius_next_mem216,algorithm_data_ordered/2d/non_matching_initial/p3/production_2M/uniform_standard,inner_history.csv,completed,2,0,,6877,6877,55225,8464,8464,MISSING,3.23908,3.94363,,,,,,1,,1,0.000953823,1,computed,2.44444,1,2.44443,0.24846599999999999,0.49846299999999999,0.60736000000000001,0.77933304818928351,0.24846699999999999,0.49846464267789342,-0.081603448449333094,0.081603448449333094,5,-0.081612432369123925,0.081612432369123925,5,-0.16322486473824793,0.16322486473824793,5,0.062958899999999998,0.25091599999999997,8.9856100000000005e-07,0.00094792400000000005,0.33091300000000001,0.57525000000000004,8.9856100000000005e-07,0.00094792400000000005,3.30293e-28,1.8173999999999999e-14,5.2295300000000004e-26,2.2868199999999998e-13,2.28682e-13,52158248046.660072,2.7204966499441406e+21,1.9172423105649818e-11,3.675799417067956e-22,1,1.9172423105649818e-11,2.41245078719391e-10,5.819894253144751e-20,0,0,not_requested,not_requested,0,,,,,,,,,,,,,,,,,,,,,,,,,,,,
inner,2d,non_matching_initial,p3,3,uniform_standard,uniform,production_2M,2000000,completed,24339180,20260701_091339_876045_job24339180,snellius_next_mem216,algorithm_data_ordered/2d/non_matching_initial/p3/production_2M/uniform_standard,inner_history.csv,completed,3,0,,55225,55225,442225,70688,70688,MISSING,26.5313,30.9736,,,,,,1,,1,0.000353554,1,computed,2.44444,1,2.44444,0.17898600000000001,0.423068,0.43752200000000002,0.66145445799389702,0.17898600000000001,0.42306737052152815,-0.081603448449333094,0.081603448449333094,5,-0.081612432369123925,0.081612432369123925,5,-0.16322486473824793,0.16322486473824793,5,0.048824100000000002,0.22096199999999999,8.7362899999999994e-08,0.00029557200000000002,0.23683599999999999,0.48665799999999998,8.7362899999999994e-08,0.00029557200000000002,1.8350800000000001e-26,1.3546499999999999e-13,3.97691e-25,6.3062699999999999e-13,6.30627e-13,2181906765.585207,4.7607134293872742e+18,4.583147253461085e-10,2.1005255091119917e-19,1,4.583147253461085e-10,2.1335816653810236e-09,4.5521726041603472e-18,0,0,not_requested,not_requested,0,,,,,,,,,,,,,,,,,,,,,,,,,,,,
inner,2d,non_matching_initial,p3,3,uniform_standard,uniform,production_2M,2000000,completed,24339180,20260701_091339_876045_job24339180,snellius_next_mem216,algorithm_data_ordered/2d/non_matching_initial/p3/production_2M/uniform_standard,inner_history.csv,completed,4,0,,442225,442225,3538657,577600,577600,MISSING,318.961,354.679,,,,,,1,,1,0.000124622,1,computed,2.44444,1,2.44444,0.12617,0.35520400000000002,0.30841600000000002,0.55535214053787529,0.12617,0.35520416664222848,-0.081603448449333094,0.081603448449333094,5,-0.081612432369123925,0.081612432369123925,5,-0.16322486473824793,0.16322486473824793,5,0.034032300000000001,0.184478,7.6804699999999992e-09,8.7638299999999997e-05,0.16711999999999999,0.40880300000000003,7.6804699999999992e-09,8.7638299999999997e-05,4.0671499999999998e-23,6.3774200000000001e-12,1.3553400000000001e-21,3.6814899999999998e-11,3.68149e-11,13741967.754985558,188841572108233.03,7.2769782161452248e-08,5.2954441590163101e-15,1,7.2769782161452248e-08,4.2007775139408227e-07,1.7646576316293147e-13,0,0,not_requested,not_requested,0,,,,,,,,,,,,,,,,,,,,,,,,,,,,
inner_summary,2d,non_matching_initial,p3,3,uniform_standard,uniform,production_2M,2000000,completed,24339180,20260701_091339_876045_job24339180,snellius_next_mem216,algorithm_data_ordered/2d/non_matching_initial/p3/production_2M/uniform_standard,inner_history.csv,,0,,1,52,52,847,,,,,,,,,,,,,,,,,,,,,,,,,,-0.081603448449333094,0.081603448449333094,5,-0.081612432369123925,0.081612432369123925,5,-0.16322486473824793,0.16322486473824793,5,,,,,,,,,,,,,,,,,,,,,,,,,,,,,,,8019087550016.2715,8019087550016.2715,8019087550016.2715,8019087550016.2715,1.2470246692816951e-13,1.2470246692816951e-13,1.2470246692816951e-13,1.2470246692816951e-13,,,,,1.7380706248612308e-12,1.7380706248612308e-12,1.7380706248612308e-12,1.7380706248612308e-12,1,1,1,1,0,1,1,1
inner_summary,2d,non_matching_initial,p3,3,uniform_standard,uniform,production_2M,2000000,completed,24339180,20260701_091339_876045_job24339180,snellius_next_mem216,algorithm_data_ordered/2d/non_matching_initial/p3/production_2M/uniform_standard,inner_history.csv,,1,,1,847,847,6877,,,,,,,,,,,,,,,,,,,,,,,,,,-0.081603448449333094,0.081603448449333094,5,-0.081612432369123925,0.081612432369123925,5,-0.16322486473824793,0.16322486473824793,5,,,,,,,,,,,,,,,,,,,,,,,,,,,,,,,580613128774.99109,580613128774.99109,580613128774.99109,580613128774.99109,1.7223172374862656e-12,1.7223172374862656e-12,1.7223172374862656e-12,1.7223172374862656e-12,,,,,2.9127995080860045e-11,2.9127995080860045e-11,2.9127995080860045e-11,2.9127995080860045e-11,1,1,1,1,0,1,1,1
inner_summary,2d,non_matching_initial,p3,3,uniform_standard,uniform,production_2M,2000000,completed,24339180,20260701_091339_876045_job24339180,snellius_next_mem216,algorithm_data_ordered/2d/non_matching_initial/p3/production_2M/uniform_standard,inner_history.csv,,2,,1,6877,6877,55225,,,,,,,,,,,,,,,,,,,,,,,,,,-0.081603448449333094,0.081603448449333094,5,-0.081612432369123925,0.081612432369123925,5,-0.16322486473824793,0.16322486473824793,5,,,,,,,,,,,,,,,,,,,,,,,,,,,,,,,52158248046.660072,52158248046.660072,52158248046.660072,52158248046.660072,1.9172423105649818e-11,1.9172423105649818e-11,1.9172423105649818e-11,1.9172423105649818e-11,,,,,2.41245078719391e-10,2.41245078719391e-10,2.41245078719391e-10,2.41245078719391e-10,1,1,1,1,0,1,1,1
inner_summary,2d,non_matching_initial,p3,3,uniform_standard,uniform,production_2M,2000000,completed,24339180,20260701_091339_876045_job24339180,snellius_next_mem216,algorithm_data_ordered/2d/non_matching_initial/p3/production_2M/uniform_standard,inner_history.csv,,3,,1,55225,55225,442225,,,,,,,,,,,,,,,,,,,,,,,,,,-0.081603448449333094,0.081603448449333094,5,-0.081612432369123925,0.081612432369123925,5,-0.16322486473824793,0.16322486473824793,5,,,,,,,,,,,,,,,,,,,,,,,,,,,,,,,2181906765.585207,2181906765.585207,2181906765.585207,2181906765.585207,4.583147253461085e-10,4.583147253461085e-10,4.583147253461085e-10,4.583147253461085e-10,,,,,2.1335816653810236e-09,2.1335816653810236e-09,2.1335816653810236e-09,2.1335816653810236e-09,1,1,1,1,0,1,1,1
inner_summary,2d,non_matching_initial,p3,3,uniform_standard,uniform,production_2M,2000000,completed,24339180,20260701_091339_876045_job24339180,snellius_next_mem216,algorithm_data_ordered/2d/non_matching_initial/p3/production_2M/uniform_standard,inner_history.csv,,4,,1,442225,442225,3538657,,,,,,,,,,,,,,,,,,,,,,,,,,-0.081603448449333094,0.081603448449333094,5,-0.081612432369123925,0.081612432369123925,5,-0.16322486473824793,0.16322486473824793,5,,,,,,,,,,,,,,,,,,,,,,,,,,,,,,,13741967.754985558,13741967.754985558,13741967.754985558,13741967.754985558,7.2769782161452248e-08,7.2769782161452248e-08,7.2769782161452248e-08,7.2769782161452248e-08,,,,,4.2007775139408227e-07,4.2007775139408227e-07,4.2007775139408227e-07,4.2007775139408227e-07,1,1,1,1,0,1,1,1
